output_frame,source_depth_frame,bag_message_timestamp_ns,depth_device_timestamp_us,depth_frame_number,source_bag_elapsed_s,matched_clip_bag_elapsed_s,same_index_rgb_device_timestamp_us,depth_minus_rgb_device_timestamp_ms,cmavatar_target_timestamp_ns,mocap_low_frame_counter,mocap_high_frame_counter,mocap_low_timestamp_ns,mocap_high_timestamp_ns,interpolation_alpha,bracket_span_ms,nearest_mocap_sample_delta_ms,raw_valid_pixel_fraction,projected_joint_inside_count,projected_joint_nonzero_depth_count,left_wrist_depth_x,left_wrist_depth_y,left_wrist_inside_frame,right_wrist_depth_x,right_wrist_depth_y,right_wrist_inside_frame
0,60,1788008896445081949,1788008896445082,127845,2.0059657096862793,0.0,1788008896443770,1.312017,1788008896809728256,391949,391950,1788008896809362688,1788008896817696512,0.043856386783006726,8.333921432495117,0.3654956817626953,0.6175211588541667,42,38,506.880228392847,306.356037759452,1,252.30125003969198,301.85593301771553,1
1,61,1788008896478517056,1788008896478517,127846,2.039400815963745,0.03343510627746582,1788008896477200,1.317025,1788008896843164416,391953,391954,1788008896842695936,1788008896851028992,0.05622156733712912,8.332967758178711,0.4684925079345703,0.6201171875,42,39,506.79595519894883,306.5642046670829,1,252.15276740562302,301.7328925648238,1
2,62,1788008896511950016,1788008896511950,127847,2.072834014892578,0.06686830520629883,1788008896510637,1.312971,1788008896876598784,391957,391958,1788008896876027392,1788008896884360192,0.06858369098712447,8.33272933959961,0.5714893341064453,0.6202799479166666,42,40,506.6645899464115,306.54819022320163,1,252.04459890204208,301.4934767815322,1
3,63,1788008896545383930,1788008896545384,127848,2.1062676906585693,0.10030198097229004,1788008896544074,1.309871,1788008896910033664,391961,391962,1788008896909359616,1788008896917693440,0.08087772501001315,8.333683013916016,0.6740093231201172,0.618359375,42,39,506.64886090714003,306.5065393958864,1,251.96755200350458,301.6207155376619,1
4,64,1788008896578818083,1788008896578818,127849,2.1397018432617188,0.13373613357543945,1788008896577504,1.314163,1788008896943469056,391965,391966,1788008896942692864,1788008896951025664,0.09315899402019971,8.332967758178711,0.7762908935546875,0.6180121527777778,42,38,506.60003446763056,306.58371334021086,1,251.97954768283438,301.81520403146163,1
5,65,1788008896612250090,1788008896612250,127850,2.1731340885162354,0.16716837882995605,1788008896610941,1.309157,1788008896976902400,391969,391970,1788008896976025088,1788008896984358912,0.10527821484766128,8.333921432495117,0.87738037109375,0.6194173177083333,42,39,506.4066145324498,306.5321009572292,1,252.1009673277746,302.2244291435232,1
6,66,1788008896645678997,1788008896645679,127851,2.2065629959106445,0.20059728622436523,1788008896644371,1.307964,1788008897010332672,391973,391974,1788008897009358336,1788008897017691136,0.1169098712446352,8.33272933959961,0.9741783142089844,0.6181179470486111,42,37,506.65356378556953,306.6286498332527,1,252.1928801646265,302.01338980873743,1
7,67,1788008896679107904,1788008896679108,127852,2.2399916648864746,0.2340259552001953,1788008896677801,1.30701,1788008897043762176,391977,391978,1788008897042690816,1788008897051023360,0.12858369098712447,8.33272933959961,1.0714530944824219,0.6178466796875,42,38,507.05784082873805,306.61280350530825,1,252.25569804840387,301.83867398118275,1
8,68,1788008896712542057,1788008896712542,127853,2.273425817489624,0.2674601078033447,1788008896711230,1.312017,1788008897077197568,391981,391982,1788008897076022784,1788008897084356864,0.1409526534115291,8.333921432495117,1.1746883392333984,0.6172526041666667,42,36,507.3250621323014,306.4138254685638,1,252.39601104230127,301.62507294941895,1
9,69,1788008896745975018,1788008896745975,127854,2.306859016418457,0.30089330673217773,1788008896744668,1.307011,1788008897110631936,391985,391986,1788008897109356288,1788008897117689088,0.15310005436182084,8.332967758178711,1.275777816772461,0.6173936631944444,42,37,507.360404520301,306.3584147655798,1,252.60323085653488,301.5831217084258,1
10,70,1788008896779407024,1788008896779407,127855,2.3402910232543945,0.33432531356811523,1788008896778097,1.31011,1788008897144065024,391989,391990,1788008897142688512,1788008897151021312,0.1652074391988555,8.33272933959961,1.3766288757324219,0.6150227864583333,42,35,507.56874684122187,306.4335802653833,1,252.67701968944397,301.30081371018366,1
11,71,1788008896812839031,1788008896812839,127856,2.373722791671753,0.36775708198547363,1788008896811527,1.312017,1788008897177498112,391993,391994,1788008897176020736,1788008897184354560,0.17726154374320535,8.333683013916016,1.4772415161132812,0.6161756727430555,42,34,507.71903570555787,306.42677382773866,1,252.67795420382834,301.13261889008464,1
12,72,1788008896846271038,1788008896846271,127857,2.4071547985076904,0.40118908882141113,1788008896844964,1.307011,1788008897210931200,391997,391998,1788008897209354240,1788008897217686784,0.1892703862660944,8.33272933959961,1.577138900756836,0.6137722439236111,42,35,507.7377730216954,306.3423131102527,1,252.71186493817083,301.0151867935515,1
13,73,1788008896879703045,1788008896879703,127858,2.440586805343628,0.43462109565734863,1788008896878392,1.311064,1788008897244364288,392001,392002,1788008897242686208,1788008897251019264,0.20136762896626706,8.332967758178711,1.6779899597167969,0.6148654513888889,42,34,507.82346158463076,306.11830583577307,1,252.7589402241146,300.9506628292685,1
14,74,1788008896913136959,1788008896913137,127859,2.4740207195281982,0.46805500984191895,1788008896911821,1.31607,1788008897277799424,392005,392006,1788008897276018688,1788008897284352512,0.2136747246459734,8.333921432495117,1.7807483673095703,0.6136257595486111,42,34,507.819987420488,305.9888972295902,1,252.7943909868816,300.92497335885537,1
15,75,1788008896946568012,1788008896946568,127860,2.5074517726898193,0.50148606300354,1788008896945258,1.31011,1788008897311231488,392009,392010,1788008897309351936,1788008897317684736,0.2255793991416309,8.33272933959961,1.8796920776367188,0.61533203125,42,33,507.94648959952445,305.8505272656272,1,252.81357904273065,300.87817077264276,1
16,76,1788008896980001926,1788008896980002,127861,2.5408859252929688,0.5349202156066895,1788008896978689,1.312971,1788008897344666880,392013,392014,1788008897342684160,1788008897351016960,0.23793991416309013,8.33272933959961,1.9826889038085938,0.6167019314236111,42,36,508.0293956909184,305.72280002348805,1,252.80308546081994,300.8591203365247,1
17,77,1788008897013432980,1788008897013433,127862,2.57431697845459,0.5683512687683105,1788008897012127,1.306057,1788008897378098944,392017,392018,1788008897376016384,1788008897384350208,0.2498927192104134,8.333921432495117,2.0825862884521484,0.6160970052083333,42,34,508.09677452677374,305.60081296079176,1,252.80508391472887,300.86740298021607,1
18,78,1788008897046864033,1788008897046864,127863,2.607748031616211,0.6017823219299316,1788008897045556,1.307965,1788008897411531264,392021,392022,1788008897409349632,1788008897417682688,0.2617950845469371,8.332967758178711,2.181529998779297,0.6172498914930555,42,34,508.1242291804821,305.55226854019605,1,252.80726384777705,300.74776769634366,1
19,79,1788008897080293894,1788008897080294,127864,2.6411776542663574,0.6352119445800781,1788008897078986,1.307965,1788008897444962048,392025,392026,1788008897442682112,1788008897451015680,0.2735881444183784,8.333683013916016,2.279996871948242,0.6208279079861111,42,35,508.07037067344567,305.56661894319944,1,252.73743679998094,300.7974096277068,1
20,80,1788008897113725901,1788008897113726,127865,2.674609899520874,0.6686441898345947,1788008897112416,1.309872,1788008897478395392,392029,392030,1788008897476015360,1788008897484348160,0.28563662374821175,8.33272933959961,2.3801326751708984,0.6239556206597222,42,37,507.98229279232726,305.65846866209756,1,252.679250830333,300.8534388506913,1
21,81,1788008897147157907,1788008897147158,127866,2.7080419063568115,0.7020761966705322,1788008897145845,1.312971,1788008897511828480,392033,392034,1788008897509347584,1788008897517680384,0.2977110157367668,8.33272933959961,2.480745315551758,0.6260226779513889,42,37,507.81830405511846,305.70050324586555,1,252.49174342196707,300.9128702546687,1
22,82,1788008897180588007,1788008897180588,127867,2.741472005844116,0.7355062961578369,1788008897179274,1.313925,1788008897545259776,392037,392038,1788008897542679808,1788008897551013632,0.3095694464311257,8.333921432495117,2.579927444458008,0.6259033203125,42,38,507.61996036989717,305.64448629232703,1,252.32929046185228,300.9400106863358,1
23,83,1788008897214020014,1788008897214020,127868,2.7749040126800537,0.7689383029937744,1788008897212712,1.307965,1788008897578692864,392041,392042,1788008897576013056,1788008897584345856,0.32160228898426324,8.33272933959961,2.6798248291015625,0.6261203342013889,42,38,507.52781624778027,305.55409805406725,1,252.16317855729034,300.94752693235534,1
24,84,1788008897247451067,1788008897247451,127869,2.808335065841675,0.8023693561553955,1788008897246146,1.305103,1788008897612125440,392045,392046,1788008897609345536,1788008897617678080,0.33361945636623747,8.33272933959961,2.7799606323242188,0.6258083767361111,42,38,507.4896455273198,305.3466541312511,1,251.93550174728946,300.7679109355595,1
25,85,1788008897280884981,1788008897280885,127870,2.841768980026245,0.8358032703399658,1788008897279570,1.314878,1788008897645560576,392049,392050,1788008897642677760,1788008897651011584,0.3459117697545345,8.333683013916016,2.882719039916992,0.6263481987847223,42,36,507.534753803414,305.16414138185746,1,251.74795692814354,300.6569238400066,1
26,86,1788008897314316034,1788008897314316,127871,2.875199794769287,0.8692340850830078,1788008897313007,1.308918,1788008897678992128,392053,392054,1788008897676010752,1788008897684343808,0.3577580040628308,8.332967758178711,2.9811859130859375,0.62158203125,42,34,507.6267876284235,305.01056520694397,1,251.63895760450694,300.6636064197535,1
27,87,1788008897347748995,1788008897347749,127872,2.90863299369812,0.9026672840118408,1788008897346437,1.312018,1788008897712425984,392057,392058,1788008897709343232,1788008897717676288,0.3699464965237046,8.332967758178711,3.082752227783203,0.6172444661458333,42,33,507.9131227693947,304.91622728916667,1,251.5114719255447,300.75051918389767,1
28,88,1788008897381177902,1788008897381178,127873,2.94206166267395,0.9360959529876709,1788008897379867,1.310825,1788008897745855232,392061,392062,1788008897742675456,1788008897751009280,0.3815586199004406,8.333683013916016,3.179788589477539,0.6173556857638889,42,33,508.1741113828775,304.84671781018545,1,251.49191759267094,300.98155383435414,1
29,89,1788008897414611101,1788008897414611,127874,2.9754951000213623,0.969529390335083,1788008897413304,1.307011,1788008897779289856,392065,392066,1788008897776008960,1788008897784341504,0.39376251788268957,8.33272933959961,3.281116485595703,0.6158528645833333,42,33,508.37278357525486,304.7962578303037,1,251.44831735377858,301.01716724972465,1
30,90,1788008897448043108,1788008897448043,127875,3.0089268684387207,1.0029611587524414,1788008897446733,1.31011,1788008897812722688,392069,392070,1788008897809340928,1788008897817674752,0.4057788585323988,8.333921432495117,3.3817291259765625,0.6156032986111111,42,33,508.6270854501862,304.69826784854945,1,251.52351457301938,300.9438099036373,1
31,91,1788008897481472969,1788008897481473,127876,3.0423569679260254,1.036391258239746,1788008897480163,1.309872,1788008897846153984,392073,392074,1788008897842674176,1788008897851007232,0.4175846184658522,8.332967758178711,3.4797191619873047,0.6173746744791667,42,35,508.93926588170825,304.62398543541434,1,251.62903641218304,300.787768379677,1
32,92,1788008897514902115,1788008897514902,127877,3.0757858753204346,1.0698201656341553,1788008897513592,1.31011,1788008897879584000,392077,392078,1788008897876005632,1788008897884338432,0.4294420600858369,8.33272933959961,3.5784244537353516,0.6157335069444444,42,32,509.268844955663,304.6022505099433,1,251.69663534043838,300.7629608812003,1
33,93,1788008897548336029,1788008897548336,127878,3.109220027923584,1.1032543182373047,1788008897547022,1.313925,1788008897913019648,392081,392082,1788008897909338112,1788008897917671680,0.44178062596555473,8.333683013916016,3.681659698486328,0.6150689019097222,42,32,509.50429244955467,304.5776264159249,1,251.7678462067627,300.7651080945123,1
34,94,1788008897581768036,1788008897581768,127879,3.1426517963409424,1.136686086654663,1788008897580459,1.308918,1788008897946452736,392085,392086,1788008897942671104,1788008897951003904,0.45380675803267434,8.332967758178711,3.781557083129883,0.6168674045138889,42,33,509.6326594673177,304.5667464106392,1,251.75500201392538,300.6421120949901,1
35,95,1788008897615199089,1788008897615199,127880,3.1760828495025635,1.1701171398162842,1788008897613888,1.311064,1788008897979884800,392089,392090,1788008897976003328,1788008897984336384,0.4657949701009985,8.332967758178711,3.8814544677734375,0.6199245876736111,42,33,509.67381509823144,304.5764460801666,1,251.6883748082431,300.4606380526878,1
36,96,1788008897648628950,1788008897648629,127881,3.209512948989868,1.2035472393035889,1788008897647319,1.309872,1788008898013316096,392093,392094,1788008898009335808,1788008898017669376,0.4776277393145277,8.333683013916016,3.980398178100586,0.6289794921875,42,38,509.6586826300587,304.5841233597619,1,251.60413293923918,300.3124741025819,1
37,97,1788008897682060003,1788008897682060,127882,3.2429440021514893,1.23697829246521,1788008897680748,1.312017,1788008898046748416,392097,392098,1788008898042669056,1788008898051001856,0.4895565092989986,8.33272933959961,4.079341888427734,0.6265923394097223,42,38,509.6663266600744,304.5831468016529,1,251.52431618452312,300.17709495179724,1
38,98,1788008897715492010,1788008897715492,127883,3.2763760089874268,1.2704102993011475,1788008897714178,1.313925,1788008898080181248,392101,392102,1788008898076001280,1788008898084335104,0.5015877556858819,8.333921432495117,4.153728485107422,0.6269504123263889,42,38,509.711381279444,304.5549575182868,1,251.50970752166785,300.1538763135068,1
39,99,1788008897748922110,1788008897748922,127884,3.3098058700561523,1.303840160369873,1788008897747616,1.306057,1788008898113612288,392105,392106,1788008898109334528,1788008898117667328,0.5133758690738462,8.332967758178711,4.055023193359375,0.6252170138888888,42,38,509.72488549650495,304.55234729594144,1,251.58044211697765,300.0131278696993,1
40,100,1788008897782352924,1788008897782353,127885,3.3432366847991943,1.337270975112915,1788008897781044,1.308918,1788008898147044352,392109,392110,1788008898142666752,1788008898150999552,0.5253505007153075,8.33272933959961,3.9551258087158203,0.6228271484375,42,37,509.7176526264787,304.61806165652985,1,251.60169131919247,299.6806769233971,1
41,101,1788008897815785885,1788008897815786,127886,3.3766698837280273,1.370704174041748,1788008897814474,1.311779,1788008898180478720,392113,392114,1788008898175999232,1788008898184332800,0.5375350460605367,8.333683013916016,3.854036331176758,0.6211534288194445,42,36,509.58919947196296,304.7559082969093,1,251.6143353139684,299.8110577919741,1
42,102,1788008897849216938,1788008897849217,127887,3.4101009368896484,1.4041352272033691,1788008897847903,1.313925,1788008898213911040,392117,392118,1788008898209332480,1788008898217665280,0.5494706723891273,8.33272933959961,3.754138946533203,0.6207329644097223,42,36,509.450463112026,304.84938909152197,1,251.8038573531313,299.89308512093135,1
43,103,1788008897882648945,1788008897882649,127888,3.443532705307007,1.4375669956207275,1788008897881341,1.307964,1788008898247344128,392121,392122,1788008898242664448,1788008898250997504,0.5615576092243426,8.332967758178711,3.6535263061523438,0.6179497612847222,42,33,509.36897762587716,304.85515428329774,1,252.0012400306069,299.86939916177187,1
44,104,1788008897916080952,1788008897916081,127889,3.4769647121429443,1.470999002456665,1788008897914771,1.309872,1788008898280776960,392125,392126,1788008898275996928,1788008898284330752,0.573566013445859,8.333921432495117,3.5538673400878906,0.6182481553819444,42,34,509.28615490607933,304.97062385121336,1,252.12994220301522,299.93306609743956,1
45,105,1788008897949512959,1788008897949513,127890,3.510396718978882,1.5044310092926025,1788008897948202,1.311064,1788008898314210304,392129,392130,1788008898309330176,1788008898317662976,0.5856366237482117,8.33272933959961,3.452777862548828,0.6194580078125,42,33,509.2122771866165,305.1031926250778,1,252.13319486749737,300.0683961654221,1
46,106,1788008897982947111,1788008897982947,127891,3.5438308715820312,1.537865161895752,1788008897981637,1.31011,1788008898347645440,392133,392134,1788008898342662656,1788008898350995200,0.597997138769671,8.33272933959961,3.349781036376953,0.6188313802083333,42,32,509.0502117118001,305.01145080198387,1,252.10746492239687,300.05523559013966,1
47,107,1788008898016376972,1788008898016377,127892,3.577260971069336,1.5712952613830566,1788008898015068,1.308918,1788008898381076992,392137,392138,1788008898375994624,1788008898384328704,0.6098412244314119,8.333921432495117,3.2515525817871094,0.6190239800347223,42,34,508.8931668914404,305.04717378078414,1,252.12724445476584,300.0028584422591,1
48,108,1788008898049807072,1788008898049807,127893,3.6106910705566406,1.6047253608703613,1788008898048497,1.31011,1788008898414508288,392141,392142,1788008898409327872,1788008898417660928,0.6216703384738634,8.332967758178711,3.152608871459961,0.6179253472222223,42,34,508.80422640445954,305.14958946405653,1,252.13435383374383,299.96175190726217,1
49,109,1788008898083236933,1788008898083237,127894,3.644120693206787,1.6381549835205078,1788008898081926,1.310826,1788008898447939072,392145,392146,1788008898442660352,1788008898450994176,0.6334143899299098,8.333921432495117,3.055095672607422,0.6198269314236111,42,32,508.69344320213787,305.16941595933804,1,252.07302792140013,299.67838877250136,1
50,110,1788008898116666079,1788008898116666,127895,3.6775500774383545,1.6715843677520752,1788008898115356,1.310111,1788008898481369600,392149,392150,1788008898475993600,1788008898484326400,0.6451502145922747,8.33272933959961,2.956867218017578,0.6224962022569445,42,33,508.5491560719113,305.3746998568226,1,252.0483667114689,299.63574852096355,1
51,111,1788008898150099039,1788008898150099,127896,3.7109827995300293,1.70501708984375,1788008898148784,1.315117,1788008898514802944,392153,392154,1788008898509326080,1788008898517658624,0.6572818311874106,8.33272933959961,2.8557777404785156,0.6213107638888888,42,34,508.5729849984694,305.56318700392,1,252.10268305779687,299.67682861395315,1
52,112,1788008898183532000,1788008898183532,127897,3.7444159984588623,1.738450288772583,1788008898182222,1.310111,1788008898548236800,392157,392158,1788008898542658048,1788008898550992128,0.6694035188098985,8.333921432495117,2.7551651000976562,0.6210422092013889,42,36,508.6297926418688,305.5994182315283,1,252.163275274557,299.7367569907859,1
53,113,1788008898216964006,1788008898216964,127898,3.7778480052948,1.7718822956085205,1788008898215652,1.312017,1788008898581669632,392161,392162,1788008898575991296,1788008898584324352,0.681411118422935,8.332967758178711,2.6547908782958984,0.6208767361111112,42,37,508.57281449983725,305.84845821223905,1,252.19498193508633,299.8493945890086,1
54,114,1788008898250394106,1788008898250394,127899,3.8112778663635254,1.805312156677246,1788008898249082,1.312018,1788008898615100928,392165,392166,1788008898609323776,1788008898617656576,0.6933047210300429,8.33272933959961,2.5556087493896484,0.6214463975694444,42,31,508.4185974515275,306.21209173258876,1,252.34943612107554,299.89913767460024,1
55,115,1788008898283827066,1788008898283827,127900,3.8447108268737793,1.8387451171875,1788008898282519,1.307964,1788008898648535040,392169,392170,1788008898642656000,1788008898650989824,0.7054414373176174,8.333683013916016,2.4547576904296875,0.6210530598958334,42,35,508.4063209458724,305.91051491745577,1,252.33898477584552,299.92874389644913,1
56,116,1788008898317259073,1788008898317259,127901,3.878142833709717,1.8721771240234375,1788008898315949,1.31011,1788008898681968128,392173,392174,1788008898675989248,1788008898684322048,0.7175188120511573,8.332967758178711,2.3539066314697266,0.6209608289930556,42,35,508.3285882554442,305.97101535229336,1,252.35471166567103,299.95147758442664,1
57,117,1788008898350691080,1788008898350691,127902,3.9115748405456543,1.905609130859375,1788008898349378,1.312971,1788008898715401216,392177,392178,1788008898709321472,1788008898717654528,0.7295928585734314,8.332967758178711,2.253293991088867,0.6189670138888889,42,34,508.30166595077037,306.0500531433952,1,252.3677007164763,299.8749100420368,1
58,118,1788008898384125948,1788008898384126,127903,3.945009708404541,1.9390439987182617,1788008898382815,1.311064,1788008898748837120,392181,392182,1788008898742653952,1788008898750987520,0.7419751673628197,8.333683013916016,2.150297164916992,0.6174967447916667,42,34,508.32994023790997,306.04744555036154,1,252.43401409927515,299.74902446539215,1
59,119,1788008898417560101,1788008898417560,127904,3.9784438610076904,1.9724781513214111,1788008898416244,1.316071,1788008898782272512,392185,392186,1788008898775987200,1788008898784320000,0.7543061516452074,8.33272933959961,2.047300338745117,0.6173502604166666,42,31,508.2989357103936,306.0104058067539,1,252.67512043608372,299.76676438445725,1
60,120,1788008898450993061,1788008898450993,127905,4.011877059936523,2.005911350250244,1788008898449681,1.312017,1788008898815706880,392189,392190,1788008898809319168,1788008898817652224,0.7665588967411519,8.332967758178711,1.9452571868896484,0.6167453342013889,42,34,508.3639797608238,305.6631261180143,1,252.97153879811614,299.9871500530435,1
61,121,1788008898484436035,1788008898484436,127906,4.0453197956085205,2.039354085922241,1788008898483110,1.326084,1788008898849150976,392193,392194,1788008898842651648,1788008898850985472,0.7798598197682735,8.333921432495117,1.8346309661865234,0.6166151258680556,42,32,508.35766887489007,305.5717732141722,1,253.25073839411365,299.9779433113349,1
62,122,1788008898517862082,1788008898517862,127907,4.07874608039856,2.0727803707122803,1788008898516548,1.314164,1788008898882578432,392197,392198,1788008898875983872,1788008898884316672,0.7913876967095851,8.33272933959961,1.7383098602294922,0.6170084635416667,42,33,508.30921695900736,305.4584193311587,1,253.4302399995588,299.7984944352081,1
63,123,1788008898551300049,1788008898551300,127908,4.112184047698975,2.1062183380126953,1788008898549985,1.315117,1788008898916017408,392201,392202,1788008898909316352,1788008898917649920,0.8040853693425645,8.333683013916016,1.6326904296875,0.6160319010416667,42,33,508.1005297338731,305.74765071762624,1,253.44704995863896,299.5060449600009,1
64,124,1788008898584729910,1788008898584730,127909,4.145613670349121,2.139647960662842,1788008898583422,1.307964,1788008898949448192,392205,392206,1788008898942649344,1788008898950982400,0.8158850962776458,8.332967758178711,1.5342235565185547,0.6156548394097222,42,33,507.88439080941305,306.0448702650428,1,253.4543349436218,299.34965575254904,1
65,125,1788008898618165016,1788008898618165,127910,4.179048776626587,2.1730830669403076,1788008898616853,1.312017,1788008898982884352,392209,392210,1788008898975981824,1788008898984314624,0.828359703585019,8.332967758178711,1.4302730560302734,0.6163113064236111,42,38,507.65705184937576,306.5016833679909,1,253.46508356253042,299.4701166811996,1
66,126,1788008898651597977,1788008898651598,127911,4.21248197555542,2.2065162658691406,1788008898650289,1.308918,1788008899016318720,392213,392214,1788008899009314048,1788008899017647616,0.8405332723007382,8.333683013916016,1.3289451599121094,0.6189860026041667,42,36,507.3381781823695,306.75775268737164,1,253.36951535521638,299.5032827376704,1
67,127,1788008898685031891,1788008898685032,127912,4.24591588973999,2.239950180053711,1788008898683718,1.313925,1788008899049753856,392217,392218,1788008899042647296,1788008899050980096,0.8528469241773963,8.33272933959961,1.226186752319336,0.6184109157986111,42,35,507.0813709821492,307.03549717269067,1,253.25317737473168,299.67957792316747,1
68,128,1788008898718465090,1788008898718465,127913,4.279348850250244,2.273383140563965,1788008898717157,1.308203,1788008899083187968,392221,392222,1788008899075979520,1788008899084313344,0.8649692461736518,8.333921432495117,1.125335693359375,0.6208089192708334,42,38,506.9697045582019,307.100621733938,1,253.18114471347303,300.14550626826684,1
69,129,1788008898751904011,1788008898751904,127914,4.312787771224976,2.3068220615386963,1788008898750593,1.311064,1788008899116627968,392225,392226,1788008899109312768,1788008899117645824,0.8778575720294126,8.332967758178711,1.0178089141845703,0.6225124782986111,42,38,506.8964166015424,307.34781464481193,1,252.99616970871676,300.46010739935997,1
70,130,1788008898785336971,1788008898785337,127915,4.346220970153809,2.3402552604675293,1788008898784023,1.313925,1788008899150062336,392229,392230,1788008899142645248,1788008899150977792,0.8901287553648068,8.33272933959961,0.91552734375,0.6217366536458333,42,38,506.99003606377516,307.4038433776539,1,252.79109076750518,300.7651566237915,1
71,131,1788008898818768024,1788008898818768,127916,4.37965202331543,2.3736863136291504,1788008898817460,1.307964,1788008899183494656,392233,392234,1788008899175977472,1788008899184311040,0.9020140756422727,8.333683013916016,0.8165836334228516,0.6203993055555556,42,40,506.84260566478576,307.63413749803243,1,252.49481640406742,300.9943662726433,1
72,132,1788008898852201939,1788008898852202,127917,4.4130859375,2.4071202278137207,1788008898850889,1.312971,1788008899216929792,392237,392238,1788008899209310720,1788008899217643520,0.9143347639484979,8.33272933959961,0.7138252258300781,0.6196695963541666,42,40,506.98276005403886,307.9204295613893,1,252.1288832378038,301.23391617745864,1
73,133,1788008898885629892,1788008898885630,127918,4.446513891220093,2.4405481815338135,1788008898884319,1.310825,1788008899250358784,392241,392242,1788008899242642944,1788008899250975744,0.9259534777259592,8.332967758178711,0.6170272827148438,0.6197184244791667,42,38,507.20732359567603,308.0970407021092,1,251.78250073561597,301.56105582098695,1
74,134,1788008898919060946,1788008898919061,127919,4.479944944381714,2.4739792346954346,1788008898917748,1.312972,1788008899283791104,392245,392246,1788008899275975168,1788008899284309248,0.9378343584608783,8.333921432495117,0.5180835723876953,0.6208143446180555,42,37,507.41739776152366,308.06566315189673,1,251.5021844612803,301.6890205214856,1
75,135,1788008898952490091,1788008898952490,127920,4.513373851776123,2.5074081420898438,1788008898951177,1.313209,1788008899317220864,392249,392250,1788008899309308416,1788008899317641216,0.9495565092989986,8.33272933959961,0.4203319549560547,0.6177300347222222,42,33,507.6182214496473,307.99976062568305,1,251.26371036436046,301.7197279023062,1
76,136,1788008898985918999,1788008898985919,127921,4.546802759170532,2.540837049484253,1788008898984607,1.312018,1788008899350651136,392253,392254,1788008899342640896,1788008899350973696,0.9612875536480686,8.33272933959961,0.32258033752441406,0.6205864800347223,42,38,507.7595904606893,307.50327681798836,1,251.04014556451503,301.677545465743,1
77,137,1788008899019350052,1788008899019350,127922,4.580233812332153,2.574268102645874,1788008899018038,1.312018,1788008899384083200,392257,392258,1788008899375972864,1788008899384306944,0.973165498498069,8.333921432495117,0.22363662719726562,0.6190022786458333,42,35,507.8768568110861,307.45605678135826,1,250.79553075564564,301.6911824403956,1
78,138,1788008899052781105,1788008899052781,127923,4.613664865493774,2.607699155807495,1788008899051475,1.306057,1788008899417515776,392261,392262,1788008899409306368,1788008899417639168,0.9851792509513319,8.332967758178711,0.12350082397460938,0.6195095486111111,42,36,508.03304382580905,307.70563469026797,1,250.6534725832035,301.71082580159145,1
79,139,1788008899086214066,1788008899086214,127924,4.647098064422607,2.641132354736328,1788008899084903,1.311064,1788008899450950144,392265,392266,1788008899442638592,1788008899450971392,0.9974535050071531,8.33272933959961,0.021219253540039062,0.6207329644097223,42,34,508.2832850597081,308.22487854026906,1,250.58409883870928,301.74079913445325,1
80,140,1788008899119645119,1788008899119645,127925,4.6805291175842285,2.674563407897949,1788008899118333,1.312018,1788008899484382464,392270,392271,1788008899484304640,1788008899492637696,0.009327343995879946,8.332967758178711,0.07772445678710938,0.6203342013888888,42,35,508.3928519201345,308.57255456089314,1,250.57095060221513,301.90076144912604,1
81,141,1788008899153078079,1788008899153078,127926,4.713961839675903,2.707996129989624,1788008899151763,1.315117,1788008899517816064,392274,392275,1788008899517637120,1788008899525970944,0.0214847661278787,8.333921432495117,0.17905235290527344,0.6210964626736111,42,39,508.4141815988107,308.8332599418715,1,250.6146994301085,302.05053451707295,1
82,142,1788008899186508894,1788008899186509,127927,4.747392654418945,2.741426944732666,1788008899185200,1.308918,1788008899551248128,392278,392279,1788008899550970368,1788008899559303168,0.03333333333333333,8.33272933959961,0.2777576446533203,0.6230712890625,42,38,508.4039368604914,308.9201946998062,1,250.664996533745,302.04713836174506,1
83,143,1788008899219939947,1788008899219940,127928,4.780823707580566,2.774857997894287,1788008899218629,1.311064,1788008899584680192,392282,392283,1788008899584302592,1788008899592635392,0.04529327610872675,8.33272933959961,0.37741661071777344,0.6236924913194445,42,37,508.37938853738416,309.0999047387479,1,250.70670993995202,302.16331841878093,1
84,144,1788008899253371954,1788008899253372,127929,4.814255714416504,2.8082900047302246,1788008899252059,1.312971,1788008899618113280,392286,392287,1788008899617634816,1788008899625968640,0.0574166785867544,8.333921432495117,0.47850608825683594,0.6300537109375,42,38,508.27729073037074,309.29921507791005,1,250.74496990479173,302.2664968983164,1
85,145,1788008899286804914,1788008899286805,127930,4.847688913345337,2.8417232036590576,1788008899285495,1.309871,1788008899651547648,392290,392291,1788008899650968064,1788008899659301120,0.06955451918400046,8.332967758178711,0.5795955657958984,0.6313340928819444,42,38,508.2346613083605,309.4101413382579,1,250.76470669763302,302.3516633860551,1
86,146,1788008899320239067,1788008899320239,127931,4.881123065948486,2.875157356262207,1788008899318926,1.312971,1788008899684982528,392294,392295,1788008899684300544,1788008899692633088,0.08185979971387697,8.33272933959961,0.6821155548095703,0.6326144748263889,42,40,508.2773835374576,309.6219656845167,1,250.7510367742811,302.34178620233024,1
87,147,1788008899353672028,1788008899353672,127932,4.914555788040161,2.908590078353882,1788008899352356,1.316071,1788008899718416128,392298,392299,1788008899717632768,1788008899725966336,0.09400926932539909,8.333683013916016,0.7834434509277344,0.6342637803819444,42,39,508.37986793383686,309.88435247004946,1,250.67515560266833,302.48685568687705,1
88,148,1788008899387104034,1788008899387104,127933,4.947987794876099,2.9420220851898193,1788008899385793,1.311063,1788008899751848960,392302,392303,1788008899750965760,1788008899759298816,0.10597693914337215,8.332967758178711,0.8831024169921875,0.6344265407986112,42,41,508.48918856072623,310.0609410577282,1,250.31239123740383,302.2907718359663,1
89,149,1788008899420533895,1788008899420534,127934,4.981417894363403,2.975452184677124,1788008899419224,1.309871,1788008899785280256,392306,392307,1788008899784298240,1788008899792631040,0.11785070527309661,8.332967758178711,0.9820461273193359,0.6353542751736111,42,39,508.6131708676844,310.17261867881854,1,250.0344427632314,302.1488186053747,1
90,150,1788008899453963041,1788008899453963,127935,5.0148468017578125,3.008881092071533,1788008899452652,1.311063,1788008899818710272,392310,392311,1788008899817630464,1788008899825964288,0.12957029238427648,8.333683013916016,1.0797977447509766,0.6364203559027778,42,38,508.6414327475553,309.9688171004518,1,249.7838731426923,301.9158827298442,1
91,151,1788008899487396002,1788008899487396,127936,5.0482800006866455,3.042314291000366,1788008899486082,1.313925,1788008899852144640,392314,392315,1788008899850963712,1788008899859296512,0.1417167381974249,8.33272933959961,1.180887222290039,0.6360894097222223,42,38,508.67288834322466,309.9138407534332,1,249.51395628161532,301.7293005980569,1
92,152,1788008899520828009,1788008899520828,127937,5.081711769104004,3.0757460594177246,1788008899519518,1.31011,1788008899885577472,392318,392319,1788008899884294912,1788008899892628992,0.15388356458303534,8.333921432495117,1.2824535369873047,0.6369330512152778,42,36,508.7038334548387,309.98489522647276,1,249.1187302254536,301.5556745060448,1
93,153,1788008899554260969,1788008899554261,127938,5.115144968032837,3.1091792583465576,1788008899552947,1.313925,1788008899919011840,392322,392323,1788008899917628416,1788008899925961216,0.16603244542359302,8.332967758178711,1.3835430145263672,0.6361300998263889,42,35,508.7975296904633,310.0093807125233,1,248.7515658880152,301.30158582344865,1
94,154,1788008899587693930,1788008899587694,127939,5.148577690124512,3.1426119804382324,1788008899586378,1.315832,1788008899952445696,392326,392327,1788008899950960640,1788008899959293440,0.17822603719599428,8.33272933959961,1.4851093292236328,0.6366861979166667,42,32,508.7374404278029,309.96725867218936,1,248.41719179180865,301.08065207757386,1
95,155,1788008899621125937,1788008899621126,127940,5.182009696960449,3.17604398727417,1788008899619816,1.309872,1788008899985879040,392330,392331,1788008899984292864,1788008899992626688,0.19030726097156261,8.333683013916016,1.5859603881835938,0.6369818793402777,42,32,508.727461572141,309.8849997589729,1,248.20144171538612,300.8962043817378,1
96,156,1788008899654556036,1788008899654556,127941,5.215440034866333,3.2094743251800537,1788008899653246,1.31011,1788008900019310336,392334,392335,1788008900017626112,1788008900025958912,0.20211152756716547,8.332967758178711,1.6841888427734375,0.6370985243055556,42,32,508.7040505236746,309.83399465263915,1,248.05146430712136,300.8838196804053,1
97,157,1788008899687988043,1788008899687988,127942,5.248871803283691,3.242906093597412,1788008899686674,1.313925,1788008900052743168,392338,392339,1788008900050958336,1788008900059291392,0.2141855740894395,8.332967758178711,1.7848014831542969,0.6366400824652778,42,31,508.70299563494245,309.8894876746707,1,247.943205403022,300.82071371181195,1
98,158,1788008899721416950,1788008899721417,127943,5.28230094909668,3.2763352394104004,1788008899720113,1.303911,1788008900086173440,392342,392343,1788008900084290816,1788008900092624384,0.22592550208845913,8.333683013916016,1.882791519165039,0.6388129340277777,42,32,508.66553591969114,309.92825164543086,1,247.8730542697266,300.83409710557385,1
99,159,1788008899754851103,1788008899754851,127944,5.31573486328125,3.3097691535949707,1788008899753540,1.311064,1788008900119608576,392346,392347,1788008900117624064,1788008900125956864,0.23816881258941344,8.33272933959961,1.9845962524414062,0.6404649522569444,42,30,508.59774762762675,309.9820810225291,1,247.839607935184,300.8656605414503,1
100,160,1788008899788284063,1788008899788284,127945,5.349168062210083,3.3432023525238037,1788008899786969,1.315117,1788008900153042944,392350,392351,1788008900150956032,1788008900159290112,0.2504076670004291,8.333921432495117,2.0868778228759766,0.6402859157986112,42,33,508.60338363231426,309.97121097293444,1,247.80423025773067,300.954416953883,1
101,161,1788008899821717978,1788008899821718,127946,5.382601976394653,3.376636266708374,1788008899820407,1.311064,1788008900186478080,392354,392355,1788008900184289536,1788008900192622336,0.2626534290864353,8.332967758178711,2.1886825561523438,0.6395616319444445,42,33,508.566235406248,309.9044118608145,1,247.78156424173466,301.0328806472808,1
102,162,1788008899855149984,1788008899855150,127947,5.416033983230591,3.4100682735443115,1788008899853837,1.312971,1788008900219911424,392358,392359,1788008900217621760,1788008900225954560,0.27476394849785407,8.33272933959961,2.2895336151123047,0.6408528645833333,42,34,508.6062836326887,309.8277334184715,1,247.8040777876391,301.0641463240317,1
103,163,1788008899888578892,1788008899888579,127948,5.449462652206421,3.4434969425201416,1788008899887275,1.303911,1788008900253341184,392362,392363,1788008900250954240,1788008900259287808,0.28643359844366884,8.333683013916016,2.3870468139648438,0.6454399956597222,42,38,508.6874351715486,309.722051941776,1,247.81349037135567,301.0101333827694,1
104,164,1788008899922017097,1788008899922017,127949,5.482900857925415,3.4769351482391357,1788008899920705,1.312017,1788008900286780672,392366,392367,1788008900284287488,1788008900292620288,0.2991988555078684,8.33272933959961,2.493143081665039,0.6438666449652778,42,35,508.8745596222685,309.5747182562657,1,247.78990501963287,300.97968669936745,1
105,165,1788008899955451012,1788008899955451,127950,5.5163350105285645,3.510369300842285,1788008899954139,1.312018,1788008900320216064,392370,392371,1788008900317619456,1788008900325952512,0.31160767932248007,8.332967758178711,2.596616744995117,0.6447428385416667,42,34,509.0653733535805,309.6320613862414,1,247.78240521030887,300.90930488792293,1
106,166,1788008899988883972,1788008899988884,127951,5.549767732620239,3.54380202293396,1788008899987571,1.312971,1788008900353650176,392374,392375,1788008900350951936,1788008900359285760,0.32375911886711484,8.333921432495117,2.698183059692383,0.6449245876736112,42,37,509.181111879621,309.70638987152967,1,247.7843451798833,300.73149654198136,1
107,167,1788008900022315979,1788008900022316,127952,5.583199977874756,3.5772342681884766,1788008900021008,1.307964,1788008900387083264,392378,392379,1788008900384285184,1788008900392617984,0.335793991416309,8.33272933959961,2.7980804443359375,0.6422634548611111,42,36,509.09686964466425,309.4276932409024,1,247.8303009445616,300.6542575223419,1
108,168,1788008900055749893,1788008900055750,127953,5.616633653640747,3.6106679439544678,1788008900054437,1.312971,1788008900420517888,392382,392383,1788008900417617664,1788008900425950208,0.348068669527897,8.33272933959961,2.900362014770508,0.6411729600694445,42,33,509.29410929216306,309.1276853313509,1,247.88374944998492,300.6192210540654,1
109,169,1788008900089184046,1788008900089184,127954,5.6500678062438965,3.644102096557617,1788008900087874,1.31011,1788008900453953280,392386,392387,1788008900450949632,1788008900459283712,0.3604062365899013,8.333921432495117,3.0035972595214844,0.63701171875,42,34,509.45705793767297,308.891597395392,1,247.96898295950427,300.69893556255244,1
110,170,1788008900122618914,1788008900122619,127955,5.683502674102783,3.677536964416504,1788008900121304,1.314879,1788008900487389184,392390,392391,1788008900484282880,1788008900492615936,0.37275042201939856,8.332967758178711,3.1061172485351562,0.6347819010416667,42,30,509.6211571034705,308.70660566118033,1,248.04443756130792,300.75004136816335,1
111,171,1788008900156054974,1788008900156055,127956,5.7169389724731445,3.7109732627868652,1788008900154740,1.314879,1788008900520826112,392394,392395,1788008900517615360,1788008900525948160,0.38532188841201714,8.33272933959961,3.210783004760742,0.6328125,42,33,509.55578738196834,308.6171974012985,1,248.15389548052343,300.64942159384907,1
112,172,1788008900189491034,1788008900189491,127957,5.750374794006348,3.7444090843200684,1788008900188178,1.312972,1788008900554262784,392398,392399,1788008900550948608,1788008900559281408,0.39773962804005725,8.33272933959961,3.3142566680908203,0.6334852430555555,42,34,509.4746332893859,308.7255107576338,1,248.22511168952656,300.33547371242815,1
113,173,1788008900222919941,1788008900222920,127958,5.783803701400757,3.7778379917144775,1788008900221616,1.303911,1788008900587692544,392402,392403,1788008900584281088,1788008900592613632,0.4094134477825465,8.33272933959961,3.411531448364258,0.6349799262152778,42,30,509.2895790771106,308.81436282902587,1,248.2869596148244,300.2735656002269,1
114,174,1788008900256356001,1788008900256356,127959,5.817239999771118,3.811274290084839,1788008900255044,1.312018,1788008900621131520,392406,392407,1788008900617613056,1788008900625946880,0.422171363181233,8.333921432495117,3.518342971801758,0.6365207248263889,42,31,509.1078314838485,308.77179403342024,1,248.35818545996247,300.35145488538103,1
115,175,1788008900289791107,1788008900289791,127960,5.850675106048584,3.8447093963623047,1788008900288481,1.31011,1788008900654567168,392410,392411,1788008900650946304,1788008900659279360,0.43452261737861575,8.332967758178711,3.6208629608154297,0.6362657335069445,42,34,509.02121519552935,308.65553764013634,1,248.41256215171472,300.3234051477193,1
116,176,1788008900323225975,1788008900323226,127961,5.884109735488892,3.8781440258026123,1788008900321912,1.313925,1788008900688002816,392414,392415,1788008900684278784,1788008900692611328,0.4469241773962804,8.33272933959961,3.7240982055664062,0.6344048394097223,42,31,508.75242773426146,308.65868669392574,1,248.49749424439545,300.35754265219623,1
117,177,1788008900356662035,1788008900356662,127962,5.917545795440674,3.9115800857543945,1788008900355349,1.312971,1788008900721439488,392418,392419,1788008900717611008,1788008900725944832,0.4594037878354409,8.333683013916016,3.8285255432128906,0.6347412109375,42,31,508.5824078256959,308.71155085610525,1,248.66351913383312,300.4270562240305,1
118,178,1788008900390098095,1788008900390098,127963,5.950982093811035,3.945016384124756,1788008900388784,1.314163,1788008900754877184,392422,392423,1788008900750944256,1788008900759277056,0.47197505078538526,8.332967758178711,3.932952880859375,0.6428521050347222,42,33,508.487846129251,308.77438646987287,1,248.71722257326763,300.2693482971215,1
119,179,1788008900423532963,1788008900423533,127964,5.984416961669922,3.9784512519836426,1788008900422222,1.311064,1788008900788312832,392426,392427,1788008900784276480,1788008900792609536,0.48439243512345853,8.332967758178711,4.036426544189453,0.6489122178819444,42,33,508.368413917931,308.727068291194,1,248.71022834132518,300.1792590188682,1
120,180,1788008900456971884,1788008900456972,127965,6.017855644226074,4.011889934539795,1788008900455652,1.319885,1788008900821752832,392430,392431,1788008900817608960,1788008900825942528,0.4972535332150827,8.333683013916016,4.143953323364258,0.6497314453125,42,33,508.24772393100307,308.7241496031359,1,248.6931508185598,300.14255886024046,1
121,181,1788008900490407944,1788008900490408,127966,6.0512917041778564,4.045325994491577,1788008900489089,1.318932,1788008900855189760,392434,392435,1788008900850942208,1788008900859274752,0.5097567954220315,8.33272933959961,4.085063934326172,0.6487901475694444,42,34,508.11654636521234,308.7206917084448,1,248.77142722407066,300.1552005096463,1
122,182,1788008900523844004,1788008900523844,127967,6.084728002548218,4.0787622928619385,1788008900522527,1.317025,1788008900888627456,392438,392439,1788008900884273408,1788008900892607232,0.5224717493920755,8.333921432495117,3.9796829223632812,0.6480278862847222,42,33,507.9590615927872,308.75018216000757,1,248.865694008125,300.1590543130581,1
123,183,1788008900557281971,1788008900557282,127968,6.118165969848633,4.1122002601623535,1788008900555964,1.317978,1788008900922066944,392442,392443,1788008900917606656,1788008900925939456,0.5352636548310492,8.332967758178711,3.8726329803466797,0.6466227213541667,42,33,507.9040217632279,308.6939564712613,1,248.96230274161707,300.0185336911048,1
124,184,1788008900590718985,1788008900590719,127969,6.151602745056152,4.145637035369873,1788008900589400,1.318932,1788008900955504896,392446,392447,1788008900950938880,1788008900959271680,0.5479542203147353,8.33272933959961,3.766775131225586,0.6460611979166667,42,35,507.9107091370246,308.6153282848342,1,249.06163191183157,299.8704299861182,1
125,185,1788008900624155045,1788008900624155,127970,6.185039043426514,4.179073333740234,1788008900622838,1.317025,1788008900988942080,392450,392451,1788008900984271360,1788008900992604928,0.5604794873262001,8.333683013916016,3.6628246307373047,0.6466769748263889,42,30,507.9706016317024,308.5685598254455,1,249.1776252690358,299.86479027443977,1
126,186,1788008900657592058,1788008900657592,127971,6.218475818634033,4.212510108947754,1788008900656273,1.31917,1788008901022379776,392454,392455,1788008901017604352,1788008901025937408,0.5730880375382679,8.332967758178711,3.557443618774414,0.6483506944444445,42,30,508.0547840493803,308.47160266303314,1,249.28433497407653,299.93117345287004,1
127,187,1788008900691028118,1788008900691028,127972,6.2519121170043945,4.245946407318115,1788008900689711,1.317024,1788008901055817216,392458,392459,1788008901050936576,1788008901059269632,0.5856770907842408,8.332967758178711,3.4525394439697266,0.6470296223958333,42,31,508.15274242251735,308.46482697185536,1,249.4133965739051,300.0371397232797,1
128,188,1788008900724463940,1788008900724464,127973,6.2853477001190186,4.279381990432739,1788008900723148,1.315832,1788008901089253888,392462,392463,1788008901084269056,1788008901092602624,0.5981575785317846,8.333683013916016,3.348827362060547,0.6465033637152777,42,30,508.2558586907897,308.60762549760597,1,249.47873490496258,300.0737788174259,1
129,189,1788008900757901907,1788008900757902,127974,6.318785667419434,4.312819957733154,1788008900756585,1.317024,1788008901122693120,392466,392467,1788008901117602304,1788008901125935104,0.6109298998569385,8.33272933959961,3.242015838623047,0.6458224826388889,42,30,508.36287393208323,308.61674303791216,1,249.5544393418861,300.0632668039578,1
130,190,1788008900791337013,1788008900791337,127975,6.352220773696899,4.34625506401062,1788008900790022,1.315117,1788008901156129536,392470,392471,1788008901150934528,1788008901159267328,0.6234442505221596,8.332967758178711,3.137826919555664,0.6467881944444445,42,29,508.4713034494629,308.62870336769123,1,249.61333599842447,300.0532187802472,1
131,191,1788008900824773073,1788008900824773,127976,6.385657072067261,4.3796913623809814,1788008900823460,1.312971,1788008901189566976,392474,392475,1788008901184267776,1788008901192600832,0.6359474693141827,8.332967758178711,3.0336380004882812,0.6480007595486111,42,29,508.5092793988482,308.6192867255306,1,249.6408611022395,300.0658905931909,1
132,192,1788008900858210087,1788008900858210,127977,6.41909384727478,4.413128137588501,1788008900856895,1.315117,1788008901223005184,392478,392479,1788008901217600000,1788008901225932800,0.6486409155937053,8.33272933959961,2.9277801513671875,0.6504855685763888,42,29,508.5293551972396,308.58574549311163,1,249.65013090836294,300.1193515947331,1
133,193,1788008900891647100,1788008900891647,127978,6.452530860900879,4.4465651512146,1788008900890333,1.314163,1788008901256443136,392482,392483,1788008901250932480,1788008901259266048,0.6612690965268638,8.333683013916016,2.8228759765625,0.6503282335069445,42,30,508.5474512590283,308.55998636804816,1,249.596270846643,300.19227338534307,1
134,194,1788008900925084114,1788008900925084,127979,6.485968112945557,4.480002403259277,1788008900923771,1.313209,1788008901289881600,392486,392487,1788008901284265728,1788008901292598528,0.6739628040057225,8.33272933959961,2.7167797088623047,0.6514892578125,42,33,508.5927015849429,308.453831895988,1,249.5343947488886,300.118402471987,1
135,195,1788008900958518028,1788008900958518,127980,6.519401788711548,4.5134360790252686,1788008900957208,1.31011,1788008901323316224,392490,392491,1788008901317597952,1788008901325930752,0.6862464593287746,8.332967758178711,2.6144981384277344,0.6516764322916667,42,35,508.69782004922513,308.27899505466917,1,249.4584836051891,299.9324616450111,1
136,196,1788008900991954088,1788008900991954,127981,6.552838087081909,4.54687237739563,1788008900990637,1.317024,1788008901356754176,392494,392495,1788008901350930176,1788008901359264256,0.6988127592619082,8.333921432495117,2.51007080078125,0.6501654730902777,42,35,508.79256021659563,308.08562884662484,1,249.35520677100618,299.69784831535895,1
137,197,1788008901025388956,1788008901025389,127982,6.586272954940796,4.580307245254517,1788008901024075,1.313925,1788008901390190080,392498,392499,1788008901384263424,1788008901392596224,0.7112446351931331,8.33272933959961,2.4061203002929688,0.6505126953125,42,32,508.9798982116209,307.5900479397694,1,249.21959910497128,299.3794612559164,1
138,198,1788008901058821917,1788008901058822,127983,6.619705677032471,4.613739967346191,1788008901057511,1.310826,1788008901423623936,392502,392503,1788008901417595904,1788008901425928704,0.7234334763948498,8.33272933959961,2.304553985595703,0.6493082682291667,42,32,509.1737819917448,307.09779578163096,1,249.04879284963692,299.0850902584968,1
139,199,1788008901092253923,1788008901092254,127984,6.653137922286987,4.647172212600708,1788008901090940,1.313924,1788008901457057280,392506,392507,1788008901450927872,1788008901459261952,0.7354598769846946,8.333921432495117,2.2046566009521484,0.6507731119791667,42,34,509.17875226980107,306.7350769755528,1,248.94906941285012,298.8320923265449,1
140,200,1788008901125688076,1788008901125688,127985,6.686571836471558,4.680606126785278,1788008901124377,1.311064,1788008901490492160,392510,392511,1788008901484261376,1788008901492594176,0.7477325398414923,8.332967758178711,2.1021366119384766,0.6494411892361112,42,33,509.29365039186473,306.3193151314017,1,248.91153924353,298.7027907391681,1
141,201,1788008901159121037,1788008901159121,127986,6.720005035400391,4.714039325714111,1788008901157808,1.312972,1788008901523926272,392514,392515,1788008901517593600,1788008901525926400,0.7599713876967096,8.33272933959961,2.000093460083008,0.6491102430555555,42,32,509.4258060954975,306.01812993150264,1,248.89652783034512,298.6690876892984,1
142,202,1788008901192553997,1788008901192554,127987,6.753437757492065,4.747472047805786,1788008901191244,1.31011,1788008901557359872,392518,392519,1788008901550926080,1788008901559259648,0.7720432568518625,8.333683013916016,1.89971923828125,0.6482937282986111,42,32,509.6529888705347,306.02002951602265,1,249.00199392855666,298.5737535579216,1
143,203,1788008901225987911,1788008901225988,127988,6.786871671676636,4.7809059619903564,1788008901224674,1.313925,1788008901590794496,392522,392523,1788008901584259328,1788008901592592128,0.7842918454935622,8.33272933959961,1.7974376678466797,0.6489040798611111,42,39,509.6400248518788,306.02012073816184,1,249.00617331418124,298.41390447903234,1
144,204,1788008901259419918,1788008901259420,127989,6.820303678512573,4.814337968826294,1788008901258112,1.307964,1788008901624227584,392526,392527,1788008901617591296,1788008901625925376,0.7962809326276641,8.333921432495117,1.6977787017822266,0.6485487196180556,42,29,509.2795859145066,306.00408932269505,1,249.08071169006345,298.31112965701186,1
145,205,1788008901292853117,1788008901292853,127990,6.853736877441406,4.847771167755127,1788008901291541,1.312017,1788008901657661952,392530,392531,1788008901650924800,1788008901659257600,0.8085033332379618,8.332967758178711,1.5957355499267578,0.6495361328125,42,32,508.8923313086104,306.18537637818275,1,249.11880719976057,298.34849279395564,1
146,206,1788008901326287031,1788008901326287,127991,6.887171030044556,4.881205320358276,1788008901324978,1.308918,1788008901691097344,392534,392535,1788008901684257024,1788008901692589824,0.8208869814020029,8.33272933959961,1.4925003051757812,0.6489176432291667,42,30,508.43016679354116,306.38260328825714,1,249.1607849957715,298.47857540915015,1
147,207,1788008901359716892,1788008901359717,127992,6.920600652694702,4.914634943008423,1788008901358407,1.309871,1788008901724528384,392538,392539,1788008901717589504,1788008901725923072,0.8326371802941008,8.333683013916016,1.3947486877441406,0.6498806423611111,42,33,508.0089152925466,306.66283408525277,1,249.25417850093572,298.65214327921973,1
148,208,1788008901393150091,1788008901393150,127993,6.954034090042114,4.948068380355835,1788008901391835,1.315117,1788008901757963008,392542,392543,1788008901750922496,1788008901759255296,0.8448971417126835,8.332967758178711,1.2924671173095703,0.6518391927083333,42,32,507.553216605196,307.02801385989676,1,249.3693607734441,298.7914752826248,1
149,209,1788008901426584959,1788008901426585,127994,6.987468719482422,4.981503009796143,1788008901425273,1.312017,1788008901791398656,392546,392547,1788008901784254720,1788008901792587776,0.8573145260507568,8.332967758178711,1.1889934539794922,0.6520860460069444,42,32,507.1459215428035,307.28626053569053,1,249.59333063337976,298.96783105720795,1
150,210,1788008901460017920,1788008901460018,127995,7.020901679992676,5.0149359703063965,1788008901458704,1.313925,1788008901824832768,392550,392551,1788008901817587200,1788008901825920768,0.8694283916003891,8.333683013916016,1.0881423950195312,0.6541666666666667,42,34,506.7751008356034,307.5796200504986,1,249.72637701862106,299.1910944737732,1
151,211,1788008901493453026,1788008901493453,127996,7.054337024688721,5.048371315002441,1788008901492141,1.312018,1788008901858269184,392554,392555,1788008901850920448,1788008901859253248,0.8819170243204578,8.33272933959961,0.9839534759521484,0.6536431206597222,42,33,506.42020730505783,307.73191805178374,1,249.80592837582364,299.44868207900413,1
152,212,1788008901526885986,1788008901526886,127997,7.0877697467803955,5.081804037094116,1788008901525571,1.314878,1788008901891702784,392558,392559,1788008901884251648,1788008901892585472,0.8940924045200973,8.333921432495117,0.8826255798339844,0.6515543619791667,42,37,506.18276805781136,308.0621991488336,1,249.86920058694116,299.6902081601787,1
153,213,1788008901560322046,1788008901560322,127998,7.121205806732178,5.115240097045898,1788008901559007,1.315117,1788008901925140224,392562,392563,1788008901917584896,1788008901925917952,0.9066693370719007,8.332967758178711,0.7777214050292969,0.6528428819444444,42,35,506.08884399952035,308.43822793237194,1,249.87540491977848,299.85204609601976,1
154,214,1788008901593756914,1788008901593757,127999,7.1546409130096436,5.148675203323364,1788008901592445,1.312017,1788008901958576384,392566,392567,1788008901950917120,1788008901959249920,0.919170243204578,8.33272933959961,0.6735324859619141,0.6519395616319444,42,34,505.97986600435365,308.73305999168394,1,249.91747668505354,300.1774325254643,1
155,215,1788008901627197981,1788008901627198,128000,7.188081741333008,5.1821160316467285,1788008901625875,1.322985,1788008901992018432,392570,392571,1788008901984249600,1788008901992583168,0.9322252102763632,8.333683013916016,0.5648136138916016,0.6513997395833333,42,35,505.86977982614434,309.1695992693503,1,249.98516673831074,300.48439311886125,1
156,216,1788008901660623074,1788008901660623,128001,7.2215070724487305,5.215541362762451,1788008901659310,1.312972,1788008902025444864,392574,392575,1788008902017582848,1788008902025915648,0.943519313304721,8.33272933959961,0.4706382751464844,0.6496853298611112,42,32,505.7448685301403,309.48131108791546,1,250.09950329411421,300.7992654169551,1
157,217,1788008901694056034,1788008901694056,128002,7.254939794540405,5.248974084854126,1788008901692741,1.315117,1788008902058878976,392578,392579,1788008902050915072,1788008902059247872,0.9557094217618952,8.332967758178711,0.36907196044921875,0.6472276475694444,42,34,505.6301112352428,309.95768319771446,1,250.23849497518057,301.20409570841446,1
158,218,1788008901727488041,1788008901727488,128003,7.288371801376343,5.2824060916900635,1788008901726178,1.31011,1788008902092312064,392582,392583,1788008902084247296,1788008902092581120,0.9677290152772214,8.333683013916016,0.2689361572265625,0.6491021050347222,42,34,505.54385897535656,310.1031780802822,1,250.3032021070751,301.5653345086022,1
159,219,1788008901760922909,1788008901760923,128004,7.3218066692352295,5.31584095954895,1788008901759608,1.314879,1788008902125748224,392586,392587,1788008902117580544,1788008902125913344,0.9801716738197425,8.33272933959961,0.1652240753173828,0.6487223307291666,42,35,505.2811018169484,310.3792566712667,1,250.3656086470133,301.8554067504261,1
160,220,1788008901794358969,1788008901794359,128005,7.355242967605591,5.3492772579193115,1788008901793045,1.313925,1788008902159185664,392590,392591,1788008902150913024,1788008902159245824,0.9927896995708154,8.33272933959961,0.06008148193359375,0.6490587022569444,42,35,505.12490341570185,310.64209752984965,1,250.35541654102371,302.17353883360806,1
161,221,1788008901827790022,1788008901827790,128006,7.388674020767212,5.382708311080933,1788008901826482,1.307964,1788008902192617984,392595,392596,1788008902192579072,1788008902200911872,0.004663805436337625,8.33272933959961,0.03886222839355469,0.6485649956597223,42,33,505.14510126302685,310.95181296315883,1,250.3328249829326,302.6399742060049,1
162,222,1788008901861222982,1788008901861223,128007,7.422106742858887,5.416141033172607,1788008901859911,1.312017,1788008902226051840,392599,392600,1788008902225911040,1788008902234245120,0.01687884422829352,8.333921432495117,0.14066696166992188,0.6478461371527777,42,34,505.2420751285126,311.0838873958695,1,250.32699282870612,302.9999492266633,1
163,223,1788008901894656897,1788008901894657,128008,7.455540895462036,5.449575185775757,1788008901893341,1.315833,1788008902259487232,392603,392604,1788008902259244544,1788008902267577344,0.02912649137363738,8.332967758178711,0.24271011352539062,0.6488715277777778,42,34,505.34776359658235,311.16562353510824,1,250.32051196352438,303.2215071092518,1
164,224,1788008901928092003,1788008901928092,128009,7.488975763320923,5.4830100536346436,1788008901926777,1.315117,1788008902292922880,392607,392608,1788008902292576768,1788008902300909568,0.041545064377682406,8.33272933959961,0.34618377685546875,0.647900390625,42,33,505.3840901086347,311.11033492518595,1,250.32201499936758,303.36849422143,1
165,225,1788008901961525917,1788008901961526,128010,7.522409915924072,5.516444206237793,1788008901960214,1.312017,1788008902326358272,392611,392612,1788008902325909248,1788008902334242816,0.0538994106540024,8.333683013916016,0.44918060302734375,0.6504204644097222,42,35,505.4848716613019,311.07999404042846,1,250.38157591476534,303.3644291998466,1
166,226,1788008901994962931,1788008901994963,128011,7.555846929550171,5.549881219863892,1788008901993643,1.319886,1788008902359796480,392615,392616,1788008902359242496,1788008902367575296,0.06649499284692417,8.33272933959961,0.5540847778320312,0.6523030598958334,42,37,505.6351326449664,311.07820873576713,1,250.440716533471,303.25961513022185,1
167,227,1788008902028398037,1788008902028398,128012,7.589282035827637,5.583316326141357,1788008902027082,1.316071,1788008902393233152,392619,392620,1788008902392574464,1788008902400907520,0.0790249206031301,8.332967758178711,0.6585121154785156,0.6505995008680555,42,35,505.82564844450076,311.06755214293565,1,250.53910744490602,303.13305787221503,1
168,228,1788008902061831951,1788008902061832,128013,7.622715711593628,5.616750001907349,1788008902060519,1.312971,1788008902426668032,392623,392624,1788008902425906944,1788008902434240768,0.09131740809612358,8.333921432495117,0.7610321044921875,0.6507297092013888,42,34,505.925714841734,310.99411787101974,1,250.60969228381055,303.06628318426465,1
169,229,1788008902095267057,1788008902095267,128014,7.656151056289673,5.6501853466033936,1788008902093957,1.31011,1788008902460103936,392627,392628,1788008902459240192,1788008902467572992,0.1036623748211731,8.33272933959961,0.8637905120849609,0.6524875217013889,42,35,505.9669160367898,310.7758381180433,1,250.64968970325987,302.92972030618193,1
170,230,1788008902128700972,1788008902128701,128015,7.689584732055664,5.683619022369385,1788008902127386,1.314879,1788008902493538048,392631,392632,1788008902492572672,1788008902500905216,0.11587982832618025,8.33272933959961,0.9655952453613281,0.6508273654513889,42,33,506.11831843444634,310.7460117369451,1,250.6155428124914,302.6472495051866,1
171,231,1788008902162136078,1788008902162136,128016,7.72301983833313,5.717054128646851,1788008902160822,1.314163,1788008902526973952,392635,392636,1788008902525904640,1788008902534238464,0.12830782434558718,8.333921432495117,1.0693073272705078,0.6506537543402777,42,34,506.23736056853386,310.76329313260516,1,250.6040414775448,302.47859884980545,1
172,232,1788008902195571899,1788008902195572,128017,7.756455898284912,5.750490188598633,1788008902194259,1.312971,1788008902560411392,392639,392640,1788008902559237888,1788008902567570944,0.14082572744699723,8.332967758178711,1.1734962463378906,0.6499294704861112,42,33,506.3382218537773,310.6755431904502,1,250.61527383382509,302.4378094744322,1
173,233,1788008902229002953,1788008902229003,128018,7.789886951446533,5.783921241760254,1788008902227688,1.314879,1788008902593843712,392643,392644,1788008902592570368,1788008902600902912,0.15281831187410586,8.33272933959961,1.2733936309814453,0.6493218315972222,42,32,506.4274018070704,310.7060893120516,1,250.60487959272095,302.3811095376709,1
174,234,1788008902262440920,1788008902262441,128019,7.823324918746948,5.817359209060669,1788008902261125,1.315832,1788008902627282688,392647,392648,1788008902625902592,1788008902634236416,0.16558905990730674,8.333683013916016,1.3799667358398438,0.6486463758680555,42,32,506.49316812970505,310.7402910240823,1,250.55644759659202,302.2858238748753,1
175,235,1788008902295876026,1788008902295876,128020,7.856760025024414,5.850794315338135,1788008902294563,1.312971,1788008902660718592,392651,392652,1788008902659235840,1788008902667568640,0.17793991416309013,8.33272933959961,1.4827251434326172,0.6439344618055556,42,28,506.52142787655595,310.7061566840575,1,250.5911534174009,302.2246503534881,1
176,236,1788008902329309940,1788008902329310,128021,7.890193939208984,5.884228229522705,1788008902328000,1.309871,1788008902694153984,392655,392656,1788008902692568064,1788008902700901888,0.19030181662137033,8.333921432495117,1.5859603881835938,0.6447781032986111,42,31,506.51960346533394,310.5992764587103,1,250.64070770210603,302.22229568757854,1
177,237,1788008902362746000,1788008902362746,128022,7.923629999160767,5.917664289474487,1788008902361430,1.31607,1788008902727591168,392659,392660,1788008902725901312,1788008902734234368,0.202798203198764,8.332967758178711,1.689910888671875,0.6442355685763889,42,31,506.5193411825018,310.5387537090533,1,250.63129284246455,302.2048978762113,1
178,238,1788008902396178961,1788008902396179,128023,7.957062721252441,5.951097011566162,1788008902394867,1.312018,1788008902761025280,392663,392664,1788008902759233792,1788008902767566336,0.2149928469241774,8.33272933959961,1.7914772033691406,0.6458631727430556,42,30,506.51294065742985,310.50386378541225,1,250.56008633897278,302.16548609517054,1
179,239,1788008902429611921,1788008902429612,128024,7.990495920181274,5.984530210494995,1788008902428297,1.314878,1788008902794459648,392667,392668,1788008902792566016,1788008902800899840,0.2272129083938891,8.333683013916016,1.8935203552246094,0.6442708333333333,42,31,506.54426850713264,310.5056687209902,1,250.57317874365557,302.12984863873197,1
180,240,1788008902463046074,1788008902463046,128025,8.023930072784424,6.0179643630981445,1788008902461734,1.312018,1788008902827895040,392671,392672,1788008902825899008,1788008902834232064,0.23950673800463507,8.332967758178711,1.9958019256591797,0.6433458116319445,42,32,506.6424282079238,310.6334667401159,1,250.61358243771343,302.16863658929907,1
181,241,1788008902496500969,1788008902496501,128026,8.057384967803955,6.051419258117676,1788008902495171,1.329899,1788008902861350912,392675,392676,1788008902859231488,1788008902867564544,0.25435609853795316,8.332967758178711,2.1195411682128906,0.6438774956597222,42,31,506.76566127583516,310.72876615178996,1,250.66959767028789,302.266938451387,1
182,242,1788008902529913902,1788008902529914,128027,8.090797662734985,6.084831953048706,1788008902528599,1.314878,1788008902894764800,392679,392680,1788008902892563712,1788008902900896512,0.26414878397711017,8.33272933959961,2.201080322265625,0.6446451822916667,42,32,506.8491881601917,310.79692976219627,1,250.7169458228774,302.3538344779525,1
183,243,1788008902563345909,1788008902563346,128028,8.124229907989502,6.118264198303223,1788008902562036,1.309872,1788008902928198144,392683,392684,1788008902925896192,1788008902934228992,0.27625178826895563,8.33272933959961,2.301931381225586,0.6479383680555556,42,31,506.8949636174706,310.8568505537773,1,250.73767011018327,302.4023924492893,1
184,244,1788008902596781015,1788008902596781,128029,8.157665014266968,6.1516993045806885,1788008902595465,1.31607,1788008902961634304,392687,392688,1788008902959228160,1788008902967562240,0.28871406093548846,8.333921432495117,2.4061203002929688,0.6515299479166666,42,36,506.93356923811774,310.88010673025633,1,250.7682892210026,302.46818729527234,1
185,245,1788008902630213976,1788008902630214,128030,8.191097736358643,6.185132026672363,1788008902628905,1.308918,1788008902995068416,392691,392692,1788008902992561664,1788008903000894464,0.3008211496094532,8.332967758178711,2.506732940673828,0.6509847005208333,42,33,506.99985471618265,310.849522156001,1,250.80137710366722,302.5919674466361,1
186,246,1788008902663645983,1788008902663646,128031,8.22452974319458,6.218564033508301,1788008902662333,1.312971,1788008903028501504,392695,392696,1788008903025893888,1788008903034226688,0.31293276108726753,8.33272933959961,2.607583999633789,0.6494303385416667,42,33,507.0683029885589,310.8091803249726,1,250.82836441827607,302.7252089659898,1
187,247,1788008902697081089,1788008902697081,128032,8.257964849472046,6.251999139785767,1788008902695770,1.311064,1788008903061937664,392699,392700,1788008903059226368,1788008903067559936,0.3253418778966642,8.333683013916016,2.7112960815429688,0.6501112196180555,42,32,507.1127802798296,310.79044126504243,1,250.85442179310863,302.80942250178134,1
188,248,1788008902730513096,1788008902730513,128033,8.291397094726562,6.285431385040283,1788008902729200,1.31321,1788008903095371008,392703,392704,1788008903092559360,1788008903100892416,0.33741523847672455,8.332967758178711,2.8116703033447266,0.6502387152777778,42,34,507.1655257432582,310.7286392712292,1,250.87517691240154,302.8727549258938,1
189,249,1788008902763947010,1788008902763947,128034,8.324830770492554,6.318865060806274,1788008902762638,1.308918,1788008903128805888,392707,392708,1788008903125891584,1788008903134224640,0.3497181768761981,8.332967758178711,2.9141902923583984,0.648486328125,42,33,507.22722937641703,310.6859093808711,1,250.86310770896205,302.8064563986039,1
190,250,1788008902797380924,1788008902797381,128035,8.358264684677124,6.352298974990845,1788008902796067,1.313925,1788008903162241024,392711,392712,1788008903159224064,1788008903167557632,0.3620186530869142,8.333683013916016,3.016948699951172,0.6433865017361111,42,32,507.2495305779437,310.63766850584227,1,250.79826420048119,302.64306244581235,1
191,251,1788008902830813885,1788008902830814,128036,8.391697883605957,6.385732173919678,1788008902829504,1.309872,1788008903195675392,392715,392716,1788008903192557312,1788008903200890112,0.3741917024320458,8.33272933959961,3.1180381774902344,0.6384765625,42,30,507.28413986706994,310.58668726675444,1,250.71502516521184,302.53917360880433,1
192,252,1788008902864244938,1788008902864245,128037,8.425128936767578,6.419163227081299,1788008902862934,1.310825,1788008903229107712,392719,392720,1788008903225889792,1788008903234222336,0.3861802575107296,8.33272933959961,3.217935562133789,0.6387017144097222,42,30,507.28569214522736,310.52616433911936,1,250.6341064050502,302.4222450553901,1
193,253,1788008902897690058,1788008902897690,128038,8.458574056625366,6.452608346939087,1788008902896362,1.327992,1788008903262553856,392723,392724,1788008903259222784,1788008903267555840,0.3997596635289405,8.332967758178711,3.3311843872070312,0.6398763020833333,42,31,507.29983575608185,310.36644665102517,1,250.52866598771664,302.5467508133712,1
194,254,1788008902931113005,1788008902931113,128039,8.491996765136719,6.4860310554504395,1788008902929798,1.315117,1788008903295977728,392727,392728,1788008903292555008,1788008903300887808,0.410758226037196,8.33272933959961,3.4227371215820312,0.6381157769097222,42,31,507.3977754270537,310.31154865393324,1,250.39587219282757,302.72952213773425,1
195,255,1788008902964546919,1788008902964547,128040,8.525430679321289,6.51946496963501,1788008902963236,1.310825,1788008903329412864,392731,392732,1788008903325887488,1788008903334221056,0.4230417119642959,8.333683013916016,3.5254955291748047,0.6367730034722222,42,31,507.64736579407634,310.5907331891811,1,250.30534705625905,302.9417881362735,1
196,256,1788008902997983932,1788008902997984,128041,8.558867931365967,6.5529022216796875,1788008902996666,1.317977,1788008903362851328,392735,392736,1788008903359220736,1788008903367553536,0.4357081545064378,8.33272933959961,3.6306381225585938,0.6377224392361112,42,30,507.8546741757448,310.444061030532,1,250.24213930029939,303.05687127955696,1
197,257,1788008903031418085,1788008903031418,128042,8.592302083969116,6.586336374282837,1788008903030105,1.312971,1788008903396286464,392739,392740,1788008903392552960,1788008903400885760,0.4480558496180367,8.332967758178711,3.7336349487304688,0.6378038194444444,42,29,508.3159407884345,310.6170378680063,1,250.04860005810133,303.161867977316,1
198,258,1788008903064853907,1788008903064854,128043,8.62573790550232,6.61977219581604,1788008903063541,1.312971,1788008903429723136,392743,392744,1788008903425885184,1788008903434219008,0.4605063653268488,8.333921432495117,3.8378238677978516,0.6392795138888889,42,32,508.70707122765566,310.7773572544048,1,249.8858056522925,303.20780438190343,1
199,259,1788008903098289967,1788008903098290,128044,8.659173727035522,6.653208017349243,1788008903096971,1.318932,1788008903463159808,392747,392748,1788008903459218432,1788008903467551232,0.47298998569384837,8.33272933959961,3.9412975311279297,0.6442626953125,42,35,508.91186582255716,310.9122121219129,1,249.80598363701156,303.2305683521864,1
200,260,1788008903131717920,1788008903131718,128045,8.692601680755615,6.686635971069336,1788008903130408,1.309871,1788008903496588544,392751,392752,1788008903492550912,1788008903500883456,0.48454935622317596,8.33272933959961,4.037618637084961,0.6508490668402778,42,35,509.1543185514854,311.01830790752945,1,249.74508354231017,303.18545362694096,1
201,261,1788008903165150881,1788008903165151,128046,8.726034879684448,6.720069169998169,1788008903163838,1.312971,1788008903530022912,392755,392756,1788008903525882880,1788008903534216960,0.4967529681018452,8.333921432495117,4.139900207519531,0.6515299479166666,42,36,509.3723593706384,311.27905229911875,1,249.69092899593454,303.2430761871557,1
202,262,1788008903198582888,1788008903198583,128047,8.759466648101807,6.753500938415527,1788008903197278,1.304865,1788008903563455744,392759,392760,1788008903559216384,1788008903567549184,0.5087694200452062,8.332967758178711,4.093408584594727,0.6502115885416667,42,37,509.58429995719433,311.3904920105062,1,249.72529007759,303.1675002233548,1
203,263,1788008903232013941,1788008903232014,128048,8.792897701263428,6.786931991577148,1788008903230703,1.310826,1788008903596888064,392763,392764,1788008903592548608,1788008903600881408,0.5207725321888412,8.33272933959961,3.9932727813720703,0.6506429036458333,42,36,509.85495404273183,311.4471161342138,1,249.62738507250003,303.3266434915012,1
204,264,1788008903265444994,1788008903265445,128049,8.826328992843628,6.820363283157349,1788008903264133,1.312017,1788008903630320384,392767,392768,1788008903625880832,1788008903634214656,0.5327001201579218,8.333683013916016,3.894329071044922,0.6486707899305556,42,34,510.04556645285953,311.42115190903877,1,249.50311807718668,303.4454858174095,1
205,265,1788008903298878908,1788008903298879,128050,8.859762907028198,6.853797197341919,1788008903297563,1.315832,1788008903663755520,392771,392772,1788008903659214336,1788008903667546880,0.5449785407725322,8.33272933959961,3.7915706634521484,0.6478271484375,42,31,510.1098675637865,311.6376356673073,1,249.26489079372084,303.5390107788887,1
206,266,1788008903332304955,1788008903332305,128051,8.893188714981079,6.8872230052948,1788008903330992,1.312972,1788008903697182208,392775,392776,1788008903692546304,1788008903700880384,0.556258046059219,8.333921432495117,3.698110580444336,0.6458360460069444,42,30,510.1585220282679,311.68154437111997,1,249.05074500707366,303.7791969403392,1
207,267,1788008903365734100,1788008903365734,128052,8.926618099212646,6.920652389526367,1788008903364421,1.313209,1788008903730612992,392779,392780,1788008903725879552,1788008903734212608,0.5680238047552287,8.332967758178711,3.5996437072753906,0.6469129774305555,42,33,510.69107508429727,311.60249396558453,1,248.77884151366806,304.00680398634654,1
208,268,1788008903399163008,1788008903399163,128053,8.960046768188477,6.954081058502197,1788008903397852,1.311064,1788008903764042752,392783,392784,1788008903759212032,1788008903767544832,0.5797424892703863,8.33272933959961,3.50189208984375,0.6454806857638888,42,32,511.00402131769675,311.68581265391543,1,248.4918336698413,303.9991354742728,1
209,269,1788008903432593107,1788008903432593,128054,8.99347710609436,6.987511396408081,1788008903431282,1.311064,1788008903797474304,392787,392788,1788008903792544256,1788008903800878080,0.5915775018595869,8.333683013916016,3.4036636352539062,0.6469509548611111,42,32,511.15456389824743,312.01118661130715,1,248.11178543803436,304.01473292910504,1
210,270,1788008903466017962,1788008903466018,128055,9.026901960372925,7.0209362506866455,1788008903464712,1.306057,1788008903830900224,392791,392792,1788008903825877760,1788008903834210304,0.6027467811158799,8.33272933959961,3.3102035522460938,0.6453179253472222,42,30,511.2473817823161,312.3141425939579,1,247.65003276710368,303.97420545872745,1
211,271,1788008903499444008,1788008903499444,128056,9.060327768325806,7.054362058639526,1788008903498141,1.302958,1788008903864327168,392795,392796,1788008903859209728,1788008903867541504,0.6142047730784639,8.331775665283203,3.2143592834472656,0.6451307508680556,42,29,511.2893707638255,312.48054409639184,1,247.21445946274955,304.0769733939727,1
212,272,1788008903532872915,1788008903532873,128057,9.093756914138794,7.087791204452515,1788008903531564,1.308918,1788008903897757440,392799,392800,1788008903892541184,1788008903900874752,0.625936945700063,8.333683013916016,3.1173229217529297,0.6455322265625,42,29,511.35320448525897,312.72548784102236,1,246.66930268317338,304.09658967876726,1
213,273,1788008903566303015,1788008903566303,128058,9.12718677520752,7.12122106552124,1788008903564994,1.308918,1788008903931188480,392803,392804,1788008903925874432,1788008903934207232,0.6377396280400572,8.33272933959961,3.018617630004883,0.6473036024305555,42,30,511.38257146207286,312.8366371907107,1,246.25166259929736,304.12644433787204,1
214,274,1788008903599731922,1788008903599732,128059,9.160615921020508,7.1546502113342285,1788008903598423,1.308918,1788008903964619008,392807,392808,1788008903959206656,1788008903967540480,0.6494349878415105,8.333921432495117,2.921581268310547,0.6490370008680556,42,31,511.45392890911774,313.05969939259717,1,245.92356839202452,304.2646457225568,1
215,275,1788008903633162022,1788008903633162,128060,9.194045782089233,7.188080072402954,1788008903631854,1.307965,1788008903998050048,392811,392812,1788008903992539904,1788008904000872960,0.6612400217447283,8.332967758178711,2.8228759765625,0.6479112413194444,42,32,511.41092847796614,313.187786915479,1,245.5697313120614,304.57357156663477,1
216,276,1788008903666591883,1788008903666592,128061,9.227475881576538,7.221510171890259,1788008903665282,1.309872,1788008904031481088,392815,392816,1788008904025872128,1788008904034204928,0.67310443490701,8.33272933959961,2.7239322662353516,0.6512641059027777,42,32,511.3819949844612,313.23194613667386,1,245.3249365825206,304.78300033426297,1
217,277,1788008903700021982,1788008903700022,128062,9.260905981063843,7.2549402713775635,1788008903698710,1.312017,1788008904064912384,392819,392820,1788008904059204608,1788008904067538176,0.6849001544887566,8.333683013916016,2.6259422302246094,0.6514919704861111,42,33,511.4259807486888,313.51377701525087,1,245.22903353416876,305.01309817045797,1
218,278,1788008903733454943,1788008903733455,128063,9.294338703155518,7.288372993469238,1788008903732139,1.315832,1788008904098346240,392823,392824,1788008904092537856,1788008904100870656,0.6970529327610873,8.33272933959961,2.5243759155273438,0.6511094835069444,42,33,511.52564957840195,313.8008641711169,1,245.24782612371877,305.1326303511263,1
219,279,1788008903766885996,1788008903766886,128064,9.327769756317139,7.321804046630859,1788008903765577,1.308918,1788008904131778560,392827,392828,1788008904125870080,1788008904134202880,0.7090498125947755,8.332967758178711,2.424478530883789,0.6509250217013889,42,31,511.5925020500358,313.97629540096693,1,245.28304284252917,305.27019361681425,1
220,280,1788008903800314903,1788008903800315,128065,9.361198663711548,7.3552329540252686,1788008903799008,1.30701,1788008904165208576,392831,392832,1788008904159202304,1788008904167536128,0.72071865880872,8.333683013916016,2.327442169189453,0.649755859375,42,31,511.720143717371,314.02171786045176,1,245.3278650737713,305.3600056280174,1
221,281,1788008903833748102,1788008903833748,128066,9.39463210105896,7.388666391372681,1788008903832436,1.312017,1788008904198643200,392835,392836,1788008904192535552,1788008904200868352,0.7329613733905579,8.33272933959961,2.225160598754883,0.6474745008680556,42,32,511.8029313166191,314.3026527407573,1,245.28842758690763,305.4967409911577,1
222,282,1788008903867178917,1788008903867179,128067,9.428062915802002,7.422097206115723,1788008903865867,1.312018,1788008904232075264,392839,392840,1788008904225868032,1788008904234200832,0.7449213161659514,8.33272933959961,2.1255016326904297,0.6497368706597222,42,33,511.9773858930844,314.58482186088963,1,245.3036209502384,305.7331087058372,1
223,283,1788008903900608063,1788008903900608,128068,9.461491823196411,7.455526113510132,1788008903899297,1.311064,1788008904265505280,392843,392844,1788008904259200000,1788008904267534080,0.7565727363753397,8.333921432495117,2.0287036895751953,0.6492594401041667,42,33,512.2023153671682,314.7891967519705,1,245.25394419680669,305.7929359475079,1
224,284,1788008903934036970,1788008903934037,128069,9.4949209690094,7.48895525932312,1788008903932725,1.312017,1788008904298935296,392847,392848,1788008904292533504,1788008904300866304,0.7682755858201482,8.332967758178711,1.9309520721435547,0.6484537760416667,42,34,512.4216197996172,314.85434323338575,1,245.21576879971354,306.00931879610704,1
225,285,1788008903967467070,1788008903967467,128070,9.528350830078125,7.522385120391846,1788008903966156,1.311064,1788008904332366592,392851,392852,1788008904325865728,1788008904334199552,0.7800537849745379,8.333683013916016,1.8329620361328125,0.6485595703125,42,33,512.5458114399502,314.9268842997521,1,245.28877583336595,306.66098722094785,1
226,286,1788008904000895977,1788008904000896,128071,9.561779975891113,7.555814266204834,1788008903999585,1.311064,1788008904365796864,392855,392856,1788008904359198976,1788008904367531776,0.7917882689556509,8.33272933959961,1.7349720001220703,0.6493408203125,42,33,512.6304364248304,314.9660448616333,1,245.31939022956624,306.97086689212693,1
227,287,1788008904034322977,1788008904034323,128072,9.59520673751831,7.589241027832031,1788008904033015,1.307964,1788008904399224832,392859,392860,1788008904392531200,1788008904400864000,0.803267431547023,8.332967758178711,1.6393661499023438,0.6484781901041666,42,34,512.7145366272264,314.91694174501237,1,245.25207951271426,306.8091898370908,1
228,288,1788008904067754984,1788008904067755,128073,9.628638982772827,7.622673273086548,1788008904066446,1.308918,1788008904432657920,392863,392864,1788008904425863424,1788008904434197504,0.8152767844371335,8.333921432495117,1.539468765258789,0.6499159071180556,42,32,512.799373471292,314.95067810259866,1,245.22705858270996,306.84467131130333,1
229,289,1788008904101186037,1788008904101186,128074,9.662070035934448,7.656104326248169,1788008904099874,1.312017,1788008904466089984,392867,392868,1788008904459196928,1788008904467529472,0.827238912732475,8.33272933959961,1.4395713806152344,0.6501546223958333,42,34,512.8629176417078,314.87713748295437,1,245.25261373048485,306.8826510298679,1
230,290,1788008904134622097,1788008904134622,128075,9.69550609588623,7.689540386199951,1788008904133305,1.317024,1788008904499526656,392871,392872,1788008904492529152,1788008904500861952,0.8397711015736766,8.33272933959961,1.33514404296875,0.6506863064236111,42,36,512.8485542172499,314.8028602398348,1,245.29367803995098,306.9494588572834,1
231,291,1788008904168049097,1788008904168049,128076,9.728933095932007,7.7229673862457275,1788008904166740,1.309156,1788008904532954624,392875,392876,1788008904525861376,1788008904534195200,0.8511514804748963,8.333921432495117,1.2404918670654297,0.6509223090277778,42,33,512.8454877082125,314.86245835215345,1,245.3143720562844,306.9580704392737,1
232,292,1788008904201481104,1788008904201481,128077,9.762365102767944,7.756399393081665,1788008904200171,1.31011,1788008904566387968,392879,392880,1788008904559194624,1788008904567527424,0.8632371033732941,8.332967758178711,1.1396408081054688,0.6507405598958333,42,35,512.8325248036496,315.1490410627477,1,245.34682734660902,306.9925115518231,1
233,293,1788008904234909058,1788008904234909,128078,9.795793056488037,7.789827346801758,1788008904233599,1.31011,1788008904599816960,392883,392884,1788008904592526848,1788008904600859648,0.8748783977110157,8.33272933959961,1.0426044464111328,0.6529595269097223,42,37,512.7534445740258,315.3548243268798,1,245.32451246608704,307.0105916644891,1
234,294,1788008904268337965,1788008904268338,128079,9.829221725463867,7.823256015777588,1788008904267030,1.307964,1788008904633246976,392887,392888,1788008904625859328,1788008904634192896,0.8864793728900842,8.333683013916016,0.946044921875,0.6527994791666667,42,35,512.6286528059626,315.4807050217078,1,245.2683941718114,307.0016538620894,1
235,295,1788008904301765919,1788008904301766,128080,9.86264967918396,7.856683969497681,1788008904300459,1.307011,1788008904666675712,392891,392892,1788008904659192576,1788008904667525376,0.8980543633762518,8.33272933959961,0.8494853973388672,0.6523898654513889,42,34,512.5405183557206,315.57391319666874,1,245.22562376574103,306.95735624110307,1
236,296,1788008904335196018,1788008904335196,128081,9.896079778671265,7.890114068984985,1788008904333888,1.307964,1788008904700107264,392895,392896,1788008904692524544,1788008904700857600,0.9099596578066436,8.332967758178711,0.7503032684326172,0.6533148871527777,42,33,512.4373201237265,315.7515798088182,1,245.2120275016362,307.1078023866789,1
237,297,1788008904368622065,1788008904368622,128082,9.929506063461304,7.923540353775024,1788008904367312,1.310111,1788008904733534720,392899,392900,1788008904725857024,1788008904734190848,0.9212702045487055,8.333921432495117,0.6561279296875,0.6521565755208333,42,34,512.3661351187109,315.8324417262333,1,245.19495480757047,307.26358290980954,1
238,298,1788008904402050972,1788008904402051,128083,9.962934970855713,7.956969261169434,1788008904400741,1.309872,1788008904766964992,392903,392904,1788008904759190272,1788008904767523072,0.9330185979971388,8.33272933959961,0.5581378936767578,0.6525770399305556,42,33,512.3631406973637,315.77625658106,1,245.23664627666327,307.31991990484084,1
239,299,1788008904435481071,1788008904435481,128084,9.996365070343018,7.990399360656738,1788008904434171,1.31011,1788008904800396032,392907,392908,1788008904792522752,1788008904800856320,0.9447559649825485,8.333683013916016,0.4603862762451172,0.6507568359375,42,33,512.3790575890653,315.7023189430973,1,245.21340548281376,307.38119144067116,1
240,300,1788008904468914986,1788008904468915,128085,10.029798746109009,8.02383303642273,1788008904467600,1.314879,1788008904833830912,392911,392912,1788008904825856000,1788008904834188800,0.9570529327610873,8.33272933959961,0.3578662872314453,0.6484103732638888,42,33,512.3918309000419,315.66391801155896,1,245.16609898315858,307.39120399400906,1
241,301,1788008904502338886,1788008904502339,128086,10.063222646713257,8.057256937026978,1788008904501029,1.309871,1788008904867255808,392915,392916,1788008904859187968,1788008904867519744,0.9682939392205117,8.331775665283203,0.26416778564453125,0.6507351345486111,42,34,512.3245206150538,315.4521662451628,1,245.11846118464132,307.25348086794975,1
242,302,1788008904535768986,1788008904535769,128087,10.09665298461914,8.090687274932861,1788008904534458,1.311064,1788008904900687360,392919,392920,1788008904892519424,1788008904900853248,0.980116724838359,8.333683013916016,0.16570091247558594,0.6505832248263889,42,34,512.3928670534048,315.5573899053899,1,245.02397739582614,307.1106042820329,1
243,303,1788008904569195986,1788008904569196,128088,10.130079984664917,8.124114274978638,1788008904567889,1.307011,1788008904934115584,392923,392924,1788008904925852672,1788008904934185472,0.9916165951359084,8.33272933959961,0.06985664367675781,0.6495578342013889,42,33,512.5350348050281,315.3617544839854,1,245.11746455199068,306.98295542974995,1
244,304,1788008904602617979,1788008904602618,128089,10.163501739501953,8.157536029815674,1788008904601311,1.307011,1788008904967538688,392928,392929,1788008904967518720,1788008904975851520,0.002374821173104435,8.33272933959961,0.019788742065429688,0.6494357638888889,42,32,512.5833457174019,314.9660255911782,1,245.0916333545409,306.820142600104,1
245,305,1788008904636040926,1788008904636041,128090,10.196924924850464,8.190959215164185,1788008904634742,1.298904,1788008905000963072,392932,392933,1788008905000851200,1788008905009184000,0.013419170243204577,8.33272933959961,0.11181831359863281,0.6485324435763888,42,31,512.6688064890902,314.4624118605974,1,245.00507111437352,306.5460030239136,1
246,306,1788008904669471025,1788008904669471,128091,10.23035478591919,8.22438907623291,1788008904668164,1.30701,1788008905034394112,392936,392937,1788008905034183168,1788008905042517248,0.02528965813188385,8.333921432495117,0.21076202392578125,0.6497450086805555,42,34,512.6549409372224,314.12351094401424,1,244.89693534982834,306.2212165164673,1
247,307,1788008904702893972,1788008904702894,128092,10.2637779712677,8.257812261581421,1788008904701586,1.307964,1788008905067818240,392940,392941,1788008905067516672,1788008905075849472,0.03619352808217218,8.332967758178711,0.30159950256347656,0.6507595486111111,42,38,512.7434022583059,313.80410695423444,1,244.70157288503776,305.9413901876181,1
248,308,1788008904736320972,1788008904736321,128093,10.297204971313477,8.291239261627197,1788008904735016,1.304864,1788008905101246464,392944,392945,1788008905100848896,1788008905109181696,0.0476967095851216,8.33272933959961,0.3974437713623047,0.6497829861111111,42,37,512.6585870827956,313.2274257661097,1,244.5656132437112,305.41347675133585,1
249,309,1788008904769750118,1788008904769750,128094,10.330633878707886,8.324668169021606,1788008904768444,1.306057,1788008905134676224,392948,392949,1788008905134181376,1788008905142514944,0.059392344223837046,8.333683013916016,0.49495697021484375,0.6522786458333333,42,35,512.5574148603024,312.47564000643,1,244.5086608255628,304.9244204272258,1
250,310,1788008904803179026,1788008904803179,128095,10.364062786102295,8.358097076416016,1788008904801874,1.305104,1788008905168106496,392952,392953,1788008905167514624,1788008905175847168,0.07104434907010014,8.33272933959961,0.5919933319091797,0.6531765407986111,42,35,512.5236377720947,311.9845597016311,1,244.40445656391486,304.02812600193727,1
251,311,1788008904836606026,1788008904836606,128096,10.397489786148071,8.391524076461792,1788008904835305,1.30105,1788008905201534720,392956,392957,1788008905200846592,1788008905209179648,0.08257274469972246,8.332967758178711,0.6880760192871094,0.65263671875,42,36,512.523998077192,311.10287682955124,1,244.40301718821814,303.11544809758607,1
252,312,1788008904870035887,1788008904870036,128097,10.430919885635376,8.424954175949097,1788008904868727,1.308918,1788008905234965760,392960,392961,1788008905234179072,1788008905242512640,0.09440979573153287,8.333683013916016,0.7867813110351562,0.6512559678819444,42,34,512.4360003238942,310.5295228780291,1,244.47133652452305,302.5476327168359,1
253,313,1788008904903464079,1788008904903464,128098,10.464348077774048,8.458382368087769,1788008904902154,1.31011,1788008905268395008,392964,392965,1788008905267512320,1788008905275845120,0.10592274678111588,8.33272933959961,0.8826255798339844,0.6500352647569444,42,34,512.3707053781433,309.92969528484025,1,244.42532950607523,302.1744682678483,1
254,314,1788008904936888933,1788008904936889,128099,10.497772693634033,8.491806983947754,1788008904935585,1.303911,1788008905301820928,392968,392969,1788008905300844544,1788008905309177344,0.11716738197424893,8.33272933959961,0.9763240814208984,0.6503689236111111,42,32,512.428255153814,309.2359256264023,1,244.15717241444304,301.5922014686353,1
255,315,1788008904970321894,1788008904970322,128100,10.531205892562866,8.525240182876587,1788008904969016,1.305819,1788008905335255296,392972,392973,1788008905334176768,1788008905342510592,0.12942354455728794,8.333921432495117,1.0786056518554688,0.6489637586805556,42,33,512.4907024978545,308.8447696174449,1,243.8840840951475,301.05049662280413,1
256,316,1788008905003747940,1788008905003748,128101,10.564631700515747,8.558665990829468,1788008905002437,1.310825,1788008905368682496,392976,392977,1788008905367510016,1788008905375843072,0.14068267002374754,8.332967758178711,1.1723041534423828,0.6497965494791667,42,34,512.3933920695695,308.288382813373,1,243.74689227334446,300.58836605935835,1
257,317,1788008905037178040,1788008905037178,128102,10.59806203842163,8.592096328735352,1788008905035868,1.310111,1788008905402113792,392980,392981,1788008905400842496,1788008905409176064,0.15254334267894948,8.333683013916016,1.2712478637695312,0.6493543836805555,42,34,512.2783740042083,307.9554915365465,1,243.42215255914317,300.1194015882414,1
258,318,1788008905070609093,1788008905070609,128103,10.631493091583252,8.625527381896973,1788008905069295,1.314163,1788008905435545856,392984,392985,1788008905434175744,1788008905442508544,0.16443490701001431,8.33272933959961,1.3701915740966797,0.6506429036458333,42,35,512.1942737729432,307.87981623684715,1,243.02380018927596,299.8061991553747,1
259,319,1788008905104039907,1788008905104040,128104,10.664923906326294,8.658958196640015,1788008905102733,1.30701,1788008905468977920,392988,392989,1788008905467507712,1788008905475840768,0.1764184143515207,8.332967758178711,1.4700889587402344,0.6464246961805555,42,31,512.2185366838786,307.5904245598922,1,242.668335442699,299.66467223570623,1
260,320,1788008905137468100,1788008905137468,128105,10.698352098464966,8.692386388778687,1788008905136155,1.31321,1788008905502407168,392992,392993,1788008905500840192,1788008905509174016,0.18801315977685595,8.333921432495117,1.5668869018554688,0.6474690755208333,42,33,512.2272601051632,307.32350957787986,1,242.3853984342585,299.3680688705175,1
261,321,1788008905170897007,1788008905170897,128106,10.731780767440796,8.725815057754517,1788008905169587,1.31011,1788008905535836416,392996,392997,1788008905534173440,1788008905542506240,0.19957081545064378,8.33272933959961,1.6629695892333984,0.6478325737847223,42,32,512.2649750280646,306.8170686731949,1,242.0988274895043,299.2998091525952,1
262,322,1788008905204322100,1788008905204322,128107,10.76520586013794,8.75924015045166,1788008905203014,1.308203,1788008905569262592,393000,393001,1788008905567505920,1788008905575838464,0.21081545064377682,8.33272933959961,1.7566680908203125,0.6481038411458333,42,34,512.4087519504538,306.26266943332314,1,241.87047833462069,299.03125175714666,1
263,323,1788008905237757921,1788008905237758,128108,10.798641920089722,8.792676210403442,1788008905236445,1.312971,1788008905602699520,393004,393005,1788008905600837888,1788008905609171968,0.22337290802460305,8.333921432495117,1.861572265625,0.6490370008680556,42,28,512.5644108630242,305.6674338771983,1,241.50943675096454,298.5118619461099,1
264,324,1788008905271186113,1788008905271186,128109,10.832070112228394,8.826104402542114,1788008905269882,1.304149,1788008905636128768,393008,393009,1788008905634171136,1788008905642504192,0.23490028897599496,8.332967758178711,1.9574165344238281,0.6474907769097222,42,35,512.7616536198398,304.8984669187926,1,241.02322173169983,297.85878993069855,1
265,325,1788008905304617882,1788008905304618,128110,10.865501880645752,8.859536170959473,1788008905303312,1.305819,1788008905669561600,393012,393013,1788008905667503616,1788008905675836416,0.24698140200286123,8.33272933959961,2.0580291748046875,0.6491780598958333,42,35,512.9214712116571,304.07075312303624,1,240.53384052933086,297.15480620367873,1
266,326,1788008905338046074,1788008905338046,128111,10.898929834365845,8.892964124679565,1788008905336740,1.306057,1788008905702990848,393016,393017,1788008905700835840,1788008905709169664,0.25856840418836186,8.333683013916016,2.154827117919922,0.6494656032986111,42,34,513.0093350824726,303.5201490763031,1,240.06725509831034,296.302969321322,1
267,327,1788008905371476889,1788008905371477,128112,10.932360887527466,8.926395177841187,1788008905370170,1.306773,1788008905736422912,393020,393021,1788008905734169344,1788008905742501888,0.27047210300429186,8.33272933959961,2.2537708282470703,0.6501654730902777,42,36,513.1102816917947,302.73990784587374,1,239.61288593477786,295.6052425655459,1
268,328,1788008905404902935,1788008905404903,128113,10.965786695480347,8.959820985794067,1788008905403592,1.310825,1788008905769850112,393024,393025,1788008905767501312,1788008905775834368,0.281851735286544,8.332967758178711,2.348661422729492,0.6510036892361111,42,37,513.1555599064425,301.678557806504,1,239.02948957974877,295.0065764846333,1
269,329,1788008905438333035,1788008905438333,128114,10.999216794967651,8.993251085281372,1788008905437022,1.311064,1788008905803281408,393028,393029,1788008905800834560,1788008905809167616,0.29361105547766875,8.332967758178711,2.4466514587402344,0.6526991102430556,42,40,512.9285631865682,301.2670361284103,1,238.60120290927415,294.72692785385107,1
270,330,1788008905471762896,1788008905471763,128115,11.032646894454956,9.026681184768677,1788008905470453,1.309872,1788008905836712704,393032,393033,1788008905834167040,1788008905842499840,0.30549356223175966,8.33272933959961,2.545595169067383,0.6534532335069444,42,40,512.8324077335101,300.52864518946603,1,238.21632767418225,294.19300107962704,1
271,331,1788008905505193949,1788008905505194,128116,11.066077947616577,9.060112237930298,1788008905503882,1.312018,1788008905870144768,393036,393037,1788008905867498240,1788008905875832064,0.31757974538692607,8.333921432495117,2.6466846466064453,0.6536865234375,42,41,512.8124346216725,300.09166311024137,1,238.14840643838897,293.96628707399174,1
272,332,1788008905538624048,1788008905538624,128117,11.099507808685303,9.093542098999023,1788008905537312,1.312017,1788008905903575808,393040,393041,1788008905900831488,1788008905909164544,0.3293467998054419,8.332967758178711,2.744436264038086,0.6535319010416667,42,41,512.6941628616198,299.6657057138251,1,238.00438780081333,293.69534713563166,1
273,333,1788008905572053909,1788008905572054,128118,11.132937908172607,9.126972198486328,1788008905570741,1.312971,1788008905937007104,393044,393045,1788008905934163712,1788008905942496512,0.3412303290414878,8.33272933959961,2.8433799743652344,0.6514946831597223,42,39,512.6236894732907,299.24176524592815,1,237.6883218143085,293.28168010320076,1
274,334,1788008905605485916,1788008905605486,128119,11.166369676589966,9.160403966903687,1788008905604178,1.307964,1788008905970440192,393048,393049,1788008905967496192,1788008905975829760,0.3532642902099903,8.333683013916016,2.9439926147460938,0.6507432725694444,42,39,512.8000834506988,298.7682431173955,1,237.4948398806615,293.4639236697802,1
275,335,1788008905638915062,1788008905638915,128120,11.199799060821533,9.193833351135254,1788008905637608,1.307011,1788008906003870720,393052,393053,1788008906000829440,1788008906009162240,0.36497854077253217,8.33272933959961,3.0412673950195312,0.6466959635416667,42,37,512.9875798243112,298.383135466239,1,237.4423248532136,293.5975537831939,1
276,336,1788008905672339916,1788008905672340,128121,11.233223915100098,9.227258205413818,1788008905671030,1.309871,1788008906037296896,393056,393057,1788008906034161664,1788008906042495488,0.3761979688170505,8.333921432495117,3.135204315185547,0.6432183159722222,42,37,513.0020116936292,298.20649157920315,1,237.27565656570286,293.7862262117826,1
277,337,1788008905705768108,1788008905705768,128122,11.26665210723877,9.26068639755249,1788008905704460,1.308202,1788008906070726144,393060,393061,1788008906067494912,1788008906075827712,0.3877714514606163,8.332967758178711,3.2312870025634766,0.6439371744791667,42,36,513.285056870769,297.9233632518903,1,237.45970503090012,293.92211597746456,1
278,338,1788008905739195108,1788008905739195,128123,11.300079107284546,9.294113397598267,1788008905737888,1.30701,1788008906104154112,393064,393065,1788008906100827136,1788008906109159936,0.3992560801144492,8.33272933959961,3.326892852783203,0.6423149956597223,42,37,513.5206104229572,297.7646193378906,1,238.04845305086468,293.9099645551904,1
279,339,1788008905772624969,1788008905772625,128124,11.333508729934692,9.327543020248413,1788008905771318,1.30701,1788008906137584896,393068,393069,1788008906134159616,1788008906142493184,0.41102591978028263,8.333683013916016,3.4253597259521484,0.6428873697916667,42,38,513.633847485711,297.73226343376183,1,238.79252462354515,294.0199578260773,1
280,340,1788008905806052923,1788008905806053,128125,11.366936683654785,9.360970973968506,1788008905804740,1.312971,1788008906171014144,393072,393073,1788008906167492864,1788008906175825664,0.42257510729613734,8.33272933959961,3.5212039947509766,0.6437310112847222,42,37,513.7544430905336,297.86492419877493,1,239.10921410760432,293.78078513590117,1
281,341,1788008905839483023,1788008905839483,128126,11.400367021560669,9.39440131187439,1788008905838172,1.311064,1788008906204445696,393076,393077,1788008906200825088,1788008906209157888,0.43449400589396586,8.332967758178711,3.620624542236328,0.6429823133680556,42,35,513.9053232094097,297.9007704976992,1,239.32085361305502,293.66793904741223,1
282,342,1788008905872911930,1788008905872912,128127,11.433795690536499,9.42782998085022,1788008905871601,1.310825,1788008906237875456,393080,393081,1788008906234157312,1788008906242491136,0.4461450436275211,8.333921432495117,3.718137741088867,0.642138671875,42,38,514.2349172361965,297.8721733216267,1,239.35793318607264,293.5107035501385,1
283,343,1788008905906339884,1788008905906340,128128,11.467223644256592,9.461257934570312,1788008905905030,1.309872,1788008906271305728,393084,393085,1788008906267490560,1788008906275823360,0.45785407725321886,8.33272933959961,3.815174102783203,0.6420871310763889,42,38,514.3497578400336,297.84973475390495,1,239.35838207680507,293.0959846979588,1
284,344,1788008905939768076,1788008905939768,128129,11.500651836395264,9.494686126708984,1788008905938460,1.307964,1788008906304734720,393088,393089,1788008906300823040,1788008906309155584,0.4694420600858369,8.33272933959961,3.911733627319336,0.6426133897569445,42,39,514.5434546319004,297.7659941967262,1,239.41880174011337,292.87852755617035,1
285,345,1788008905973196030,1788008905973196,128130,11.534079790115356,9.528114080429077,1788008905971890,1.306057,1788008906338163456,393092,393093,1788008906334155008,1788008906342489088,0.480961235874696,8.333921432495117,4.008293151855469,0.6529730902777777,42,40,514.6428334089622,297.72567961821915,1,239.4830595786319,292.5999788493588,1
286,346,1788008906006623983,1788008906006624,128131,11.567507982254028,9.561542272567749,1788008906005317,1.30701,1788008906371592192,393096,393097,1788008906367488512,1788008906375821312,0.4924894852793911,8.332967758178711,4.103899002075195,0.6528483072916667,42,40,514.7036932344512,297.8625585977412,1,239.63568496032602,292.6895109556087,1
287,347,1788008906040051937,1788008906040052,128132,11.600935935974121,9.594970226287842,1788008906038747,1.304865,1788008906405021440,393100,393101,1788008906400820736,1788008906409153536,0.5041201716738197,8.33272933959961,4.13203239440918,0.6522732204861111,42,40,514.8857917188354,297.77747842459905,1,239.8727700468034,293.044322997688,1
288,348,1788008906073478937,1788008906073479,128133,11.634362697601318,9.628396987915039,1788008906072170,1.308918,1788008906438449152,393104,393105,1788008906434153984,1788008906442486784,0.515450643776824,8.33272933959961,4.037618637084961,0.6520562065972222,42,40,515.0821857657285,297.71063500709977,1,239.9594641889207,293.1572328728847,1
289,349,1788008906106906891,1788008906106907,128134,11.667790651321411,9.661824941635132,1788008906105600,1.306772,1788008906471877888,393108,393109,1788008906467486208,1788008906475819008,0.527023547251867,8.332967758178711,3.9412975311279297,0.6513997395833333,42,40,515.0169705194905,297.6909214127658,1,240.0638890493895,293.05733725312194,1
290,350,1788008906140333891,1788008906140334,128135,11.701217651367188,9.695251941680908,1788008906139030,1.303911,1788008906505305856,393112,393113,1788008906500818432,1788008906509152512,0.5384351308825633,8.333921432495117,3.8466453552246094,0.6493760850694444,42,39,514.9942242068828,297.7900537964125,1,240.19713088018077,292.78049317237156,1
291,351,1788008906173760891,1788008906173761,128136,11.734644651412964,9.728678941726685,1788008906172453,1.307964,1788008906538733568,393116,393117,1788008906534151680,1788008906542484480,0.5498426323319027,8.33272933959961,3.751039505004883,0.6485812717013889,42,40,515.113717065091,298.00460847775156,1,240.21254877446535,292.52897610320485,1
292,352,1788008906207195044,1788008906207195,128137,11.768079042434692,9.762113332748413,1788008906205882,1.312972,1788008906572169216,393120,393121,1788008906567484160,1788008906575816960,0.5622603719599428,8.33272933959961,3.6475658416748047,0.6488118489583333,42,39,515.2636390199491,298.0590192551412,1,240.16891477035955,292.2795125156056,1
293,353,1788008906240628958,1788008906240629,128138,11.801512956619263,9.795547246932983,1788008906239312,1.317024,1788008906605604352,393124,393125,1788008906600816128,1788008906609150208,0.5745386926047775,8.333921432495117,3.5457611083984375,0.648779296875,42,36,515.293318330965,298.066279290759,1,240.09705507576422,291.9117351875042,1
294,354,1788008906274049997,1788008906274050,128139,11.834933996200562,9.828968286514282,1788008906272741,1.308918,1788008906639026688,393128,393129,1788008906634149632,1788008906642482432,0.5852765299991417,8.332967758178711,3.4558773040771484,0.6501166449652778,42,38,515.3282030979199,298.0977276824749,1,240.07683104554025,291.7561426134316,1
295,355,1788008906307476997,1788008906307477,128140,11.868360757827759,9.86239504814148,1788008906306172,1.305103,1788008906672454400,393132,393133,1788008906667481856,1788008906675814656,0.5967381974248928,8.33272933959961,3.360271453857422,0.6493598090277778,42,40,515.2799678131195,298.2120715184678,1,239.96471487973486,291.6508967831672,1
296,356,1788008906340909958,1788008906340910,128141,11.901793956756592,9.895828247070312,1788008906339600,1.309872,1788008906705888768,393136,393137,1788008906700814336,1788008906709147904,0.6089145734393775,8.333683013916016,3.2591819763183594,0.6487006293402777,42,38,515.1720696792065,298.26888861980143,1,239.7449593114439,291.48883489059375,1
297,357,1788008906374337912,1788008906374338,128142,11.935221672058105,9.929255962371826,1788008906373030,1.307965,1788008906739317760,393140,393141,1788008906734147584,1788008906742480384,0.6204577968526467,8.33272933959961,3.1626224517822266,0.6495632595486112,42,39,515.2162945490888,298.28503421367475,1,239.4496450666087,291.61829427738144,1
298,358,1788008906407766104,1788008906407766,128143,11.968649864196777,9.962684154510498,1788008906406459,1.307011,1788008906772747008,393144,393145,1788008906767479552,1788008906775812608,0.632113530371091,8.332967758178711,3.0655860900878906,0.6493001302083333,42,39,515.3332365018343,298.2577838165716,1,239.19136254242562,291.69855693867476,1
299,359,1788008906441196918,1788008906441197,128144,12.00208067893982,9.99611496925354,1788008906439889,1.307964,1788008906806179072,393148,393149,1788008906800812032,1788008906809145856,0.6439994278357889,8.333921432495117,2.9668807983398438,0.6512342664930556,42,39,515.3367559057857,298.2570234139386,1,239.09580738964786,291.7630518723488,1
300,360,1788008906474628925,1788008906474629,128145,12.035512685775757,10.029546976089478,1788008906473319,1.309871,1788008906839612160,393152,393153,1788008906834145280,1788008906842478080,0.6560801144492132,8.33272933959961,2.8657913208007812,0.6515353732638889,42,38,515.319280773108,298.241648472715,1,239.1551406254825,291.85892453984457,1
301,361,1788008906508059025,1788008906508059,128146,12.06894302368164,10.062977313995361,1788008906506749,1.31011,1788008906873043712,393156,393157,1788008906867476480,1788008906875810304,0.6680303247031898,8.333921432495117,2.7666091918945312,0.6516140407986111,42,41,515.3184435340412,298.2501529552299,1,239.16753475385184,291.82373869741724,1
302,362,1788008906541488886,1788008906541489,128147,12.102372884750366,10.096407175064087,1788008906540178,1.310825,1788008906906474752,393160,393161,1788008906900809728,1788008906909142784,0.6798374867671884,8.332967758178711,2.6679039001464844,0.6520534939236111,42,41,515.3718557953753,298.30573561514734,1,239.16444905235363,291.7840428556294,1
303,363,1788008906574917078,1788008906574917,128148,12.135801076889038,10.129835367202759,1788008906573609,1.307964,1788008906939904000,393164,393165,1788008906934142208,1788008906942474752,0.6914735336194564,8.33272933959961,2.5708675384521484,0.6516547309027778,42,40,515.5727384661291,298.1208246052532,1,239.071861177043,291.7192291181903,1
304,364,1788008906608345985,1788008906608346,128149,12.169229984283447,10.163264274597168,1788008906607037,1.308918,1788008906973334272,393168,393169,1788008906967474432,1788008906975808256,0.7031527149968531,8.333683013916016,2.4738311767578125,0.65205078125,42,41,515.4687923327659,297.9807963469469,1,238.90517042848964,291.73739577854747,1
305,365,1788008906641773939,1788008906641774,128150,12.202657699584961,10.196691989898682,1788008906640466,1.307964,1788008907006763264,393172,393173,1788008907000807680,1788008907009140480,0.7147067238912732,8.33272933959961,2.3772716522216797,0.6516872829861111,42,39,515.4109971594092,297.97553825669723,1,238.73611416291106,291.8993846605274,1
306,366,1788008906675203085,1788008906675203,128151,12.23608684539795,10.23012113571167,1788008906673896,1.307011,1788008907040193536,393176,393177,1788008907034139904,1788008907042472960,0.7264742067465881,8.332967758178711,2.2792816162109375,0.6518364800347223,42,39,515.7450358139863,297.78003742716834,1,238.84536243774505,292.24446823513085,1
307,367,1788008906708630085,1788008906708630,128152,12.269513845443726,10.263548135757446,1788008906707327,1.303196,1788008907073621504,393180,393181,1788008907067473152,1788008907075806208,0.7378329661526136,8.332967758178711,2.184629440307617,0.6521674262152778,42,40,515.8919650818556,297.6856917315352,1,239.22973336641508,292.8580306940073,1
308,368,1788008906742058039,1788008906742058,128153,12.302941799163818,10.296976089477539,1788008906740748,1.31011,1788008907107050496,393184,393185,1788008907100805632,1788008907109138176,0.7494420600858369,8.33272933959961,2.087831497192383,0.6532660590277778,42,35,515.4774805808015,298.28649280003816,1,239.59085049998413,293.9283182372586,1
309,369,1788008906775485039,1788008906775485,128154,12.336368799209595,10.330403089523315,1788008906774178,1.307011,1788008907140478464,393188,393189,1788008907134137856,1788008907142471424,0.7608285174801167,8.333683013916016,1.9931793212890625,0.6509874131944444,42,34,514.8059480572391,299.3057670093875,1,239.80408138540682,294.8503265761679,1
310,370,1788008906808908939,1788008906808909,128155,12.369792938232422,10.363827228546143,1788008906807607,1.302003,1788008907173903872,393192,393193,1788008907167471104,1788008907175803904,0.7719885550786838,8.33272933959961,1.8999576568603516,0.6507052951388889,42,33,514.5151457541184,300.4089947633357,1,240.1050363431819,295.8106870485129,1
311,371,1788008906842339039,1788008906842339,128156,12.403223037719727,10.397257328033447,1788008906841029,1.31011,1788008907207335168,393196,393197,1788008907200803328,1788008907209136128,0.7838688449543647,8.332967758178711,1.8010139465332031,0.6512369791666667,42,33,514.4115163213638,301.1868124809707,1,240.3694396565809,296.56289252934323,1
312,372,1788008906875766039,1788008906875766,128157,12.436649799346924,10.430684089660645,1788008906874460,1.306057,1788008907240763136,393200,393201,1788008907234135552,1788008907242469632,0.7952510370476327,8.333921432495117,1.7063617706298828,0.6499810112847222,42,38,514.1790953246548,301.76394743096563,1,240.8276951688772,297.2947344672917,1
313,373,1788008906909193039,1788008906909193,128158,12.4700767993927,10.464111089706421,1788008906907888,1.305103,1788008907274191104,393204,393205,1788008907267469056,1788008907275801600,0.8067238912732475,8.33272933959961,1.6105175018310547,0.64873046875,42,35,513.7300402377266,302.7281644977872,1,241.3020861968044,297.73555610326855,1
314,374,1788008906942619085,1788008906942619,128159,12.50350308418274,10.49753737449646,1788008906941310,1.309156,1788008907307618304,393208,393209,1788008907300801280,1788008907309134080,0.8181115879828326,8.33272933959961,1.5156269073486328,0.6484781901041666,42,36,513.3796858887308,303.4082327372075,1,241.8980437597738,298.8811418057618,1
315,375,1788008906976042986,1788008906976043,128160,12.536926984786987,10.530961275100708,1788008906974741,1.302004,1788008907341042944,393212,393213,1788008907334133504,1788008907342467328,0.829094550135889,8.333921432495117,1.4243125915527344,0.6485894097222222,42,35,512.8932005942423,304.4358516173457,1,242.6643945902687,300.36133591847437,1
316,376,1788008907009473085,1788008907009473,128161,12.570356845855713,10.564391136169434,1788008907008171,1.302003,1788008907374473728,393216,393217,1788008907367466752,1788008907375799552,0.8408915338616921,8.332967758178711,1.325845718383789,0.6482096354166667,42,36,512.2966913041539,305.0822059632945,1,243.21730695878364,301.5803369558687,1
317,377,1788008907042901993,1788008907042902,128162,12.603785991668701,10.597820281982422,1788008907041593,1.308918,1788008907407904256,393220,393221,1788008907400798976,1788008907409131776,0.8526752503576538,8.33272933959961,1.2276172637939453,0.6479329427083333,42,30,511.76962545117885,305.6676110252833,1,243.7711381529762,302.92766143304914,1
318,378,1788008907076327085,1788008907076327,128163,12.637211084365845,10.631245374679565,1788008907075023,1.304149,1788008907441330432,393224,393225,1788008907434131456,1788008907442465024,0.8638496309435257,8.333683013916016,1.134634017944336,0.6499267578125,42,35,511.3465682045504,306.54259440815724,1,244.08560304426652,303.6075641363378,1
319,379,1788008907109755039,1788008907109755,128164,12.670639038085938,10.664673328399658,1788008907108452,1.302957,1788008907474759680,393228,393229,1788008907467464448,1788008907475797504,0.8754542073188177,8.332967758178711,1.0378360748291016,0.6514919704861111,42,35,510.9576569793752,307.5293265181109,1,244.1937373024028,303.8919483263957,1
320,380,1788008907143181086,1788008907143181,128165,12.704064846038818,10.698099136352539,1788008907141874,1.307011,1788008907508186624,393232,393233,1788008907500796672,1788008907509130752,0.8867114861965384,8.333921432495117,0.9441375732421875,0.6518120659722222,42,38,510.67131685112685,308.1722380849665,1,244.1632621526005,304.02725520949775,1
321,381,1788008907176610947,1788008907176611,128166,12.737494945526123,10.731529235839844,1788008907175303,1.307965,1788008907541617920,393236,393237,1788008907534130176,1788008907542462720,0.8985979971387696,8.33272933959961,0.8449554443359375,0.6522786458333333,42,38,510.29620664496963,308.263060307655,1,243.8764906950961,304.1551496591214,1
322,382,1788008907210037947,1788008907210038,128167,12.7709219455719,10.76495623588562,1788008907208733,1.304865,1788008907575046144,393240,393241,1788008907567462400,1788008907575795200,0.9101001430615164,8.33272933959961,0.7491111755371094,0.6510416666666666,42,36,510.11821691065245,308.18401407707194,1,243.9061347875903,304.3756298243607,1
323,383,1788008907243467093,1788008907243467,128168,12.804350852966309,10.79838514328003,1788008907242162,1.305104,1788008907608476160,393244,393245,1788008907600794624,1788008907609128448,0.9217279359176084,8.333921432495117,0.652313232421875,0.650830078125,42,37,509.8542322914958,308.47431767445903,1,243.9782220681618,303.87659386879085,1
324,384,1788008907276891947,1788008907276892,128169,12.837775707244873,10.831809997558594,1788008907275585,1.307011,1788008907641902080,393248,393249,1788008907634127872,1788008907642460928,0.9329346799805442,8.332967758178711,0.5588531494140625,0.6511040581597223,42,37,509.58506629982645,309.15768334198174,1,244.0769644091502,303.9248422506993,1
325,385,1788008907310323000,1788008907310323,128170,12.871206760406494,10.865241050720215,1788008907309016,1.307011,1788008907675334144,393252,393253,1788008907667460096,1788008907675792896,0.9449499284692418,8.33272933959961,0.45871734619140625,0.6511990017361111,42,37,509.22851240049204,309.34460916126113,1,244.31194933229858,303.93876455361607,1
326,386,1788008907343755007,1788008907343755,128171,12.904638767242432,10.898673057556152,1788008907342445,1.31011,1788008907708767488,393256,393257,1788008907700792576,1788008907709126144,0.9569434113406191,8.333683013916016,0.35881996154785156,0.6474039713541667,42,36,508.91587455646106,309.7017272927861,1,244.6077858394461,304.5884204402155,1
327,387,1788008907377182961,1788008907377183,128172,12.938066959381104,10.932101249694824,1788008907375875,1.307965,1788008907742196736,393260,393261,1788008907734125824,1788008907742458624,0.9685836909871245,8.33272933959961,0.2617835998535156,0.6483696831597222,42,34,508.54639306340937,309.86447029101384,1,244.53738147526042,304.325690584092,1
328,388,1788008907410610914,1788008907410611,128173,12.971494913101196,10.965529203414917,1788008907409304,1.30701,1788008907775625984,393264,393265,1788008907767458048,1788008907775790848,0.9802008526222425,8.332967758178711,0.16498565673828125,0.6470323350694445,42,33,508.18776823387566,310.0102985397575,1,244.6511919105321,303.56065287041395,1
329,389,1788008907444037914,1788008907444038,128174,13.004921674728394,10.998955965042114,1788008907442734,1.303911,1788008907809053952,393268,393269,1788008907800790272,1788008907809124352,0.9915605778858533,8.333921432495117,0.07033348083496094,0.6472547743055556,42,30,508.00503997975966,310.1901937709415,1,244.94368901714722,303.4553551983311,1
330,390,1788008907477466106,1788008907477466,128175,13.038349866867065,11.032384157180786,1788008907476157,1.309156,1788008907842483200,393273,393274,1788008907842456320,1788008907850789376,0.0032330977654430487,8.332967758178711,0.026941299438476562,0.6484103732638888,42,33,508.0460292283932,309.56969489818687,1,245.13242028849385,303.3841525470345,1
331,391,1788008907510890961,1788008907510891,128176,13.071774959564209,11.06580924987793,1788008907509585,1.306057,1788008907875909632,393277,393278,1788008907875788800,1788008907884121344,0.014506437768240343,8.33272933959961,0.12087821960449219,0.6471815321180555,42,33,507.9271152950339,307.3863546198317,1,245.1590527456219,303.2301613053807,1
332,392,1788008907544320107,1788008907544320,128177,13.105203866958618,11.099238157272339,1788008907543014,1.306057,1788008907909339392,393281,393282,1788008907909121024,1788008907917453824,0.026208869814020028,8.33272933959961,0.21839141845703125,0.6472873263888889,42,28,507.8902428107722,305.7849530016538,1,245.08941867651586,302.69345467782784,1
333,393,1788008907577754974,1788008907577755,128178,13.138638734817505,11.132673025131226,1788008907576445,1.309871,1788008907942775552,393285,393286,1788008907942453248,1788008907950787072,0.03867830067229295,8.333921432495117,0.3223419189453125,0.6480767144097223,42,29,507.97221658930937,305.4989624141983,1,244.9401729618288,302.12922159619154,1
334,394,1788008907611182928,1788008907611183,128179,13.172066688537598,11.166100978851318,1788008907609875,1.307964,1788008907976204544,393289,393290,1788008907975786496,1788008907984119296,0.050184544075992106,8.332967758178711,0.4181861877441406,0.6467176649305556,42,29,508.0161676425033,306.0842993601455,1,244.83341127077273,301.5075678119265,1
335,395,1788008907644614935,1788008907644615,128180,13.205498695373535,11.199532985687256,1788008907643303,1.312018,1788008908009637888,393293,393294,1788008908009118720,1788008908017451520,0.06228898426323319,8.33272933959961,0.5190372467041016,0.6481336805555555,42,32,507.97844707494403,305.7047759065448,1,245.02206026812854,300.65747564721397,1
336,396,1788008907678044081,1788008907678044,128181,13.238928079605103,11.232962369918823,1788008907676734,1.31011,1788008908043068416,393297,393298,1788008908042451200,1788008908050784768,0.07406877610573898,8.333683013916016,0.6172657012939453,0.6508382161458334,42,34,508.0646991667031,304.32931714081263,1,244.9639616008081,300.0011035186113,1
337,397,1788008907711474895,1788008907711475,128182,13.272358894348145,11.266393184661865,1788008907710163,1.311779,1788008908076500480,393301,393302,1788008908075784448,1788008908084117248,0.08592274678111587,8.33272933959961,0.7159709930419922,0.6497178819444445,42,31,508.05718168296687,303.6635561696968,1,244.96813099580717,299.57304359758353,1
338,398,1788008907744904995,1788008907744905,128183,13.30578875541687,11.29982304573059,1788008907743593,1.312017,1788008908109931520,393305,393306,1788008908109116672,1788008908117450496,0.0977828636818767,8.333921432495117,0.8149147033691406,0.6491563585069444,42,32,507.67344966894325,303.02829570338054,1,244.9610286606175,299.14695478245176,1
339,399,1788008907778346062,1788008907778346,128184,13.339229822158813,11.333264112472534,1788008907777029,1.317025,1788008908143373824,393309,393310,1788008908142449920,1788008908150782720,0.11086950301851163,8.332967758178711,0.9238719940185547,0.6489691840277778,42,33,507.4514485720055,302.6868221583429,1,244.98179099378058,298.87684502007903,1
340,400,1788008907811769009,1788008907811769,128185,13.372653007507324,11.366687297821045,1788008907810458,1.311064,1788008908176797952,393313,393314,1788008908175782144,1788008908184114944,0.12188841201716738,8.33272933959961,1.0156631469726562,0.6489583333333333,42,33,507.2252708106587,302.6705381473569,1,245.0152697601489,298.4187141524111,1
341,401,1788008907845202923,1788008907845203,128186,13.406086921691895,11.400121212005615,1788008907843887,1.315832,1788008908210232832,393317,393318,1788008908209114624,1788008908217448192,0.1341763460548149,8.333683013916016,1.1181831359863281,0.6493787977430555,42,30,507.10168832415053,302.4024898056422,1,244.98362197671926,298.05925622062597,1
342,402,1788008907878628016,1788008907878628,128187,13.439512014389038,11.433546304702759,1788008907877318,1.310111,1788008908243658496,393321,393322,1788008908242447872,1788008908250780672,0.14529327610872675,8.33272933959961,1.2106895446777344,0.6483100043402777,42,31,506.9229941807698,301.6703319436795,1,244.88076352671033,297.96988435592726,1
343,403,1788008907912055016,1788008907912055,128188,13.472939014434814,11.466973304748535,1788008907910749,1.306057,1788008908277086464,393325,393326,1788008908275779840,1788008908284112896,0.1567909358816629,8.332967758178711,1.3065338134765625,0.6471923828125,42,31,506.700421190372,301.47188744840156,1,244.78568867427325,298.0405574651443,1
344,404,1788008907945485115,1788008907945485,128189,13.50636887550354,11.50040316581726,1788008907944179,1.306057,1788008908310517504,393329,393330,1788008908309112320,1788008908317446144,0.16861679301959662,8.333921432495117,1.4052391052246094,0.6473415798611111,42,30,506.53522298556027,301.9947014379914,1,244.74464709743688,298.067217754902,1
345,405,1788008907978914022,1788008907978914,128190,13.539798021316528,11.533832311630249,1788008907977608,1.306057,1788008908343947776,393333,393334,1788008908342445568,1788008908350778368,0.18028612303290414,8.33272933959961,1.5022754669189453,0.6449571397569445,42,28,506.4325917474231,301.93751094424294,1,244.6702661792314,297.97429271029955,1
346,406,1788008908012341022,1788008908012341,128191,13.573224782943726,11.567259073257446,1788008908011038,1.302957,1788008908377375744,393337,393338,1788008908375778048,1788008908384110592,0.19175965665236053,8.33272933959961,1.5978813171386719,0.6465901692708333,42,27,506.41663458231585,301.8849321755539,1,244.5833693900766,297.79279358611996,1
347,407,1788008908045764923,1788008908045765,128192,13.606648683547974,11.600682973861694,1788008908044460,1.304865,1788008908410800640,393341,393342,1788008908409110016,1788008908417444096,0.20286082105564296,8.333921432495117,1.6906261444091797,0.6447781032986111,42,28,506.44110091519605,301.9017261620206,1,244.7082081549152,297.7437600344334,1
348,408,1788008908079193115,1788008908079193,128193,13.640076875686646,11.634111166000366,1788008908077889,1.304149,1788008908444230144,393345,393346,1788008908442443264,1788008908450776320,0.21441446596663902,8.332967758178711,1.7867088317871094,0.6448432074652778,42,28,506.35813992255555,301.7637436668305,1,244.80096597143532,297.55439653694634,1
349,409,1788008908112620115,1788008908112620,128194,13.673503875732422,11.667538166046143,1788008908111311,1.309156,1788008908477658368,393349,393350,1788008908475775744,1788008908484108544,0.22592274678111587,8.33272933959961,1.8825531005859375,0.6454182942708333,42,28,506.40076862310264,301.64859579694416,1,244.90693317627694,297.3652312978529,1
350,410,1788008908146048069,1788008908146048,128195,13.706931829452515,11.700966119766235,1788008908144740,1.307964,1788008908511087360,393353,393354,1788008908509107968,1788008908517441792,0.23751215883732907,8.333683013916016,1.9793510437011719,0.6455078125,42,28,506.41591322883346,301.48400364228274,1,245.0168357683247,297.2497213411707,1
351,411,1788008908179474115,1788008908179474,128196,13.740358114242554,11.734392404556274,1788008908178163,1.311063,1788008908544514560,393357,393358,1788008908542441216,1788008908550774016,0.24883408200051502,8.332967758178711,2.073526382446289,0.6441948784722222,42,27,506.3948502680071,301.39566517571427,1,245.13115222093273,297.1584797274621,1
352,412,1788008908212903023,1788008908212903,128197,13.773786783218384,11.767821073532104,1788008908211594,1.308918,1788008908577944576,393361,393362,1788008908575773440,1788008908584107520,0.2605063653268488,8.333921432495117,2.171039581298828,0.6445339626736111,42,28,506.46392629205155,301.4324828646765,1,245.25244983726327,297.11846047262225,1
353,413,1788008908246329069,1788008908246329,128198,13.807213068008423,11.801247358322144,1788008908245023,1.306057,1788008908611372032,393365,393366,1788008908609106688,1788008908617439488,0.27184549356223175,8.33272933959961,2.2652149200439453,0.6458387586805555,42,29,506.59289135626454,301.4063020485927,1,245.31311559966258,297.0831749943686,1
354,414,1788008908279758930,1788008908279759,128199,13.84064269065857,11.83467698097229,1788008908278452,1.30701,1788008908644802816,393369,393370,1788008908642439168,1788008908650771968,0.2836623748211731,8.33272933959961,2.3636817932128906,0.6485324435763888,42,30,506.78294411416385,301.05628315765443,1,245.36137059930905,297.0891397953268,1
355,415,1788008908313184023,1788008908313184,128200,13.874067783355713,11.868102073669434,1788008908311882,1.302004,1788008908678228992,393373,393374,1788008908675771136,1788008908684105216,0.2949220426262337,8.333921432495117,2.457857131958008,0.6483100043402777,42,31,507.04288476837235,300.64230894531215,1,245.4951459583458,297.15721358634244,1
356,416,1788008908346615076,1788008908346615,128201,13.907498836517334,11.901533126831055,1788008908345311,1.30415,1788008908711661312,393377,393378,1788008908709104640,1788008908717437440,0.3068295613859403,8.332967758178711,2.5568008422851562,0.6485812717013889,42,32,507.17756301994694,300.4842042327614,1,245.58588363269394,297.1651964193071,1
357,417,1788008908380043983,1788008908380044,128202,13.940927982330322,11.934962272644043,1788008908378732,1.312017,1788008908745091328,393381,393382,1788008908742436864,1788008908750769664,0.31856938483547925,8.33272933959961,2.654552459716797,0.6485894097222222,42,32,507.3309295289083,300.38056232158425,1,245.6125078365148,297.15123874514484,1
358,418,1788008908413471937,1788008908413472,128203,13.974355936050415,11.968390226364136,1788008908412162,1.309871,1788008908778520576,393385,393386,1788008908775769344,1788008908784102912,0.3301481947702695,8.333683013916016,2.7513504028320312,0.6474799262152777,42,31,507.4569912284446,300.5477090849654,1,245.5853991006326,297.161308095781,1
359,419,1788008908446901083,1788008908446901,128204,14.007784843444824,12.001819133758545,1788008908445592,1.309156,1788008908811950592,393389,393390,1788008908809102592,1788008908817435392,0.3418025751072961,8.33272933959961,2.8481483459472656,0.6482096354166667,42,32,507.60368503242864,300.48452537455785,1,245.4690262763948,297.1378606719113,1
360,420,1788008908480329037,1788008908480329,128205,14.041212797164917,12.035247087478638,1788008908479023,1.306057,1788008908845379840,393393,393394,1788008908842434560,1788008908850767616,0.3534376698806901,8.332967758178711,2.9451847076416016,0.6470052083333333,42,31,507.7602853060035,300.4217683175715,1,245.1281822936973,296.9889886259161,1
361,421,1788008908513755083,1788008908513755,128206,14.074639081954956,12.068673372268677,1788008908512452,1.303196,1788008908878807296,393397,393398,1788008908875767040,1788008908884099840,0.36486409155937055,8.33272933959961,3.040313720703125,0.6430230034722222,42,31,507.9041129496381,300.3625934349384,1,244.63343255545715,296.767756561229,1
362,422,1788008908547185898,1788008908547186,128207,14.108069896697998,12.102104187011719,1788008908545874,1.311779,1788008908912239616,393401,393402,1788008908909099264,1788008908917432064,0.37685264663805434,8.33272933959961,3.1402111053466797,0.6373046875,42,30,508.19464723705636,300.32189090177127,1,244.19226485675892,296.6691018200476,1
363,423,1788008908580614090,1788008908580614,128208,14.14149808883667,12.13553237915039,1788008908579304,1.31011,1788008908945668864,393405,393406,1788008908942431488,1788008908950765312,0.38847089114575883,8.333921432495117,3.237485885620117,0.6382785373263888,42,28,508.52178217475245,300.25524582259163,1,243.74009195226915,296.7462947228282,1
364,424,1788008908614043951,1788008908614044,128209,14.174927711486816,12.168962001800537,1788008908612734,1.309872,1788008908979099648,393409,393410,1788008908975764736,1788008908984097792,0.4002174472833395,8.332967758178711,3.3349990844726562,0.6391954210069445,42,30,508.82111247814515,300.10371729641236,1,243.12247989068078,296.7187300423766,1
365,425,1788008908647480965,1788008908647481,128210,14.208364963531494,12.202399253845215,1788008908646166,1.314879,1788008909012537856,393413,393414,1788008909009097216,1788008909017429760,0.4129327610872675,8.33272933959961,3.44085693359375,0.6395372178819444,42,29,509.2191905933589,299.98524047980885,1,242.35848143755078,296.51136151823846,1
366,426,1788008908680903912,1788008908680904,128211,14.241787910461426,12.235822200775146,1788008908679592,1.312018,1788008909045961728,393417,393418,1788008909042429440,1788008909050763008,0.42384276477656346,8.333683013916016,3.5321712493896484,0.6387424045138889,42,27,509.8288525374493,299.9155356148941,1,241.97652718356073,296.87151867600295,1
367,427,1788008908714330912,1788008908714331,128212,14.275214672088623,12.269248962402344,1788008908713022,1.308918,1788008909079389440,393421,393422,1788008909075762688,1788008909084095488,0.43522174535050073,8.33272933959961,3.626585006713867,0.639208984375,42,24,510.43046229389927,299.9624933212319,1,241.63001249437127,296.8483278344661,1
368,428,1788008908747765064,1788008908747765,128213,14.308648824691772,12.302683115005493,1788008908746452,1.312971,1788008909112824320,393425,393426,1788008909109094912,1788008909117427712,0.44754084289433776,8.332967758178711,3.7293434143066406,0.6405029296875,42,27,510.808267784264,300.46826946255646,1,241.20437190330708,296.7675422439243,1
369,429,1788008908781188965,1788008908781189,128214,14.34207272529602,12.336107015609741,1788008908779882,1.307011,1788008909146249216,393429,393430,1788008909142427136,1788008909150761216,0.4586182234301244,8.333921432495117,3.8220882415771484,0.6393527560763889,42,28,510.9567909934283,301.3901341935438,1,241.08845144967268,296.95205093494104,1
370,430,1788008908814619064,1788008908814619,128215,14.375503063201904,12.369537353515625,1788008908813312,1.30701,1788008909179680768,393433,393434,1788008909175760384,1788008909184093184,0.4704721030042918,8.33272933959961,3.920316696166992,0.6394124348958333,42,27,511.26090476759526,301.76336101521537,1,240.93457541442564,297.17520200829165,1
371,431,1788008908848054886,1788008908848055,128216,14.408938646316528,12.402972936630249,1788008908846742,1.312971,1788008909213117696,393437,393438,1788008909209092864,1788008909217426432,0.482949018710305,8.333683013916016,4.024744033813477,0.6487494574652778,42,33,511.33286596668654,302.4549009157203,1,240.83671541383603,297.7883320443969,1
372,432,1788008908881480932,1788008908881481,128217,14.442364931106567,12.436399221420288,1788008908880171,1.309871,1788008909246544896,393441,393442,1788008909242426112,1788008909250758912,0.49427753934191704,8.33272933959961,4.118680953979492,0.6498209635416666,42,35,511.3834699298077,303.29811987067006,1,240.64875538321627,298.67732872773,1
373,433,1788008908914908886,1788008908914909,128218,14.47579288482666,12.46982717514038,1788008908913600,1.308918,1788008909279973888,393445,393446,1788008909275758336,1788008909284091136,0.5059082715802123,8.332967758178711,4.117250442504883,0.6495822482638889,42,36,511.3611909299477,304.0187602425774,1,240.35547938119225,299.19288018493205,1
374,434,1788008908948343039,1788008908948343,128219,14.50922679901123,12.503261089324951,1788008908947029,1.313925,1788008909313409024,393449,393450,1788008909309090560,1788008909317424640,0.5181805178086111,8.333921432495117,4.015445709228516,0.6493353949652778,42,38,511.55428898190877,304.6414110665613,1,240.28344945103964,300.1066469544808,1
375,435,1788008908981771946,1788008908981772,128220,14.542655944824219,12.53669023513794,1788008908980459,1.312971,1788008909346839552,393453,393454,1788008909342423808,1788008909350756608,0.529928469241774,8.33272933959961,3.9169788360595703,0.6484998914930555,42,36,511.64101665583206,305.15229984724425,1,240.15935649144478,300.7309053354216,1
376,436,1788008909015206099,1788008909015206,128221,14.576090097427368,12.570124387741089,1788008909013896,1.310111,1788008909380274944,393457,393458,1788008909375756288,1788008909384089088,0.5422889842632332,8.33272933959961,3.8139820098876953,0.6479248046875,42,34,511.7246563334573,305.74979564718393,1,239.79883651387905,301.0112781096284,1
377,437,1788008909048640013,1788008909048640,128222,14.60952377319336,12.60355806350708,1788008909047324,1.316071,1788008909413709568,393461,393462,1788008909409088256,1788008909417422336,0.5545129452152768,8.333921432495117,3.7126541137695312,0.6488199869791667,42,35,511.87642645887877,306.4885817747084,1,239.49086168300892,301.5388071004895,1
378,438,1788008909082073927,1788008909082074,128223,14.64295768737793,12.63699197769165,1788008909080762,1.312018,1788008909447144448,393465,393466,1788008909442421760,1788008909450754560,0.5667648994306315,8.332967758178711,3.6101341247558594,0.6473904079861111,42,29,512.0697637791659,306.78688725645446,1,239.26990101115598,302.096887166915,1
379,439,1788008909115509987,1788008909115510,128224,14.676393985748291,12.670428276062012,1788008909114192,1.317978,1788008909480581888,393469,393470,1788008909475753984,1788008909484086784,0.5793991416309013,8.33272933959961,3.5047531127929688,0.6488416883680556,42,30,512.3436603727478,307.0310149450455,1,239.21385836107916,302.9531342309334,1
380,440,1788008909148940086,1788008909148940,128225,14.709823846817017,12.703858137130737,1788008909147630,1.31011,1788008909514012928,393473,393474,1788008909509086464,1788008909517420032,0.5911769754534532,8.333683013916016,3.407001495361328,0.6477973090277778,42,31,512.6507205364543,307.1466630754851,1,239.0570918508289,303.45593389828895,1
381,441,1788008909182368994,1788008909182369,128226,14.743252992630005,12.737287282943726,1788008909181059,1.31011,1788008909547443456,393477,393478,1788008909542419456,1788008909550752512,0.6029012045435037,8.332967758178711,3.309011459350586,0.647705078125,42,33,512.9248187537746,307.6039364089692,1,238.78005192337594,303.66721875525633,1
382,442,1788008909215800047,1788008909215800,128227,14.776684045791626,12.770718336105347,1788008909214489,1.311064,1788008909580875520,393481,393482,1788008909575751680,1788008909584085760,0.6147904448576742,8.333921432495117,3.210306167602539,0.6466254340277777,42,31,513.2378690559926,308.3099642161635,1,238.4085344449868,303.79926284068193,1
383,443,1788008909249228001,1788008909249228,128228,14.810111999511719,12.80414628982544,1788008909247920,1.307965,1788008909614304512,393485,393486,1788008909609085184,1788008909617417728,0.6263805436337625,8.33272933959961,3.113269805908203,0.6488118489583333,42,33,513.4820340152455,308.4769798418898,1,238.4572345419275,304.0832729310138,1
384,444,1788008909282660961,1788008909282661,128229,14.843544721603394,12.837579011917114,1788008909281348,1.312971,1788008909647738368,393489,393490,1788008909642417408,1788008909650750208,0.6385693848354792,8.33272933959961,3.0117034912109375,0.6488986545138888,42,32,513.608078213307,308.1604649551347,1,238.69517514777857,304.87848620244137,1
385,445,1788008909316090107,1788008909316090,128230,14.876973867416382,12.871008157730103,1788008909314777,1.31321,1788008909681168896,393493,393494,1788008909675749632,1788008909684083456,0.650264625947647,8.333921432495117,2.9146671295166016,0.6515190972222222,42,32,513.7819994654027,308.63315639790716,1,238.99465125124047,305.5030512660061,1
386,446,1788008909349518061,1788008909349518,128231,14.910402059555054,12.904436349868774,1788008909348207,1.311064,1788008909714598144,393497,393498,1788008909709082880,1788008909717415936,0.6618694744070269,8.332967758178711,2.8176307678222656,0.6512044270833334,42,33,514.1081101831852,309.1276839116571,1,239.3522017272992,306.11842801588017,1
387,447,1788008909382946968,1788008909382947,128232,14.943830966949463,12.937865257263184,1788008909381635,1.312017,1788008909748028160,393501,393502,1788008909742415104,1788008909750747904,0.6736194563662374,8.33272933959961,2.7196407318115234,0.6506456163194444,42,34,514.2584306379354,309.27127528582844,1,239.64869119061197,306.8707309008325,1
388,448,1788008909416379929,1788008909416380,128233,14.977263689041138,12.971297979354858,1788008909415066,1.313925,1788008909781462016,393505,393506,1788008909775747584,1788008909784081152,0.6857012073010242,8.333683013916016,2.6192665100097656,0.6514187282986111,42,35,514.2766192960901,309.3122120576576,1,239.88885583711397,307.55208568744683,1
389,449,1788008909449806929,1788008909449807,128234,15.010690689086914,13.004724979400635,1788008909448497,1.309872,1788008909814890496,393509,393510,1788008909809080832,1788008909817413632,0.6971959942775393,8.33272933959961,2.523183822631836,0.6517388237847223,42,37,514.3100120808657,309.3846649521841,1,240.17667461238347,308.1197916662704,1
390,450,1788008909483238935,1788008909483239,128235,15.044122695922852,13.038156986236572,1788008909481927,1.312017,1788008909848323840,393513,393514,1788008909842413056,1788008909850745856,0.7093359274412749,8.332967758178711,2.4220943450927734,0.6504937065972223,42,35,514.3325794471855,309.5388467230077,1,240.35166619433636,308.4927072071037,1
391,451,1788008909516666889,1788008909516667,128236,15.077550649642944,13.071584939956665,1788008909515363,1.303911,1788008909881753088,393517,393518,1788008909875745280,1788008909884078080,0.7209728183118741,8.33272933959961,2.3250579833984375,0.6518337673611111,42,35,514.4738609669282,309.72591813791036,1,240.4984191281122,308.52743970549403,1
392,452,1788008909550098896,1788008909550099,128237,15.110982894897461,13.105017185211182,1788008909548785,1.313925,1788008909915186176,393521,393522,1788008909909077760,1788008909917410304,0.7330758226037196,8.33272933959961,2.2242069244384766,0.6506890190972222,42,36,514.6420878996548,309.7972356847876,1,240.54826818001698,308.92413973132574,1
393,453,1788008909583530903,1788008909583531,128238,15.144414901733398,13.13844919204712,1788008909582222,1.308918,1788008909948619008,393525,393526,1788008909942409984,1788008909950743552,0.7450363334668422,8.333683013916016,2.124786376953125,0.6499348958333333,42,35,514.8261009129353,309.90495494059525,1,240.39754064145444,309.50742952364567,1
394,454,1788008909616962910,1788008909616963,128239,15.177846670150757,13.171880960464478,1788008909615653,1.309872,1788008909982051328,393529,393530,1788008909975742976,1788008909984076032,0.7570312723527224,8.332967758178711,2.0246505737304688,0.6493923611111111,42,36,515.0712855828033,309.9841066124958,1,240.2478084758887,309.80393452377734,1
395,455,1788008909650398016,1788008909650398,128240,15.211281776428223,13.205316066741943,1788008909649081,1.317024,1788008910015487232,393533,393534,1788008910009075456,1788008910017408256,0.7694706723891274,8.33272933959961,1.920938491821289,0.6496392144097223,42,35,515.1083679861364,310.16316181559023,1,240.16715956900475,310.03601686520915,1
396,456,1788008909683828115,1788008909683828,128241,15.244712114334106,13.238746404647827,1788008909682517,1.311063,1788008910048918784,393537,393538,1788008910042407680,1788008910050741504,0.7812839732219489,8.333683013916016,1.8227100372314453,0.6488633897569445,42,33,515.1344551393817,310.31806985058563,1,239.9895116291496,310.33296552636557,1
397,457,1788008909717255116,1788008909717255,128242,15.278139114379883,13.272173404693604,1788008909715948,1.307011,1788008910082347008,393541,393542,1788008910075740928,1788008910084073728,0.792761087267525,8.33272933959961,1.7268657684326172,0.6486789279513889,42,37,515.2698492370987,310.40174310713365,1,239.7265261188643,310.65250605090876,1
398,458,1788008909750685930,1788008909750686,128243,15.311569929122925,13.305604219436646,1788008909749377,1.308918,1788008910115778816,393545,393546,1788008910109073152,1788008910117406208,0.8047266172641698,8.332967758178711,1.627206802368164,0.6483289930555556,42,36,515.5365087379906,310.4291253736041,1,239.61801101076713,311.0241005024445,1
399,459,1788008909784117937,1788008909784118,128244,15.345001935958862,13.339036226272583,1788008909782807,1.310825,1788008910149212160,393549,393550,1788008910142405632,1788008910150739456,0.8167358031755114,8.333921432495117,1.5273094177246094,0.6494954427083334,42,36,515.8758617310962,310.3739017660663,1,239.41416633426695,311.55184118196206,1
400,460,1788008909817549944,1788008909817550,128245,15.37843370437622,13.372467994689941,1788008909816237,1.312971,1788008910182644992,393553,393554,1788008910175738880,1788008910184071424,0.8288125894134478,8.33272933959961,1.4264583587646484,0.6494927300347222,42,36,516.1722629072199,310.52983284031393,1,239.2353240006455,311.59088362841453,1
401,461,1788008909850981951,1788008909850982,128246,15.411865711212158,13.405900001525879,1788008909849675,1.307011,1788008910216078336,393557,393558,1788008910209071104,1788008910217404928,0.8408193625908337,8.333683013916016,1.3265609741210938,0.6509440104166667,42,38,516.3532971852086,310.5457324234232,1,239.03183679118723,311.570339656099,1
402,462,1788008909884414911,1788008909884415,128247,15.445298910140991,13.439333200454712,1788008909883104,1.310825,1788008910249512960,393561,393562,1788008910242404352,1788008910250737152,0.8530758226037196,8.33272933959961,1.2242794036865234,0.6519639756944444,42,38,516.4897982895816,310.560763830102,1,238.90207020722931,311.6432671441514,1
403,463,1788008909917846918,1788008909917847,128248,15.478730916976929,13.47276520729065,1788008909916533,1.313925,1788008910282946048,393565,393566,1788008910275736576,1788008910284069632,0.8651826843294899,8.332967758178711,1.1234283447265625,0.6517198350694444,42,37,516.3727012057216,310.6034823354644,1,239.05451703819236,311.70330615399484,1
404,464,1788008909951280117,1788008909951280,128249,15.512164115905762,13.506198406219482,1788008909949970,1.31011,1788008910316380416,393569,393570,1788008910309068800,1788008910317402880,0.8773279931340294,8.333921432495117,1.0223388671875,0.6531467013888889,42,39,516.3162303581183,310.53896060275554,1,239.0631509942337,311.9607277705393,1
405,465,1788008909984713078,1788008909984713,128250,15.545596837997437,13.539631128311157,1788008909983398,1.315117,1788008910349814528,393573,393574,1788008910342402304,1788008910350734848,0.8895278969957081,8.33272933959961,0.9205341339111328,0.6521837022569444,42,40,516.2758779473547,310.55703189896946,1,239.21002504464235,312.2348693605343,1
406,466,1788008910018146992,1788008910018147,128251,15.579030990600586,13.573065280914307,1788008910016837,1.31011,1788008910383249664,393577,393578,1788008910375734528,1788008910384067328,0.9018884120171674,8.33272933959961,0.8175373077392578,0.6535590277777777,42,40,516.2601598313139,310.5081345413718,1,238.98886005728153,311.92913324797667,1
407,467,1788008910051580906,1788008910051581,128252,15.612464904785156,13.606499195098877,1788008910050267,1.313925,1788008910416684800,393581,393582,1788008910409066752,1788008910417400576,0.9141181519095981,8.333921432495117,0.7157325744628906,0.6515163845486112,42,39,516.2966502983579,310.3440081962598,1,239.06194536606674,311.5919509865465,1
408,468,1788008910085014105,1788008910085014,128253,15.64589786529541,13.63993215560913,1788008910083704,1.31011,1788008910450118656,393585,393586,1788008910442400000,1788008910450733056,0.9262968155417585,8.332967758178711,0.614166259765625,0.6519205729166667,42,38,516.2232229432942,310.2632792709379,1,239.0243249211112,311.40704288980197,1
409,469,1788008910118447065,1788008910118447,128254,15.679331064224243,13.673365354537964,1788008910117133,1.314163,1788008910483553024,393589,393590,1788008910475732224,1788008910484065024,0.9385407725321888,8.33272933959961,0.5121231079101562,0.6491617838541667,42,39,516.1513179523697,310.0715517404433,1,239.12311389701716,311.15503380974144,1
410,470,1788008910151880026,1788008910151880,128255,15.712763786315918,13.706798076629639,1788008910150571,1.308918,1788008910516986880,393593,393594,1788008910509064704,1788008910517398272,0.9506208159295073,8.333683013916016,0.4115104675292969,0.6506917317708333,42,38,516.0193930537592,309.951012511147,1,239.2390158647958,310.9728034455173,1
411,471,1788008910185314894,1788008910185315,128256,15.746198654174805,13.740232944488525,1788008910184001,1.313925,1788008910550422784,393597,393598,1788008910542397952,1788008910550730752,0.9630615164520744,8.33272933959961,0.3077983856201172,0.6494710286458333,42,37,515.958135181337,309.8569506846636,1,239.17181185036566,311.1241088693079,1
412,472,1788008910218746901,1788008910218747,128257,15.779630661010742,13.773664951324463,1788008910217437,1.309872,1788008910583856128,393601,393602,1788008910575730176,1788008910584062976,0.9751652313238534,8.332967758178711,0.20694732666015625,0.6497802734375,42,37,515.8457500465362,309.75601103061774,1,239.33366920921435,311.20619666254953,1
413,473,1788008910252180099,1788008910252180,128258,15.813064098358154,13.807098388671875,1788008910250867,1.313209,1788008910617290752,393605,393606,1788008910609062400,1788008910617396224,0.9873548091777765,8.333683013916016,0.10538101196289062,0.6497043185763889,42,37,515.7568015428717,309.6059102043187,1,239.38963862099905,310.90692394600694,1
414,474,1788008910285612106,1788008910285612,128259,15.846495866775513,13.840530157089233,1788008910284303,1.309156,1788008910650723584,393609,393610,1788008910642395648,1788008910650728448,0.9994277539341917,8.33272933959961,0.00476837158203125,0.6488823784722222,42,37,515.7623334077126,309.40673556125137,1,239.41643283072915,310.7759917282139,1
415,475,1788008910319044113,1788008910319044,128260,15.87992787361145,13.873962163925171,1788008910317734,1.31011,1788008910684156928,393614,393615,1788008910684061696,1788008910692394496,0.011416309012875537,8.33272933959961,0.09512901306152344,0.6502115885416667,42,35,515.7905445786486,309.2181415598776,1,239.2461386571251,310.577504211431,1
416,476,1788008910352477074,1788008910352477,128261,15.913361072540283,13.907395362854004,1788008910351163,1.314164,1788008910717591296,393618,393619,1788008910717394176,1788008910725726720,0.023662374821173105,8.33272933959961,0.1971721649169922,0.650048828125,42,37,515.7451776946938,309.1965069602561,1,239.2664970033452,310.41279368711014,1
417,477,1788008910385909081,1788008910385909,128262,15.946792840957642,13.940827131271362,1788008910384600,1.309157,1788008910751024128,393622,393623,1788008910750726144,1788008910759060224,0.03576026319553712,8.333921432495117,0.2980232238769531,0.6499728732638889,42,35,515.746785673744,309.1478641541309,1,239.2021344854616,310.2771463727518,1
418,478,1788008910419342041,1788008910419342,128263,15.980226039886475,13.974260330200195,1788008910418029,1.312971,1788008910784458240,393626,393627,1788008910784059648,1788008910792392448,0.04783840233469715,8.332967758178711,0.3986358642578125,0.6500840928819445,42,36,515.8426497953621,309.09381993142176,1,239.25185679919883,310.28068581982814,1
419,479,1788008910452769041,1788008910452769,128264,16.013652801513672,14.007687091827393,1788008910451458,1.311064,1788008910817885952,393630,393631,1788008910817391872,1788008910825724672,0.05928469241773963,8.33272933959961,0.4940032958984375,0.6520833333333333,42,38,516.0479221523826,308.9214654762705,1,239.14104574637753,310.2462449105755,1
420,480,1788008910486201048,1788008910486201,128265,16.04708504676819,14.04111933708191,1788008910484887,1.314163,1788008910851318784,393634,393635,1788008910850724096,1788008910859057920,0.0713509183498312,8.333683013916016,0.5946159362792969,0.6534749348958333,42,38,516.0968075111418,308.74059003520205,1,238.9933611139448,310.1147546117236,1
421,481,1788008910519629002,1788008910519629,128266,16.08051300048828,14.074547290802002,1788008910518319,1.31011,1788008910884748032,393638,393639,1788008910884056576,1788008910892389376,0.08297567954220315,8.33272933959961,0.6914138793945312,0.6523464626736111,42,40,516.0697012176324,308.5482502793091,1,238.82276301599165,310.02101179710706,1
422,482,1788008910553059101,1788008910553059,128267,16.113942861557007,14.107977151870728,1788008910551749,1.31011,1788008910918178816,393642,393643,1788008910917388800,1788008910925722624,0.09480760978400801,8.333921432495117,0.7901191711425781,0.6517116970486111,42,40,516.0620548352726,308.4304020420481,1,238.83246340671232,310.13768735939607,1
423,483,1788008910586488008,1788008910586488,128268,16.147372007369995,14.141406297683716,1788008910585177,1.311063,1788008910951609088,393646,393647,1788008910950722048,1788008910959054592,0.10646638054363376,8.33272933959961,0.8871555328369141,0.6520860460069444,42,40,516.0556805777688,308.38562688979675,1,238.8679554929695,310.1831545172628,1
424,484,1788008910619915962,1788008910619916,128269,16.180799961090088,14.174834251403809,1788008910618608,1.307964,1788008910985038336,393650,393651,1788008910984054272,1788008910992387072,0.11808297567954221,8.33272933959961,0.9839534759521484,0.6524441189236111,42,40,516.0347030603128,308.3745990767075,1,238.90381513420255,310.011283821849,1
425,485,1788008910653343916,1788008910653344,128270,16.21422791481018,14.208262205123901,1788008910652037,1.307011,1788008911018467584,393654,393655,1788008911017386752,1788008911025720320,0.12971333752932426,8.333683013916016,1.0809898376464844,0.6525037977430556,42,39,516.016760387095,308.43174286600527,1,238.89918268679406,309.76774921649195,1
426,486,1788008910686773062,1788008910686773,128271,16.24765682220459,14.24169111251831,1788008910685468,1.305104,1788008911051897856,393658,393659,1788008911050719744,1788008911059052800,0.14136934565534606,8.332967758178711,1.1780261993408203,0.65107421875,42,39,515.9343647647933,308.46110110581543,1,238.85980889302655,309.6458403183829,1
427,487,1788008910720201969,1788008910720202,128272,16.281085968017578,14.275120258331299,1788008910718895,1.307011,1788008911085328128,393662,393663,1788008911084051968,1788008911092384768,0.15313304721030044,8.33272933959961,1.2760162353515625,0.6501139322916667,42,39,515.8259627296986,308.42504283921255,1,238.82146463977077,309.7618604801309,1
428,488,1788008910753632069,1788008910753632,128273,16.314515829086304,14.308550119400024,1788008910752326,1.306057,1788008911118758912,393666,393667,1788008911117384448,1788008911125718016,0.16493105224008697,8.333683013916016,1.3744831085205078,0.6503743489583333,42,38,515.742510929114,308.39911595082305,1,238.77263350728342,309.61219729511265,1
429,489,1788008910787062883,1788008910787063,128274,16.347946643829346,14.341980934143066,1788008910785755,1.307964,1788008911152190976,393670,393671,1788008911150717696,1788008911159050496,0.17679542203147353,8.33272933959961,1.4731884002685547,0.6493842230902778,42,36,515.7209196143369,308.36022373180856,1,238.876740897763,309.4456209515025,1
430,490,1788008910820492029,1788008910820492,128275,16.381375789642334,14.375410079956055,1788008910819185,1.30701,1788008911185621248,393674,393675,1788008911184049920,1788008911192382720,0.18857829532774456,8.332967758178711,1.5714168548583984,0.6475531684027778,42,35,515.7361468444406,308.29178122418443,1,238.9137852365367,309.17079327241714,1
431,491,1788008910853926897,1788008910853927,128276,16.4148108959198,14.40884518623352,1788008910852614,1.312971,1788008911219057664,393678,393679,1788008911217382144,1788008911225716224,0.20102989558003148,8.333921432495117,1.6753673553466797,0.6466796875,42,33,515.7625003961151,308.2267923129316,1,238.83140324902752,308.96567392601946,1
432,492,1788008910887351036,1788008910887351,128277,16.448234796524048,14.442269086837769,1788008910886044,1.307011,1788008911252482560,393682,393683,1788008911250715392,1788008911259048192,0.21207439198855507,8.33272933959961,1.7671585083007812,0.6486138237847222,42,34,515.9179531968696,308.1708226696108,1,238.69429156777352,308.79273138264085,1
433,493,1788008910920777082,1788008910920777,128278,16.481660842895508,14.475695133209229,1788008910919475,1.302003,1788008911285910016,393686,393687,1788008911284047872,1788008911292381440,0.2234365165646278,8.333683013916016,1.8620491027832031,0.6478922526041667,42,36,516.0857757095497,308.13448044678375,1,238.7647857682327,309.1872863862061,1
434,494,1788008910954205036,1788008910954205,128279,16.5150887966156,14.509123086929321,1788008910952895,1.31011,1788008911319338752,393690,393691,1788008911317381120,1788008911325713920,0.23493562231759657,8.33272933959961,1.9576549530029297,0.6477728949652778,42,35,516.2402341620856,308.15813720741113,1,238.70124667036532,309.51297391589094,1
435,495,1788008910987632036,1788008910987632,128280,16.548516035079956,14.542550325393677,1788008910986325,1.30701,1788008911352767232,393694,393695,1788008911350713344,1788008911359046144,0.24648794025922005,8.332967758178711,2.053976058959961,0.6469102647569445,42,36,516.3772185994615,308.16024702467365,1,238.76252735619238,309.3219974262581,1
436,496,1788008911021059990,1788008911021060,128281,16.58194398880005,14.57597827911377,1788008911019756,1.303911,1788008911386196480,393698,393699,1788008911384045568,1788008911392379648,0.25807466742955226,8.333921432495117,2.1507740020751953,0.6477132161458333,42,34,516.4815530333838,307.9755752989006,1,238.8877542626504,308.86967481813116,1
437,497,1788008911054486036,1788008911054486,128282,16.61536979675293,14.60940408706665,1788008911053177,1.308918,1788008911419623680,393702,393703,1788008911417378816,1788008911425711616,0.26938483547925607,8.33272933959961,2.244710922241211,0.6481635199652778,42,35,516.5354791509305,307.721050967543,1,239.0308236983788,308.5391574826102,1
438,498,1788008911087913036,1788008911087913,128283,16.648796796798706,14.642831087112427,1788008911086608,1.305103,1788008911453051904,393706,393707,1788008911450711296,1788008911459044096,0.28088698140200286,8.33272933959961,2.340555191040039,0.6484619140625,42,36,516.6103552208294,307.544143247301,1,238.89144311347565,308.66760320911897,1
439,499,1788008911121340036,1788008911121340,128284,16.68222403526306,14.676258325576782,1788008911120037,1.302957,1788008911486480128,393710,393711,1788008911484043264,1788008911492377344,0.2924045200972679,8.333921432495117,2.4368762969970703,0.6522515190972222,42,38,516.624313466288,307.383037800648,1,238.77598569527225,308.69295717218483,1
440,500,1788008911154767036,1788008911154767,128285,16.715651035308838,14.709685325622559,1788008911153459,1.307964,1788008911519908096,393714,393715,1788008911517376768,1788008911525709568,0.30379674401304685,8.332967758178711,2.5315284729003906,0.6514675564236111,42,37,516.698392647115,307.2536784308898,1,238.6960832746807,308.63181237653055,1
441,501,1788008911188195944,1788008911188196,128286,16.749079704284668,14.743113994598389,1788008911186889,1.307011,1788008911553337600,393718,393719,1788008911550708992,1788008911559041792,0.315450643776824,8.33272933959961,2.6285648345947266,0.6513400607638888,42,38,516.8807270048078,307.04124327256955,1,238.59157983686885,308.37140022601176,1
442,502,1788008911221626043,1788008911221626,128287,16.78251004219055,14.776544332504272,1788008911220319,1.30701,1788008911586768896,393722,393723,1788008911584041472,1788008911592375040,0.32728729186931393,8.333683013916016,2.727508544921875,0.6517985026041667,42,38,516.87804578036,306.87401919341033,1,238.64464361895745,308.0027068079492,1
443,503,1788008911255053997,1788008911255054,128288,16.815937995910645,14.809972286224365,1788008911253749,1.305103,1788008911620197632,393726,393727,1788008911617374720,1788008911625707264,0.3387696709585122,8.33272933959961,2.8228759765625,0.6500949435763889,42,37,516.689663389352,306.85441903715696,1,238.8173755444337,307.9590761124208,1
444,504,1788008911288482904,1788008911288483,128289,16.849366664886475,14.843400955200195,1788008911287177,1.305818,1788008911653627392,393730,393731,1788008911650706688,1788008911659039744,0.35049068696174646,8.332967758178711,2.9206275939941406,0.6509684244791667,42,36,516.4234273055757,307.01739862352923,1,239.23169757734036,308.28892603375834,1
445,505,1788008911321909904,1788008911321910,128290,16.88279390335083,14.87682819366455,1788008911320599,1.310825,1788008911687055872,393734,393735,1788008911684040192,1788008911692372736,0.3619170243204578,8.33272933959961,3.015756607055664,0.6482666015625,42,37,515.986313670231,307.11680313109616,1,239.91798037938855,308.84800359246526,1
446,506,1788008911355336905,1788008911355337,128291,16.916220903396606,14.910255193710327,1788008911354029,1.307965,1788008911720484096,393738,393739,1788008911717372416,1788008911725705216,0.3734191702432046,8.33272933959961,3.111600875854492,0.6423882378472222,42,36,515.81030818605,307.06698542976466,1,240.3364314223508,308.31537117852224,1
447,507,1788008911388767958,1788008911388768,128292,16.949651956558228,14.943686246871948,1788008911387459,1.308918,1788008911753915904,393742,393743,1788008911750704640,1788008911759038464,0.3853350117297019,8.333683013916016,3.2112598419189453,0.6427381727430556,42,36,515.6103496218072,306.9632869590221,1,240.64810741910068,307.94399483137636,1
448,508,1788008911422198057,1788008911422198,128293,16.983081817626953,14.977116107940674,1788008911420890,1.307964,1788008911787347200,393746,393747,1788008911784037888,1788008911792370688,0.3971274069411462,8.332967758178711,3.3092498779296875,0.6425591362847223,42,35,515.2065805009244,306.9676596241103,1,241.11774888228777,308.24612864113885,1
449,509,1788008911455629110,1788008911455629,128294,17.016512870788574,15.010547161102295,1788008911454319,1.31011,1788008911820779264,393750,393751,1788008911817370112,1788008911825702912,0.40912732474964236,8.33272933959961,3.409147262573242,0.6439561631944445,42,33,514.4368074086386,307.1265502991296,1,241.3179315395869,308.7986872406311,1
450,510,1788008911489059925,1788008911489060,128295,17.049943685531616,15.043977975845337,1788008911487748,1.312017,1788008911854211328,393754,393755,1788008911850702592,1788008911859036160,0.42103907993362705,8.333683013916016,3.5088062286376953,0.6404324001736111,42,32,513.5791605279793,307.3011541507378,1,241.3417048322783,308.8077885484298,1
451,511,1788008911522489071,1788008911522489,128296,17.083373069763184,15.077407360076904,1788008911521178,1.311064,1788008911887641856,393758,393759,1788008911884034816,1788008911892367616,0.4328755364806867,8.33272933959961,3.607034683227539,0.6407335069444444,42,33,512.8166979267463,307.25409010299916,1,241.3472112362891,308.63825975588384,1
452,512,1788008911555919886,1788008911555920,128297,17.116803646087646,15.110837936401367,1788008911554608,1.311779,1788008911921073664,393762,393763,1788008911917367040,1788008911925700864,0.44477184952081245,8.333921432495117,3.706693649291992,0.6444363064236112,42,32,512.5131887626842,307.75693749915547,1,241.5829602464377,308.93891057654105,1
453,513,1788008911589351892,1788008911589352,128298,17.150235891342163,15.144270181655884,1788008911588036,1.315832,1788008911954506752,393766,393767,1788008911950700288,1788008911959033344,0.45681096392091786,8.332967758178711,3.806591033935547,0.6433702256944445,42,32,512.138179890812,308.02797027436617,1,241.81381718465695,308.3655214180591,1
454,514,1788008911622781992,1788008911622782,128299,17.18366575241089,15.17770004272461,1788008911621473,1.308918,1788008911987938048,393770,393771,1788008911984032512,1788008911992365312,0.4686981402002861,8.33272933959961,3.9055347442626953,0.6439588758680556,42,33,511.9979111168069,307.9892385863506,1,241.8466039240509,308.0855637355625,1
455,515,1788008911656213999,1788008911656214,128300,17.217097997665405,15.211132287979126,1788008911654903,1.311064,1788008912021371648,393774,393775,1788008912017364992,1788008912025698560,0.4807747325055788,8.333683013916016,4.006624221801758,0.6472384982638889,42,33,511.64630828638906,307.98401278750634,1,241.84720306790345,308.40106821320006,1
456,516,1788008911689645052,1788008911689645,128301,17.250528812408447,15.244563102722168,1788008911688334,1.311064,1788008912054803712,393778,393779,1788008912050697984,1788008912059031040,0.4926897656719407,8.332967758178711,4.105567932128906,0.6526340060763889,42,38,511.5069955923743,307.87000286716966,1,241.65580331727023,308.5315706317626,1
457,517,1788008911723077059,1788008911723077,128302,17.283961057662964,15.277995347976685,1788008911721764,1.312971,1788008912088236800,393782,393783,1788008912084030464,1788008912092363264,0.5047924236788647,8.332967758178711,4.126548767089844,0.6528564453125,42,37,511.5010588790841,307.60191373212325,1,241.60267258360568,308.65135967314336,1
458,518,1788008911756504059,1788008911756504,128303,17.31738781929016,15.311422109603882,1788008911755200,1.30415,1788008912121666048,393786,393787,1788008912117362688,1788008912125696512,0.5163643645934657,8.333683013916016,4.030466079711914,0.6521565755208333,42,36,511.27507166230123,307.3548234015352,1,241.42974001086907,308.7907483430146,1
459,519,1788008911789937973,1788008911789938,128304,17.35082173347473,15.344856023788452,1788008911788630,1.307964,1788008912155100672,393790,393791,1788008912150695936,1788008912159028736,0.5285836909871244,8.33272933959961,3.9281845092773438,0.6507107204861111,42,36,511.3066011151435,307.1930170973418,1,241.21856654738104,308.76111356407813,1
460,520,1788008911823368073,1788008911823368,128305,17.384252071380615,15.378286361694336,1788008911822059,1.309157,1788008912188531968,393794,393795,1788008912184028160,1788008912192361216,0.540470945037338,8.332967758178711,3.8292407989501953,0.6513807508680556,42,37,511.24146562264093,307.335499163562,1,241.13481911307713,308.82469766444535,1
461,521,1788008911856796026,1788008911856796,128306,17.41767978668213,15.41171407699585,1788008911855489,1.30701,1788008912221960192,393798,393799,1788008912217360384,1788008912225694464,0.5519382062651981,8.333921432495117,3.734111785888672,0.6494927300347222,42,37,510.9111662478725,307.6863720860619,1,241.26637069909467,309.0648250536627,1
462,522,1788008911890227079,1788008911890227,128307,17.45111107826233,15.44514536857605,1788008911888918,1.309156,1788008912255392768,393802,393803,1788008912250693888,1788008912259026432,0.5639198855507869,8.33272933959961,3.633737564086914,0.6497748480902777,42,36,510.8580472579959,307.8035327333193,1,241.5166471720675,309.3309967765476,1
463,523,1788008911923657894,1788008911923658,128308,17.48454189300537,15.478576183319092,1788008911922348,1.309872,1788008912288824576,393806,393807,1788008912284026112,1788008912292358912,0.5758512160228898,8.33272933959961,3.5343170166015625,0.6509168836805556,42,33,510.86297550290834,307.43275521830475,1,241.70918592897368,309.1096544721605,1
464,524,1788008911957087040,1788008911957087,128309,17.51797080039978,15.512005090713501,1788008911955778,1.309156,1788008912322254336,393810,393811,1788008912317359360,1788008912325692160,0.5874391988555079,8.33272933959961,3.4377574920654297,0.6498372395833333,42,32,510.80289810560413,307.4653882871255,1,241.9034578401716,309.1234285712342,1
465,525,1788008911990520000,1788008911990520,128310,17.551403999328613,15.545438289642334,1788008911989208,1.312017,1788008912355688448,393814,393815,1788008912350691584,1788008912359024640,0.5996681067780607,8.332967758178711,3.3359527587890625,0.6503228081597222,42,32,510.4484567960252,308.4211405349832,1,242.0934386987984,309.64032583789503,1
466,526,1788008912023951054,1788008912023951,128311,17.584835052490234,15.578869342803955,1788008912022644,1.307011,1788008912389120512,393818,393819,1788008912384023808,1788008912392357888,0.6115577170647976,8.333921432495117,3.2372474670410156,0.6496039496527778,42,34,510.0278650920409,308.6548478328827,1,242.13837682704764,310.0252323336782,1
467,527,1788008912057393074,1788008912057393,128312,17.618277072906494,15.612311363220215,1788008912056072,1.321077,1788008912422564864,393822,393823,1788008912417357312,1788008912425689856,0.6249499284692418,8.33272933959961,3.1251907348632812,0.6499918619791667,42,33,510.1849804151224,308.7745450776279,1,242.1836514702998,309.84792543320157,1
468,528,1788008912090807915,1788008912090808,128313,17.651691675186157,15.645725965499878,1788008912089503,1.304865,1788008912455980032,393826,393827,1788008912450689536,1788008912459022336,0.6349070100143062,8.33272933959961,3.0422210693359375,0.6490912543402778,42,34,510.36319328155855,308.6187485186653,1,242.22674290178117,309.76871803457226,1
469,529,1788008912124239922,1788008912124240,128314,17.685123682022095,15.679157972335815,1788008912122928,1.312018,1788008912489413120,393830,393831,1788008912484021760,1788008912492355584,0.6469174653125447,8.333921432495117,2.9425621032714844,0.6486328125,42,34,510.42893641080576,308.59549807302864,1,242.2915700682123,309.9636128417136,1
470,530,1788008912157670021,1788008912157670,128315,17.71855401992798,15.7125883102417,1788008912156362,1.307964,1788008912522844160,393834,393835,1788008912517355008,1788008912525687808,0.6587222110955337,8.332967758178711,2.8438568115234375,0.6500461154513889,42,34,510.4268726608207,308.6413391790939,1,242.38028769364493,310.12007702029524,1
471,531,1788008912191102028,1788008912191102,128316,17.751985788345337,15.746020078659058,1788008912189791,1.311064,1788008912556276992,393838,393839,1788008912550687232,1788008912559020032,0.6708154506437768,8.33272933959961,2.7430057525634766,0.6503173828125,42,36,510.35981332854215,308.708991621873,1,242.3729038942178,310.191361950476,1
472,532,1788008912224533081,1788008912224533,128317,17.785416841506958,15.779451131820679,1788008912223221,1.312017,1788008912589709312,393842,393843,1788008912584019712,1788008912592353280,0.6827258682840305,8.333683013916016,2.644062042236328,0.6511447482638889,42,37,510.2998306314361,308.9840028955808,1,242.38703112746214,310.1994875565725,1
473,533,1788008912257965088,1788008912257965,128318,17.818848848342896,15.812883138656616,1788008912256651,1.314163,1788008912623142400,393846,393847,1788008912617352960,1788008912625685760,0.6947925608011445,8.33272933959961,2.543210983276367,0.6498263888888889,42,39,510.19872112321696,309.1205874164805,1,242.45485522225454,310.4836304918356,1
474,534,1788008912291399002,1788008912291399,128319,17.852282762527466,15.846317052841187,1788008912290090,1.308918,1788008912656577280,393850,393851,1788008912650685184,1788008912659017984,0.7071042316385797,8.332967758178711,2.4406909942626953,0.6488145616319444,42,37,510.0817637766939,308.66731076590304,1,242.60578555020103,310.6453646726946,1
475,535,1788008912324831009,1788008912324831,128320,17.885714769363403,15.879749059677124,1788008912323519,1.312018,1788008912690010624,393854,393855,1788008912684017408,1788008912692351232,0.7191245887569733,8.333921432495117,2.3407936096191406,0.6484266493055556,42,35,510.06668907936546,308.454564056815,1,242.74268974104348,310.8318402640129,1
476,536,1788008912358259916,1788008912358260,128321,17.91914391517639,15.913178205490112,1788008912356949,1.310825,1788008912723440896,393858,393859,1788008912717350656,1788008912725683456,0.7308726752503577,8.33272933959961,2.242565155029297,0.6476453993055555,42,35,510.21310372381623,308.5688371970997,1,242.7530389517872,310.8742016929771,1
477,537,1788008912391691923,1788008912391692,128322,17.95257592201233,15.94661021232605,1788008912390378,1.313925,1788008912756873984,393862,393863,1788008912750683136,1788008912759016704,0.7428906562911255,8.333683013916016,2.142667770385742,0.6462917751736111,42,35,510.21195163721325,308.71295425779346,1,242.74548028132983,310.80998634874925,1
478,538,1788008912425122023,1788008912425122,128323,17.986006021499634,15.980040311813354,1788008912423815,1.307011,1788008912790305024,393866,393867,1788008912784016128,1788008912792349184,0.7547137420960773,8.332967758178711,2.0439624786376953,0.6459689670138888,42,36,510.1131066635305,308.9677581718856,1,242.7402463841849,310.53944107888026,1
479,539,1788008912458551884,1788008912458552,128324,18.01943564414978,16.0134699344635,1788008912457244,1.307965,1788008912823736064,393870,393871,1788008912817348608,1788008912825681408,0.7665588967411519,8.332967758178711,1.9452571868896484,0.6451524522569444,42,37,510.1445862767915,308.84273618533496,1,242.75150149133333,310.2925653514584,1
480,540,1788008912491982937,1788008912491983,128325,18.0528666973114,16.046900987625122,1788008912490673,1.309872,1788008912857168384,393874,393875,1788008912850680832,1788008912859014400,0.7784802883790124,8.333683013916016,1.8460750579833984,0.6447265625,42,38,510.2335781756681,308.48172220172825,1,242.94309368429703,310.5316521927608,1
481,541,1788008912525413036,1788008912525413,128326,18.086297035217285,16.080331325531006,1788008912524103,1.31011,1788008912890599936,393878,393879,1788008912884013056,1788008912892345856,0.7904721030042918,8.33272933959961,1.7459392547607422,0.6446343315972223,42,37,510.33647214561466,308.1694998504201,1,243.0347086811841,310.3141761687981,1
482,542,1788008912558840036,1788008912558840,128327,18.11972403526306,16.113758325576782,1788008912557534,1.306057,1788008912924027904,393882,393883,1788008912917345280,1788008912925678336,0.8019513032531258,8.332967758178711,1.6503334045410156,0.6445827907986111,42,36,510.3239062293467,307.64617819079007,1,242.99434466007608,309.8870517402325,1
483,543,1788008912592272043,1788008912592272,128328,18.153156042099,16.14719033241272,1788008912590963,1.309156,1788008912957461248,393886,393887,1788008912950678528,1788008912959011584,0.8139681268061,8.332967758178711,1.5501976013183594,0.6433566623263889,42,35,510.4489892695791,306.6684860103087,1,243.00712762430248,309.32257560270205,1
484,544,1788008912625699997,1788008912625700,128329,18.186583995819092,16.180618286132812,1788008912624393,1.307011,1788008912990890496,393890,393891,1788008912984011008,1788008912992343552,0.8256080114449214,8.33272933959961,1.4531612396240234,0.6437852647569444,42,33,510.45117195826265,306.18111880327916,1,243.0091243082164,308.631676691329,1
485,545,1788008912659131050,1788008912659131,128330,18.220015048980713,16.214049339294434,1788008912657823,1.307964,1788008913024322816,393894,393895,1788008913017343232,1788008913025677056,0.8375007152257252,8.333683013916016,1.354217529296875,0.64384765625,42,38,510.52163381454346,305.75125412433607,1,243.06183549847054,308.20383860311614,1
486,546,1788008912692560911,1788008912692561,128331,18.25344467163086,16.24747896194458,1788008912691252,1.308918,1788008913057753600,393898,393899,1788008913050676224,1788008913059009280,0.849303310348774,8.332967758178711,1.2557506561279297,0.6448703342013888,42,38,510.4388259867661,305.19208994357933,1,243.07771436846951,307.520024525934,1
487,547,1788008912725990057,1788008912725990,128332,18.286874055862427,16.280908346176147,1788008912724682,1.307964,1788008913091184128,393902,393903,1788008913084008704,1788008913092341760,0.8610912420245487,8.332967758178711,1.157522201538086,0.6441026475694445,42,39,510.60081079309185,304.57363018804443,1,243.09678813158496,306.7003254251748,1
488,548,1788008912759418011,1788008912759418,128333,18.32030200958252,16.31433629989624,1788008912758110,1.307965,1788008913124613120,393906,393907,1788008913117340928,1788008913125674752,0.8726039938204497,8.333683013916016,1.0616779327392578,0.6451524522569444,42,39,510.6608658673822,304.1222577620988,1,243.04692079268324,305.7749566202592,1
489,549,1788008912792850971,1788008912792851,128334,18.353734731674194,16.347769021987915,1788008912791540,1.311064,1788008913158046976,393910,393911,1788008913150674432,1788008913159006976,0.8847782546494993,8.33272933959961,0.9601116180419922,0.6453070746527778,42,39,511.01657499162854,303.4390515818714,1,242.8567336198439,305.179561067759,1
490,550,1788008912826276064,1788008912826276,128335,18.387160062789917,16.381194353103638,1788008912824969,1.307011,1788008913191473408,393914,393915,1788008913184006400,1788008913192339456,0.8960830877514234,8.332967758178711,0.865936279296875,0.6437120225694445,42,37,511.300889359405,302.7411143843686,1,242.50616899448818,304.26462224172354,1
491,551,1788008912859707117,1788008912859707,128336,18.420591115951538,16.41462540626526,1788008912858401,1.306057,1788008913224905728,393918,393919,1788008913217338880,1788008913225672704,0.9079673866399657,8.333921432495117,0.7669925689697266,0.6459988064236111,42,38,511.65837773064595,302.15562197404074,1,242.12330121001537,303.4843706737951,1
492,552,1788008912893138885,1788008912893139,128337,18.454022884368896,16.448057174682617,1788008912891830,1.308918,1788008913258338560,393922,393923,1788008913250672128,1788008913259004928,0.9200286123032904,8.33272933959961,0.6663799285888672,0.6433539496527778,42,38,511.99315366900623,301.38877086926186,1,242.00681436752194,303.589101839271,1
493,553,1788008912926567078,1788008912926567,128338,18.48745107650757,16.48148536682129,1788008912925259,1.307965,1788008913291767296,393926,393927,1788008913284004352,1788008913292337152,0.9316165951359084,8.33272933959961,0.5698204040527344,0.6427517361111111,42,39,512.4649267547512,300.7886390865399,1,242.08442303594964,304.1932271245465,1
494,554,1788008912959996939,1788008912959997,128339,18.520880699157715,16.514914989471436,1788008912958689,1.307965,1788008913325197824,393930,393931,1788008913317336576,1788008913325670400,0.9432985266771563,8.333921432495117,0.4725456237792969,0.6426893446180556,42,41,512.5670100929707,300.807662388533,1,242.39050313387753,303.9833595127,1
495,555,1788008912993432999,1788008912993433,128340,18.554316997528076,16.548351287841797,1788008912992119,1.313925,1788008913358635008,393934,393935,1788008913350669824,1788008913359002880,0.9558524791851449,8.332967758178711,0.36787986755371094,0.6413330078125,42,39,512.4848323516782,300.77586736114165,1,242.52600738309218,303.7437516658558,1
496,556,1788008913026854992,1788008913026855,128341,18.587738752365112,16.581773042678833,1788008913025547,1.307964,1788008913392057856,393938,393939,1788008913384002304,1788008913392336128,0.9666142182806465,8.333921432495117,0.27823448181152344,0.6391981336805556,42,39,512.3616613729839,300.9789135577198,1,242.60306212013114,304.1248325269283,1
497,557,1788008913060285091,1788008913060285,128342,18.621169090270996,16.615203380584717,1788008913058976,1.309156,1788008913425489152,393942,393943,1788008913417335552,1788008913425668352,0.9785121602288984,8.33272933959961,0.17905235290527344,0.6401882595486111,42,39,512.1987744955624,301.11773608575555,1,242.95906611468558,304.8626655793563,1
498,558,1788008913093713999,1788008913093714,128343,18.654597759246826,16.648632049560547,1788008913092406,1.307965,1788008913458919168,393946,393947,1788008913450667776,1788008913459000576,0.9902145922746781,8.33272933959961,0.08153915405273438,0.6404541015625,42,39,512.094897668035,301.1968580578853,1,243.2273375040166,304.90051151759116,1
499,559,1788008913127152920,1788008913127153,128344,18.688036680221558,16.68207097053528,1788008913125836,1.317024,1788008913492359168,393951,393952,1788008913492333824,1788008913500666624,0.0030329041487839772,8.33272933959961,0.025272369384765625,0.6400227864583333,42,37,512.0335699711331,301.304991014012,1,243.047551300237,304.282990662982,1
500,560,1788008913160571098,1788008913160571,128345,18.721455097198486,16.715489387512207,1788008913159266,1.305103,1788008913525778944,393955,393956,1788008913525666304,1788008913533998848,0.013533619456366237,8.33272933959961,0.11277198791503906,0.6402533637152777,42,37,511.95704896321877,301.55322352590747,1,243.17301428703962,304.3875725666765,1
501,561,1788008913194001913,1788008913194002,128346,18.75488567352295,16.74891996383667,1788008913192689,1.312971,1788008913559210752,393959,393960,1788008913558998272,1788008913567332352,0.02548991560577886,8.333921432495117,0.2124309539794922,0.6390950520833333,42,37,512.0056611043804,301.9794029441924,1,243.5095214324037,304.6827206396616,1
502,562,1788008913227430105,1788008913227430,128347,18.7883141040802,16.78234839439392,1788008913226127,1.303196,1788008913592640512,393963,393964,1788008913592331520,1788008913600664576,0.03705187262167034,8.332967758178711,0.30875205993652344,0.6375352647569444,42,38,511.76842487175077,302.3188300050747,1,243.7835491332164,305.06463992240657,1
503,563,1788008913260860920,1788008913260861,128348,18.821744918823242,16.815779209136963,1788008913259555,1.305819,1788008913626072064,393967,393968,1788008913625664000,1788008913633996800,0.04898426323319027,8.33272933959961,0.408172607421875,0.6378228081597223,42,38,511.5060309536419,302.3370005193681,1,243.96847902159845,305.5570517536529,1
504,564,1788008913294292927,1788008913294293,128349,18.85517692565918,16.8492112159729,1788008913292986,1.307011,1788008913659505408,393971,393972,1788008913658996224,1788008913667330048,0.061080276935400815,8.333683013916016,0.5090236663818359,0.6387152777777778,42,39,511.18402938751416,302.54574143914056,1,244.0588084771186,305.6780123908933,1
505,565,1788008913327721119,1788008913327721,128350,18.88860511779785,16.882639408111572,1788008913326415,1.306057,1788008913692934400,393975,393976,1788008913692329728,1788008913700662272,0.07258941344778255,8.33272933959961,0.6048679351806641,0.6378445095486112,42,40,510.9626020040338,302.51023732598156,1,244.13423307143586,306.111793371923,1
506,566,1788008913361145020,1788008913361145,128351,18.9220290184021,16.91606330871582,1788008913359837,1.307965,1788008913726359808,393979,393980,1788008913725661696,1788008913733994752,0.08377442705501989,8.332967758178711,0.698089599609375,0.6371473524305555,42,40,510.963128426931,302.4104394605077,1,244.13946998114773,306.95811351977517,1
507,567,1788008913394577026,1788008913394577,128352,18.955461025238037,16.949495315551758,1788008913393266,1.311063,1788008913759793152,393983,393984,1788008913758994176,1788008913767328000,0.09586611357459592,8.333921432495117,0.7989406585693359,0.6366563585069445,42,40,510.9292078953889,302.24940045464746,1,244.25811929722633,307.07058706097064,1
508,568,1788008913428004980,1788008913428005,128353,18.98888874053955,16.98292303085327,1788008913426697,1.307964,1788008913793221888,393987,393988,1788008913792327424,1788008913800660224,0.10735336194563662,8.33272933959961,0.8945465087890625,0.6367404513888889,42,39,510.8494279599725,302.23621932136325,1,244.30237800943888,307.26204123537053,1
509,569,1788008913461433887,1788008913461434,128354,19.02231764793396,17.01635193824768,1788008913460127,1.306772,1788008913826651904,393991,393992,1788008913825659648,1788008913833993472,0.11904216970876008,8.333683013916016,0.9920597076416016,0.6362250434027777,42,39,510.80640582286844,302.27489411116574,1,244.29366633757002,307.50597983706314,1
510,570,1788008913494872093,1788008913494872,128355,19.055755853652954,17.049790143966675,1788008913493556,1.31607,1788008913860091136,393995,393996,1788008913858992896,1788008913867324928,0.13182819698400436,8.332014083862305,1.0983943939208984,0.6339029947916667,42,40,510.6364119595663,302.3673388303209,1,244.1352121184513,307.5008428292091,1
511,571,1788008913528289080,1788008913528289,128356,19.089172840118408,17.08320713043213,1788008913526986,1.303196,1788008913893509376,393999,394000,1788008913892324096,1788008913900656896,0.14223175965665236,8.33272933959961,1.1851787567138672,0.6321044921875,42,39,510.5153366364865,302.5012955767431,1,244.1361779379142,307.76358431507316,1
512,572,1788008913561718941,1788008913561719,128357,19.122602939605713,17.116637229919434,1788008913560408,1.310826,1788008913926940672,394003,394004,1788008913925656576,1788008913933990144,0.15408823024546547,8.333683013916016,1.2841224670410156,0.6313232421875,42,39,510.45450762338515,302.67241339437356,1,244.2975500510562,307.65223000143294,1
513,573,1788008913595149994,1788008913595150,128358,19.156033992767334,17.150068283081055,1788008913593837,1.312971,1788008913960372736,394007,394008,1788008913958989824,1788008913967322624,0.1659513590844063,8.33272933959961,1.3828277587890625,0.62998046875,42,38,510.5932043718665,302.87701149615276,1,244.52105273780904,307.47134999454136,1
514,574,1788008913628576994,1788008913628577,128359,19.18946099281311,17.18349528312683,1788008913627266,1.311064,1788008913993801216,394011,394012,1788008913992322048,1788008914000655872,0.17748533829208982,8.333921432495117,1.4791488647460938,0.6277425130208333,42,38,510.59189155569055,303.01618622626575,1,244.8214051916777,307.825771549538,1
515,575,1788008913662003994,1788008913662004,128360,19.222887754440308,17.21692204475403,1788008913660695,1.308918,1788008914027229184,394015,394016,1788008914025655296,1788008914033988352,0.18886441017424394,8.332967758178711,1.573801040649414,0.6254041883680556,42,37,510.5625258542915,303.1535694886842,1,245.06224485173956,308.1724948960306,1
516,576,1788008913695431948,1788008913695432,128361,19.2563157081604,17.25034999847412,1788008913694125,1.307011,1788008914060658176,394019,394020,1788008914058987520,1788008914067320320,0.20048640915593705,8.33272933959961,1.6705989837646484,0.6248779296875,42,36,510.65198715943893,303.2669269047083,1,245.56700999544753,308.4331634880717,1
517,577,1788008913728861094,1788008913728861,128362,19.289745092391968,17.28377938270569,1788008913727556,1.305104,1788008914094088448,394023,394024,1788008914092320000,1788008914100653568,0.21222177719288207,8.333683013916016,1.7685890197753906,0.6240451388888889,42,35,510.6877828611021,303.3572969533275,1,245.9648226560734,308.62350415732135,1
518,578,1788008913762288094,1788008913762288,128363,19.323172092437744,17.317206382751465,1788008913760985,1.303196,1788008914127516416,394027,394028,1788008914125652992,1788008914133986048,0.2236273640239192,8.332967758178711,1.8634796142578125,0.6230305989583333,42,35,510.7979218176815,303.3888167113715,1,246.21189935801408,308.6743905855851,1
519,579,1788008913795716047,1788008913795716,128364,19.356600046157837,17.350634336471558,1788008913794408,1.307964,1788008914160945152,394031,394032,1788008914158985472,1788008914167318272,0.23518640382249434,8.332967758178711,1.9598007202148438,0.6223822699652778,42,34,510.8787987142438,303.4433360561029,1,246.42830127135466,308.5368012005585,1
520,580,1788008913829143047,1788008913829143,128365,19.390026807785034,17.384061098098755,1788008913827837,1.306057,1788008914194372864,394035,394036,1788008914192317696,1788008914200651520,0.2466098300623677,8.333683013916016,2.0551681518554688,0.622607421875,42,35,511.0235523089217,303.520679656615,1,246.5946357695032,308.9052859679912,1
521,581,1788008913862571955,1788008913862572,128366,19.423455953598022,17.417490243911743,1788008913861267,1.304865,1788008914227803136,394039,394040,1788008914225650944,1788008914233983744,0.2582832618025751,8.33272933959961,2.1522045135498047,0.6214084201388889,42,35,511.3233240285384,303.5855740934654,1,246.61058676024106,308.9171414000226,1
522,582,1788008913896003962,1788008913896004,128367,19.45688772201538,17.4509220123291,1788008913894697,1.307011,1788008914261235968,394043,394044,1788008914258983168,1788008914267316224,0.27034991845726875,8.332967758178711,2.252817153930664,0.6227105034722222,42,34,511.5793857566422,303.61912064722844,1,246.56621861111398,308.9280462970754,1
523,583,1788008913929428101,1788008913929428,128368,19.490312099456787,17.484346389770508,1788008913928119,1.309157,1788008914294661632,394047,394048,1788008914292315392,1788008914300649472,0.2815047918752682,8.333921432495117,2.346038818359375,0.6207546657986112,42,35,511.80606040311204,303.66629886802605,1,246.574179220727,308.84817801271663,1
524,584,1788008913962853909,1788008913962854,128369,19.52373766899109,17.51777195930481,1788008913961549,1.304865,1788008914328088320,394051,394052,1788008914325648896,1788008914333981440,0.29276108726752503,8.33272933959961,2.4394989013671875,0.6242621527777777,42,37,512.0133350915414,303.73479858650114,1,246.57541524589854,308.5943517107347,1
525,585,1788008913996280909,1788008913996281,128370,19.557164669036865,17.551198959350586,1788008913994978,1.302958,1788008914361516544,394055,394056,1788008914358981120,1788008914367313920,0.3042632331902718,8.33272933959961,2.5353431701660156,0.6242513020833333,42,39,512.224121543088,303.85942790968693,1,246.46006730801957,308.23922492957314,1
526,586,1788008914029709101,1788008914029709,128371,19.590592861175537,17.584627151489258,1788008914028399,1.31011,1788008914394945536,394059,394060,1788008914392313344,1788008914400647168,0.31586325275354027,8.333921432495117,2.6323795318603516,0.6257080078125,42,39,512.3930683916534,303.98598017994993,1,246.2083399356462,308.085233463625,1
527,587,1788008914063138008,1788008914063138,128372,19.624022006988525,17.618056297302246,1788008914061829,1.308918,1788008914428376320,394063,394064,1788008914425646592,1788008914433979392,0.3275728877571457,8.332967758178711,2.729654312133789,0.6257486979166667,42,38,512.4825518764242,304.10506445583223,1,246.06433535275252,307.9570466013007,1
528,588,1788008914096565008,1788008914096565,128373,19.657448768615723,17.651483058929443,1788008914095259,1.306057,1788008914461804032,394067,394068,1788008914458978816,1788008914467312896,0.3390072950936919,8.333921432495117,2.8252601623535156,0.6234781901041667,42,38,512.5062590286971,304.19963723603325,1,245.9739700602093,308.0746533330293,1
529,589,1788008914129997015,1788008914129997,128374,19.69088101387024,17.68491530418396,1788008914128689,1.307964,1788008914495237632,394071,394072,1788008914492312320,1788008914500644864,0.35107296137339056,8.33272933959961,2.925395965576172,0.6223985460069444,42,37,512.5202272853867,304.23861693840075,1,245.97167350113224,308.1695942100227,1
530,590,1788008914163422108,1788008914163422,128375,19.724306106567383,17.718340396881104,1788008914162119,1.303196,1788008914528663808,394075,394076,1788008914525644544,1788008914533977344,0.362346208869814,8.33272933959961,3.0193328857421875,0.6202989366319445,42,37,512.4928136322791,304.37322247621233,1,245.95566942110008,308.16426748969434,1
531,591,1788008914196855068,1788008914196855,128376,19.757738828659058,17.75177311897278,1788008914195548,1.30701,1788008914562097664,394079,394080,1788008914558976768,1788008914567310592,0.3745100843942211,8.333921432495117,3.1211376190185547,0.6149441189236111,42,37,512.3611274348633,304.51188880784457,1,245.91523086756038,308.0800949932432,1
532,592,1788008914230288029,1788008914230288,128377,19.79117202758789,17.78520631790161,1788008914228978,1.31011,1788008914595532032,394083,394084,1788008914592310016,1788008914600642816,0.3866556035592687,8.332967758178711,3.2219886779785156,0.6142225477430555,42,37,512.1654073597607,304.651605599863,1,245.76058136108642,308.0223520587522,1
533,593,1788008914263719082,1788008914263719,128378,19.82460308074951,17.818637371063232,1788008914262408,1.311064,1788008914628964096,394087,394088,1788008914625642240,1788008914633975040,0.3986552217453505,8.33272933959961,3.3218860626220703,0.6113335503472223,42,36,511.9821065652112,304.77267591292934,1,245.6863564880648,308.127208774274,1
534,594,1788008914297149897,1788008914297150,128379,19.858033895492554,17.852068185806274,1788008914295837,1.312971,1788008914662396160,394091,394092,1788008914658974720,1788008914667308288,0.41056817531612977,8.333683013916016,3.4215450286865234,0.6111599392361111,42,34,511.85646101771573,304.8650435552071,1,245.62862100748123,308.0998690442983,1
535,595,1788008914330583096,1788008914330583,128380,19.891466856002808,17.88550114631653,1788008914329273,1.310111,1788008914695830272,394095,394096,1788008914692307968,1788008914700640768,0.4227181688125894,8.33272933959961,3.5223960876464844,0.6121419270833334,42,36,511.74363237125374,304.93656472496303,1,245.5152255649893,307.876506813314,1
536,596,1788008914364013910,1788008914364014,128381,19.92489767074585,17.91893196105957,1788008914362703,1.310825,1788008914729262080,394099,394100,1788008914725639936,1788008914733972992,0.43466567480186546,8.332967758178711,3.6220550537109375,0.6116590711805555,42,36,511.6743042859864,305.01626441537974,1,245.29707792583378,307.56992549177045,1
537,597,1788008914397444010,1788008914397444,128382,19.958328008651733,17.952362298965454,1788008914396140,1.303911,1788008914762693888,394103,394104,1788008914758972416,1788008914767306240,0.44654555857531114,8.333921432495117,3.721475601196289,0.6134223090277777,42,37,511.6140838131736,305.11164821879026,1,244.96309763671988,307.13058720440955,1
538,598,1788008914430874109,1788008914430874,128383,19.99175786972046,17.98579216003418,1788008914429563,1.311063,1788008914796124928,394107,394108,1788008914792305664,1788008914800638464,0.4583404864091559,8.33272933959961,3.8192272186279297,0.6113226996527777,42,36,511.59194232214793,305.1883009270684,1,244.6673591701985,306.7222033314533,1
539,599,1788008914464302063,1788008914464302,128384,20.02518606185913,18.01922035217285,1788008914462993,1.309156,1788008914829554432,394111,394112,1788008914825638144,1788008914833971712,0.4699319105109573,8.333683013916016,3.9162635803222656,0.6113552517361112,42,34,511.5560064406502,305.2009679362025,1,244.38907133050128,306.3555019869885,1
540,600,1788008914497749090,1788008914497749,128385,20.058632850646973,18.052667140960693,1788008914496422,1.327038,1788008914863002112,394115,394116,1788008914858971136,1788008914867303168,0.48378973874724585,8.332014083862305,4.030942916870117,0.6153862847222222,42,36,511.4274242145307,305.33004303170475,1,244.14937695392095,305.980310372666,1
541,601,1788008914531157970,1788008914531158,128386,20.092041969299316,18.086076259613037,1788008914529851,1.30701,1788008914896412416,394119,394120,1788008914892302592,1788008914900635136,0.4932188841201717,8.33272933959961,4.109859466552734,0.6210666232638888,42,40,511.35298412661837,305.48544851653253,1,243.98433434085587,305.6822091121423,1
542,602,1788008914564589977,1788008914564590,128387,20.125473976135254,18.119508266448975,1788008914563282,1.307964,1788008914929845248,394123,394124,1788008914925634816,1788008914933968640,0.5052354523087487,8.333683013916016,4.123210906982422,0.6218885633680555,42,38,511.4079320074229,305.4538565612891,1,243.85742276094962,305.6892693204168,1
543,603,1788008914598016977,1788008914598017,128388,20.15890097618103,18.15293526649475,1788008914596710,1.30701,1788008914963273728,394127,394128,1788008914958968064,1788008914967300864,0.5167095851216023,8.33272933959961,4.027128219604492,0.6196343315972223,42,38,511.3595125673495,305.46054482736724,1,243.73502640181073,305.71429228738833,1
544,604,1788008914631444931,1788008914631445,128389,20.192328929901123,18.186363220214844,1788008914630139,1.305819,1788008914996702976,394131,394132,1788008914992300288,1788008915000633344,0.5283396755457641,8.332967758178711,3.930330276489258,0.6204888237847223,42,40,511.21372766519494,305.53067484228035,1,243.75027672763065,305.6114874640582,1
545,605,1788008914664870977,1788008914664871,128390,20.225754737854004,18.219789028167725,1788008914663563,1.307964,1788008915030129920,394135,394136,1788008915025632512,1788008915033966592,0.5396366757259333,8.333921432495117,3.8366317749023438,0.6181640625,42,40,510.9639387399474,305.6380623301131,1,243.78238637914365,305.69510582885357,1
546,606,1788008914698293924,1788008914698294,128391,20.259177923202515,18.253212213516235,1788008914696993,1.300811,1788008915063554048,394139,394140,1788008915058966016,1788008915067298560,0.5506151645207439,8.33272933959961,3.7446022033691406,0.6157199435763889,42,38,510.78056981620404,305.6304611158467,1,243.5137241750641,305.39820334115836,1
547,607,1788008914731722116,1788008914731722,128392,20.292606115341187,18.286640405654907,1788008914730415,1.30701,1788008915096983552,394143,394144,1788008915092298240,1788008915100632064,0.5621960290667735,8.333683013916016,3.648519515991211,0.6176215277777778,42,36,510.4394669148808,305.66046417679087,1,243.45556068034688,305.00399521461617,1
548,608,1788008914765162945,1788008914765163,128393,20.32604694366455,18.32008123397827,1788008914763845,1.317978,1788008915130425088,394147,394148,1788008915125631232,1788008915133964288,0.5752911218563131,8.332967758178711,3.5390853881835938,0.6204806857638889,42,33,510.0637554900538,305.8338648125128,1,243.39961205868696,304.9293051847309,1
549,609,1788008914798579931,1788008914798580,128394,20.359463930130005,18.353498220443726,1788008914797267,1.312971,1788008915163843072,394151,394152,1788008915158963712,1788008915167296768,0.585562644845641,8.332967758178711,3.453493118286133,0.6180799696180556,42,35,509.70423848721276,306.05128950062294,1,243.29682905852653,304.746332481482,1
550,610,1788008914832006931,1788008914832007,128395,20.392890691757202,18.386924982070923,1788008914830696,1.310825,1788008915197270528,394155,394156,1788008915192295936,1788008915200629760,0.5969273902843737,8.333683013916016,3.359079360961914,0.6199951171875,42,32,509.39426036175723,306.13005232275935,1,243.18249332591736,304.4455738128302,1
551,611,1788008914865434885,1788008914865435,128396,20.426318645477295,18.420352935791016,1788008914864126,1.308918,1788008915230699520,394159,394160,1788008915225629440,1788008915233961984,0.6084692417739628,8.33272933959961,3.2625198364257812,0.6198947482638889,42,34,509.30071608305633,306.1271117990043,1,242.94193244851428,304.1751177615832,1
552,612,1788008914898868084,1788008914898868,128397,20.459751844406128,18.45378613471985,1788008914897554,1.314163,1788008915264133888,394163,394164,1788008915258961408,1788008915267294464,0.6207261594804154,8.332967758178711,3.1604766845703125,0.6224283854166667,42,35,509.2289006326216,306.3032215793189,1,242.68541931714867,304.17916634822666,1
553,613,1788008914932296991,1788008914932297,128398,20.493180751800537,18.487215042114258,1788008914930992,1.305103,1788008915297563904,394167,394168,1788008915292293888,1788008915300627712,0.632355886139322,8.333921432495117,3.0639171600341797,0.6219346788194444,42,32,509.25641425008416,305.87504213291845,1,242.55336293768892,304.2574183077111,1
554,614,1788008914965727091,1788008914965727,128399,20.526610851287842,18.520645141601562,1788008914964414,1.31321,1788008915330995200,394171,394172,1788008915325627136,1788008915333959936,0.644206008583691,8.33272933959961,2.9647350311279297,0.6235487196180556,42,31,509.1532563324406,305.9359884306278,1,242.36826144319713,304.20413209694635,1
555,615,1788008914999155045,1788008914999155,128400,20.560038805007935,18.554073095321655,1788008914997846,1.309157,1788008915364424192,394175,394176,1788008915358959360,1788008915367292160,0.6558226037195994,8.33272933959961,2.8679370880126953,0.6266682942708334,42,28,508.7728691172733,306.5064283587676,1,242.21183798583695,303.9712075177279,1
556,616,1788008915032584906,1788008915032585,128401,20.59346890449524,18.58750319480896,1788008915031274,1.310826,1788008915397855488,394179,394180,1788008915392291584,1788008915400625408,0.6676298097553998,8.333921432495117,2.769947052001953,0.6290961371527778,42,37,508.78687452840995,306.4525514482882,1,242.02381726577377,304.0225295804609,1
557,617,1788008915066015005,1788008915066015,128402,20.626898765563965,18.620933055877686,1788008915064705,1.31011,1788008915431286528,394183,394184,1788008915425624832,1788008915433957888,0.6794369259820892,8.332967758178711,2.6712417602539062,0.6295491536458333,42,39,508.6269801362311,306.31895083614864,1,241.8756208725382,304.0580377221479,1
558,618,1788008915099445105,1788008915099445,128403,20.66032886505127,18.65436315536499,1788008915098134,1.311064,1788008915464717824,394187,394188,1788008915458957312,1788008915467291136,0.6912315834644543,8.333921432495117,2.573251724243164,0.6308349609375,42,38,508.5164326773679,306.2765586637461,1,241.7267206901687,304.0761291590385,1
559,619,1788008915132875919,1788008915132876,128404,20.69375991821289,18.68779420852661,1788008915131570,1.305818,1788008915498149888,394191,394192,1788008915492290560,1788008915500623104,0.7031759656652361,8.33272933959961,2.4733543395996094,0.6297661675347223,42,35,508.62604158763213,306.4453924317147,1,241.55976368123234,303.8887594515344,1
560,620,1788008915166311026,1788008915166311,128405,20.727194786071777,18.721229076385498,1788008915164993,1.317978,1788008915531586048,394195,394196,1788008915525622784,1788008915533955584,0.7156509298998569,8.33272933959961,2.369403839111328,0.6308051215277778,42,35,508.55258284735794,306.52725642515446,1,241.52616548446076,303.57379737118197,1
561,621,1788008915199733019,1788008915199733,128406,20.760616779327393,18.754651069641113,1788008915198421,1.312018,1788008915565009408,394199,394200,1788008915558955008,1788008915567288832,0.7264768988699757,8.333921432495117,2.279520034790039,0.6317545572916666,42,35,508.7101522359202,306.50122137543434,1,241.43058689375093,303.5384928798207,1
562,622,1788008915233164072,1788008915233164,128407,20.794047832489014,18.788082122802734,1788008915231851,1.312971,1788008915598441728,394203,394204,1788008915592288256,1788008915600621312,0.7384338073302623,8.332967758178711,2.1796226501464844,0.6321153428819445,42,34,508.8048097771684,306.29505824140676,1,241.52324679724614,303.7143139629434,1
563,623,1788008915266588926,1788008915266589,128408,20.827472686767578,18.8215069770813,1788008915265281,1.307964,1788008915631867392,394207,394208,1788008915625620480,1788008915633953280,0.7496709585121603,8.33272933959961,2.0859241485595703,0.6326524522569444,42,34,508.8054101303506,305.79147732348804,1,241.73523307117574,304.16414965240324,1
564,624,1788008915300021887,1788008915300022,128409,20.860905647277832,18.854939937591553,1788008915298711,1.310826,1788008915665301504,394211,394212,1788008915658952960,1788008915667286528,0.7618012244664416,8.333683013916016,1.9850730895996094,0.6317843967013889,42,36,508.66383798248796,306.28369431824973,1,241.80004375950742,304.0798818861029,1
565,625,1788008915333452940,1788008915333453,128410,20.894336938858032,18.888371229171753,1788008915332141,1.312017,1788008915698734080,394215,394216,1788008915692286208,1788008915700619008,0.77379113018598,8.33272933959961,1.8849372863769531,0.6333767361111111,42,33,508.496421345372,306.73850245654813,1,241.8037462731561,303.72695629411214,1
566,626,1788008915366882086,1788008915366882,128411,20.92776584625244,18.921800136566162,1788008915365571,1.311064,1788008915732164096,394219,394220,1788008915725618432,1788008915733951232,0.7855283110640611,8.332967758178711,1.7871856689453125,0.6337158203125,42,35,508.4980779368901,307.0563459458562,1,241.85589894318372,303.5670049936337,1
567,627,1788008915400310040,1788008915400310,128412,20.961193799972534,18.955228090286255,1788008915399000,1.310111,1788008915765593088,394223,394224,1788008915758950656,1788008915767284736,0.7970247461021314,8.333921432495117,1.691579818725586,0.6338487413194445,42,39,508.482813595426,307.34074763114984,1,241.95166721176895,303.6742995545228,1
568,628,1788008915433737040,1788008915433737,128413,20.99462080001831,18.98865509033203,1788008915432430,1.307011,1788008915799021568,394227,394228,1788008915792283904,1788008915800616704,0.808555078683834,8.33272933959961,1.5952587127685547,0.6351399739583333,42,37,508.47997034549513,307.5063806451774,1,242.0489292645016,303.8049735131523,1
569,629,1788008915467163086,1788008915467163,128414,21.02804708480835,19.02208137512207,1788008915465859,1.30415,1788008915832449024,394231,394232,1788008915825616384,1788008915833949184,0.8199713876967096,8.33272933959961,1.5001296997070312,0.6336859809027777,42,38,508.3912983791206,307.52546426671233,1,242.07218506266582,303.91338508620356,1
570,630,1788008915500591040,1788008915500591,128415,21.061475038528442,19.055509328842163,1788008915499280,1.311064,1788008915865878016,394235,394236,1788008915858948352,1788008915867281408,0.8315928013504621,8.332967758178711,1.4033317565917969,0.6318956163194445,42,34,508.38042621793153,307.6544676307303,1,242.09322099663558,303.80400267685474,1
571,631,1788008915534020901,1788008915534021,128416,21.09490466117859,19.08893895149231,1788008915532710,1.310826,1788008915899308800,394239,394240,1788008915892280832,1788008915900613632,0.8434048640915593,8.33272933959961,1.3048648834228516,0.6341986762152778,42,36,508.5149992648569,307.75577421926045,1,242.03724145628877,303.7252557415377,1
572,632,1788008915567446947,1788008915567447,128417,21.128330945968628,19.12236523628235,1788008915566148,1.298904,1788008915932736256,394243,394244,1788008915925613056,1788008915933946880,0.8547233506894776,8.333683013916016,1.2106895446777344,0.6359076605902778,42,38,508.70324241106766,307.9211621960841,1,242.0552809633945,303.8123959919419,1
573,633,1788008915600872993,1788008915600873,128418,21.16175675392151,19.15579104423523,1788008915599570,1.302957,1788008915966163200,394247,394248,1788008915958946560,1788008915967279104,0.866065808297568,8.33272933959961,1.116037368774414,0.6346761067708333,42,38,508.8932038183035,308.1657596482046,1,242.0179881570299,304.06498931489693,1
574,634,1788008915634301901,1788008915634302,128419,21.195185899734497,19.189220190048218,1788008915632994,1.307964,1788008915999592960,394251,394252,1788008915992278528,1788008916000611584,0.8777717375754628,8.332967758178711,1.018524169921875,0.6343071831597222,42,38,509.0216336093829,308.37445975598604,1,241.88647862476114,304.01579174039864,1
575,635,1788008915667731047,1788008915667731,128420,21.228614807128906,19.222649097442627,1788008915666423,1.307965,1788008916033022976,394255,394256,1788008916025611008,1788008916033944832,0.8893720497782863,8.333921432495117,0.9219646453857422,0.6345133463541667,42,39,509.0874101361408,308.56318301592927,1,241.74082380114967,303.9193323891487,1
576,636,1788008915701164007,1788008915701164,128421,21.26204800605774,19.25608229637146,1788008915699852,1.312017,1788008916066456832,394259,394260,1788008916058944256,1788008916067277056,0.9015736766809728,8.33272933959961,0.820159912109375,0.6350775824652778,42,38,509.0774197024482,308.67961604327314,1,241.64495103992587,304.0062976919103,1
577,637,1788008915734591007,1788008915734591,128422,21.295474767684937,19.289509057998657,1788008915733282,1.308918,1788008916099884800,394263,394264,1788008916092276480,1788008916100610304,0.9129427247239229,8.333683013916016,0.7255077362060547,0.635400390625,42,38,509.0114709305191,308.7293064592318,1,241.458300313364,304.0006903410562,1
578,638,1788008915768019915,1788008915768020,128423,21.328903913497925,19.322938203811646,1788008915766710,1.309872,1788008916133315072,394267,394268,1788008916125609728,1788008916133942528,0.9246945724013619,8.332967758178711,0.6275177001953125,0.6336886935763889,42,34,508.9843148805205,308.68871345934883,1,241.18813815103118,303.9193591247365,1
579,639,1788008915801450014,1788008915801450,128424,21.36233377456665,19.35636806488037,1788008915800139,1.311064,1788008916166746112,394271,394272,1788008916158941952,1788008916167275008,0.9365397270464364,8.332967758178711,0.5288124084472656,0.6317518446180556,42,34,508.97673203612715,308.4287759252174,1,240.98909490814628,303.94485197921847,1
580,640,1788008915834877968,1788008915834878,128425,21.395761728286743,19.389796018600464,1788008915833570,1.307964,1788008916200175104,394275,394276,1788008916192274432,1788008916200608000,0.9480460033186474,8.333683013916016,0.4329681396484375,0.6302544487847223,42,33,508.88159877941723,308.3406263571267,1,240.90830932862994,303.7563201239939,1
581,641,1788008915868313074,1788008915868313,128426,21.429197072982788,19.42323136329651,1788008915867001,1.312017,1788008916233611520,394279,394280,1788008916225607680,1788008916233940480,0.9605436337625178,8.33272933959961,0.3287792205810547,0.6300428602430556,42,36,508.96822670352276,308.7757368954984,1,241.0524738509555,303.673094509054,1
582,642,1788008915901742935,1788008915901743,128427,21.462626695632935,19.456660985946655,1788008915900437,1.305818,1788008916267042304,394283,394284,1788008916258939648,1788008916267272704,0.9723613058281594,8.332967758178711,0.23031234741210938,0.6282118055555556,42,33,508.9104196448857,308.8810238723499,1,241.31051771842425,303.7549333050655,1
583,643,1788008915935175896,1788008915935176,128428,21.496059894561768,19.49009418487549,1788008915933865,1.310826,1788008916300476672,394287,394288,1788008916292272128,1788008916300605952,0.9844943498784151,8.333921432495117,0.12922286987304688,0.6277859157986111,42,37,508.9409853973175,308.8553341747084,1,241.5157268322098,303.73288691068615,1
584,644,1788008915968604088,1788008915968604,128429,21.52948808670044,19.52352237701416,1788008915967296,1.308203,1788008916333906176,394291,394292,1788008916325605376,1788008916333938176,0.9961659513590844,8.33272933959961,0.031948089599609375,0.6248752170138889,42,37,509.13760603650155,308.9181964778854,1,241.65575159818985,303.86595899148307,1
585,645,1788008916002033949,1788008916002034,128430,21.562917709350586,19.556951999664307,1788008916000726,1.307964,1788008916367336960,394296,394297,1788008916367270400,1788008916375604480,0.007981690745243885,8.333921432495117,0.06651878356933594,0.6281711154513889,42,36,509.39428013401516,308.94696467120184,1,241.73268302137058,304.0410139773121,1
586,646,1788008916035464048,1788008916035464,128431,21.59634780883789,19.59038209915161,1788008916034155,1.309156,1788008916400768000,394300,394301,1788008916400603648,1788008916408936448,0.01971387696709585,8.33272933959961,0.16427040100097656,0.6283393012152778,42,37,509.62909903007267,309.1270260381085,1,241.69267381222184,304.04672841460666,1
587,647,1788008916068895102,1788008916068895,128432,21.62977886199951,19.623813152313232,1788008916067585,1.310111,1788008916434200320,394304,394305,1788008916433936128,1788008916442268928,0.03170243204577969,8.33272933959961,0.26416778564453125,0.6282823350694444,42,38,509.69438208175063,309.29400133446404,1,241.74839697497237,304.1891052143741,1
588,648,1788008916102325916,1788008916102326,128433,21.663209915161133,19.657244205474854,1788008916101015,1.310825,1788008916467632640,394308,394309,1788008916467268352,1788008916475602176,0.043713345730224576,8.333921432495117,0.3643035888671875,0.6265923394097223,42,38,509.7135239581271,309.46863823116325,1,241.75614622745445,304.32742806699963,1
589,649,1788008916135759115,1788008916135759,128434,21.696642875671387,19.690677165985107,1788008916134446,1.313209,1788008916501067008,394312,394313,1788008916500601600,1788008916508934400,0.05584961803667993,8.332967758178711,0.46539306640625,0.6261908637152778,42,35,509.7251838219448,309.01250115476927,1,241.77897292223065,304.3959511889917,1
590,650,1788008916169188976,1788008916169189,128435,21.730072736740112,19.724107027053833,1788008916167881,1.307964,1788008916534498048,394316,394317,1788008916533933824,1788008916542267904,0.06768702617651266,8.333921432495117,0.5640983581542969,0.627880859375,42,37,509.9145198448829,309.441715212496,1,241.81841437520367,304.5377466545978,1
591,651,1788008916202622890,1788008916202623,128436,21.76350688934326,19.757541179656982,1788008916201311,1.311779,1788008916567933440,394320,394321,1788008916567267072,1788008916575599872,0.07994277539341917,8.33272933959961,0.6661415100097656,0.6286349826388888,42,39,510.0341117562642,309.69130914646166,1,241.85897895532582,304.62231531228,1
592,652,1788008916236054897,1788008916236055,128437,21.79693865776062,19.79097294807434,1788008916234741,1.313924,1788008916601366016,394324,394325,1788008916600599552,1788008916608932352,0.09198855507868384,8.33272933959961,0.7665157318115234,0.6287109375,42,38,509.9164613207591,309.77836836809536,1,241.89614381224288,304.83024372724014,1
593,653,1788008916269484997,1788008916269485,128438,21.830368995666504,19.824403285980225,1788008916268178,1.307011,1788008916634797568,394328,394329,1788008916633931520,1788008916642265600,0.10390502074095265,8.333921432495117,0.865936279296875,0.6274169921875,42,38,509.9491939086814,309.8977157945873,1,241.87444759409058,305.15490114665624,1
594,654,1788008916302915096,1788008916302915,128439,21.86379885673523,19.85783314704895,1788008916301608,1.30701,1788008916668228608,394332,394333,1788008916667265024,1788008916675597824,0.11564762095505136,8.332967758178711,0.9636878967285156,0.6266818576388888,42,38,509.86983751700336,310.0981269977228,1,241.93311571726855,305.72661880377314,1
595,655,1788008916336340904,1788008916336341,128440,21.89722490310669,19.89125919342041,1788008916335038,1.302957,1788008916701655808,394336,394337,1788008916700597248,1788008916708930048,0.12703862660944207,8.33272933959961,1.0585784912109375,0.6264431423611111,42,37,509.7079778844419,310.3224239057146,1,242.0012670484059,306.0237649019868,1
596,656,1788008916369770050,1788008916369770,128441,21.9306538105011,19.92468810081482,1788008916368459,1.311064,1788008916735085824,394340,394341,1788008916733929728,1788008916742263296,0.13872518166733422,8.333683013916016,1.1560916900634766,0.6264919704861112,42,38,509.5992285911285,310.46701421484767,1,242.07854125957766,306.16157257299506,1
597,657,1788008916403201103,1788008916403201,128442,21.96408486366272,19.95811915397644,1788008916401890,1.311064,1788008916768518144,394344,394345,1788008916767262976,1788008916775595776,0.15064377682403435,8.33272933959961,1.2552738189697266,0.625439453125,42,37,509.5486980608963,310.34082717690717,1,242.2204804205736,306.28932042330774,1
598,658,1788008916436630964,1788008916436631,128443,21.997514963150024,19.991549253463745,1788008916435324,1.30701,1788008916801949440,394348,394349,1788008916800594944,1788008916808928000,0.16254184429630053,8.332967758178711,1.3544559478759766,0.6241455078125,42,38,509.54686858839034,310.4645508513414,1,242.34265871568644,306.5291264632283,1
599,659,1788008916470062017,1788008916470062,128444,22.030946016311646,20.024980306625366,1788008916468755,1.30701,1788008916835381760,394352,394353,1788008916833927424,1788008916842261248,0.17451008439422114,8.333921432495117,1.4543533325195312,0.6255181206597222,42,37,509.53435144661626,310.63610016019857,1,242.3152575565266,306.6192755824503,1
600,660,1788008916503494024,1788008916503494,128445,22.064378023147583,20.058412313461304,1788008916502185,1.308918,1788008916868814592,394356,394357,1788008916867259648,1788008916875592448,0.18660944206008584,8.33272933959961,1.5549659729003906,0.6216417100694445,42,35,509.5079641160943,310.7242494020477,1,242.25767241049823,306.60506527562103,1
601,661,1788008916536922932,1788008916536923,128446,22.097806692123413,20.091840982437134,1788008916535614,1.308918,1788008916902244608,394360,394361,1788008916900591872,1788008916908925696,0.19831211557717066,8.333921432495117,1.6527175903320312,0.6223470052083333,42,34,509.5016303722074,310.84463129987165,1,242.1227147105314,306.50370877141245,1
602,662,1788008916570353031,1788008916570353,128447,22.131237030029297,20.125271320343018,1788008916569046,1.30701,1788008916935676160,394364,394365,1788008916933925120,1788008916942258176,0.21012274326914823,8.332967758178711,1.750946044921875,0.6217122395833333,42,33,509.4870183924677,310.9359622454427,1,241.97420973116908,306.3699432742131,1
603,663,1788008916603785992,1788008916603786,128448,22.16466975212097,20.158704042434692,1788008916602475,1.311064,1788008916969109504,394368,394369,1788008916967257600,1788008916975590144,0.22226037195994278,8.33272933959961,1.8520355224609375,0.6209581163194444,42,35,509.41110110888667,311.1207937750183,1,242.00408104177552,306.3431400721993,1
604,664,1788008916637238026,1788008916637238,128449,22.198121786117554,20.192156076431274,1788008916635904,1.333952,1788008917002562560,394372,394373,1788008917000589824,1788008917008923648,0.2367111060250615,8.333683013916016,1.9726753234863281,0.6227647569444444,42,33,509.33492106196013,311.0803937061771,1,242.16443424148014,306.7262379136296,1
605,665,1788008916670646906,1788008916670647,128450,22.23153066635132,20.22556495666504,1788008916669340,1.307011,1788008917035972096,394376,394377,1788008917033923072,1788008917042255872,0.24589413447782546,8.33272933959961,2.048969268798828,0.6224527994791667,42,33,509.24924712340805,311.0382328761729,1,242.2492338131147,306.93936678716204,1
606,666,1788008916704075098,1788008916704075,128451,22.26495885848999,20.25899314880371,1788008916702771,1.30415,1788008917069401600,394380,394381,1788008917067255296,1788008917075588352,0.2575605848187462,8.332967758178711,2.1462440490722656,0.6233072916666667,42,31,509.181768681724,310.960466878974,1,242.2498884430748,306.7843487042008,1
607,667,1788008916737504959,1788008916737505,128452,22.298388957977295,20.292423248291016,1788008916736192,1.312971,1788008917102832640,394384,394385,1788008917100587520,1788008917108921600,0.269374910599342,8.333921432495117,2.2449493408203125,0.6225287543402778,42,31,509.1557333375266,310.9139538241195,1,242.2999789366488,306.64452258858927,1
608,668,1788008916770932913,1788008916770933,128453,22.331816911697388,20.32585120201111,1788008916769629,1.303911,1788008917136261632,394388,394389,1788008917133921024,1788008917142253568,0.2809155937052933,8.33272933959961,2.3407936096191406,0.6216145833333333,42,31,509.0038278008236,310.78464119220916,1,242.53195331718052,306.55533164070306,1
609,669,1788008916804364920,1788008916804365,128454,22.365248680114746,20.359282970428467,1788008916803051,1.313925,1788008917169694464,394392,394393,1788008917167253248,1788008917175586816,0.2929278480288379,8.333683013916016,2.4411678314208984,0.6276828342013889,42,34,508.7724628781069,310.6091955098172,1,242.6260912376664,306.3228568104396,1
610,670,1788008916837794065,1788008916837794,128455,22.398677825927734,20.392712116241455,1788008916836481,1.312971,1788008917203124992,394396,394397,1788008917200586240,1788008917208919296,0.304655088552545,8.332967758178711,2.5386810302734375,0.6313368055555556,42,34,508.5538832712053,310.17369940495905,1,242.57948609688634,305.96429810659663,1
611,671,1788008916871225119,1788008916871225,128456,22.432108879089355,20.426143169403076,1788008916869918,1.307011,1788008917236557312,394400,394401,1788008917233918720,1788008917242251520,0.3166433006208692,8.332967758178711,2.638578414916992,0.6292995876736112,42,34,508.3114026867257,310.08164023611914,1,242.525022718528,305.6783570184677,1
612,672,1788008916904652119,1788008916904652,128457,22.465535879135132,20.459570169448853,1788008916903348,1.30415,1788008917269985536,394404,394405,1788008917267250944,1788008917275584768,0.3281169537105911,8.333683013916016,2.7344226837158203,0.6300509982638889,42,32,508.1629183834731,309.95177529290527,1,242.60111481352493,305.5723252944384,1
613,673,1788008916938080072,1788008916938080,128458,22.498963832855225,20.492998123168945,1788008916936770,1.31011,1788008917303414272,394408,394409,1788008917300584192,1788008917308916992,0.33962804005722463,8.33272933959961,2.830028533935547,0.6283664279513889,42,28,508.03308903763696,309.81246470762864,1,242.79563547522366,305.780272373732,1
614,674,1788008916971506119,1788008916971506,128459,22.532390117645264,20.526424407958984,1788008916970201,1.305104,1788008917336841728,394412,394413,1788008917333916416,1788008917342249472,0.3510629166547452,8.332967758178711,2.925395965576172,0.6282009548611112,42,28,508.13352981393336,309.347202647398,1,242.98664892385005,305.77285904090604,1
615,675,1788008917004936934,1788008917004937,128460,22.565820932388306,20.559855222702026,1788008917003628,1.308918,1788008917370273536,394416,394417,1788008917367248896,1788008917375582720,0.36295236732942354,8.333921432495117,3.0248165130615234,0.6263481987847223,42,24,508.12198906452784,308.76246718786103,1,243.0525563354177,305.51418875261334,1
616,676,1788008917038363934,1788008917038364,128461,22.599247694015503,20.593281984329224,1788008917037059,1.304865,1788008917403701760,394420,394421,1788008917400582144,1788008917408914688,0.37439198855507866,8.33272933959961,3.1197071075439453,0.6229356553819444,42,23,507.88938591116846,309.0427231146192,1,243.23042300802973,305.2418046220471,1
617,677,1788008917071791887,1788008917071792,128462,22.632675647735596,20.626709938049316,1788008917070488,1.303911,1788008917437131008,394424,394425,1788008917433914368,1788008917442247168,0.3860085836909871,8.33272933959961,3.2165050506591797,0.6185465494791667,42,21,507.6134063511487,309.2593281059421,1,243.3115613260096,305.0546091566904,1
618,678,1788008917105220079,1788008917105220,128463,22.666104078292847,20.660138368606567,1788008917103911,1.309156,1788008917470560512,394428,394429,1788008917467246848,1788008917475580416,0.3976368942038107,8.333683013916016,3.313779830932617,0.617431640625,42,18,507.77434824545253,309.2281848790352,1,243.28864365542955,304.6843302025118,1
619,679,1788008917138652086,1788008917138652,128464,22.699536085128784,20.693570375442505,1788008917137341,1.311064,1788008917503993856,394432,394433,1788008917500579840,1788008917508912896,0.40968784870246916,8.332967758178711,3.4139156341552734,0.6187906901041667,42,20,507.96723663110174,309.0853040185944,1,243.24922942101844,304.21840458180793,1
620,680,1788008917172082901,1788008917172083,128465,22.732966899871826,20.727001190185547,1788008917170771,1.312017,1788008917537425664,394436,394437,1788008917533912064,1788008917542244864,0.4216595135908441,8.33272933959961,3.5135746002197266,0.6189344618055556,42,21,507.83976661799437,309.12452615801965,1,243.3390699427342,304.22427748801493,1
621,681,1788008917205513000,1788008917205513,128466,22.76639676094055,20.760431051254272,1788008917204207,1.306056,1788008917570856704,394440,394441,1788008917567245568,1788008917575578112,0.43339055793991416,8.33272933959961,3.611326217651367,0.6196994357638889,42,21,507.7766148892431,309.1816541170653,1,243.48504802273203,304.42369553726513,1
622,682,1788008917238941908,1788008917238942,128467,22.79982590675354,20.79386019706726,1788008917237636,1.305819,1788008917604287488,394444,394445,1788008917600577792,1788008917608910592,0.4451788268955651,8.33272933959961,3.709554672241211,0.6180148654513888,42,21,507.7830503517933,309.3651412261144,1,243.50312321879002,304.53285108682616,1
623,683,1788008917272373915,1788008917272374,128468,22.833257913589478,20.8272922039032,1788008917271067,1.307011,1788008917637720576,394448,394449,1788008917633910016,1788008917642243840,0.4572450293234158,8.333921432495117,3.8106441497802734,0.6165283203125,42,18,507.6408789326522,309.04966992030734,1,243.42341230948142,304.3693113207068,1
624,684,1788008917305807114,1788008917305807,128469,22.86669087409973,20.860725164413452,1788008917304497,1.31011,1788008917671154432,394452,394453,1788008917667243264,1788008917675576320,0.46937140568224084,8.332967758178711,3.911256790161133,0.6188368055555555,42,17,507.5522537399353,309.07248609496895,1,243.32571448405272,304.2879056196854,1
625,685,1788008917339237928,1788008917339238,128470,22.900121688842773,20.894155979156494,1788008917337924,1.313924,1788008917704586240,394456,394457,1788008917700575488,1788008917708908288,0.48131616595135907,8.33272933959961,4.010677337646484,0.6202311197916667,42,14,507.37902235159584,308.94515867141934,1,243.26547207965575,303.9104615056244,1
626,686,1788008917372672081,1788008917372672,128471,22.933555841445923,20.927590131759644,1788008917371355,1.317024,1788008917738021632,394460,394461,1788008917733907968,1788008917742241536,0.49362018653086914,8.333683013916016,4.113674163818359,0.6282769097222223,42,15,507.3249061649485,308.82185321485775,1,243.37980623430536,303.6090966468947,1
627,687,1788008917406104088,1788008917406104,128472,22.96698784828186,20.96102213859558,1788008917404792,1.312018,1788008917771454720,394464,394465,1788008917767241216,1788008917775574016,0.5056652360515022,8.33272933959961,4.119157791137695,0.6270155164930555,42,16,507.30755743313864,308.5651615696527,1,243.50747978429138,303.4409081975267,1
628,688,1788008917439538002,1788008917439538,128473,23.00042176246643,20.99445605278015,1788008917438223,1.315117,1788008917804889856,394468,394469,1788008917800573440,1788008917808906240,0.5180109295871362,8.332967758178711,4.016399383544922,0.6253553602430556,42,15,507.252484741789,308.09847653357764,1,243.60170078986175,303.11938597102926,1
629,689,1788008917472969055,1788008917472969,128474,23.03385281562805,21.027887105941772,1788008917471660,1.309156,1788008917838321920,394472,394473,1788008917833905664,1788008917842239744,0.5299098841367472,8.333921432495117,3.917694091796875,0.6255262586805556,42,15,507.19795384389,307.62573991349655,1,243.7407457133599,302.9904234928903,1
630,690,1788008917506398916,1788008917506399,128475,23.067282915115356,21.061317205429077,1788008917505089,1.309871,1788008917871752704,394476,394477,1788008917867238144,1788008917875570688,0.5418025751072961,8.33272933959961,3.818035125732422,0.6250434027777778,42,13,506.9550883473711,307.2506023217487,1,243.7757013073398,302.85941964593144,1
631,691,1788008917539829969,1788008917539830,128476,23.100713968276978,21.0947482585907,1788008917538518,1.312017,1788008917905184768,394480,394481,1788008917900570112,1788008917908904192,0.5537119153196968,8.333921432495117,3.719329833984375,0.6251546223958333,42,13,506.8104537628045,307.21782777584207,1,243.86234876068494,302.67052538245395,1
632,692,1788008917573257923,1788008917573258,128477,23.13414192199707,21.12817621231079,1788008917571950,1.307964,1788008917938613504,394484,394485,1788008917933903360,1788008917942236416,0.5652198792595348,8.332967758178711,3.6230087280273438,0.6230523003472223,42,17,506.7328436463625,307.2645298883787,1,244.03626210848233,302.5988105159999,1
633,693,1788008917606684923,1788008917606685,128478,23.167568683624268,21.16160297393799,1788008917605379,1.305818,1788008917972041472,394488,394489,1788008917967235840,1788008917975568640,0.5767095851216023,8.33272933959961,3.5271644592285156,0.6255018446180556,42,19,506.7595917383429,307.29088744839504,1,244.18546765785294,302.40951397921907,1
634,694,1788008917640115976,1788008917640116,128479,23.20099973678589,21.19503402709961,1788008917638807,1.308918,1788008918005473536,394492,394493,1788008918000568064,1788008918008901888,0.5886307718716027,8.333683013916016,3.428220748901367,0.6226996527777777,42,17,506.8326433828518,307.3700314726251,1,244.25244926498362,302.26857661544824,1
635,695,1788008917673544884,1788008917673545,128480,23.234428882598877,21.228463172912598,1788008917672237,1.307965,1788008918038904064,394496,394497,1788008918033901568,1788008918042234112,0.6003433476394849,8.33272933959961,3.330230712890625,0.6249891493055556,42,17,506.8617394578319,307.4185575964175,1,244.35819008309903,302.3488194759925,1
636,696,1788008917706973076,1788008917706973,128481,23.26785707473755,21.26189136505127,1788008917705667,1.306057,1788008918072333056,394500,394501,1788008918067233536,1788008918075566592,0.6119710451775343,8.332967758178711,3.2334327697753906,0.6250461154513889,42,17,506.8913641386431,307.4259821333383,1,244.50627482375796,302.254892373635,1
637,697,1788008917740401983,1788008917740402,128482,23.30128574371338,21.2953200340271,1788008917739096,1.306057,1788008918105763072,394504,394505,1788008918100566016,1788008918108899840,0.6236017737090545,8.333921432495117,3.136873245239258,0.6256157769097223,42,21,506.99767708352977,307.45986784513065,1,244.6033675078768,302.27562527401363,1
638,698,1788008917773830891,1788008917773831,128483,23.334714889526367,21.328749179840088,1788008917772527,1.303912,1788008918139193344,394508,394509,1788008918133899264,1788008918142232064,0.6353361945636624,8.33272933959961,3.038644790649414,0.6255669487847222,42,22,506.9770297855639,307.29365391476057,1,244.6604937699093,302.00181724639583,1
639,699,1788008917807262897,1788008917807263,128484,23.368146896362305,21.362181186676025,1788008917805956,1.30701,1788008918172626432,394512,394513,1788008918167231488,1788008918175564288,0.6474391988555078,8.33272933959961,2.937793731689453,0.6263699001736112,42,23,507.1106199849221,307.2180362327529,1,244.7114646947435,302.002994571949,1
640,700,1788008917840692997,1788008917840693,128485,23.40157675743103,21.39561104774475,1788008917839386,1.307011,1788008918206057472,394516,394517,1788008918200564736,1788008918208897536,0.659170243204578,8.33272933959961,2.8400421142578125,0.6263807508680556,42,23,507.14875480628484,307.10994869025836,1,244.59116736502529,301.6593268091158,1
641,701,1788008917874126911,1788008917874127,128486,23.4350106716156,21.42904496192932,1788008917872816,1.310825,1788008918239492864,394520,394521,1788008918233896960,1788008918242230016,0.6715401562187062,8.332967758178711,2.7370452880859375,0.6275390625,42,28,507.01229577568984,307.1231063095839,1,244.60209528123806,301.32844291061326,1
642,702,1788008917907546997,1788008917907547,128487,23.468430757522583,21.462465047836304,1788008917906236,1.311064,1788008918272914176,394524,394525,1788008918267229440,1788008918275563008,0.6821536877038393,8.333683013916016,2.6488304138183594,0.6280029296875,42,28,506.9517362791112,307.156854885271,1,244.55475204666016,301.19012590401417,1
643,703,1788008917940973043,1788008917940973,128488,23.501857042312622,21.495891332626343,1788008917939666,1.30701,1788008918306341632,394528,394529,1788008918300562688,1788008918308895232,0.6935336194563663,8.33272933959961,2.553701400756836,0.6291368272569444,42,31,506.9470722049251,307.0779851587677,1,244.51009732750816,301.0320349504341,1
644,704,1788008917974402905,1788008917974403,128489,23.53528666496277,21.52932095527649,1788008917973096,1.307011,1788008918339772160,394532,394533,1788008918333894912,1788008918342227712,0.7053218884120172,8.33272933959961,2.455472946166992,0.6287000868055556,42,29,506.8793529227613,307.04636040422537,1,244.50468046418197,301.00313302307893,1
645,705,1788008918007827997,1788008918007828,128490,23.568711757659912,21.562746047973633,1788008918006518,1.31011,1788008918373198592,394536,394537,1788008918367227136,1788008918375560960,0.7165212415963381,8.333921432495117,2.362489700317383,0.62919921875,42,33,506.80784095833576,306.80050885458706,1,244.43303539049606,301.0373639494519,1
646,706,1788008918041253090,1788008918041253,128491,23.602137088775635,21.596171379089355,1788008918039948,1.305103,1788008918406624768,394540,394541,1788008918400560384,1788008918408893184,0.7277825464949929,8.33272933959961,2.2683143615722656,0.6292236328125,42,27,506.63138179050475,306.7242578270111,1,244.32726872226078,301.1089528178191,1
647,707,1788008918074680090,1788008918074680,128492,23.635563850402832,21.629598140716553,1788008918073371,1.309156,1788008918440052992,394544,394545,1788008918433892608,1788008918442225408,0.7392846924177396,8.33272933959961,2.1724700927734375,0.6312337239583333,42,30,506.6621853993789,306.43603593083105,1,244.11211850901435,301.11387790002374,1
648,708,1788008918108107090,1788008918108107,128493,23.66899085044861,21.66302514076233,1788008918106798,1.309156,1788008918473481216,394548,394549,1788008918467225088,1788008918475558656,0.7507009212107341,8.333683013916016,2.0775794982910156,0.6310546875,42,29,506.71325716103996,306.05838638271547,1,243.98601248971218,301.02844345527984,1
649,709,1788008918141535044,1788008918141535,128494,23.7024188041687,21.696453094482422,1788008918140229,1.306057,1788008918506910208,394552,394553,1788008918500558080,1788008918508891136,0.762295785528311,8.332967758178711,1.9807815551757812,0.62998046875,42,30,506.7395890642806,305.89111826435004,1,243.91626208592703,300.908326281428,1
650,710,1788008918174963951,1788008918174964,128495,23.73584794998169,21.72988224029541,1788008918173660,1.303911,1788008918540340480,394556,394557,1788008918533890560,1788008918542223360,0.7740264942347859,8.332967758178711,1.8830299377441406,0.6318332248263889,42,30,506.8368256221299,305.79643811211685,1,243.91942133445056,300.781087821935,1
651,711,1788008918208393097,1788008918208393,128496,23.769277095794678,21.7633113861084,1788008918207081,1.312018,1788008918573770752,394560,394561,1788008918567222784,1788008918575556608,0.7857183727184299,8.333683013916016,1.7857551574707031,0.6312065972222223,42,29,506.92680815141813,305.67640911608663,1,243.94197527989346,300.7612832807267,1
652,712,1788008918241823912,1788008918241824,128497,23.80270791053772,21.79674220085144,1788008918240511,1.312971,1788008918607202560,394564,394565,1788008918600556032,1788008918608888832,0.7976251788268955,8.33272933959961,1.6863346099853516,0.6327690972222222,42,29,506.98258847605507,305.58017412576476,1,243.92679009052546,300.4589842916938,1
653,713,1788008918275252104,1788008918275252,128498,23.83613610267639,21.830170392990112,1788008918273941,1.311064,1788008918640631808,394568,394569,1788008918633888256,1788008918642222080,0.8091832355886139,8.333921432495117,1.5902519226074219,0.6324327256944444,42,30,507.02206155679335,305.4449848371974,1,243.95584414738124,300.32825000680145,1
654,714,1788008918308682919,1788008918308683,128499,23.869566917419434,21.863601207733154,1788008918307370,1.312972,1788008918674063872,394572,394573,1788008918667221504,1788008918675554560,0.8211209979685846,8.332967758178711,1.4905929565429688,0.632275390625,42,30,507.05497264627127,305.45114000036403,1,243.85879888656507,300.0344307978087,1
655,715,1788008918342118025,1788008918342118,128500,23.9030020236969,21.89703631401062,1788008918340808,1.31011,1788008918707500288,394576,394577,1788008918700553984,1788008918708886528,0.8336194563662375,8.33272933959961,1.386404037475586,0.6340630425347222,42,32,507.12449855800764,305.57954339502555,1,243.8998188990994,300.2221718397052,1
656,716,1788008918375549078,1788008918375549,128501,23.93643307685852,21.93046736717224,1788008918374237,1.312017,1788008918740932352,394580,394581,1788008918733886208,1788008918742220032,0.8455112433484008,8.333683013916016,1.2874603271484375,0.6344075520833333,42,29,507.2412009734744,305.6123449703441,1,243.8572456906651,300.4182348080764,1
657,717,1788008918408982038,1788008918408982,128502,23.969865798950195,21.963900089263916,1788008918407667,1.315116,1788008918774366464,394584,394585,1788008918767219456,1788008918775552256,0.8576824034334763,8.33272933959961,1.1858940124511719,0.6340494791666667,42,26,507.3761785336027,305.72391129951006,1,243.64688874439793,300.5913050919661,1
658,718,1788008918442414999,1788008918442415,128503,24.00329899787903,21.99733328819275,1788008918441103,1.312017,1788008918807800832,394588,394589,1788008918800551680,1788008918808884736,0.8699321907813796,8.332967758178711,1.0838508605957031,0.6360758463541667,42,27,507.58683803498184,305.6341282591213,1,243.5305866169977,300.43256747554835,1
659,719,1788008918475845098,1788008918475845,128504,24.036729097366333,22.030763387680054,1788008918474534,1.311063,1788008918841232128,394592,394593,1788008918833883904,1788008918842217984,0.8817050493491632,8.333921432495117,0.9858608245849609,0.6363715277777777,42,21,507.8575543565446,305.7159353208792,1,243.44019788650814,300.3120320184434,1
660,720,1788008918509274960,1788008918509275,128505,24.07015872001648,22.0641930103302,1788008918507962,1.312972,1788008918874662656,394596,394597,1788008918867216384,1788008918875549184,0.8936194563662375,8.33272933959961,0.8864402770996094,0.6367051866319444,42,19,507.96790695060554,305.45312399565245,1,243.31603412222302,300.07245464049043,1
661,721,1788008918542702913,1788008918542703,128506,24.103586673736572,22.097620964050293,1788008918541392,1.310825,1788008918908091648,394600,394601,1788008918900548352,1788008918908882432,0.9051065655843227,8.333921432495117,0.7908344268798828,0.6380967881944445,42,20,508.0218105634939,305.2803559076123,1,243.23320030125808,300.0270464875004,1
662,722,1788008918576147079,1788008918576147,128507,24.137031078338623,22.131065368652344,1788008918574822,1.32513,1788008918941536768,394604,394605,1788008918933881856,1788008918942214656,0.918628937655575,8.332967758178711,0.6780624389648438,0.6375922309027777,42,18,508.0765104009579,305.2791668168216,1,243.18878079317938,299.91108269931226,1
663,723,1788008918609559059,1788008918609559,128508,24.170442819595337,22.164477109909058,1788008918608252,1.307011,1788008918974949376,394608,394609,1788008918967214080,1788008918975546880,0.9282975679542204,8.33272933959961,0.5974769592285156,0.63779296875,42,22,508.16254067238515,305.248530507206,1,243.15660507770872,299.7354267011342,1
664,724,1788008918642988920,1788008918642989,128509,24.203872680664062,22.197906970977783,1788008918641681,1.307964,1788008919008380416,394612,394613,1788008919000546560,1788008919008880128,0.9400354751959719,8.333683013916016,0.499725341796875,0.6384521484375,42,19,508.1506748389437,305.34827732160284,1,243.34364560725828,299.86000146667794,1
665,725,1788008918676440001,1788008918676440,128510,24.237323999404907,22.231358289718628,1788008918675112,1.327992,1788008919041832960,394616,394617,1788008919033879808,1788008919042212608,0.9544492131616595,8.33272933959961,0.3795623779296875,0.6381808810763889,42,21,508.178066324218,305.45393617066463,1,243.39539981017816,299.81046495909743,1
666,726,1788008918709851980,1788008918709852,128511,24.27073574066162,22.264770030975342,1788008918708541,1.311064,1788008919075245824,394620,394621,1788008919067211776,1788008919075544832,0.9641211982489771,8.332967758178711,0.2989768981933594,0.6372504340277778,42,18,508.1923519979405,305.5132949211158,1,243.5363917674668,299.9223053274979,1
667,727,1788008918743283987,1788008918743284,128512,24.30416774749756,22.29820203781128,1788008918741970,1.313925,1788008919108678912,394624,394625,1788008919100544256,1788008919108878080,0.9760835359748248,8.333921432495117,0.19931793212890625,0.6370035807291666,42,19,508.1541879939786,305.7685165451543,1,243.52684160880716,300.4328595226641,1
668,728,1788008918776715040,1788008918776715,128513,24.33759880065918,22.3316330909729,1788008918775408,1.30701,1788008919142110976,394628,394629,1788008919133877504,1788008919142210304,0.9880972818311874,8.33272933959961,0.09918212890625,0.6378390842013889,42,20,508.1972401522744,305.5527747212705,1,243.27909855566017,300.49019151937296,1
669,729,1788008918810147047,1788008918810147,128514,24.371031045913696,22.365065336227417,1788008918808836,1.311064,1788008919175544576,394633,394634,1788008919175542528,1788008919183876608,0.00022886568445143756,8.333921432495117,0.0019073486328125,0.6362955729166667,42,21,508.2442254836285,305.62065554929666,1,243.13138954889672,300.48086641860027,1
670,730,1788008918843579054,1788008918843579,128515,24.404463052749634,22.398497343063354,1788008918842265,1.314163,1788008919208977664,394637,394638,1788008919208875776,1788008919217208576,0.012217453505007154,8.33272933959961,0.10180473327636719,0.6381184895833333,42,21,508.25056763491386,305.37346072361163,1,242.90608312426025,300.2724381734858,1
671,731,1788008918877010107,1788008918877010,128516,24.437894105911255,22.431928396224976,1788008918875703,1.307011,1788008919242409984,394641,394642,1788008919242208256,1788008919250541824,0.024203238542083883,8.333683013916016,0.20170211791992188,0.6374457465277777,42,23,508.33868809793654,305.0602005549399,1,242.90269923995172,300.4089662708595,1
672,732,1788008918910442114,1788008918910442,128517,24.471326112747192,22.465360403060913,1788008918909133,1.309157,1788008919275843072,394645,394646,1788008919275541504,1788008919283874304,0.03619456366237482,8.33272933959961,0.30159950256347656,0.6381727430555556,42,24,508.3363416751977,304.8430828585297,1,242.76090601549765,300.2207400253485,1
673,733,1788008918943871975,1788008918943872,128518,24.504755973815918,22.49879026412964,1788008918942562,1.309872,1788008919309274112,394649,394650,1788008919308873728,1788008919317206528,0.048067294211896656,8.332967758178711,0.400543212890625,0.6382595486111111,42,26,508.3396570051233,304.86928529670564,1,242.60891021067687,300.18840692173796,1
674,734,1788008918977319002,1788008918977319,128519,24.53820276260376,22.53223705291748,1788008918975994,1.324892,1788008919342722304,394653,394654,1788008919342205952,1788008919350539776,0.06193854780568747,8.333683013916016,0.5161762237548828,0.6392333984375,42,26,508.478301614109,305.014487530323,1,242.52269888603428,300.3307486464999,1
675,735,1788008919010731936,1788008919010732,128520,24.57161593437195,22.56565022468567,1788008919009423,1.308918,1788008919376136192,394657,394658,1788008919375539200,1788008919383872000,0.07164520743919886,8.33272933959961,0.5970001220703125,0.6398111979166666,42,29,508.5847249333797,305.40076600954797,1,242.43294017853722,300.2129778437169,1
676,736,1788008919044162035,1788008919044162,128521,24.605046033859253,22.599080324172974,1788008919042852,1.31011,1788008919409567488,394661,394662,1788008919408871680,1788008919417204480,0.08351931330472102,8.33272933959961,0.6959438323974609,0.6394694010416667,42,34,508.6608853020198,305.70115284442556,1,242.36960055400252,300.3965773224867,1
677,737,1788008919077595949,1788008919077596,128522,24.638479709625244,22.632513999938965,1788008919076280,1.315832,1788008919443002368,394665,394666,1788008919442203648,1788008919450537728,0.09583750536403948,8.333921432495117,0.7987022399902344,0.6403971354166667,42,35,508.68284889490894,305.89760704029055,1,242.2584736665684,300.52150393485505,1
678,738,1788008919111025095,1788008919111025,128523,24.67190909385681,22.665943384170532,1788008919109711,1.314163,1788008919476433152,394669,394670,1788008919475537152,1788008919483869696,0.10752503576537911,8.33272933959961,0.8959770202636719,0.6394097222222223,42,35,508.67002781820815,305.54995742525733,1,242.16137244053922,300.4287303219703,1
679,739,1788008919144459009,1788008919144459,128524,24.705342769622803,22.699377059936523,1788008919143147,1.312017,1788008919509867776,394673,394674,1788008919508869376,1788008919517202176,0.1197997138769671,8.33272933959961,0.9982585906982422,0.6389322916666667,42,37,508.8087162535845,305.77981171486186,1,242.16039281415266,300.5821056694871,1
680,740,1788008919177890062,1788008919177890,128525,24.738773822784424,22.732808113098145,1788008919176578,1.312017,1788008919543299840,394677,394678,1788008919542201856,1788008919550535424,0.13177318761801224,8.333683013916016,1.0981559753417969,0.6385959201388889,42,37,508.9723436233302,305.5808836930894,1,242.0603355772863,300.8450303552027,1
681,741,1788008919211318970,1788008919211319,128526,24.772202968597412,22.766237258911133,1788008919210006,1.312971,1788008919576730368,394681,394682,1788008919575534848,1788008919583867904,0.14345798403479157,8.332967758178711,1.1954307556152344,0.6379367404513889,42,36,509.12971250117846,304.93041664260073,1,241.98456743498434,301.08498316447964,1
682,742,1788008919244756937,1788008919244757,128527,24.805640935897827,22.799675226211548,1788008919243438,1.318932,1788008919610169344,394685,394686,1788008919608867072,1788008919617200128,0.156275929157964,8.332967758178711,1.3022422790527344,0.6356472439236112,42,35,509.30713001752986,304.4045171554778,1,241.84120391754223,301.1221691285895,1
683,743,1788008919278173923,1788008919278174,128528,24.83905792236328,22.833092212677002,1788008919276867,1.30701,1788008919643587584,394689,394690,1788008919642199552,1788008919650533120,0.16656176689363164,8.333683013916016,1.3880729675292969,0.6346435546875,42,33,509.56735242047466,304.2449038570651,1,241.64472830358696,301.0911178783924,1
684,744,1788008919311605930,1788008919311606,128529,24.87248992919922,22.86652421951294,1788008919310297,1.308918,1788008919677020672,394693,394694,1788008919675532800,1788008919683865600,0.17856938483547927,8.33272933959961,1.4879703521728516,0.6347900390625,42,35,509.8460376424772,304.6156936232757,1,241.5306646330479,300.80941160188627,1
685,745,1788008919345043898,1788008919345044,128530,24.905927896499634,22.899962186813354,1788008919343727,1.316786,1788008919710459904,394697,394698,1788008919708865024,1788008919717198848,0.19138892862251466,8.333921432495117,1.5950202941894531,0.6296576605902777,42,31,509.8836640558317,304.86213706731553,1,241.65712104798106,300.9884989342615,1
686,746,1788008919378468037,1788008919378468,128531,24.93935203552246,22.93338632583618,1788008919377155,1.312971,1788008919743885312,394701,394702,1788008919742198272,1788008919750531072,0.20245486538296473,8.332967758178711,1.6870498657226562,0.6299614800347222,42,34,509.911519355485,305.4629238031892,1,241.64047850051523,301.01193560510626,1
687,747,1788008919411895037,1788008919411895,128532,24.972778797149658,22.96681308746338,1788008919410591,1.30415,1788008919777313280,394705,394706,1788008919775530496,1788008919783863296,0.21393419170243205,8.33272933959961,1.7826557159423828,0.6280300564236111,42,33,510.02555232455734,306.82374608112997,1,241.56045024404625,301.12404742002997,1
688,748,1788008919445350885,1788008919445351,128533,25.006234884262085,23.000269174575806,1788008919444022,1.328945,1788008919810770432,394709,394710,1788008919808862976,1788008919817196544,0.2289008411054529,8.333683013916016,1.9075870513916016,0.6274305555555556,42,33,510.3324195649154,307.15757631750853,1,241.482255875465,301.1774807967161,1
689,749,1788008919478760958,1788008919478761,128534,25.039644718170166,23.033679008483887,1788008919477452,1.308918,1788008919844181504,394713,394714,1788008919842196224,1788008919850529024,0.23825464949928468,8.33272933959961,1.985311508178711,0.6289794921875,42,36,510.39723572502845,307.42546679583216,1,241.30861243963358,301.24479772305955,1
690,750,1788008919512191057,1788008919512191,128535,25.07307481765747,23.06710910797119,1788008919510879,1.312017,1788008919877612288,394717,394718,1788008919875527424,1788008919883861248,0.2501788013159777,8.333921432495117,2.084970474243164,0.6269802517361112,42,34,510.3114805349476,307.53661639132645,1,241.34049908523565,301.70611040787975,1
691,751,1788008919545630932,1788008919545631,128536,25.106514930725098,23.10054922103882,1788008919544310,1.320839,1788008919911053312,394721,394722,1788008919908860672,1788008919917193472,0.2631473533619456,8.33272933959961,2.1927356719970703,0.6254231770833333,42,30,510.2506761802405,307.6601701965117,1,241.25754624001092,301.8463155440388,1
692,752,1788008919579054117,1788008919579054,128537,25.13993787765503,23.13397216796875,1788008919577741,1.313209,1788008919944477184,394725,394726,1788008919942193152,1788008919950525696,0.27410586552217453,8.33272933959961,2.2840499877929688,0.6264702690972223,42,32,510.3149544425461,307.8196399244634,1,241.12858536269255,302.1208761832922,1
693,753,1788008919612487078,1788008919612487,128538,25.173371076583862,23.167405366897583,1788008919611178,1.309157,1788008919977911552,394729,394730,1788008919975525120,1788008919983858944,0.2863395794593048,8.333921432495117,2.386331558227539,0.6257080078125,42,34,510.46633382847887,307.9753379350435,1,240.9032881906034,302.1072962255858,1
694,754,1788008919645929098,1788008919645929,128539,25.206813097000122,23.200847387313843,1788008919644608,1.321077,1788008920011354624,394733,394734,1788008920008858368,1788008920017191424,0.29956224428485595,8.332967758178711,2.4962425231933594,0.6312771267361111,42,38,510.50650794861315,308.1633147231503,1,240.82822831893267,302.2054191780629,1
695,755,1788008919679352045,1788008919679352,128540,25.240236043930054,23.234270334243774,1788008919678037,1.315117,1788008920044778752,394737,394738,1788008920042190848,1788008920050523392,0.3105865522174535,8.33272933959961,2.588033676147461,0.6314670138888889,42,37,510.50826739607226,308.42799957018326,1,240.74897382092564,302.2611635187871,1
696,756,1788008919712784052,1788008919712784,128541,25.27366805076599,23.267702341079712,1788008919711474,1.31011,1788008920078211840,394741,394742,1788008920075523072,1788008920083856896,0.3226240201407564,8.333683013916016,2.6886463165283203,0.6293538411458334,42,37,510.7336044907278,308.63511428032234,1,240.69619072578175,302.5341742666198,1
697,757,1788008919746215105,1788008919746215,128542,25.307099103927612,23.301133394241333,1788008919744905,1.31011,1788008920111643904,394745,394746,1788008920108856320,1788008920117189120,0.3345350500715308,8.33272933959961,2.7875900268554688,0.6296088324652778,42,39,510.8907530733396,308.88683847215873,1,240.64666553287486,302.79967460489047,1
698,758,1788008919779648066,1788008919779648,128543,25.340531826019287,23.334566116333008,1788008919778333,1.315117,1788008920145078016,394749,394750,1788008920142188544,1788008920150521600,0.3467425824726045,8.332967758178711,2.889394760131836,0.6292019314236111,42,39,510.946786223564,309.10675536489845,1,240.5670266875418,303.02185460828906,1
699,759,1788008919813079119,1788008919813079,128544,25.373962879180908,23.36799716949463,1788008919811769,1.31011,1788008920178510080,394753,394754,1788008920175521024,1788008920183854848,0.35868974395651554,8.333921432495117,2.9892921447753906,0.6270833333333333,42,36,511.02870577028483,309.24849178804556,1,240.66119779829327,303.5924754916972,1
700,760,1788008919846508980,1788008919846509,128545,25.407392978668213,23.401427268981934,1788008919845200,1.308918,1788008920211941376,394757,394758,1788008920208854272,1788008920217186816,0.3705007153075823,8.33272933959961,3.087282180786133,0.6247748480902777,42,38,511.06980432486904,309.3218953578616,1,240.72230738974733,304.15972211136653,1
701,761,1788008919879937887,1788008919879938,128546,25.440821647644043,23.434855937957764,1788008919878630,1.307964,1788008920245371392,394761,394762,1788008920242186496,1788008920250519296,0.38220314735336197,8.33272933959961,3.184795379638672,0.6149739583333333,42,30,511.11321857185544,309.3658968324209,1,240.7722314954022,304.6313060856235,1
702,762,1788008919913372040,1788008919913372,128547,25.47425603866577,23.468290328979492,1788008919912060,1.312018,1788008920278806784,394765,394766,1788008920275518720,1788008920283852544,0.3945358317837219,8.333921432495117,3.2880306243896484,0.6146457248263889,42,30,511.24924629682374,309.3915641726749,1,240.95082289727173,305.0576177625244,1
703,763,1788008919946799040,1788008919946799,128548,25.507683038711548,23.50171732902527,1788008919945490,1.309157,1788008920312234752,394769,394770,1788008920308851968,1788008920317185024,0.4059683556979772,8.332967758178711,3.3829212188720703,0.6143880208333333,42,32,511.5533105543897,309.3889899966503,1,241.11088619968257,305.4855764072129,1
704,764,1788008919980227947,1788008919980228,128549,25.541111707687378,23.5351459980011,1788008919978918,1.309871,1788008920345664768,394773,394774,1788008920342184192,1788008920350518272,0.4176226577027607,8.333921432495117,3.4804344177246094,0.6164523654513889,42,33,511.61337239922966,309.67964154225155,1,241.27292389815534,305.86508981737984,1
705,765,1788008920013660908,1788008920013661,128550,25.57454490661621,23.56857919692993,1788008920012349,1.312018,1788008920379099136,394777,394778,1788008920375517696,1788008920383850240,0.4298140200286123,8.33272933959961,3.581523895263672,0.6155571831597222,42,33,511.61738679750255,309.79462179012194,1,241.244421849538,306.04376935123315,1
706,766,1788008920047091961,1788008920047092,128551,25.607975721359253,23.602010011672974,1788008920045778,1.313925,1788008920412530944,394781,394782,1788008920408849920,1788008920417182720,0.4417453505007153,8.33272933959961,3.6809444427490234,0.6143608940972223,42,30,511.6339894714442,309.98856870893263,1,241.27809326270352,306.27553343552415,1
707,767,1788008920080522060,1788008920080522,128552,25.641405820846558,23.63544011116028,1788008920079214,1.307964,1788008920445962240,394785,394786,1788008920442182144,1788008920450515968,0.4535831783721928,8.333921432495117,3.7801265716552734,0.6139512803819445,42,31,511.63084375989865,310.12753656116854,1,241.39383168422603,306.40561818350363,1
708,768,1788008920113950968,1788008920113951,128553,25.674834966659546,23.668869256973267,1788008920112644,1.307011,1788008920479392512,394789,394790,1788008920475515392,1788008920483848448,0.46527996337729965,8.332967758178711,3.8771629333496094,0.6157741970486111,42,33,511.65548077921943,310.25323520640035,1,241.50528588198233,306.5278739820703,1
709,769,1788008920147382021,1788008920147382,128554,25.708265781402588,23.70230007171631,1788008920146074,1.307964,1788008920512824576,394793,394794,1788008920508847616,1788008920517180416,0.47725321888412015,8.33272933959961,3.9768218994140625,0.6158718532986112,42,32,511.63871285738867,310.38716417032055,1,241.5927051677823,306.6799042541366,1
710,770,1788008920180811882,1788008920180812,128555,25.741695642471313,23.735729932785034,1788008920179504,1.307964,1788008920546255616,394797,394798,1788008920542180096,1788008920550513664,0.48904274188934027,8.333683013916016,4.075527191162109,0.6224012586805555,42,38,511.59542736924163,310.4430120645291,1,241.69385085851025,306.8754010243459,1
711,771,1788008920214242935,1788008920214243,128556,25.775126695632935,23.769160985946655,1788008920212934,1.308918,1788008920579688192,394801,394802,1788008920575513088,1788008920583846144,0.5010157077050729,8.332967758178711,4.15802001953125,0.627197265625,42,39,511.5082069493299,310.5027893433939,1,241.71254406713015,306.93513057568333,1
712,772,1788008920247673988,1788008920247674,128557,25.808557987213135,23.802592277526855,1788008920246363,1.311063,1788008920613120512,394805,394806,1788008920608845568,1788008920617178368,0.5130325312580469,8.332967758178711,4.057884216308594,0.6276774088541667,42,39,511.49258519087715,310.4700705701877,1,241.7012791452072,306.9278282007275,1
713,773,1788008920281104088,1788008920281104,128558,25.84198808670044,23.83602237701416,1788008920279793,1.311064,1788008920646551552,394809,394810,1788008920642177792,1788008920650511616,0.524832637180294,8.333683013916016,3.9598941802978516,0.6248914930555556,42,39,511.45161315028326,310.64613477335166,1,241.73173606023104,306.96525818054187,1
714,774,1788008920314537048,1788008920314537,128559,25.875420808792114,23.869455099105835,1788008920313223,1.314163,1788008920679985408,394813,394814,1788008920675511040,1788008920683843840,0.5369384835479256,8.33272933959961,3.8585662841796875,0.6247911241319445,42,39,511.4098920313752,310.77137101362456,1,241.76641556328912,306.7971904113072,1
715,775,1788008920347968102,1788008920347968,128560,25.908851861953735,23.902886152267456,1788008920346659,1.309157,1788008920713417472,394817,394818,1788008920708843264,1788008920717177088,0.5488771277356601,8.333921432495117,3.759622573852539,0.6209526909722223,42,35,511.35905571335,310.8835333749311,1,241.69292488857684,306.5409075443775,1
716,776,1788008920381400108,1788008920381400,128561,25.942283868789673,23.936318159103394,1788008920380088,1.312017,1788008920746850816,394821,394822,1788008920742176512,1788008920750509568,0.560928156562044,8.332967758178711,3.658771514892578,0.6214219835069444,42,38,511.3211316321389,310.9859889034157,1,241.66972505563302,306.31969694898976,1
717,777,1788008920414829969,1788008920414830,128562,25.975713968276978,23.9697482585907,1788008920413519,1.311063,1788008920780282112,394825,394826,1788008920775508992,1788008920783841536,0.5728183118741058,8.33272933959961,3.559589385986328,0.6198757595486111,42,32,511.3711066429181,310.8519679984373,1,241.7168860386965,306.15434511483636,1
718,778,1788008920448261976,1788008920448262,128563,26.009145736694336,24.003180027008057,1788008920446949,1.312971,1788008920813714688,394829,394830,1788008920808841216,1788008920817174784,0.5847971619843223,8.333683013916016,3.4601688385009766,0.61796875,42,31,511.40173110175584,310.65117795860897,1,241.67441261583667,305.9373537795311,1
719,779,1788008920481693029,1788008920481693,128564,26.042576789855957,24.036611080169678,1788008920480386,1.30701,1788008920847147008,394833,394834,1788008920842174464,1788008920850507264,0.5967381974248928,8.33272933959961,3.360271453857422,0.6164632161458333,42,34,511.3305647766282,310.4997248988435,1,241.58289657257242,305.7875980961725,1
720,780,1788008920515124083,1788008920515124,128565,26.076007843017578,24.0700421333313,1788008920513816,1.307965,1788008920880579328,394837,394838,1788008920875505664,1788008920883838720,0.608852393350691,8.332967758178711,3.259420394897461,0.6165364583333334,42,32,511.3962846655718,310.2825435536113,1,241.48957956517472,305.6509176952955,1
721,781,1788008920548561096,1788008920548561,128566,26.109445095062256,24.103479385375977,1788008920547244,1.317024,1788008920914017280,394841,394842,1788008920908838144,1788008920917171712,0.6214739371745723,8.333683013916016,3.1545162200927734,0.6189914279513888,42,32,511.5158439794343,310.0657911177235,1,241.4542571602131,305.5423905672537,1
722,782,1788008920581991911,1788008920581992,128567,26.142875909805298,24.13691020011902,1788008920580681,1.310825,1788008920947449088,394845,394846,1788008920942171392,1788008920950504192,0.6333619456366237,8.33272933959961,3.055095672607422,0.6163682725694445,42,29,511.64605505332725,309.8300688840608,1,241.49973418843314,305.38049446364954,1
723,783,1788008920615423918,1788008920615424,128568,26.176307916641235,24.170342206954956,1788008920614111,1.312971,1788008920980881664,394849,394850,1788008920975503360,1788008920983837440,0.6453440137319411,8.333921432495117,2.9556751251220703,0.6151123046875,42,34,511.72013171046973,309.60013976261746,1,241.55156126736154,305.2347334923983,1
724,784,1788008920648855925,1788008920648856,128569,26.209739685058594,24.203773975372314,1788008920647548,1.307965,1788008921014314752,394853,394854,1788008921008836864,1788008921017169664,0.6573774713169867,8.332967758178711,2.855062484741211,0.6188774956597223,42,33,511.5965598323262,309.4251201755036,1,241.69600079569835,305.1094452476655,1
725,785,1788008920682285070,1788008920682285,128570,26.243168830871582,24.237203121185303,1788008920680977,1.307964,1788008921047745024,394857,394858,1788008921042169088,1788008921050501888,0.6691559370529327,8.33272933959961,2.756834030151367,0.6177463107638889,42,34,511.5602484780071,309.19021096540905,1,241.81744734478474,304.9096700634408,1
726,786,1788008920715717077,1788008920715717,128571,26.2766010761261,24.27063536643982,1788008920714408,1.309156,1788008921081178368,394861,394862,1788008921075501568,1788008921083835136,0.681209589746524,8.333683013916016,2.656698226928711,0.6171685112847223,42,36,511.5339272642501,308.856576934354,1,241.90786891510635,304.61334519464754,1
727,787,1788008920749149084,1788008920749149,128572,26.310033082962036,24.304067373275757,1788008920747837,1.312017,1788008921114611712,394865,394866,1788008921108834816,1788008921117167360,0.6932761087267525,8.33272933959961,2.55584716796875,0.6170600043402777,42,37,511.34790831479995,308.561883447696,1,242.02705949641805,304.3126305107161,1
728,788,1788008920782578945,1788008920782579,128573,26.343462705612183,24.337496995925903,1788008920781268,1.311064,1788008921148042496,394869,394870,1788008921142166784,1788008921150499840,0.705101427713084,8.332967758178711,2.4573802947998047,0.6162082248263889,42,39,511.32842895915917,308.0875545443272,1,242.02684427194146,303.9546147361416,1
729,789,1788008920816013098,1788008920816013,128574,26.376896858215332,24.370931148529053,1788008920814705,1.308203,1788008921181477888,394873,394874,1788008921175499264,1788008921183833088,0.7173794879130311,8.333921432495117,2.355337142944336,0.6143771701388889,42,39,511.17271249588225,307.78215924721576,1,242.05775718210734,303.3540455214652,1
730,790,1788008920849440098,1788008920849440,128575,26.41032385826111,24.40435814857483,1788008920848135,1.305103,1788008921214905856,394877,394878,1788008921208832512,1788008921217165312,0.7288698140200286,8.33272933959961,2.2592544555664062,0.6141981336805555,42,39,510.9661002840916,307.6648791149174,1,241.98418605430965,302.5326338925332,1
731,791,1788008920882870913,1788008920882871,128576,26.44375491142273,24.43778920173645,1788008920881564,1.307011,1788008921248338176,394881,394882,1788008921242164736,1788008921250497536,0.7408583690987125,8.33272933959961,2.1593570709228516,0.6130615234375,42,39,510.89820682621837,307.6407834853461,1,242.06609248710635,302.04669530980027,1
732,792,1788008920916301012,1788008920916301,128577,26.477185010910034,24.471219301223755,1788008920914994,1.307011,1788008921281769216,394885,394886,1788008921275496960,1788008921283830784,0.7526248033185524,8.333921432495117,2.061605453491211,0.6127739800347223,42,36,510.86490979938134,307.464567203153,1,242.20471354932897,302.15293603730794,1
733,793,1788008920949731112,1788008920949731,128578,26.51061487197876,24.50464916229248,1788008920948421,1.310111,1788008921315200000,394889,394890,1788008921308830208,1788008921317163264,0.7644130353924065,8.332967758178711,1.9631385803222656,0.6118191189236111,42,36,510.76650113441787,307.58039258794366,1,242.2716042514271,302.08086536583966,1
734,794,1788008920983164072,1788008920983164,128579,26.544048070907593,24.538082361221313,1788008920981851,1.312971,1788008921348634624,394893,394894,1788008921342162688,1788008921350496512,0.7765984837648405,8.333921432495117,1.8618106842041016,0.6111273871527778,42,34,510.6662167156999,307.66329754337175,1,242.26257271070497,301.66095257685845,1
735,795,1788008921016594887,1788008921016595,128580,26.577478885650635,24.571513175964355,1788008921015281,1.313925,1788008921382066688,394897,394898,1788008921375495936,1788008921383828736,0.788555078683834,8.33272933959961,1.7619132995605469,0.6094373914930555,42,36,510.6011450817849,307.4947662832993,1,242.25878130906352,301.07102542668235,1
736,796,1788008921050028086,1788008921050028,128581,26.61091184616089,24.60494613647461,1788008921048718,1.31011,1788008921415500544,394901,394902,1788008921408828160,1788008921417160960,0.8007439198855508,8.33272933959961,1.6603469848632812,0.6102837456597222,42,36,510.4907222722985,307.0251207338282,1,242.21163008603378,300.4261751252312,1
737,797,1788008921083461046,1788008921083461,128582,26.64434504508972,24.638379335403442,1788008921082149,1.312017,1788008921448934912,394905,394906,1788008921442160384,1788008921450494208,0.8128736947503934,8.333921432495117,1.5594959259033203,0.6102837456597222,42,36,510.238711453586,306.7376901294017,1,242.27218698355426,300.1143616590897,1
738,798,1788008921116894007,1788008921116894,128583,26.677777767181396,24.671812057495117,1788008921115586,1.307965,1788008921482369024,394909,394910,1788008921475493632,1788008921483826688,0.8250693828502761,8.332967758178711,1.4576911926269531,0.6110270182291667,42,32,510.18349555137354,306.2075288550951,1,242.33010601092968,299.44687843403557,1
739,799,1788008921150324106,1788008921150324,128584,26.71120810508728,24.705242395401,1788008921149015,1.309156,1788008921515800576,394913,394914,1788008921508826112,1788008921517158656,0.8369957081545064,8.33272933959961,1.3582706451416016,0.6122884114583333,42,32,510.0556484304229,305.8588846020823,1,242.5050903913522,298.76524351703324,1
740,800,1788008921183756113,1788008921183756,128585,26.74463987350464,24.73867416381836,1788008921182445,1.311064,1788008921549233408,394917,394918,1788008921542158336,1788008921550492160,0.8489729358585569,8.333683013916016,1.2586116790771484,0.6110595703125,42,31,509.8895909856721,305.0016362980156,1,242.79196119139914,298.28536454799746,1
741,801,1788008921217186928,1788008921217187,128586,26.77807068824768,24.7721049785614,1788008921215875,1.312018,1788008921582665472,394921,394922,1788008921575491328,1788008921583824384,0.860919573116649,8.332967758178711,1.1589527130126953,0.6115207248263889,42,30,509.8868964692556,304.6328442565132,1,243.08562367165922,297.72632910506724,1
742,802,1788008921250616074,1788008921250616,128587,26.81149983406067,24.80553412437439,1788008921249310,1.306057,1788008921616095744,394925,394926,1788008921608823808,1788008921617156864,0.8726788933077737,8.332967758178711,1.0609626770019531,0.6125298394097223,42,30,509.87825890482964,304.27656734183586,1,243.4799142165852,297.4960104427878,1
743,803,1788008921284044981,1788008921284045,128588,26.844928979873657,24.838963270187378,1788008921282740,1.304865,1788008921649525760,394929,394930,1788008921642156032,1788008921650489856,0.8843336957143675,8.333683013916016,0.9639263153076172,0.6124159071180556,42,29,509.87797104469195,303.9232449833112,1,243.82960221287334,297.3175221359297,1
744,804,1788008921317476034,1788008921317476,128589,26.87836003303528,24.872394323349,1788008921316172,1.304149,1788008921682958080,394933,394934,1788008921675489536,1788008921683822080,0.8963090128755364,8.33272933959961,0.8640289306640625,0.6126519097222223,42,29,509.8676877238847,303.6401736485824,1,244.04463025911764,296.9111807989804,1
745,805,1788008921350905895,1788008921350906,128590,26.911789655685425,24.905823945999146,1788008921349601,1.304865,1788008921716388864,394937,394938,1788008921708821504,1788008921717154560,0.9081285227890475,8.332967758178711,0.7655620574951172,0.6117865668402778,42,28,509.82983838963935,303.66455241957465,1,244.17026549365374,296.5382696456054,1
746,806,1788008921384336948,1788008921384337,128591,26.945220708847046,24.939254999160767,1788008921383030,1.30701,1788008921749821184,394941,394942,1788008921742153984,1788008921750487808,0.9200114432842226,8.333921432495117,0.6666183471679688,0.6101481119791666,42,27,509.860315389961,303.52492705667345,1,244.2994919790478,296.26636344889516,1
747,807,1788008921417771101,1788008921417771,128592,26.978654861450195,24.972689151763916,1788008921416461,1.31011,1788008921783256320,394945,394946,1788008921775487232,1788008921783820032,0.9323605150214592,8.33272933959961,0.5636215209960938,0.6101752387152778,42,23,509.7778747423758,303.244028033797,1,244.38355983319013,296.1648015128282,1
748,808,1788008921451200962,1788008921451201,128593,27.0120849609375,25.00611925125122,1788008921449889,1.312017,1788008921816687616,394949,394950,1788008921808819456,1788008921817153280,0.9441265663443382,8.333683013916016,0.46563148498535156,0.6083713107638888,42,21,509.6852725605256,303.3598696973848,1,244.51041760207715,296.0750423641983,1
749,809,1788008921484632969,1788008921484633,128594,27.045516967773438,25.039551258087158,1788008921483327,1.306057,1788008921850120704,394953,394954,1788008921842152960,1788008921850485504,0.9562231759656652,8.33272933959961,0.3647804260253906,0.6084608289930555,42,19,509.58573759292767,303.3852990684002,1,244.67124683959517,295.7740074950449,1
750,810,1788008921518066883,1788008921518067,128595,27.078950881958008,25.07298517227173,1788008921516755,1.311779,1788008921883555840,394957,394958,1788008921875483904,1788008921883816960,0.9686704243083174,8.332967758178711,0.26106834411621094,0.6059760199652777,42,18,509.462160755802,303.2583457184655,1,244.7769104657801,295.50698682114455,1
751,811,1788008921551500082,1788008921551500,128596,27.11238384246826,25.106418132781982,1788008921550185,1.315117,1788008921916989952,394961,394962,1788008921908816384,1788008921917149952,0.9808033415345884,8.333683013916016,0.15997886657714844,0.6041151258680556,42,20,509.41634756783066,302.8540666177589,1,244.82535863495912,295.17462579602494,1
752,812,1788008921584930897,1788008921584931,128597,27.145814657211304,25.139848947525024,1788008921583622,1.308918,1788008921950421760,394965,394966,1788008921942149632,1788008921950482432,0.9927324749642347,8.33272933959961,0.060558319091796875,0.6052083333333333,42,16,509.30433747811185,302.81405709632736,1,244.8693597166693,294.79210536081456,1
753,813,1788008921618362904,1788008921618363,128598,27.17924666404724,25.173280954360962,1788008921617053,1.309872,1788008921983854592,394970,394971,1788008921983815680,1788008921992148480,0.004663805436337625,8.33272933959961,0.03886222839355469,0.6053927951388889,42,19,509.33520022314997,302.77124592145447,1,244.9908802774048,294.6193639029877,1
754,814,1788008921651793957,1788008921651794,128599,27.212677717208862,25.206712007522583,1788008921650481,1.312971,1788008922017286656,394974,394975,1788008922017147904,1788008922025480704,0.016623748211731043,8.33272933959961,0.1385211944580078,0.6062825520833334,42,18,509.33703994105366,302.6387865310164,1,244.99165747365993,294.2321574343709,1
755,815,1788008921685225964,1788008921685226,128600,27.24610996246338,25.2401442527771,1788008921683919,1.307011,1788008922050719744,394978,394979,1788008922050480128,1788008922058813952,0.028751251609211843,8.333921432495117,0.2396106719970703,0.6065077039930555,42,18,509.2954720188509,302.527619225956,1,244.9946902056223,293.7312312803998,1
756,816,1788008921718657017,1788008921718657,128601,27.27954077720642,25.27357506752014,1788008921717349,1.307965,1788008922084151552,394982,394983,1788008922083813376,1788008922092146432,0.040571085233612775,8.332967758178711,0.3380775451660156,0.6064425998263889,42,19,509.3878020247312,302.40289392904634,1,244.96383413805785,293.3751510193666,1
757,817,1788008921752088070,1788008921752088,128602,27.312971830368042,25.307006120681763,1788008921750779,1.309157,1788008922117583872,394986,394987,1788008922117145856,1788008922125478400,0.05258941344778255,8.33272933959961,0.4382133483886719,0.6074300130208333,42,19,509.32448643277735,302.20249982607464,1,245.00106833868486,293.164163379944,1
758,818,1788008921785521030,1788008921785521,128603,27.346405029296875,25.340439319610596,1788008921784208,1.312971,1788008922151018496,394990,394991,1788008922150478080,1788008922158811904,0.06482805973565257,8.333683013916016,0.5402565002441406,0.6075846354166666,42,19,509.2618072849925,302.30982925008635,1,245.05392257594815,293.0612425644655,1
759,819,1788008921818952084,1788008921818952,128604,27.379836082458496,25.373870372772217,1788008921817644,1.308203,1788008922184450560,394994,394995,1788008922183811328,1788008922192144128,0.0767095851216023,8.33272933959961,0.6392002105712891,0.6084038628472223,42,18,509.2332295539255,302.18446181281206,1,245.0973443931748,293.05066013656545,1
760,820,1788008921852381945,1788008921852382,128605,27.413265705108643,25.407299995422363,1788008921851073,1.308918,1788008922217881088,394998,394999,1788008922217143552,1788008922225476608,0.08852393350690968,8.332967758178711,0.7376670837402344,0.6100151909722222,42,18,509.1747109420661,302.15029643683596,1,245.1762596821618,292.941087057362,1
761,821,1788008921885814905,1788008921885815,128606,27.446698665618896,25.440732955932617,1788008921884503,1.312017,1788008922251315456,395002,395003,1788008922250475776,1788008922258809856,0.10072950936918895,8.333921432495117,0.8394718170166016,0.6109130859375,42,22,509.21690590318894,302.06763062665124,1,245.1970979972305,292.9739839863588,1
762,822,1788008921919246912,1788008921919247,128607,27.480130672454834,25.474164962768555,1788008921917934,1.312971,1788008922284748288,395006,395007,1788008922283809280,1788008922292141824,0.1127038626609442,8.33272933959961,0.9391307830810547,0.6109727647569444,42,21,509.17214063911547,302.0121390929985,1,245.26287971909693,292.775303017074,1
763,823,1788008921952677011,1788008921952677,128608,27.513561010360718,25.50759530067444,1788008921951363,1.313924,1788008922318179840,395010,395011,1788008922317141504,1788008922325474304,0.1246065808297568,8.33272933959961,1.0383129119873047,0.6110080295138889,42,25,509.1800849304493,301.98916433362825,1,245.29519167197134,292.74515418972334,1
764,824,1788008921986104012,1788008921986104,128609,27.546988010406494,25.541022300720215,1788008921984793,1.311064,1788008922351608064,395014,395015,1788008922350473728,1788008922358807552,0.1361178658274925,8.333921432495117,1.1343955993652344,0.6116780598958333,42,27,509.1111943682172,301.87097547732884,1,245.20568690141602,292.70095231133007,1
765,825,1788008922019531965,1788008922019532,128610,27.580415964126587,25.574450254440308,1788008922018222,1.309871,1788008922385037056,395018,395019,1788008922383806976,1788008922392140032,0.14763526079368258,8.332967758178711,1.2302398681640625,0.6104844835069444,42,26,509.1771666830929,301.7517502531141,1,245.09100366869058,292.63889850361926,1
766,826,1788008922052963972,1788008922052964,128611,27.613847970962524,25.607882261276245,1788008922051652,1.312017,1788008922418470400,395022,395023,1788008922417139200,1788008922425473280,0.159719639536547,8.333921432495117,1.3310909271240234,0.6114556206597223,42,30,509.26695777911164,301.8989522500972,1,245.09682035691776,292.70809056466715,1
767,827,1788008922086393118,1788008922086393,128612,27.647276878356934,25.641311168670654,1788008922085082,1.311064,1788008922451900416,395026,395027,1788008922450472704,1788008922458805248,0.17135908440629471,8.33272933959961,1.4278888702392578,0.6117540147569445,42,30,509.18151707900495,301.7472193963594,1,244.96749410539016,292.5032288142187,1
768,828,1788008922119822025,1788008922119822,128613,27.680706024169922,25.674740314483643,1788008922118510,1.312017,1788008922485330688,395030,395031,1788008922483804928,1788008922492137728,0.18309012875536482,8.33272933959961,1.5256404876708984,0.6122124565972222,42,29,509.1001344912465,301.6286200199171,1,244.97994602570122,292.5572906674381,1
769,829,1788008922153253078,1788008922153253,128614,27.714137077331543,25.708171367645264,1788008922151940,1.312971,1788008922518762752,395034,395035,1788008922517137152,1788008922525470976,0.1950793877842941,8.333921432495117,1.6257762908935547,0.6122639973958334,42,31,509.0702792659232,301.6231856183608,1,244.924595902304,292.4575243461199,1
770,830,1788008922186681032,1788008922186681,128615,27.747565031051636,25.741599321365356,1788008922185370,1.311064,1788008922552192000,395038,395039,1788008922550470400,1788008922558803200,0.2066035306572058,8.332967758178711,1.7216205596923828,0.6131917317708333,42,30,509.0542532286342,301.6784903096974,1,244.92361748592694,292.432517194622,1
771,831,1788008922220110893,1788008922220111,128616,27.780994653701782,25.775028944015503,1788008922218800,1.310825,1788008922585623040,395042,395043,1788008922583802624,1788008922592135424,0.2184549356223176,8.33272933959961,1.8203258514404297,0.6139431423611111,42,32,508.99402168101994,301.8181594034099,1,244.96268630125775,292.64289603588253,1
772,832,1788008922253537893,1788008922253538,128617,27.81442165374756,25.80845594406128,1788008922252230,1.307964,1788008922619051264,395046,395047,1788008922617135104,1788008922625468672,0.22993076614979688,8.333683013916016,1.9161701202392578,0.6134304470486112,42,31,509.0011948435023,301.8336961102945,1,244.86110444681628,292.6576361846632,1
773,833,1788008922286967993,1788008922286968,128618,27.847851991653442,25.841886281967163,1788008922285659,1.308918,1788008922652482816,395050,395051,1788008922650468096,1788008922658801152,0.2417670452919802,8.332967758178711,2.014636993408203,0.6144829644097223,42,32,508.9594360396702,301.9814348387343,1,244.9017326696537,292.55538011683683,1
774,834,1788008922320399046,1788008922320399,128619,27.881283044815063,25.875317335128784,1788008922319090,1.309156,1788008922685914880,395054,395055,1788008922683800576,1788008922692133376,0.25372664587565447,8.332967758178711,2.1142959594726562,0.6150390625,42,29,508.9896878831712,302.1153893864684,1,244.8914832004617,292.600226513256,1
775,835,1788008922353831053,1788008922353831,128620,27.914715051651,25.90874934196472,1788008922352519,1.312018,1788008922719347968,395058,395059,1788008922717132800,1788008922725466368,0.2658064885277794,8.333683013916016,2.215147018432617,0.6153835720486112,42,32,508.9774802649508,302.191562548907,1,244.89096713988152,292.563271541552,1
776,836,1788008922387260914,1788008922387261,128621,27.948144912719727,25.942179203033447,1788008922385949,1.312018,1788008922752778752,395062,395063,1788008922750466048,1788008922758798848,0.27753934191702434,8.33272933959961,2.3126602172851562,0.6145670572916667,42,32,508.96639527892074,302.43129956923406,1,244.77577748945208,292.5642649653032,1
777,837,1788008922420691967,1788008922420692,128622,27.98157572746277,25.97561001777649,1788008922419384,1.307964,1788008922786210816,395066,395067,1788008922783798272,1788008922792131072,0.2895196131727275,8.332967758178711,2.412557601928711,0.613818359375,42,32,508.9145577039384,302.6250484884049,1,244.57791728382546,292.6327123657089,1
778,838,1788008922454122066,1788008922454122,128623,28.015005826950073,26.009040117263794,1788008922452815,1.30701,1788008922819642112,395070,395071,1788008922817131520,1788008922825464576,0.30127893336385225,8.332967758178711,2.510547637939453,0.6153157552083334,42,30,508.8955112515157,302.64788576240073,1,244.48419502601712,292.63787887925474,1
779,839,1788008922487550974,1788008922487551,128624,28.048434734344482,26.042469024658203,1788008922486245,1.306057,1788008922853072384,395074,395075,1788008922850463744,1788008922858796544,0.3130472103004292,8.33272933959961,2.6085376739501953,0.6149631076388888,42,31,508.8181603267476,302.6019490795566,1,244.48583086988663,292.65673217541155,1
780,840,1788008922520981073,1788008922520981,128625,28.081864833831787,26.075899124145508,1788008922519675,1.306057,1788008922886503680,395078,395079,1788008922883795200,1788008922892129024,0.3249985695485495,8.333683013916016,2.70843505859375,0.6156629774305555,42,31,508.73095122226823,302.38539580494,1,244.57099036110188,292.86182763264264,1
781,841,1788008922554411888,1788008922554412,128626,28.11529564857483,26.10932993888855,1788008922553104,1.307964,1788008922919935744,395082,395083,1788008922917128448,1788008922925461248,0.3369002317530257,8.332967758178711,2.8073787689208984,0.6148274739583334,42,31,508.6671072117473,302.2729874268666,1,244.59419288765812,292.75986383784857,1
782,842,1788008922587842941,1788008922587843,128627,28.14872670173645,26.14276099205017,1788008922586534,1.308918,1788008922953368064,395086,395087,1788008922950460672,1788008922958793728,0.34888844382134987,8.332967758178711,2.907276153564453,0.614697265625,42,31,508.6543017523465,302.297178034332,1,244.5803027417648,292.856204725766,1
783,843,1788008922621272087,1788008922621272,128628,28.18215584754944,26.17619013786316,1788008922619964,1.308203,1788008922986797824,395090,395091,1788008922983792896,1788008922992126720,0.3605595926074269,8.333683013916016,3.004789352416992,0.6144314236111111,42,33,508.67114622338966,302.29175936893165,1,244.5461160881954,293.00658377886316,1
784,844,1788008922654700994,1788008922654701,128629,28.215584993362427,26.209619283676147,1788008922653393,1.307964,1788008923020227840,395094,395095,1788008923017126400,1788008923025458944,0.3722174535050072,8.33272933959961,3.1015872955322266,0.6134033203125,42,32,508.69864894702835,302.3639482065317,1,244.48787146388054,293.0645884323891,1
785,845,1788008922688133001,1788008922688133,128630,28.249017000198364,26.243051290512085,1788008922686822,1.311063,1788008923053660672,395098,395099,1788008923050458368,1788008923058792448,0.3842368759834072,8.333921432495117,3.202199935913086,0.6085964626736111,42,31,508.73712374862396,302.52791654738604,1,244.50580232642676,293.2552025267854,1
786,846,1788008922721560955,1788008922721561,128631,28.282444715499878,26.2764790058136,1788008922720251,1.309872,1788008923087089664,395102,395103,1788008923083791616,1788008923092124672,0.39575405567794913,8.332967758178711,3.2978057861328125,0.6086154513888888,42,32,508.8285774169691,302.4087887558158,1,244.49084899562513,293.3994930005248,1
787,847,1788008922754991055,1788008922754991,128632,28.31587505340576,26.309909343719482,1788008922753682,1.309157,1788008923120520704,395106,395107,1788008923117124096,1788008923125456896,0.40763948497854074,8.33272933959961,3.396749496459961,0.6057264539930556,42,28,508.8196650653208,302.3283995947324,1,244.46666129581735,293.5884353969934,1
788,848,1788008922788419962,1788008922788420,128633,28.349303722381592,26.343338012695312,1788008922787110,1.309872,1788008923153950720,395110,395111,1788008923150456320,1788008923158790144,0.4192939291640442,8.333683013916016,3.4942626953125,0.6071967230902777,42,27,508.8364821989363,302.4699244713702,1,244.4019039052004,293.72489813586526,1
789,849,1788008922821850061,1788008922821850,128634,28.382734060287476,26.376768350601196,1788008922820540,1.31011,1788008923187382272,395114,395115,1788008923183789824,1788008923192122368,0.4311301859799714,8.33272933959961,3.5924911499023438,0.6055962456597223,42,24,508.870061984681,302.6444431262663,1,244.31784971436997,293.6468796651068,1
790,850,1788008922855281115,1788008922855281,128635,28.416165113449097,26.410199403762817,1788008922853969,1.312018,1788008923220814336,395118,395119,1788008923217121792,1788008923225454848,0.4431060627735973,8.332967758178711,3.6923885345458984,0.6021240234375,42,19,508.84025872800873,302.7098327511809,1,244.34503627633916,293.7042344484396,1
791,851,1788008922888710976,1788008922888711,128636,28.449594736099243,26.443629026412964,1788008922887401,1.309872,1788008923254244864,395122,395123,1788008923250454272,1788008923258788096,0.45484193963667574,8.333921432495117,3.790616989135742,0.6030300564236111,42,20,508.80877675840077,302.67156370162155,1,244.25468197390356,293.4018169560641,1
792,852,1788008922922138929,1788008922922139,128637,28.483022689819336,26.477056980133057,1788008922920830,1.308918,1788008923287673856,395126,395127,1788008923283787520,1788008923292120320,0.46640915593705295,8.33272933959961,3.8864612579345703,0.6007731119791667,42,19,508.6726829897574,302.704567118146,1,244.28250726583457,293.14681253804474,1
793,853,1788008922955566883,1788008922955567,128638,28.51645064353943,26.51048493385315,1788008922954260,1.306772,1788008923321103104,395130,395131,1788008923317119744,1788008923325452544,0.47802575107296136,8.33272933959961,3.9832592010498047,0.6009955512152778,42,18,508.6629864940935,302.6635215537062,1,244.26529881027392,292.95597540249315,1
794,854,1788008922989002943,1788008922989003,128639,28.54988694190979,26.54392123222351,1788008922987689,1.313925,1788008923354540800,395134,395135,1788008923350451968,1788008923358785792,0.4906308110427693,8.333921432495117,4.088878631591797,0.6031955295138889,42,19,508.5514847424853,302.6095276513144,1,244.24094832108776,292.75929092038587,1
795,855,1788008923022433043,1788008923022433,128640,28.583316802978516,26.577351093292236,1788008923021127,1.306057,1788008923387971840,395138,395139,1788008923383785216,1788008923392118272,0.5024176704529199,8.332967758178711,4.146337509155273,0.6071533203125,42,21,508.55356105675446,302.52051672521594,1,244.50255496645605,293.1919421168265,1
796,856,1788008923055865049,1788008923055865,128641,28.616749048233032,26.610783338546753,1788008923054554,1.311063,1788008923421405184,395142,395143,1788008923417117696,1788008923425450240,0.5145350500715308,8.33272933959961,4.045248031616211,0.6106743706597222,42,22,508.7441653236624,302.786065573481,1,244.36405498683376,293.04626286896865,1
797,857,1788008923089294910,1788008923089295,128642,28.65017867088318,26.6442129611969,1788008923087984,1.310825,1788008923454835712,395146,395147,1788008923450450944,1788008923458783744,0.52620886981402,8.33272933959961,3.9479732513427734,0.6102674696180556,42,25,508.70004985277285,303.16747104132304,1,244.4560020861948,292.8962065661035,1
798,858,1788008923122723103,1788008923122723,128643,28.68360686302185,26.67764115333557,1788008923121414,1.309157,1788008923488265216,395150,395151,1788008923483783168,1788008923492115968,0.5378826895565093,8.33272933959961,3.850698471069336,0.6106201171875,42,25,508.66567585974565,303.36354504828773,1,244.43306122429567,293.4494197833193,1
799,859,1788008923156151056,1788008923156151,128644,28.717034816741943,26.711069107055664,1788008923154844,1.30701,1788008923521694464,395154,395155,1788008923517115392,1788008923525449216,0.5494492919467887,8.333921432495117,3.754854202270508,0.6096408420138889,42,27,508.53348641837977,303.41665373825924,1,244.40266995835407,293.5183947563768,1
800,860,1788008923189580917,1788008923189581,128645,28.75046467781067,26.74449896812439,1788008923188274,1.30701,1788008923555125504,395158,395159,1788008923550448640,1788008923558781696,0.5612428828931934,8.332967758178711,3.656148910522461,0.6089979383680556,42,27,508.2413919920296,301.8235183509322,1,244.63360829169267,293.8132978739558,1
801,861,1788008923223014116,1788008923223014,128646,28.78389811515808,26.7779324054718,1788008923221704,1.31011,1788008923588560128,395162,395163,1788008923583781120,1788008923592113664,0.5735336194563663,8.33272933959961,3.553628921508789,0.6109375,42,29,508.3808958789134,301.0115674022946,1,244.61685873265895,294.20821840431097,1
802,862,1788008923256463051,1788008923256463,128647,28.817347049713135,26.811381340026855,1788008923255133,1.330137,1788008923622010112,395166,395167,1788008923617113344,1788008923625446912,0.5876008468272587,8.333683013916016,3.4368038177490234,0.6097195095486111,42,33,508.4903426060099,301.3311403512866,1,244.41130188196013,294.2177865078022,1
803,863,1788008923289875031,1788008923289875,128648,28.85075879096985,26.84479308128357,1788008923288563,1.312018,1788008923655423232,395170,395171,1788008923650446336,1788008923658779392,0.597236130582816,8.332967758178711,3.3562183380126953,0.6100151909722222,42,32,508.6011683766156,302.840622938501,1,244.24002810343615,294.49014803104643,1
804,864,1788008923323304892,1788008923323305,128649,28.884188890457153,26.878223180770874,1788008923321993,1.311779,1788008923688854528,395174,395175,1788008923683778816,1788008923692111616,0.6091098967125405,8.332967758178711,3.257274627685547,0.6106092664930556,42,33,508.8559798081243,302.89933345940125,1,243.90248817565907,294.569913118362,1
805,865,1788008923356738091,1788008923356738,128650,28.917621850967407,26.911656141281128,1788008923355430,1.308203,1788008923722288640,395178,395179,1788008923717111040,1788008923725444864,0.6212736739715055,8.333683013916016,3.1561851501464844,0.6094455295138889,42,28,509.11577584127093,302.9213042171177,1,243.70926314019795,294.5323938847296,1
806,866,1788008923390170097,1788008923390170,128651,28.951054096221924,26.945088386535645,1788008923388859,1.311063,1788008923755721728,395182,395183,1788008923750444288,1788008923758777088,0.6333333333333333,8.33272933959961,3.0553340911865234,0.6082085503472222,42,26,509.07469814705445,303.203902077661,1,243.3495807969174,294.3604354925456,1
807,867,1788008923423607111,1788008923423607,128652,28.984490871429443,26.978525161743164,1788008923422295,1.312017,1788008923789159424,395186,395187,1788008923783776512,1788008923792109568,0.6459901004263111,8.332967758178711,2.949953079223633,0.6076524522569444,42,27,509.2076530757284,303.4310329731774,1,243.22155055979118,294.8566474535661,1
808,868,1788008923457040071,1788008923457040,128653,29.017924070358276,27.011958360671997,1788008923455726,1.314163,1788008923822594048,395190,395191,1788008923817108992,1788008923825442816,0.6581604920612216,8.333921432495117,2.8488636016845703,0.6086480034722223,42,30,509.3619967877734,304.7919242350813,1,243.10644575978324,295.24599662253195,1
809,869,1788008923490473986,1788008923490474,128654,29.051357746124268,27.04539203643799,1788008923489163,1.311064,1788008923856028672,395194,395195,1788008923850442240,1788008923858774784,0.6704434907010014,8.33272933959961,2.746105194091797,0.6101698133680555,42,28,509.3525456894377,305.68651822347687,1,243.06494201070518,295.5339676500629,1
810,870,1788008923523902893,1788008923523903,128655,29.084786891937256,27.078821182250977,1788008923522593,1.309872,1788008923889459200,395198,395199,1788008923883773440,1788008923892107264,0.682239514790868,8.333683013916016,2.6481151580810547,0.6128526475694445,42,34,509.2371950848353,305.9969320144405,1,243.09352779685685,295.6778453420314,1
811,871,1788008923557334900,1788008923557335,128656,29.118218660354614,27.112252950668335,1788008923556023,1.312018,1788008923922891776,395202,395203,1788008923917106688,1788008923925439488,0.6942576750307573,8.332967758178711,2.547740936279297,0.6127712673611111,42,37,508.9108171344211,306.156432837966,1,243.2569296828653,296.08203420432267,1
812,872,1788008923590765953,1788008923590766,128657,29.151649951934814,27.145684242248535,1788008923589460,1.306057,1788008923956324608,395206,395207,1788008923950438912,1788008923958771968,0.7063031100683814,8.332967758178711,2.447366714477539,0.6109239366319444,42,36,508.7692775258482,306.7740251923905,1,243.43897176588433,296.4732261994531,1
813,873,1788008923624197960,1788008923624198,128658,29.185081720352173,27.179116010665894,1788008923622890,1.307964,1788008923989757440,395210,395211,1788008923983771392,1788008923992104960,0.7183155003719174,8.333683013916016,2.3474693298339844,0.6104058159722222,42,36,508.77059313949104,306.8576249807745,1,243.60506155028207,296.6290947907081,1
814,874,1788008923657632113,1788008923657632,128659,29.218515872955322,27.212550163269043,1788008923656319,1.31321,1788008924023193856,395214,395215,1788008924017104640,1788008924025437440,0.730758226037196,8.33272933959961,2.243518829345703,0.6107503255208333,42,37,508.8316053355903,306.80095798893467,1,243.62234653736544,296.71872023674626,1
815,875,1788008923691063881,1788008923691064,128660,29.25194764137268,27.2459819316864,1788008923689755,1.308918,1788008924056626432,395218,395219,1788008924050436864,1788008924058769664,0.7427753934191702,8.33272933959961,2.143383026123047,0.6097330729166667,42,35,509.0085004467476,306.73407349872326,1,243.659005386653,297.0142797959174,1
816,876,1788008923724495888,1788008923724496,128661,29.285379648208618,27.27941393852234,1788008923723184,1.311779,1788008924090059264,395222,395223,1788008924083770112,1788008924092102912,0.7547423535807273,8.332967758178711,2.0437240600585938,0.60947265625,42,36,509.1157015035948,306.7422377666286,1,243.75117885105584,297.33514392047107,1
817,877,1788008923757929087,1788008923757929,128662,29.31881284713745,27.312847137451172,1788008923756614,1.315117,1788008924123493120,395226,395227,1788008924117102336,1788008924125435136,0.7669527896995708,8.33272933959961,1.9419193267822266,0.610009765625,42,34,509.20816639000026,306.7322522050505,1,243.76692380752445,297.4956017445473,1
818,878,1788008923791361094,1788008923791361,128663,29.35224485397339,27.34627914428711,1788008923790051,1.310111,1788008924156925952,395230,395231,1788008924150434816,1788008924158768384,0.7789094238141557,8.333683013916016,1.842498779296875,0.6090874565972222,42,33,509.35776552104187,306.69772616191597,1,243.6686779461823,297.4381391210198,1
819,879,1788008923824790955,1788008923824791,128664,29.385674953460693,27.379709243774414,1788008923823483,1.307965,1788008924190356736,395234,395235,1788008924183768064,1788008924192100864,0.7907010014306152,8.33272933959961,1.7440319061279297,0.6094428168402778,42,33,509.5015326748516,306.6878503886743,1,243.61045775928102,297.5459966701676,1
820,880,1788008923858222961,1788008923858223,128665,29.41910672187805,27.413141012191772,1788008923856911,1.312017,1788008924223789312,395238,395239,1788008924217100032,1788008924225433088,0.8027238133386742,8.332967758178711,1.6438961029052734,0.6099853515625,42,36,509.61795257787736,307.0147894123424,1,243.5552680606935,297.75541681018836,1
821,881,1788008923891652107,1788008923891652,128666,29.45253586769104,27.44657015800476,1788008923890340,1.312017,1788008924257219584,395242,395243,1788008924250432512,1788008924258766336,0.8143899299098841,8.333921432495117,1.5468597412109375,0.6096245659722223,42,37,509.6324462197848,307.28268505430367,1,243.39932828821952,298.1181399037104,1
822,882,1788008923925081968,1788008923925082,128667,29.485965728759766,27.480000019073486,1788008923923770,1.312017,1788008924290650624,395246,395247,1788008924283765760,1788008924292098560,0.8262374821173104,8.33272933959961,1.447916030883789,0.6090793185763889,42,35,509.6124435251459,307.3915344286265,1,243.5032135879194,298.4890604866899,1
823,883,1788008923958513021,1788008923958513,128668,29.519396781921387,27.513431072235107,1788008923957199,1.313924,1788008924324083200,395250,395251,1788008924317098240,1788008924325430784,0.8382546494992847,8.33272933959961,1.3477802276611328,0.6097412109375,42,36,509.64167946248153,307.6418734005496,1,243.51278150641764,298.5028040594671,1
824,884,1788008923991944075,1788008923991944,128669,29.552828073501587,27.546862363815308,1788008923990637,1.307011,1788008924357515520,395254,395255,1788008924350430208,1788008924358764288,0.8501788013159777,8.333921432495117,1.2485980987548828,0.6098090277777778,42,38,509.7479869112547,307.9026537378324,1,243.36412131207663,298.5245174671197,1
825,885,1788008924025377989,1788008924025378,128670,29.586261987686157,27.580296277999878,1788008924024067,1.311064,1788008924390950656,395258,395259,1788008924383763456,1788008924392096512,0.8624932047723957,8.332967758178711,1.1458396911621094,0.6121961805555556,42,37,509.81913994125534,307.97555313651264,1,243.13935054597013,298.8058526860815,1
826,886,1788008924058811903,1788008924058812,128671,29.61969566345215,27.61372995376587,1788008924057497,1.314878,1788008924424385280,395262,395263,1788008924417095936,1788008924425428736,0.8747925608011445,8.33272933959961,1.0433197021484375,0.6113606770833333,42,38,509.9969039837579,307.8499869837809,1,242.95553479743012,298.9332098429952,1
827,887,1788008924092242956,1788008924092243,128672,29.65312671661377,27.64716100692749,1788008924090933,1.309872,1788008924457817600,395266,395267,1788008924450428160,1788008924458761984,0.886679636093151,8.333683013916016,0.9443759918212891,0.6140190972222223,42,39,510.0991625366821,307.84589397612604,1,242.7832338066922,299.1319763264145,1
828,888,1788008924125674009,1788008924125674,128673,29.68655776977539,27.68059206008911,1788008924124363,1.311063,1788008924491249664,395270,395271,1788008924483761664,1788008924492094208,0.8986266094420601,8.33272933959961,0.8447170257568359,0.6132893880208333,42,40,510.2492707308311,307.9899592292426,1,242.7430730556729,299.4940189833325,1
829,889,1788008924159101009,1788008924159101,128674,29.719984769821167,27.714019060134888,1788008924157792,1.308918,1788008924524677632,395274,395275,1788008924517093632,1788008924525427456,0.9100271778000286,8.333921432495117,0.7498264312744141,0.6137424045138888,42,39,510.3298909457892,308.30330004895836,1,242.70937803470997,299.8146813929173,1
830,890,1788008924192528009,1788008924192528,128675,29.753412008285522,27.747446298599243,1788008924191223,1.305103,1788008924558106112,395278,395279,1788008924550426880,1788008924558759936,0.9215473090898687,8.332967758178711,0.6537437438964844,0.6137098524305555,42,39,510.4141808485318,308.5740716729011,1,242.58807653466573,299.9795633716139,1
831,891,1788008924225959063,1788008924225959,128676,29.786843061447144,27.780877351760864,1788008924224652,1.307011,1788008924591538432,395282,395283,1788008924583759360,1788008924592092160,0.9335622317596567,8.33272933959961,0.5536079406738281,0.6135226779513889,42,38,510.43296426264874,308.84353304294405,1,242.40185667899135,300.01681101072825,1
832,892,1788008924259391069,1788008924259391,128677,29.820274829864502,27.814309120178223,1788008924258080,1.311063,1788008924624971264,395286,395287,1788008924617091584,1788008924625425408,0.9455284087658065,8.333683013916016,0.453948974609375,0.6134087456597223,42,37,510.4434046018197,308.9378292413292,1,242.23953070952967,300.10213207443246,1
833,893,1788008924292824984,1788008924292825,128678,29.85370898246765,27.847743272781372,1788008924291510,1.314879,1788008924658406656,395290,395291,1788008924650424832,1788008924658757632,0.9578826895565093,8.33272933959961,0.3509521484375,0.6115993923611112,42,37,510.371045074091,309.0181671657827,1,242.11096721880864,300.26425533414783,1
834,894,1788008924326258898,1788008924326259,128679,29.88714289665222,27.881177186965942,1788008924324948,1.310826,1788008924691841792,395294,395295,1788008924683757056,1788008924692090112,0.970215444479414,8.332967758178711,0.24819374084472656,0.6093397352430555,42,33,510.3823231330233,309.2299174516486,1,242.19016875550625,300.4432344184082,1
835,895,1788008924359693050,1788008924359693,128680,29.920576810836792,27.914611101150513,1788008924358379,1.314163,1788008924725277184,395298,395299,1788008924717089536,1788008924725423104,0.9824912742461521,8.333683013916016,0.14591217041015625,0.6106119791666667,42,33,510.3600141739955,309.37316344052584,1,242.4227291024966,300.70992935585883,1
836,896,1788008924393126011,1788008924393126,128681,29.954009771347046,27.948044061660767,1788008924391815,1.311064,1788008924758711296,395302,395303,1788008924750422784,1788008924758755328,0.9947067238912732,8.33272933959961,0.04410743713378906,0.6103895399305556,42,34,510.3629568989242,309.497354790265,1,242.62045154131584,300.91851207531204,1
837,897,1788008924426558971,1788008924426559,128682,29.9874427318573,27.98147702217102,1788008924425245,1.313924,1788008924792145152,395307,395308,1788008924792087808,1788008924800421376,0.0068947759913028555,8.333683013916016,0.05745887756347656,0.6106309678819445,42,36,510.42657758992135,309.52249539947803,1,242.63802785273828,301.06624770045624,1
838,898,1788008924459991932,1788008924459992,128683,30.020875692367554,28.014909982681274,1788008924458681,1.310825,1788008924825579264,395311,395312,1788008924825421056,1788008924833753856,0.018969957081545065,8.33272933959961,0.15807151794433594,0.6105251736111111,42,35,510.60814309393334,309.4256855986825,1,242.66971470286938,301.1603268901543,1
839,899,1788008924493424892,1788008924493425,128684,30.054308652877808,28.04834294319153,1788008924492112,1.312971,1788008924859013376,395315,395316,1788008924858753280,1788008924867086080,0.03121512975308289,8.332967758178711,0.2601146697998047,0.6092854817708333,42,34,510.6115561608885,309.44835123241063,1,242.71281934138295,301.2411389057074,1
840,900,1788008924526858091,1788008924526858,128685,30.08774185180664,28.08177614212036,1788008924525549,1.309156,1788008924892447488,395319,395320,1788008924892085504,1788008924900418560,0.04343223369860662,8.332967758178711,0.3619194030761719,0.6090847439236111,42,35,510.5921459974621,309.503245451895,1,242.63629004536017,301.2042243708208,1
841,901,1788008924560293913,1788008924560294,128686,30.121177673339844,28.115211963653564,1788008924558977,1.317024,1788008924925884672,395323,395324,1788008924925417984,1788008924933750528,0.05602288984263233,8.33272933959961,0.4668235778808594,0.6110866970486111,42,37,510.57056028542434,309.38209584950994,1,242.63066041353687,300.9523229456946,1
842,902,1788008924593729973,1788008924593730,128687,30.154613971710205,28.148648262023926,1788008924592414,1.316071,1788008924959322112,395327,395328,1788008924958750208,1788008924967084032,0.06863306059392345,8.333683013916016,0.5719661712646484,0.6099066840277778,42,37,510.6731126916802,309.34981162472656,1,242.10728601359105,300.7145195154021,1
843,903,1788008924627166033,1788008924627166,128688,30.188049793243408,28.18208408355713,1788008924625851,1.315117,1788008924992759296,395331,395332,1788008924992083200,1788008925000416256,0.0811135589825756,8.332967758178711,0.6759166717529297,0.6125732421875,42,39,510.91299487379206,309.2891650155898,1,241.4813008266545,300.33721559441034,1
844,904,1788008924660599947,1788008924660600,128689,30.221483945846558,28.21551823616028,1788008924659289,1.311064,1788008925026194432,395335,395336,1788008925025415680,1788008925033748736,0.09344510886669909,8.332967758178711,0.7786750793457031,0.6136393229166667,42,38,511.2172803361371,308.9520911841218,1,241.02055310272067,299.83562496006186,1
845,905,1788008924694036961,1788008924694037,128690,30.254920959472656,28.248955249786377,1788008924692719,1.317978,1788008925059632640,395339,395340,1788008925058747904,1788008925067081728,0.1061394976254506,8.333683013916016,0.8845329284667969,0.6128960503472223,42,38,511.3685931128665,308.372340025917,1,240.46844731952265,299.25731494447365,1
846,906,1788008924727473021,1788008924727473,128691,30.28835678100586,28.28239107131958,1788008924726157,1.316071,1788008925093069312,395343,395344,1788008925092081408,1788008925100413952,0.11856938483547926,8.33272933959961,0.988006591796875,0.6105902777777777,42,37,511.77828153613984,307.71955232411665,1,240.07337650028407,298.82859316490203,1
847,907,1788008924760909081,1788008924760909,128692,30.32179284095764,28.315827131271362,1788008924759593,1.316071,1788008925126506496,395347,395348,1788008925125413632,1788008925133747456,0.13114378897980203,8.333683013916016,1.0929107666015625,0.6132107204861111,42,35,512.1391508340839,307.18898097349336,1,239.79250225891056,298.5281229262748,1
848,908,1788008924794342041,1788008924794342,128693,30.355226039886475,28.349260330200195,1788008924793029,1.312971,1788008925159940864,395351,395352,1788008925158746624,1788008925167079680,0.14331492661154188,8.332967758178711,1.1942386627197266,0.6091851128472222,42,35,512.4293123410475,306.74732335027585,1,239.39113198133367,298.3733490593246,1
849,909,1788008924827775955,1788008924827776,128694,30.388659954071045,28.382694244384766,1788008924826466,1.309871,1788008925193375744,395355,395356,1788008925192079104,1788008925200411904,0.15562231759656653,8.33272933959961,1.2967586517333984,0.6101698133680555,42,36,512.6492855713591,306.3649654351087,1,238.75703224225452,298.1635892040671,1
850,910,1788008924861212015,1788008924861212,128695,30.422095775604248,28.41613006591797,1788008924859894,1.317978,1788008925226812416,395359,395360,1788008925225411328,1788008925233745152,0.16810665446014764,8.333683013916016,1.4009475708007812,0.6092176649305555,42,35,513.0171093603109,305.9535794205621,1,238.3271094561223,297.8966310473959,1
851,911,1788008924894644022,1788008924894644,128696,30.455527782440186,28.449562072753906,1788008924893332,1.312017,1788008925260245248,395363,395364,1788008925258744832,1788008925267077376,0.18008583690987123,8.33272933959961,1.5006065368652344,0.6090955946180555,42,37,513.3524355761024,305.6138381737984,1,238.01446741812384,297.6243075201208,1
852,912,1788008924928076982,1788008924928077,128697,30.48896098136902,28.48299527168274,1788008924926763,1.313924,1788008925293679616,395367,395368,1788008925292076800,1788008925300409856,0.19235501130153643,8.332967758178711,1.6028881072998047,0.6030219184027777,42,33,513.656312555942,305.3874579867819,1,237.59326922679134,297.5902324409958,1
853,913,1788008924961510897,1788008924961511,128698,30.52239489555359,28.51642918586731,1788008924960201,1.309872,1788008925327114752,395371,395372,1788008925325409280,1788008925333743104,0.20466313832069805,8.333921432495117,1.7056465148925781,0.6033582899305555,42,31,513.8705788275973,305.1876712011132,1,237.44565310853793,297.61931581239145,1
854,914,1788008924994946957,1788008924994947,128699,30.55583095550537,28.549865245819092,1788008924993629,1.317978,1788008925360552192,395375,395376,1788008925358742528,1788008925367075328,0.21716738197424892,8.33272933959961,1.8095970153808594,0.6039794921875,42,30,513.9791762108534,304.9217522437308,1,237.2733408343806,297.63060951950547,1
855,915,1788008925028381109,1788008925028381,128700,30.58926510810852,28.58329939842224,1788008925027067,1.314163,1788008925393987072,395379,395380,1788008925392074752,1788008925400407552,0.22949928469241773,8.33272933959961,1.9123554229736328,0.6035942925347222,42,33,514.1789314217938,304.685730829149,1,236.95864067483222,297.5631647099315,1
856,916,1788008925061815977,1788008925061816,128701,30.622699975967407,28.616734266281128,1788008925060504,1.312017,1788008925427422976,395383,395384,1788008925425406976,1788008925433740800,0.24191102846516951,8.333921432495117,2.0160675048828125,0.6043267144097222,42,31,514.2650452218259,304.484611134352,1,236.48345526780736,297.42953281685703,1
857,917,1788008925095247984,1788008925095248,128702,30.656131744384766,28.650166034698486,1788008925093934,1.313925,1788008925460855808,395387,395388,1788008925458740224,1788008925467073280,0.2538697032989042,8.332967758178711,2.115488052368164,0.6025146484375,42,33,514.5568024640388,304.0949182055755,1,235.9850964771075,297.2857353019843,1
858,918,1788008925128680944,1788008925128681,128703,30.6895649433136,28.68359923362732,1788008925127369,1.312017,1788008925494290432,395391,395392,1788008925492072704,1788008925500405248,0.2661516452074392,8.33272933959961,2.2177696228027344,0.6017116970486112,42,32,514.8481240982026,303.8262266878214,1,235.2754269680886,297.1326311545664,1
859,919,1788008925162116051,1788008925162116,128704,30.723000049591064,28.717034339904785,1788008925160799,1.317025,1788008925527726848,395395,395396,1788008925525404928,1788008925533738496,0.2786233335240602,8.333683013916016,2.321958541870117,0.6034016927083333,42,33,515.157164148444,303.7277471134846,1,234.4345244087609,296.96985065561796,1
860,920,1788008925195549965,1788008925195550,128705,30.756433725357056,28.750468015670776,1788008925194236,1.313925,1788008925561161728,395399,395400,1788008925558738176,1788008925567070976,0.2908440629470672,8.33272933959961,2.423524856567383,0.6036214192708333,42,34,515.5749227919995,303.53928592344306,1,233.58532483155724,296.8193242986245,1
861,921,1788008925228981018,1788008925228981,128706,30.789864778518677,28.783899068832397,1788008925227667,1.313925,1788008925594593792,395403,395404,1788008925592070400,1788008925600404224,0.3027893005292519,8.333921432495117,2.5234222412109375,0.6108127170138888,42,36,515.9780015309384,303.3082356186596,1,232.74531999318333,296.6854819430997,1
862,922,1788008925262417078,1788008925262417,128707,30.823301076889038,28.81733536720276,1788008925261104,1.312971,1788008925628031232,395407,395408,1788008925625403648,1788008925633736704,0.31532717232697205,8.332967758178711,2.6276111602783203,0.6113633897569445,42,38,516.449388938613,303.08701244927687,1,231.9784441825245,296.5525882963864,1
863,923,1788008925295871019,1788008925295871,128708,30.856754779815674,28.850789070129395,1788008925294541,1.330137,1788008925661486080,395411,395412,1788008925658735872,1788008925667068672,0.3300429184549356,8.33272933959961,2.7501583099365234,0.6110188802083333,42,37,516.9733178274305,302.7783585517489,1,231.4200833862002,296.6323724156483,1
864,924,1788008925329284906,1788008925329285,128709,30.8901686668396,28.88420295715332,1788008925327970,1.314878,1788008925694901248,395415,395416,1788008925692068352,1788008925700401920,0.3399324826915375,8.333683013916016,2.8328895568847656,0.6107503255208333,42,36,517.3027055104487,302.5923881387198,1,231.09565359201557,296.73558743326413,1
865,925,1788008925362718105,1788008925362718,128710,30.92360210418701,28.917636394500732,1788008925361408,1.31011,1788008925728335872,395419,395420,1788008925725401600,1788008925733734400,0.3521316165951359,8.33272933959961,2.9342174530029297,0.6106770833333334,42,37,517.5629058965147,302.48165978038327,1,230.82972631296298,296.7959002844922,1
866,926,1788008925396156073,1788008925396156,128711,30.957040071487427,28.951074361801147,1788008925394837,1.31917,1788008925761775104,395423,395424,1788008925758733824,1788008925767066624,0.36496809819461534,8.332967758178711,3.0412673950195312,0.608251953125,42,35,517.6834121165823,302.47628265085024,1,230.41686294417005,296.85408243325963,1
867,927,1788008925429584026,1788008925429584,128712,30.99046802520752,28.98450231552124,1788008925428273,1.311063,1788008925795203840,395427,395428,1788008925792066048,1788008925800399872,0.3765234307947588,8.333683013916016,3.137826919555664,0.6071153428819445,42,34,517.8349060120206,302.2527961058864,1,230.03111019084508,296.80523443332817,1
868,928,1788008925463018894,1788008925463019,128713,31.023902893066406,29.017937183380127,1788008925461704,1.314878,1788008925828640000,395431,395432,1788008925825399296,1788008925833732096,0.388898426323319,8.33272933959961,3.2405853271484375,0.5959391276041667,42,31,517.9033768512942,302.0178171163612,1,229.74474692698536,296.60945735293654,1
869,929,1788008925496450901,1788008925496451,128714,31.057334661483765,29.051368951797485,1788008925495141,1.309872,1788008925862072832,395435,395436,1788008925858731776,1788008925867064576,0.4009728183118741,8.33272933959961,3.341197967529297,0.5973280164930556,42,32,518.1037199512327,301.74065518262637,1,229.1995342490435,296.42301674012197,1
870,930,1788008925529884100,1788008925529884,128715,31.090768098831177,29.084802389144897,1788008925528571,1.31321,1788008925895507456,395439,395440,1788008925892063744,1788008925900396800,0.4132642842837115,8.332967758178711,3.4437179565429688,0.5984619140625,42,35,518.3709259285215,301.2927565683003,1,228.5322635332303,296.1949625109578,1
871,931,1788008925563319921,1788008925563320,128716,31.1242036819458,29.11823797225952,1788008925562008,1.312017,1788008925928944384,395443,395444,1788008925925396224,1788008925933729024,0.42580829756795424,8.33272933959961,3.548145294189453,0.6006998697916667,42,33,518.6756942728185,300.7234257065595,1,227.81700461021381,295.8788971679427,1
872,932,1788008925596750021,1788008925596750,128717,31.157634019851685,29.151668310165405,1788008925595438,1.312017,1788008925962375936,395447,395448,1788008925958728448,1788008925967062272,0.4376609257881787,8.333683013916016,3.647327423095703,0.5988796657986111,42,33,519.2694517487239,300.0527959176887,1,226.9571454363571,295.457409246168,1
873,933,1788008925630182981,1788008925630183,128718,31.19106674194336,29.18510103225708,1788008925628875,1.307964,1788008925995809792,395451,395452,1788008925992061952,1788008926000394496,0.4497854077253219,8.33272933959961,3.7479400634765625,0.5991672092013889,42,31,519.9328894079318,299.30218982723596,1,226.09104779126218,295.0172053405231,1
874,934,1788008925663615942,1788008925663616,128719,31.224499940872192,29.218534231185913,1788008925662304,1.312017,1788008926029244160,395455,395456,1788008926025393920,1788008926033726976,0.4620468656118566,8.332967758178711,3.850221633911133,0.6002224392361111,42,33,520.6626774960351,298.39563913657184,1,225.17713129584428,294.5562465101723,1
875,935,1788008925697047949,1788008925697048,128720,31.25793194770813,29.25196623802185,1788008925695734,1.313925,1788008926062677248,395459,395460,1788008926058726400,1788008926067059968,0.47408021971734277,8.333683013916016,3.950834274291992,0.6013237847222223,42,33,521.1847607588152,297.6049122803949,1,224.3985086397568,294.09307714785444,1
876,936,1788008925730479956,1788008925730480,128721,31.29136371612549,29.28539800643921,1788008925729169,1.311064,1788008926096110080,395463,395464,1788008926092059648,1788008926100392448,0.4860944206008584,8.33272933959961,4.050493240356445,0.6028862847222223,42,34,521.5215466547539,296.89307827857374,1,223.66321076581949,293.6148128421303,1
877,937,1788008925763911963,1788008925763912,128722,31.324795722961426,29.318830013275146,1788008925762599,1.312972,1788008926129543424,395467,395468,1788008926125391872,1788008926133724672,0.49819742489270386,8.33272933959961,4.151344299316406,0.6125434027777777,42,37,522.1380819219976,296.2455457537617,1,222.9677499107047,293.1923881242506,1
878,938,1788008925797346115,1788008925797346,128723,31.358229875564575,29.352264165878296,1788008925796030,1.31607,1788008926162978560,395471,395472,1788008926158724096,1788008926167057920,0.5105135173794879,8.333921432495117,4.079341888427734,0.6147488064236111,42,38,522.8236045070693,295.6492432620011,1,222.318889561257,292.8304076786831,1
879,939,1788008925830773115,1788008925830773,128724,31.39165687561035,29.385691165924072,1788008925829467,1.306057,1788008926196406784,395475,395476,1788008926192057344,1788008926200390144,0.5219742489270386,8.33272933959961,3.9832592010498047,0.6142822265625,42,36,523.5282400261724,295.1097920567507,1,221.69533442346955,292.424573260949,1
880,940,1788008925864204884,1788008925864205,128725,31.42508864402771,29.41912293434143,1788008925862897,1.307965,1788008926229839872,395479,395480,1788008926225389824,1788008926233723392,0.5339875264633518,8.333683013916016,3.8836002349853516,0.6137152777777778,42,37,524.2506645290948,294.66173522867473,1,221.16968920216843,291.98988854403666,1
881,941,1788008925897646904,1788008925897647,128726,31.45853066444397,29.45256495475769,1788008925896326,1.320839,1788008926263282944,395483,395484,1788008926258723072,1788008926267055872,0.5472389127324749,8.33272933959961,3.772735595703125,0.6124782986111111,42,37,524.6258498948263,294.26197588559074,1,220.525477339151,291.46840293053117,1
882,942,1788008925931065083,1788008925931065,128727,31.49194884300232,29.48598313331604,1788008925929756,1.309157,1788008926296701952,395487,395488,1788008926292055040,1788008926300388096,0.5576378358273011,8.332967758178711,3.686189651489258,0.6117431640625,42,36,525.0293278744278,293.8614446028372,1,220.3112173012514,291.0630994981524,1
883,943,1788008925964494944,1788008925964495,128728,31.525378704071045,29.519412994384766,1788008925963186,1.308918,1788008926330132736,395491,395492,1788008926325387520,1788008926333721344,0.5693892147046202,8.333921432495117,3.5886764526367188,0.6130533854166667,42,37,525.3400753541362,293.51626270478215,1,219.9775622711408,290.78892177365344,1
884,944,1788008925997934103,1788008925997934,128729,31.558817863464355,29.552852153778076,1788008925996614,1.320124,1788008926363572480,395495,395496,1788008926358720768,1788008926367053568,0.5822603719599427,8.33272933959961,3.4809112548828125,0.6142225477430555,42,34,525.6368458517442,293.12936785397665,1,219.61164594600626,290.61227749015103,1
885,945,1788008926031354904,1788008926031355,128730,31.592238664627075,29.586272954940796,1788008926030044,1.310825,1788008926396994560,395499,395500,1788008926392053248,1788008926400385792,0.5930185979971387,8.33272933959961,3.391265869140625,0.6128065321180556,42,36,525.9849736601633,292.8961705015106,1,219.28357735663909,290.4379227429572,1
886,946,1788008926064786911,1788008926064787,128731,31.625670909881592,29.619705200195312,1788008926063474,1.312971,1788008926430427904,395503,395504,1788008926425385216,1788008926433719040,0.6050922614790445,8.333921432495117,3.2911300659179688,0.6144856770833333,42,35,526.2489223993074,292.8130900268476,1,218.93503392644448,290.2613952368114,1
887,947,1788008926098216057,1788008926098216,128732,31.659099817276,29.65313410758972,1788008926096912,1.30415,1788008926463857920,395507,395508,1788008926458718464,1788008926467051520,0.616749163114074,8.332967758178711,3.1936168670654297,0.6134304470486112,42,35,526.4451763058748,292.7408898694583,1,218.65175116866402,290.19305659011366,1
888,948,1788008926131649971,1788008926131650,128733,31.69253396987915,29.68656826019287,1788008926130341,1.308918,1788008926497293056,395511,395512,1788008926492050944,1788008926500383488,0.629098712446352,8.33272933959961,3.0906200408935547,0.6138753255208333,42,32,526.6564680758452,292.6346927063699,1,218.52540342611496,290.1800299354987,1
889,949,1788008926165081024,1788008926165081,128734,31.72596502304077,29.719999313354492,1788008926163771,1.31011,1788008926530725376,395515,395516,1788008926525383168,1788008926533716992,0.6410425130171082,8.333683013916016,2.9914379119873047,0.6135335286458333,42,34,526.77712290107,292.7848577231126,1,218.22856696519892,290.07882708129415,1
890,950,1788008926198510885,1788008926198511,128735,31.759394645690918,29.75342893600464,1788008926197201,1.309871,1788008926564156416,395519,395520,1788008926558716416,1788008926567049216,0.6528183118741059,8.33272933959961,2.8929710388183594,0.6137369791666667,42,33,527.0676264522201,292.9470318717708,1,218.04365294256525,290.17101707594156,1
891,951,1788008926231944084,1788008926231944,128736,31.79282808303833,29.78686237335205,1788008926230630,1.314163,1788008926597590784,395523,395524,1788008926592048640,1788008926600382464,0.6649978543842082,8.333921432495117,2.791881561279297,0.6156358506944445,42,31,527.2763029107251,293.2907898035951,1,217.9495011429625,290.2910662263206,1
892,952,1788008926265376091,1788008926265376,128737,31.82625985145569,29.82029414176941,1788008926264067,1.309156,1788008926631023360,395527,395528,1788008926625381888,1788008926633714944,0.6770049497868444,8.332967758178711,2.691507339477539,0.6156385633680556,42,32,527.4985036510477,293.8214444627515,1,217.95355766870395,290.3979185821237,1
893,953,1788008926298806906,1788008926298807,128738,31.85969066619873,29.85372495651245,1788008926297495,1.312018,1788008926664455424,395531,395532,1788008926658714368,1788008926667046912,0.6889842632331903,8.33272933959961,2.5916099548339844,0.6158420138888889,42,36,527.547188103292,294.2469164363688,1,218.21109328456686,290.5319810047511,1
894,954,1788008926332240105,1788008926332240,128739,31.893124103546143,29.887158393859863,1788008926330925,1.315117,1788008926697890048,395535,395536,1788008926692046592,1788008926700380416,0.7011786919951937,8.333683013916016,2.4902820587158203,0.6144938151041667,42,37,527.3902276901553,294.56187384295066,1,218.28909055310777,290.54828642648096,1
895,955,1788008926365675926,1788008926365676,128740,31.926559925079346,29.920594215393066,1788008926364363,1.312971,1788008926731326976,395539,395540,1788008926725379840,1788008926733712640,0.7137052932761088,8.33272933959961,2.3856163024902344,0.6127631293402778,42,35,527.277958522252,294.7652590461611,1,218.267833638922,290.5589602197567,1
896,956,1788008926399106979,1788008926399107,128741,31.959990978240967,29.954025268554688,1788008926397801,1.306057,1788008926764759296,395543,395544,1788008926758712064,1788008926767045120,0.7257016966610398,8.332967758178711,2.2857189178466797,0.6146267361111111,42,38,526.9433744631776,294.8713524486333,1,218.29370612959838,290.5756363830557,1
897,957,1788008926432539940,1788008926432540,128742,31.99342370033264,29.987457990646362,1788008926431230,1.309872,1788008926798193152,395547,395548,1788008926792044288,1788008926800378368,0.7378057502503218,8.333921432495117,2.1851062774658203,0.6144612630208334,42,37,526.7628168534858,294.8884789952649,1,218.38034176145828,290.6136987179086,1
898,958,1788008926465970993,1788008926465971,128743,32.02685475349426,30.020889043807983,1788008926464660,1.311064,1788008926831625472,395551,395552,1788008926825377792,1788008926833710336,0.7497854077253219,8.33272933959961,2.084970474243164,0.6136610243055556,42,37,526.7224585915899,294.87111055802,1,218.423832638735,290.66505204792264,1
899,959,1788008926499401093,1788008926499401,128744,32.06028509140015,30.054319381713867,1788008926498089,1.312018,1788008926865057024,395555,395556,1788008926858710016,1788008926867042816,0.7616881258941345,8.33272933959961,1.985788345336914,0.6128933376736111,42,37,526.7602182979932,295.04464332098513,1,218.34986362290903,290.7496024394118,1
900,960,1788008926532835007,1788008926532835,128745,32.09371900558472,30.087753295898438,1788008926531526,1.308918,1788008926898492160,395559,395560,1788008926892042240,1788008926900375040,0.7740264942347859,8.332967758178711,1.8830299377441406,0.6120795355902777,42,36,526.9723479182004,295.06873292092865,1,218.31077362183453,290.8720155036751,1
901,961,1788008926566266060,1788008926566266,128746,32.12715005874634,30.12118434906006,1788008926564956,1.31011,1788008926931924224,395563,395564,1788008926925374464,1788008926933707264,0.7860371959942776,8.33272933959961,1.7828941345214844,0.6126736111111111,42,35,527.1511578044624,295.01514817496644,1,218.25727539568146,290.9501451465171,1
902,962,1788008926599700928,1788008926599701,128747,32.160584926605225,30.154619216918945,1788008926598384,1.317024,1788008926965360128,395567,395568,1788008926958706944,1788008926967040512,0.7983635635406534,8.333683013916016,1.6803741455078125,0.6102837456597222,42,37,527.1582986958667,295.04150423506024,1,218.26827743856495,291.021845729481,1
903,963,1788008926633128881,1788008926633129,128748,32.19401288032532,30.188047170639038,1788008926631814,1.314878,1788008926998789376,395571,395572,1788008926992040192,1788008927000372992,0.8099570815450644,8.33272933959961,1.5835762023925781,0.6133029513888889,42,37,527.0209079878592,295.1626117374745,1,218.33194679432455,291.0678905697285,1
904,964,1788008926666559935,1788008926666560,128749,32.22744393348694,30.22147822380066,1788008926665252,1.307965,1788008927032221440,395575,395576,1788008927025372160,1788008927033705216,0.8219221195387829,8.332967758178711,1.483917236328125,0.6134874131944444,42,37,526.8394875384721,295.2657461855854,1,218.5809724526107,291.052761538841,1
905,965,1788008926699994087,1788008926699994,128750,32.26087808609009,30.25491237640381,1788008926698682,1.312017,1788008927065656832,395579,395580,1788008927058704640,1788008927067038464,0.83421541982549,8.333921432495117,1.3816356658935547,0.6134141710069444,42,39,526.4468779251541,295.4164592638992,1,219.20105275393212,290.8402712283687,1
906,966,1788008926733428955,1788008926733429,128751,32.294312953948975,30.288347244262695,1788008926732119,1.309872,1788008927099092992,395583,395584,1788008927092037888,1788008927100370688,0.8466666666666667,8.33272933959961,1.2776851654052734,0.6139811197916667,42,37,526.0741183217531,295.28804069527763,1,219.89879926112744,290.76420858850634,1
907,967,1788008926766860962,1788008926766861,128752,32.32774496078491,30.321779251098633,1788008926765549,1.312018,1788008927132526080,395587,395588,1788008927125370368,1788008927133702912,0.8587696709585122,8.33272933959961,1.1768341064453125,0.6128553602430555,42,37,525.7521260922985,295.30412016720953,1,220.51107284466,290.7771699057831,1
908,968,1788008926800297022,1788008926800297,128753,32.361180782318115,30.355215072631836,1788008926798986,1.311064,1788008927165963008,395591,395592,1788008927158702336,1788008927167036416,0.8712058360749535,8.333921432495117,1.0733604431152344,0.6136338975694444,42,37,525.7741039855174,295.0978517075582,1,220.98885733144587,290.84390938823947,1
909,969,1788008926833729982,1788008926833730,128754,32.39461398124695,30.38864827156067,1788008926832415,1.314878,1788008927199397376,395595,395596,1788008927192035584,1788008927200368640,0.8834368115361506,8.332967758178711,0.9713172912597656,0.6148491753472223,42,37,525.9466680889875,294.51664908726826,1,221.60068639951635,290.9573348001579,1
910,970,1788008926867165089,1788008926867165,128755,32.428049087524414,30.422083377838135,1788008926865852,1.312971,1788008927232833536,395599,395600,1788008927225368064,1788008927233701632,0.8958345253762088,8.333683013916016,0.8680820465087891,0.6168809678819445,42,37,525.3350992163538,295.0098942568289,1,221.9280296075459,290.8783952114937,1
911,971,1788008926900599003,1788008926900599,128756,32.461483001708984,30.455517292022705,1788008926899288,1.311064,1788008927266268672,395603,395604,1788008927258701312,1788008927267034112,0.9081545064377683,8.33272933959961,0.7653236389160156,0.6165120442708333,42,37,524.7955112623897,295.12562467835534,1,222.2793653512573,290.744083939077,1
912,972,1788008926934036016,1788008926934036,128757,32.494919776916504,30.488954067230225,1788008926932717,1.318931,1788008927299706624,395607,395608,1788008927292033536,1788008927300366336,0.9208320219736202,8.332967758178711,0.6597042083740234,0.6166286892361111,42,36,524.3545005926485,295.3825775064504,1,222.91519489395262,290.89526055202407,1
913,973,1788008926967469931,1788008926967470,128758,32.528353691101074,30.522387981414795,1788008926966158,1.312018,1788008927333141760,395611,395612,1788008927325365760,1788008927333699584,0.9330567872979545,8.333921432495117,0.5578994750976562,0.6154351128472222,42,38,523.9044327778292,295.50055849182087,1,223.50069571561028,290.92686002286734,1
914,974,1788008927000905037,1788008927000905,128759,32.56178879737854,30.55582308769226,1788008926999593,1.312018,1788008927366578176,395615,395616,1788008927358699008,1788008927367031808,0.9455507868383405,8.33272933959961,0.45371055603027344,0.6158555772569444,42,38,523.4969450109343,295.50628809997465,1,223.91255224960187,290.9360440321047,1
915,975,1788008927034343958,1788008927034344,128760,32.59522771835327,30.589262008666992,1788008927033031,1.312971,1788008927400017664,395619,395620,1788008927392031488,1788008927400364288,0.9584263233190272,8.33272933959961,0.3464221954345703,0.6155897352430556,42,38,523.3406663907226,295.56824243828373,1,224.2688115931157,290.59118545313044,1
916,976,1788008927067778111,1788008927067778,128761,32.62866187095642,30.62269616127014,1788008927066467,1.311064,1788008927433452544,395623,395624,1788008927425363456,1788008927433697536,0.9706193677585467,8.333921432495117,0.2448558807373047,0.6147976345486111,42,39,523.1423284814509,294.9050470768611,1,224.70696839853593,290.46455038057934,1
917,977,1788008927101212025,1788008927101212,128762,32.66209578514099,30.656130075454712,1788008927099897,1.315117,1788008927466887168,395627,395628,1788008927458696960,1788008927467029760,0.9828903321793367,8.332967758178711,0.14257431030273438,0.6140706380208333,42,37,522.7112327942098,295.3971708855147,1,225.57264452145557,290.56763155528574,1
918,978,1788008927134645939,1788008927134646,128763,32.69552993774414,30.68956422805786,1788008927133334,1.312018,1788008927500322560,395631,395632,1788008927492029184,1788008927500361984,0.9952789699570815,8.33272933959961,0.03933906555175781,0.6118326822916667,42,37,522.1567044428834,295.94743622933896,1,226.21336578553388,290.37733150535917,1
919,979,1788008927168077946,1788008927168078,128764,32.7289617061615,30.72299599647522,1788008927166769,1.308918,1788008927533755648,395636,395637,1788008927533695232,1788008927542028288,0.007238705616434437,8.332967758178711,0.06031990051269531,0.6133653428819444,42,36,521.793934840739,296.2663639749959,1,226.68285380516605,290.3400523914861,1
920,980,1788008927201517105,1788008927201517,128765,32.76240086555481,30.75643515586853,1788008927200199,1.318216,1788008927567195904,395640,395641,1788008927567027456,1788008927575360256,0.020200286123032905,8.33272933959961,0.16832351684570312,0.6155924479166667,42,36,521.4797689325098,296.27706698818514,1,227.57886660230133,290.5362925056879,1
921,981,1788008927234950066,1788008927234950,128766,32.79583406448364,30.789868354797363,1788008927233636,1.314164,1788008927600630272,395644,395645,1788008927600359936,1788008927608693504,0.032442638896835845,8.333683013916016,0.2703666687011719,0.6137993706597222,42,35,521.1957672694786,296.316093810428,1,228.44031079645885,290.5318249754226,1
922,982,1788008927268390894,1788008927268391,128767,32.82927489280701,30.823309183120728,1788008927267075,1.315832,1788008927634072320,395648,395649,1788008927633693184,1788008927642025984,0.045493562231759654,8.33272933959961,0.3790855407714844,0.6149007161458333,42,37,520.6533588156686,296.56702000480044,1,229.15773763094944,290.3649783177973,1
923,983,1788008927301829100,1788008927301829,128768,32.862713098526,30.85674738883972,1788008927300512,1.317025,1788008927667511552,395652,395653,1788008927667025408,1788008927675359232,0.05833214132456015,8.333921432495117,0.48613548278808594,0.6158040364583334,42,35,520.2322623820246,296.7463495392773,1,230.10072813738708,290.5734024405933,1
924,984,1788008927335268021,1788008927335268,128769,32.89615201950073,30.890186309814453,1788008927333948,1.320124,1788008927700951552,395656,395657,1788008927700358656,1788008927708691712,0.07115676232439701,8.332967758178711,0.5929470062255859,0.6134087456597223,42,34,519.657654920896,296.81996232682434,1,231.02700157700812,290.8629058766763,1
925,985,1788008927368701935,1788008927368702,128770,32.9295859336853,30.923620223999023,1788008927367386,1.315832,1788008927734386432,395660,395661,1788008927733690880,1788008927742023680,0.0834620886981402,8.33272933959961,0.6954669952392578,0.6195068359375,42,37,519.2525360399972,296.73561452007283,1,231.87008730689166,290.9610038618745,1
926,986,1788008927402137995,1788008927402138,128771,32.963021993637085,30.957056283950806,1788008927400822,1.316071,1788008927767823616,395664,395665,1788008927767023360,1788008927775356928,0.09604051038507753,8.333683013916016,0.8003711700439453,0.6187201605902778,42,37,518.9996725937598,296.7673304711338,1,232.66197099034997,291.1816822914373,1
927,987,1788008927435574055,1788008927435574,128772,32.99645781517029,30.99049210548401,1788008927434260,1.314163,1788008927801260800,395668,395669,1788008927800356608,1788008927808689408,0.10849785407725322,8.33272933959961,0.904083251953125,0.6191921657986111,42,36,518.7127907465851,296.83665151094215,1,233.2121210051522,291.373821033542,1
928,988,1788008927469010115,1788008927469010,128773,33.02989411354065,31.02392840385437,1788008927467696,1.314164,1788008927834698240,395672,395673,1788008927833688832,1788008927842021632,0.12114102600783955,8.332967758178711,1.0094642639160156,0.6183213975694445,42,36,518.5910829562067,296.76901269472586,1,233.78148209958337,291.74118762642075,1
929,989,1788008927502445936,1788008927502446,128774,33.06332969665527,31.057363986968994,1788008927501133,1.312971,1788008927868134912,395676,395677,1788008927867021056,1788008927875353856,0.13367668097281832,8.33272933959961,1.1138916015625,0.6176866319444444,42,38,518.4013917243963,296.88762601329597,1,234.39751871306896,292.01262973469153,1
930,990,1788008927535881042,1788008927535881,128775,33.09676480293274,31.09079909324646,1788008927534562,1.318931,1788008927901571328,395680,395681,1788008927900353536,1788008927908686080,0.1461516452074392,8.33272933959961,1.2178421020507812,0.6178738064236111,42,37,518.0360954228155,297.0675737618411,1,235.02464089757154,292.17893463822185,1
931,991,1788008927569317102,1788008927569317,128776,33.1302011013031,31.12423539161682,1788008927568001,1.31607,1788008927935008768,395684,395685,1788008927933685504,1788008927942019584,0.1587755685881848,8.333921432495117,1.3232231140136719,0.6152316623263889,42,37,517.6311831145723,297.2072926615506,1,235.65839598151268,292.47193091520916,1
932,992,1788008927602756023,1788008927602756,128777,33.16364002227783,31.157674312591553,1788008927601438,1.317977,1788008927968448768,395688,395689,1788008927967018752,1788008927975351808,0.17161168493033102,8.332967758178711,1.4300346374511719,0.6153618706597223,42,34,517.2278257929747,297.516543875227,1,236.24880450945545,292.74860423787754,1
933,993,1788008927636189938,1788008927636190,128778,33.1970739364624,31.191108226776123,1788008927634874,1.315833,1788008928001883904,395692,395693,1788008928000351232,1788008928008684032,0.18394849785407724,8.33272933959961,1.5327930450439453,0.61484375,42,34,516.834534987685,297.73721383195107,1,236.87021005092373,292.9149941037544,1
934,994,1788008927669629097,1788008927669629,128779,33.23051309585571,31.224547386169434,1788008927668312,1.317024,1788008928035324416,395696,395697,1788008928033683456,1788008928042017280,0.19688733764376037,8.333683013916016,1.6407966613769531,0.6101806640625,42,31,516.4216720050423,298.0089625391384,1,237.457808330146,293.07419601340865,1
935,995,1788008927703063965,1788008927703064,128780,33.2639479637146,31.25798225402832,1788008927701749,1.314879,1788008928068760064,395700,395701,1788008928067016960,1788008928075349504,0.2092131616595136,8.33272933959961,1.743316650390625,0.6094563802083334,42,34,516.1542549716906,298.40220966207755,1,237.88208397444748,293.1391377578449,1
936,996,1788008927736500978,1788008927736501,128781,33.2973849773407,31.29141926765442,1788008927735186,1.314878,1788008928102198272,395704,395705,1788008928100348928,1788008928108681984,0.22193928642957284,8.332967758178711,1.8494129180908203,0.6079915364583334,42,29,515.862474230109,298.8475741819918,1,238.18198977517147,293.2478041914114,1
937,997,1788008927769937992,1788008927769938,128782,33.33082175254822,31.32485604286194,1788008927768623,1.314878,1788008928135636224,395708,395709,1788008928133681408,1788008928142015232,0.2345873265627235,8.333921432495117,1.9550323486328125,0.6078125,42,29,515.48933318504,298.9212184618516,1,238.46269843076226,292.9596288886207,1
938,998,1788008927803375006,1788008927803375,128783,33.364259004592896,31.358293294906616,1788008927802060,1.315117,1788008928169074688,395712,395713,1788008928167014656,1788008928175347456,0.24723891273247497,8.33272933959961,2.0601749420166016,0.6099446614583334,42,31,515.0152357912317,298.85783948487125,1,238.82481719714826,292.96574200632574,1
939,999,1788008927836810112,1788008927836810,128784,33.39769411087036,31.391728401184082,1788008927835497,1.31321,1788008928202511104,395716,395717,1788008928200346880,1788008928208679680,0.25971387696709586,8.33272933959961,2.164125442504883,0.6095187717013889,42,30,514.2765182963515,298.7859935182476,1,239.23996528891638,293.33762753004856,1
940,1000,1788008927870251894,1788008927870252,128785,33.43113565444946,31.425169944763184,1788008927868932,1.319885,1788008928235953920,395720,395721,1788008928233679104,1788008928242012928,0.2729509369188957,8.333921432495117,2.274751663208008,0.6085394965277777,42,30,513.6667544549758,298.7026530121138,1,239.7380914394255,294.0193747345198,1
941,1001,1788008927903692007,1788008927903692,128786,33.46457600593567,31.45861029624939,1788008927902370,1.322031,1788008928269395200,395724,395725,1788008928267012352,1788008928275345408,0.28594317759148524,8.332967758178711,2.3827552795410156,0.6078776041666667,42,30,513.1623469571456,298.9294779353038,1,240.32973290638637,294.45865558226393,1
942,1002,1788008927937129021,1788008927937129,128787,33.49801278114319,31.49204707145691,1788008927935814,1.315117,1788008928302833152,395728,395729,1788008928300344832,1788008928308678400,0.29859243577272987,8.333683013916016,2.488374710083008,0.60947265625,42,30,512.6139780910971,299.1487039548634,1,240.88378577902637,295.01271385223293,1
943,1003,1788008927970566988,1788008927970567,128788,33.5314507484436,31.525485038757324,1788008927969252,1.314878,1788008928336272128,395732,395733,1788008928333678080,1788008928342010624,0.3113304721030043,8.33272933959961,2.5942325592041016,0.6173421223958333,42,36,511.89830168118317,299.14917278400185,1,241.36947741874235,295.5737334339497,1
944,1004,1788008928004004002,1788008928004004,128789,33.56488800048828,31.558922290802002,1788008928002687,1.317025,1788008928369710848,395736,395737,1788008928367010048,1788008928375343104,0.32411089811450317,8.332967758178711,2.7008056640625,0.6169623480902777,42,36,511.14151113435,299.1557365431488,1,241.80350927007163,295.80816926805204,1
945,1005,1788008928037465096,1788008928037465,128790,33.59834885597229,31.59238314628601,1788008928036127,1.338006,1788008928403172864,395740,395741,1788008928400342528,1788008928408676352,0.33963667572593337,8.333921432495117,2.83050537109375,0.6164822048611112,42,36,510.4325212955806,299.13706362571554,1,242.27507670104146,295.97121360448443,1
946,1006,1788008928070878983,1788008928070879,128791,33.631762742996216,31.625797033309937,1788008928069563,1.316071,1788008928436588032,395744,395745,1788008928433675776,1788008928442008576,0.34949928469241776,8.33272933959961,2.912282943725586,0.6150933159722223,42,36,509.8797407670045,298.87166883517415,1,242.85732896936932,296.22798522940786,1
947,1007,1788008928104315996,1788008928104316,128792,33.665199756622314,31.659234046936035,1788008928103001,1.314878,1788008928470025984,395748,395749,1788008928467008000,1788008928475340800,0.3621745350500715,8.33272933959961,3.017902374267578,0.6145562065972222,42,32,509.2783248789352,298.6518004180793,1,243.41360565008478,296.50582758895666,1
948,1008,1788008928137753010,1788008928137753,128793,33.69863700866699,31.692671298980713,1788008928136436,1.317024,1788008928503463936,395752,395753,1788008928500340224,1788008928508674048,0.37482477471034187,8.333921432495117,3.123760223388672,0.6125623914930556,42,33,509.051345609994,298.8007374068386,1,243.9033151809914,296.5526896753009,1
949,1009,1788008928171188116,1788008928171188,128794,33.73207211494446,31.72610640525818,1788008928169872,1.31607,1788008928536899840,395756,395757,1788008928533673472,1788008928542006528,0.38717061028296756,8.332967758178711,3.2262802124023438,0.6040201822916667,42,31,508.67360203468195,298.8574261764649,1,244.24204703148717,296.68261264838424,1
950,1010,1788008928204622030,1788008928204622,128795,33.76550602912903,31.75954031944275,1788008928203311,1.311064,1788008928570334464,395760,395761,1788008928567005952,1788008928575338496,0.3994563662374821,8.33272933959961,3.328561782836914,0.6036756727430556,42,29,508.508465502442,299.1385974068486,1,244.6738387834771,296.76728977794363,1
951,1011,1788008928238056898,1788008928238057,128796,33.798940896987915,31.792975187301636,1788008928236740,1.316786,1788008928603770368,395764,395765,1788008928600338176,1788008928608672000,0.4118555816215598,8.333683013916016,3.4322738647460938,0.6003228081597223,42,31,508.2565781521622,299.46489201738694,1,245.20545623384533,296.6865433765595,1
952,1012,1788008928271491051,1788008928271491,128797,33.832375049591064,31.826409339904785,1788008928270178,1.312971,1788008928637205760,395768,395769,1788008928633671424,1788008928642004224,0.42414878397711014,8.33272933959961,3.5343170166015625,0.5989013671875,42,29,508.2108310386542,299.69056450322705,1,245.6889508138462,296.515761489665,1
953,1013,1788008928304927111,1788008928304927,128798,33.86581110954285,31.859845399856567,1788008928303616,1.311064,1788008928670643456,395772,395773,1788008928667003648,1788008928675336704,0.4367829246659609,8.332967758178711,3.639698028564453,0.6034288194444445,42,29,507.9813528698726,299.9958171384363,1,246.17418014090967,296.54434472983996,1
954,1014,1788008928338357925,1788008928338358,128799,33.89924192428589,31.89327621459961,1788008928337044,1.313924,1788008928704075264,395776,395777,1788008928700336896,1788008928708669952,0.44862807931103543,8.332967758178711,3.7384033203125,0.6016574435763888,42,29,507.954533943352,300.5405870580005,1,246.60911980047268,296.7248573340628,1
955,1015,1788008928371795893,1788008928371796,128800,33.932679891586304,31.926714181900024,1788008928370482,1.313925,1788008928737514240,395780,395781,1788008928733669376,1788008928742001920,0.4614306151645207,8.33272933959961,3.8449764251708984,0.6007351345486112,42,30,508.0121877092936,301.26717854762967,1,247.0793420056351,297.0423660761562,1
956,1016,1788008928405231953,1788008928405232,128801,33.96611571311951,31.960150003433228,1788008928403919,1.312971,1788008928770950912,395784,395785,1788008928767001600,1788008928775335424,0.4739085655432855,8.333683013916016,3.949403762817383,0.6004421657986111,42,31,508.01059523678373,302.0776847021062,1,247.68749947556623,297.4099240677475,1
957,1017,1788008928438667059,1788008928438667,128802,33.99955081939697,31.993585109710693,1788008928437354,1.312971,1788008928804387328,395788,395789,1788008928800334848,1788008928808667648,0.4863233190271817,8.33272933959961,4.052400588989258,0.5992702907986112,42,29,507.9644293875125,302.70431481575196,1,248.17491851399365,297.746983209505,1
958,1018,1788008928472100973,1788008928472101,128803,34.03298473358154,32.027019023895264,1788008928470784,1.317024,1788008928837822464,395792,395793,1788008928833667072,1788008928842000128,0.49866956596377787,8.332967758178711,4.155397415161133,0.6120361328125,42,35,507.9854036778013,303.32488122592247,1,248.80527370947266,297.95312797452516,1
959,1019,1788008928505537033,1788008928505537,128804,34.066420793533325,32.060455083847046,1788008928504222,1.315117,1788008928871259648,395796,395797,1788008928866998528,1788008928875332096,0.5113291754877839,8.333683013916016,4.072427749633789,0.6171983506944444,42,34,507.9899577050229,303.93709339342263,1,249.42654688810336,298.1964721552103,1
960,1020,1788008928538973093,1788008928538973,128805,34.09985709190369,32.09389138221741,1788008928537658,1.315117,1788008928904696832,395800,395801,1788008928900331776,1788008928908664576,0.523862660944206,8.33272933959961,3.9675235748291016,0.6139105902777777,42,34,507.92792452467336,304.5200949918449,1,249.98859703781253,298.2977937083335,1
961,1021,1788008928572412014,1788008928572412,128806,34.13329577445984,32.12733006477356,1788008928571095,1.317024,1788008928938137088,395804,395805,1788008928933663744,1788008928941997824,0.5367472464597339,8.333921432495117,3.8607120513916016,0.6132459852430555,42,33,507.75934766829425,305.08554764913384,1,250.49744204705559,298.35209645012935,1
962,1022,1788008928605850935,1788008928605851,128807,34.16673469543457,32.16076898574829,1788008928604533,1.317978,1788008928971577088,395808,395809,1788008928966997248,1788008928975330048,0.5496266201253183,8.332967758178711,3.7529468536376953,0.6135525173611112,42,33,507.5076515934211,305.4473280833119,1,250.88261437154637,298.33766835192773,1
963,1023,1788008928639286041,1788008928639286,128808,34.200169801712036,32.19420409202576,1788008928637970,1.31607,1788008929005013248,395812,395813,1788008929000329472,1788008929008662272,0.5620886981402002,8.33272933959961,3.648996353149414,0.6107421875,42,32,507.2254162737961,305.7642454850832,1,251.21174012814393,298.32383256789234,1
964,1024,1788008928672719955,1788008928672720,128809,34.233603715896606,32.22763800621033,1788008928671407,1.312971,1788008929038448128,395816,395817,1788008929033661952,1788008929041995520,0.574326257366825,8.333683013916016,3.5474300384521484,0.6117811414930555,42,31,507.0237524583301,306.1697981138606,1,251.4102456407118,298.41820354812535,1
965,1025,1788008928706157923,1788008928706158,128810,34.26704168319702,32.26107597351074,1788008928704845,1.312971,1788008929071887616,395820,395821,1788008929066995200,1788008929075328000,0.5871244635193134,8.33272933959961,3.440380096435547,0.6111463758680555,42,28,506.963489738007,306.3074404541781,1,251.59636175386606,298.47588123311147,1
966,1026,1788008928739597082,1788008928739597,128811,34.30048084259033,32.29451513290405,1788008928738281,1.31607,1788008929105327872,395824,395825,1788008929100327168,1788008929108660224,0.6000972790478097,8.332967758178711,3.332376480102539,0.6127577039930555,42,31,507.0450969128202,306.4560134601682,1,251.75539757359883,298.5915487146623,1
967,1027,1788008928773036003,1788008928773036,128812,34.33392000198364,32.32795429229736,1788008928771718,1.317978,1788008929138768128,395828,395829,1788008929133659648,1788008929141993472,0.6129881275926191,8.333921432495117,3.2253265380859375,0.611767578125,42,30,507.00062336523786,306.56054442768374,1,251.92934428278866,298.66340534627557,1
968,1028,1788008928806472063,1788008928806472,128813,34.367355823516846,32.361390113830566,1788008928805155,1.317024,1788008929172205056,395832,395833,1788008929166992896,1788008929175325696,0.6254935622317597,8.33272933959961,3.1206607818603516,0.6118706597222222,42,31,507.05808611338864,306.37764566176094,1,252.29220346879106,298.7004091206185,1
969,1029,1788008928839906931,1788008928839907,128814,34.40079069137573,32.39482498168945,1788008928838593,1.313925,1788008929205640960,395836,395837,1788008929200325376,1788008929208657920,0.6379399141630901,8.33272933959961,3.016948699951172,0.6125813802083333,42,31,507.1419616505133,305.9639219025326,1,252.52867742646205,298.69321129325215,1
970,1030,1788008928873343945,1788008928873344,128815,34.43422794342041,32.42826223373413,1788008928872029,1.314879,1788008929239079424,395840,395841,1788008929233657344,1788008929241991168,0.6506079244743241,8.333921432495117,2.911806106567383,0.6114149305555555,42,30,507.2522574589137,305.75495553405284,1,252.6418958550813,298.61803714552775,1
971,1031,1788008928906778097,1788008928906778,128816,34.46766209602356,32.46169638633728,1788008928905467,1.311064,1788008929272514816,395844,395845,1788008929266990592,1788008929275323648,0.6629280993390747,8.332967758178711,2.808809280395508,0.6151584201388889,42,32,507.33616909627267,305.58779522506074,1,252.64734320413163,298.6977429357731,1
972,1032,1788008928940211058,1788008928940211,128817,34.501094818115234,32.495129108428955,1788008928938896,1.315117,1788008929305948672,395848,395849,1788008929300323072,1788008929308655616,0.6751359084406294,8.33272933959961,2.7070045471191406,0.6155110677083333,42,31,507.4972714258946,305.336241272623,1,252.59056025290317,298.70372941564244,1
973,1033,1788008928973640919,1788008928973641,128818,34.53452491760254,32.52855920791626,1788008928972335,1.305819,1788008929339379968,395852,395853,1788008929333656320,1788008929341989120,0.68689556509299,8.33272933959961,2.6090145111083984,0.6158745659722222,42,32,507.6749896230328,305.0782615532684,1,252.64550213113432,298.71150791816495,1
974,1034,1788008929007078886,1788008929007079,128819,34.567962884902954,32.561997175216675,1788008929005764,1.314878,1788008929372819200,395856,395857,1788008929366988544,1788008929375321344,0.6997224685988956,8.332967758178711,2.5022029876708984,0.6159993489583333,42,31,507.8762156456519,304.67383196810755,1,252.39820048916226,298.81749891219647,1
975,1035,1788008929040513992,1788008929040514,128820,34.60139799118042,32.59543228149414,1788008929039198,1.31607,1788008929406255360,395860,395861,1788008929400320768,1788008929408654592,0.712115577170648,8.333921432495117,2.3992061614990234,0.6152994791666667,42,31,507.9176237468091,303.91940163140947,1,251.82963007231388,298.78041408285634,1
976,1036,1788008929073949099,1788008929073949,128821,34.634833097457886,32.628867387771606,1788008929072637,1.312018,1788008929439691520,395864,395865,1788008929433654016,1788008929441986816,0.724549356223176,8.33272933959961,2.295255661010742,0.6145589192708333,42,32,507.7391310864667,303.0583030012966,1,251.19931241563833,298.63083606229475,1
977,1037,1788008929107388020,1788008929107388,128822,34.66827178001404,32.66230607032776,1788008929106065,1.322985,1788008929473131520,395868,395869,1788008929466986496,1788008929475319040,0.7374535050071531,8.33272933959961,2.1877288818359375,0.6133490668402778,42,30,507.865853178846,302.38293212479226,1,250.42375834338642,298.3989083620096,1
978,1038,1788008929140815020,1788008929140815,128823,34.701699018478394,32.695733308792114,1788008929139504,1.311064,1788008929506559744,395872,395873,1788008929500318464,1788008929508652544,0.7489057359462166,8.333921432495117,2.092599868774414,0.6132893880208333,42,31,507.7820664498661,301.5474162994523,1,249.83918606433315,298.1091792294593,1
979,1039,1788008929174247980,1788008929174248,128824,34.73513174057007,32.72916603088379,1788008929172935,1.312971,1788008929539993856,395876,395877,1788008929533651712,1788008929541984768,0.7610654916883637,8.332967758178711,1.9910335540771484,0.6125732421875,42,29,507.93452169284467,300.9476256859932,1,249.2894622827751,297.8657782031182,1
980,1040,1788008929207679033,1788008929207679,128825,34.76856279373169,32.76259708404541,1788008929206371,1.307964,1788008929573425920,395880,395881,1788008929566984192,1788008929575316992,0.7730758226037197,8.33272933959961,1.8908977508544922,0.6127414279513889,42,31,507.97069805788124,300.5635417976508,1,248.82095463280052,297.58677879359686,1
981,1041,1788008929241113901,1788008929241114,128826,34.801997661590576,32.7960319519043,1788008929239800,1.313925,1788008929606862080,395884,395885,1788008929600316416,1788008929608650240,0.7854322824283344,8.333683013916016,1.7881393432617188,0.6113986545138889,42,28,508.0783084701521,300.3124537606632,1,248.61133934296885,297.27704009449985,1
982,1042,1788008929274548054,1788008929274548,128827,34.835431814193726,32.829466104507446,1788008929273238,1.31011,1788008929640297216,395888,395889,1788008929633649920,1788008929641982464,0.7977396280400573,8.33272933959961,1.6853809356689453,0.6104139539930555,42,27,508.1088497339646,300.046297361136,1,248.58278606887114,296.75728348496057,1
983,1043,1788008929307977915,1788008929307978,128828,34.86886191368103,32.86289620399475,1788008929306666,1.312018,1788008929673728256,395892,395893,1788008929666981888,1788008929675314944,0.8095905696546594,8.332967758178711,1.5866756439208984,0.6103515625,42,30,508.0050643056755,299.9516790169508,1,248.50315867334925,296.76111750316954,1
984,1044,1788008929341412067,1788008929341412,128829,34.90229606628418,32.8963303565979,1788008929340095,1.317024,1788008929707163136,395896,395897,1788008929700314368,1788008929708648192,0.8217994564439994,8.333921432495117,1.4851093292236328,0.6095675998263889,42,31,507.93062029803565,300.10940419175574,1,248.5108114282699,296.4950721033198,1
985,1045,1788008929374845028,1788008929374845,128830,34.935728788375854,32.929763078689575,1788008929373533,1.312018,1788008929740596736,395900,395901,1788008929733647616,1788008929741980416,0.8339628040057224,8.33272933959961,1.3835430145263672,0.6114501953125,42,32,507.8578584756932,300.25040155312325,1,248.5024918875922,296.3126595353288,1
986,1046,1788008929408277988,1788008929408278,128831,34.96916198730469,32.96319627761841,1788008929406963,1.314878,1788008929774031104,395904,395905,1788008929766979840,1788008929775313664,0.8461120329576014,8.333683013916016,1.2824535369873047,0.6119710286458333,42,32,507.7194646266684,300.3435909418683,1,248.2116400760255,296.17386945813337,1
987,1047,1788008929441711903,1788008929441712,128832,35.00259566307068,32.9966299533844,1788008929440401,1.310826,1788008929807465984,395908,395909,1788008929800313344,1788008929808645888,0.8583977110157368,8.33272933959961,1.1799335479736328,0.6130099826388888,42,34,507.62540832415175,300.31825307168054,1,247.68549489019193,296.0256181312202,1
988,1048,1788008929475146055,1788008929475146,128833,35.03602981567383,33.03006410598755,1788008929473830,1.31607,1788008929840901120,395912,395913,1788008929833645312,1788008929841978368,0.8707333123515779,8.332967758178711,1.0771751403808594,0.6141031901041667,42,34,507.576174494081,300.23992167487035,1,247.00388198773152,295.8286829997671,1
989,1049,1788008929508579969,1788008929508580,128834,35.06946396827698,33.0634982585907,1788008929507267,1.312971,1788008929874336256,395916,395917,1788008929866976768,1788008929875310336,0.8831035074669565,8.333683013916016,0.9741783142089844,0.6145968967013888,42,36,507.56151966281277,300.0408887252803,1,245.93375660524552,295.57786761917026,1
990,1050,1788008929542016029,1788008929542016,128835,35.10289978981018,33.0969340801239,1788008929540704,1.312017,1788008929907773184,395920,395921,1788008929900310016,1788008929908642816,0.895650929899857,8.33272933959961,0.8695125579833984,0.6156195746527777,42,39,507.79813599742454,299.8397523423788,1,244.92066195456573,295.55743520957884,1
991,1051,1788008929575448990,1788008929575449,128836,35.136332988739014,33.130367279052734,1788008929574134,1.314879,1788008929941207552,395924,395925,1788008929933642240,1788008929941975040,0.907899630911848,8.332967758178711,0.7674694061279297,0.6169514973958333,42,38,507.9765676584982,299.38049897167366,1,243.79371248106736,295.503404287906,1
992,1052,1788008929608885050,1788008929608885,128837,35.16976881027222,33.16380310058594,1788008929607570,1.315117,1788008929974644736,395928,395929,1788008929966975488,1788008929975308544,0.9203456267345712,8.332967758178711,0.66375732421875,0.6152696397569445,42,39,508.2590546702785,299.40020498607464,1,242.74248639649863,295.404897186641,1
993,1053,1788008929642318964,1788008929642319,128838,35.20320272445679,33.19723701477051,1788008929641006,1.312971,1788008930008079872,395932,395933,1788008930000307712,1788008930008640512,0.9327038626609442,8.33272933959961,0.560760498046875,0.6149603949652778,42,38,508.7891553419352,299.4119395171601,1,241.88592522052357,295.3516544431709,1
994,1054,1788008929675755024,1788008929675755,128839,35.23663878440857,33.23067307472229,1788008929674437,1.317978,1788008930041517056,395936,395937,1788008930033640192,1788008930041973760,0.9451851004176918,8.333683013916016,0.45680999755859375,0.6146837022569445,42,38,509.28445719673795,299.30615602090614,1,241.23740659112815,295.17329154098303,1
995,1055,1788008929709192038,1788008929709192,128840,35.27007579803467,33.26411008834839,1788008929707875,1.317025,1788008930074955008,395940,395941,1788008930066973440,1788008930075306240,0.9578540772532189,8.33272933959961,0.35119056701660156,0.6150444878472222,42,38,509.92608451432545,299.18888913010795,1,240.44718779111676,295.0817491044515,1
996,1056,1788008929742625952,1788008929742626,128841,35.30350995063782,33.29754424095154,1788008929741312,1.313925,1788008930108390656,395944,395945,1788008930100305664,1788008930108638464,0.9702440559640639,8.332967758178711,0.247955322265625,0.6143825954861111,42,37,510.55731218417156,298.96594970546056,1,239.61280640420165,294.96220342535366,1
997,1057,1788008929776058912,1788008929776059,128842,35.33694267272949,33.33097696304321,1788008929774748,1.310825,1788008930141824512,395948,395949,1788008930133637888,1788008930141971712,0.9823201258761265,8.333921432495117,0.14734268188476562,0.6119167751736111,42,38,511.0148885760527,298.77816887608867,1,238.82685174774986,295.17244533041094,1
998,1058,1788008929809490919,1788008929809491,128843,35.37037491798401,33.36440920829773,1788008929808178,1.312971,1788008930175257856,395952,395953,1788008930166971136,1788008930175303936,0.9944778254649499,8.33272933959961,0.04601478576660156,0.6144911024305556,42,38,511.4626652117165,298.54699555904807,1,238.09171306631833,295.0701348553247,1
999,1059,1788008929842927933,1788008929842928,128844,35.40381169319153,33.39784598350525,1788008929841615,1.312971,1788008930208695552,395957,395958,1788008930208636160,1788008930216970240,0.007123444428550994,8.333921432495117,0.05936622619628906,0.6139756944444444,42,37,511.78590143812085,298.25827273634934,1,237.18946840464793,294.8321056193525,1
1000,1060,1788008929876363039,1788008929876363,128845,35.437246799468994,33.431281089782715,1788008929875052,1.311064,1788008930242132224,395961,395962,1788008930241969664,1788008930250302208,0.019513590844062945,8.33272933959961,0.16260147094726562,0.6136908637152778,42,36,512.095504326062,297.9180474600869,1,236.30845522816992,294.0585545705344,1
1001,1061,1788008929909794092,1788008929909794,128846,35.470677852630615,33.464712142944336,1788008929908482,1.312017,1788008930275564544,395965,395966,1788008930275301888,1788008930283634688,0.031502145922746784,8.33272933959961,0.2624988555908203,0.6112386067708333,42,38,512.5206432309678,297.76609189636406,1,235.56072541570114,293.80318863372145,1
1002,1062,1788008929943226099,1788008929943226,128847,35.50411009788513,33.49814438819885,1788008929941912,1.314163,1788008930308997888,395969,395970,1788008930308634112,1788008930316967936,0.04365612930911172,8.333921432495117,0.3638267517089844,0.6122938368055556,42,37,512.9419696181606,297.2745730761114,1,234.81187958374227,293.7104771187138,1
1003,1063,1788008929976659060,1788008929976659,128848,35.53754281997681,33.53157711029053,1788008929975348,1.311064,1788008930342431744,395973,395974,1788008930341967360,1788008930350300416,0.05573517209808017,8.332967758178711,0.46443939208984375,0.6131049262152778,42,36,513.4844135617911,296.9257329984196,1,234.060160755094,293.7254433697281,1
1004,1064,1788008930010092020,1788008930010092,128849,35.57097601890564,33.56501030921936,1788008930008777,1.315117,1788008930375866112,395977,395978,1788008930375299584,1788008930383633408,0.06797505292670367,8.333683013916016,0.5664825439453125,0.6133002387152777,42,39,514.003904197982,296.6307184900471,1,233.2966023890714,293.67534236727937,1
1005,1065,1788008930043523073,1788008930043523,128850,35.60440683364868,33.5984411239624,1788008930042214,1.309156,1788008930409297920,395981,395982,1788008930408633088,1788008930416965632,0.07979971387696709,8.33272933959961,0.6649494171142578,0.6156005859375,42,38,514.4294004317326,296.5669788760702,1,232.4296904392321,293.37783096905196,1
1006,1066,1788008930076951981,1788008930076952,128851,35.63783597946167,33.63187026977539,1788008930075644,1.307965,1788008930442728192,395985,395986,1788008930441965056,1788008930450298112,0.0915853623644531,8.332967758178711,0.7631778717041016,0.6170545789930556,42,37,515.0072409146883,296.60351202324466,1,231.3784814475987,293.16533085236057,1
1007,1067,1788008930110380888,1788008930110381,128852,35.6712646484375,33.66529893875122,1788008930109074,1.306772,1788008930476157952,395989,395990,1788008930475297536,1788008930483631360,0.10324703189815478,8.333921432495117,0.8604526519775391,0.6141194661458333,42,39,515.7002882663745,296.4714639643942,1,230.44590570534274,292.9251887966288,1
1008,1068,1788008930143820047,1788008930143820,128853,35.70470380783081,33.69873809814453,1788008930142504,1.31607,1788008930509598208,395993,395994,1788008930508630784,1788008930516963584,0.11610872675250358,8.33272933959961,0.9675025939941406,0.6158827039930556,42,40,516.3464601530538,296.157908822927,1,229.3062197040821,292.744210542983,1
1009,1069,1788008930177254915,1788008930177255,128854,35.7381386756897,33.73217296600342,1788008930175934,1.320839,1788008930543034368,395997,395998,1788008930541963008,1788008930550295808,0.12855507868383406,8.33272933959961,1.0712146759033203,0.6146565755208333,42,39,517.0106946435038,295.78728939747134,1,228.46092573579222,292.5773246874858,1
1010,1070,1788008930210668087,1788008930210668,128855,35.771551847457886,33.765586137771606,1788008930209362,1.306057,1788008930576448768,396001,396002,1788008930575295232,1788008930583629056,0.13840652267200687,8.333921432495117,1.1534690856933594,0.6136908637152778,42,39,517.7117444494537,295.49260986009955,1,227.59342558282276,292.4796912564084,1
1011,1071,1788008930244096041,1788008930244096,128856,35.80497980117798,33.7990140914917,1788008930242793,1.302958,1788008930609877760,396005,396006,1788008930608628480,1788008930616961536,0.14992417956567766,8.332967758178711,1.2493133544921875,0.6147081163194444,42,40,518.446319379154,295.66883961117793,1,226.77590861536748,292.49647926476996,1
1012,1072,1788008930277529001,1788008930277529,128857,35.83841300010681,33.83244729042053,1788008930276223,1.306057,1788008930643312128,396009,396010,1788008930641960960,1788008930650293504,0.16217453505007154,8.33272933959961,1.3513565063476562,0.6132921006944444,42,40,518.7167870595911,295.80424756885265,1,226.27572185481324,292.65576155184965,1
1013,1073,1788008930310961008,1788008930310961,128858,35.87184476852417,33.86587905883789,1788008930309652,1.308918,1788008930676745216,396013,396014,1788008930675293184,1788008930683627008,0.17422898666819248,8.333683013916016,1.4519691467285156,0.6122287326388889,42,39,519.1468705470477,295.36943989748056,1,225.93753308922282,292.8097268835004,1
1014,1074,1788008930344396114,1788008930344396,128859,35.905279874801636,33.899314165115356,1788008930343081,1.315117,1788008930710181120,396017,396018,1788008930708626432,1788008930716959232,0.186552217453505,8.33272933959961,1.5544891357421875,0.6133436414930555,42,39,519.2163717342828,295.1614698870254,1,225.63789253112913,293.0977825459372,1
1015,1075,1788008930377825022,1788008930377825,128860,35.938708782196045,33.932743072509766,1788008930376511,1.313925,1788008930743610880,396021,396022,1788008930741958656,1788008930750291712,0.19827758862407371,8.332967758178711,1.6522407531738281,0.6101806640625,42,37,519.180612698908,295.1240622407942,1,225.1438395975957,293.2569039088833,1
1016,1076,1788008930411257029,1788008930411257,128861,35.97214102745056,33.96617531776428,1788008930409947,1.310111,1788008930777043712,396025,396026,1788008930775290880,1788008930783624960,0.21032756401087113,8.333921432495117,1.7528533935546875,0.6098117404513889,42,33,519.1817372874949,294.877707228032,1,224.69195597904263,293.46035769658096,1
1017,1077,1788008930444689035,1788008930444689,128862,36.0055730342865,33.99960732460022,1788008930443377,1.312017,1788008930810477056,396029,396030,1788008930808624384,1788008930816956928,0.22234620886981402,8.33272933959961,1.8527507781982422,0.6088406032986111,42,36,519.3473808148908,294.6800921186775,1,224.23721962131322,293.66591557500317,1
1018,1078,1788008930478120089,1788008930478120,128863,36.03900408744812,34.03303837776184,1788008930476808,1.312018,1788008930843909120,396033,396034,1788008930841956608,1788008930850290176,0.2342793385592493,8.333683013916016,1.9524097442626953,0.6113091362847223,42,33,519.5581740537096,294.5239429335753,1,223.6445019417226,293.65340019161835,1
1019,1079,1788008930511548996,1788008930511549,128864,36.07243275642395,34.06646704673767,1788008930510245,1.303911,1788008930877338880,396037,396038,1788008930875288832,1788008930883621632,0.24603015650482105,8.332967758178711,2.050161361694336,0.6118272569444444,42,34,519.8380824170645,294.04539742483144,1,223.00220699063078,293.4903400875982,1
1020,1080,1788008930544986963,1788008930544987,128865,36.105870723724365,34.099905014038086,1788008930543674,1.312971,1788008930910778112,396041,396042,1788008930908621056,1788008930916953856,0.2588555078683834,8.33272933959961,2.156972885131836,0.6121500651041667,42,32,520.0049059092396,294.0136735120281,1,222.21426941005706,293.3376075747676,1
1021,1081,1788008930578414917,1788008930578415,128866,36.13929867744446,34.13333296775818,1788008930577103,1.312017,1788008930944207104,396045,396046,1788008930941953536,1788008930950287104,0.27044115122732737,8.333683013916016,2.2537708282470703,0.6129069010416667,42,35,520.5029230615916,293.13757271855246,1,221.76450630300448,293.31401438560613,1
1022,1082,1788008930611844063,1788008930611844,128867,36.172728061676025,34.166762351989746,1788008930610534,1.31011,1788008930977637888,396049,396050,1788008930975286784,1788008930983619328,0.28214592274678113,8.33272933959961,2.351045608520508,0.6138481987847222,42,37,520.6328224613973,293.3773054932192,1,221.40894109821875,293.2101701513812,1
1023,1083,1788008930645275116,1788008930645275,128868,36.20615911483765,34.20019340515137,1788008930643964,1.311064,1788008931011069952,396053,396054,1788008931008618752,1788008931016952832,0.2941210127306537,8.333921432495117,2.451181411743164,0.6138997395833333,42,36,520.7780611402677,293.57386843796036,1,220.97862733765479,292.977586244504,1
1024,1084,1788008930678704023,1788008930678704,128869,36.239588022232056,34.233622312545776,1788008930677392,1.312017,1788008931044500224,396057,396058,1788008931041952256,1788008931050285056,0.3057709364538926,8.332967758178711,2.5479793548583984,0.6159505208333333,42,37,521.0010558640342,293.7874992769596,1,220.57784036896246,292.7670643118476,1
1025,1085,1788008930712133884,1788008930712134,128870,36.2730176448822,34.26705193519592,1788008930710822,1.311779,1788008931077931008,396061,396062,1788008931075284480,1788008931083617280,0.31759656652360513,8.33272933959961,2.6464462280273438,0.6162868923611111,42,37,520.8938231585277,294.30132647074856,1,220.24051374455064,292.6656884810466,1
1026,1086,1788008930745564938,1788008930745565,128871,36.30644869804382,34.300482988357544,1788008930744251,1.313925,1788008931111363072,396065,396066,1788008931108616704,1788008931116950528,0.32954740516106884,8.333683013916016,2.7463436126708984,0.6153754340277777,42,37,521.1281045423043,294.4812657239107,1,220.08907956401475,292.7066283532715,1
1027,1087,1788008930778995991,1788008930778996,128872,36.339879751205444,34.333914041519165,1788008930777681,1.314879,1788008931144795136,396069,396070,1788008931141950208,1788008931150282752,0.3414306151645207,8.33272933959961,2.8450489044189453,0.6156521267361111,42,38,521.5063663902222,294.6084746540189,1,219.96759246239307,292.7024223825648,1
1028,1088,1788008930812422991,1788008930812423,128873,36.37330675125122,34.36734104156494,1788008930811119,1.303911,1788008931178223104,396073,396074,1788008931175282176,1788008931183615232,0.3529226631569912,8.332967758178711,2.9408931732177734,0.6149142795138889,42,40,521.9542115108767,294.38760547647496,1,219.83605057472622,292.6532661720735,1
1029,1089,1788008930845864058,1788008930845864,128874,36.406747817993164,34.400782108306885,1788008930844549,1.315117,1788008931211665408,396077,396078,1788008931208614656,1788008931216948480,0.3660706622800744,8.333921432495117,3.0508041381835938,0.6137369791666667,42,38,522.3937180572157,294.2073607130139,1,219.87346742124328,292.7186727972779,1
1030,1090,1788008930879290104,1788008930879290,128875,36.4401741027832,34.434208393096924,1788008930877978,1.312018,1788008931245092608,396081,396082,1788008931241947904,1788008931250280704,0.37739628040057227,8.33272933959961,3.1447410583496094,0.6129258897569444,42,38,522.9022417633535,293.77657180819796,1,219.92638691527208,292.74009213635827,1
1031,1091,1788008930912722111,1788008930912722,128876,36.47360610961914,34.46764039993286,1788008930911408,1.314163,1788008931278525952,396085,396086,1788008931275280128,1788008931283612928,0.38949928469241774,8.33272933959961,3.2455921173095703,0.6080322265625,42,37,522.9613680657203,294.23841294665823,1,220.0677698387242,292.72058270492215,1
1032,1092,1788008930946154118,1788008930946154,128877,36.50703811645508,34.5010724067688,1788008930944845,1.309157,1788008931311959040,396089,396090,1788008931308612352,1788008931316946176,0.40157345158060365,8.333921432495117,3.346681594848633,0.6061143663194445,42,36,523.5361485844155,293.86991534128595,1,220.32569045966025,292.67291228834983,1
1033,1093,1788008930979584932,1788008930979585,128878,36.54046893119812,34.53450322151184,1788008930978273,1.312017,1788008931345391104,396093,396094,1788008931341945600,1788008931350278656,0.413464564676261,8.332967758178711,3.4453868865966797,0.6060655381944444,42,34,523.7559566749103,294.33885355020806,1,220.46657597048795,292.53525564709395,1
1034,1094,1788008931013017893,1788008931013018,128879,36.573901653289795,34.567935943603516,1788008931011701,1.316786,1788008931378824960,396097,396098,1788008931375278080,1788008931383610624,0.42566523605150214,8.33272933959961,3.5469532012939453,0.6058403862847223,42,34,524.0378497538067,294.3823869377241,1,220.68071044947072,292.4709349390793,1
1035,1095,1788008931046452045,1788008931046452,128880,36.607335805892944,34.601370096206665,1788008931045140,1.312017,1788008931412260352,396101,396102,1788008931408610304,1788008931416944128,0.4379756251072839,8.333683013916016,3.6499500274658203,0.6038601345486111,42,31,524.5170678767373,293.9413393207159,1,220.80452350636716,292.4067914804022,1
1036,1096,1788008931079885006,1788008931079885,128881,36.64076900482178,34.6348032951355,1788008931078570,1.315117,1788008931445694720,396105,396106,1788008931441943296,1788008931450276352,0.45017309948213213,8.332967758178711,3.7512779235839844,0.6054334852430555,42,33,524.2554530874011,294.36454768195773,1,220.92447662210876,292.3818279256335,1
1037,1097,1788008931113320112,1788008931113320,128882,36.67420411109924,34.668238401412964,1788008931112007,1.313209,1788008931479131136,396109,396110,1788008931475275776,1788008931483609600,0.4626233729080246,8.333921432495117,3.855466842651367,0.6054443359375,42,32,524.1483915835779,294.9031546923412,1,221.13522378226236,292.44229533506245,1
1038,1098,1788008931146752119,1788008931146752,128883,36.7076358795166,34.70167016983032,1788008931145438,1.314163,1788008931512564224,396113,396114,1788008931508609024,1788008931516941824,0.4746494992846924,8.33272933959961,3.9551258087158203,0.6041802300347222,42,36,524.1516969541217,295.0509245266801,1,221.26318699335326,292.4327633207108,1
1039,1099,1788008931180183887,1788008931180184,128884,36.74106764793396,34.73510193824768,1788008931178874,1.309871,1788008931545997056,396117,396118,1788008931541941504,1788008931550274048,0.4867238912732475,8.33272933959961,4.05573844909668,0.6057996961805555,42,34,523.9979578134037,295.164250661734,1,221.51035759479822,292.3959826088141,1
1040,1100,1788008931213617086,1788008931213617,128885,36.77450108528137,34.76853537559509,1788008931212305,1.312017,1788008931579431424,396121,396122,1788008931575273472,1788008931583607552,0.4989271921041339,8.333921432495117,4.15802001953125,0.6094916449652777,42,36,523.861499735,295.18014710166665,1,221.79519785752092,292.24708013028527,1
1041,1101,1788008931247047901,1788008931247048,128886,36.807931900024414,34.801966190338135,1788008931245742,1.305818,1788008931612863488,396125,396126,1788008931608606720,1788008931616939776,0.5108294469400018,8.332967758178711,4.076242446899414,0.6143717447916667,42,37,523.7778617480232,295.22318340334266,1,222.14495700554357,292.1246137486747,1
1042,1102,1788008931280478001,1788008931280478,128887,36.84136176109314,34.83539605140686,1788008931279171,1.307011,1788008931646294272,396129,396130,1788008931641939200,1788008931650272000,0.5226609442060086,8.33272933959961,3.977537155151367,0.6141547309027777,42,36,523.771630482216,295.27479764380473,1,222.49369842885577,291.9838265501537,1
1043,1103,1788008931313915968,1788008931313916,128888,36.874799728393555,34.868834018707275,1788008931312600,1.316071,1788008931679733504,396133,396134,1788008931675271424,1788008931683605248,0.5354179779138296,8.333683013916016,3.8716793060302734,0.6134575737847222,42,35,523.8117030894293,295.36908036014984,1,222.83717994379236,291.8459163672086,1
1044,1104,1788008931347351074,1788008931347351,128889,36.90823483467102,34.90226912498474,1788008931346037,1.314163,1788008931713169664,396137,396138,1788008931708604928,1788008931716937472,0.5478111587982832,8.33272933959961,3.7679672241210938,0.612548828125,42,35,523.951348074341,295.22396187603783,1,223.14475529708656,291.73825142076896,1
1045,1105,1788008931380785942,1788008931380786,128890,36.94166970252991,34.93570399284363,1788008931379475,1.310825,1788008931746605824,396141,396142,1788008931741936896,1788008931750269952,0.5602987038997453,8.332967758178711,3.6640167236328125,0.611328125,42,34,524.0576564256507,295.0958698290764,1,223.48778782241033,291.6188419053457,1
1046,1106,1788008931414222002,1788008931414222,128891,36.97510600090027,34.96914029121399,1788008931412904,1.317978,1788008931780043264,396145,396146,1788008931775269376,1788008931783603200,0.5728508081819482,8.333921432495117,3.5598278045654297,0.6105034722222222,42,35,524.1029090073986,295.0687948902584,1,223.96224187445233,291.50279728808925,1
1047,1107,1788008931447659016,1788008931447659,128892,37.00854277610779,35.00257706642151,1788008931446339,1.320124,1788008931813481216,396149,396150,1788008931808602624,1788008931816935424,0.5854935622317596,8.33272933959961,3.453969955444336,0.6107313368055556,42,34,523.9125451796623,295.44901132874446,1,224.3149379052946,291.3244996881504,1
1048,1108,1788008931481090069,1788008931481090,128893,37.04197382926941,35.03600811958313,1788008931479777,1.312971,1788008931846913280,396153,396154,1788008931841934848,1788008931850268672,0.5973851347485266,8.333683013916016,3.355264663696289,0.6129828559027778,42,33,523.7510505505022,295.5722261058464,1,224.8023446596835,291.3025124244948,1
1049,1109,1788008931514523029,1788008931514523,128894,37.07540702819824,35.06944131851196,1788008931513207,1.31607,1788008931880347392,396157,396158,1788008931875267072,1788008931883599872,0.6096821264055392,8.332967758178711,3.2525062561035156,0.6125135633680555,42,31,523.4724964041192,295.76436803906233,1,225.23219418967574,291.4807649149836,1
1050,1110,1788008931547962904,1788008931547963,128895,37.10884666442871,35.10288095474243,1788008931546645,1.317978,1788008931913787904,396161,396162,1788008931908599296,1788008931916932096,0.6226609442060086,8.33272933959961,3.1442642211914062,0.6115261501736111,42,30,523.1312483089372,295.9764962846918,1,225.55108307985464,291.47850214587424,1
1051,1111,1788008931581388950,1788008931581389,128896,37.14227294921875,35.13630723953247,1788008931580074,1.314878,1788008931947215104,396165,396166,1788008931941931776,1788008931950265344,0.633976082851748,8.333683013916016,3.0503273010253906,0.6119466145833333,42,31,522.6478460530852,296.0079294653475,1,225.49290036698628,291.0163106307098,1
1052,1112,1788008931614823103,1788008931614823,128897,37.1757071018219,35.16974139213562,1788008931613512,1.311064,1788008931980650496,396169,396170,1788008931975265024,1788008931983597824,0.6462947067238912,8.33272933959961,2.9473304748535156,0.6111518012152778,42,30,522.3696186644116,295.85224298398697,1,226.0291875488937,290.86418711503865,1
1053,1113,1788008931648258924,1788008931648259,128898,37.20914268493652,35.203176975250244,1788008931646950,1.308918,1788008932014086912,396173,396174,1788008932008597248,1788008932016930048,0.6588080455494836,8.332967758178711,2.843141555786133,0.6123372395833333,42,33,522.8191665379945,294.77287026753686,1,226.71437950293398,290.96964332384715,1
1054,1114,1788008931681694031,1788008931681694,128899,37.24257779121399,35.23661208152771,1788008931680378,1.316071,1788008932047523328,396177,396178,1788008932041929472,1788008932050263296,0.6712058360749535,8.333921432495117,2.740144729614258,0.6142822265625,42,30,523.0372909145783,294.4817216785184,1,227.36950464121452,291.0946699488631,1
1055,1115,1788008931715126991,1788008931715127,128900,37.27601099014282,35.27004528045654,1788008931713816,1.311063,1788008932080957440,396181,396182,1788008932075262720,1788008932083595520,0.6834048640915593,8.33272933959961,2.638101577758789,0.6160563151041667,42,32,522.7966287999906,294.04176087911105,1,227.91963380850189,291.1300425016522,1
1056,1116,1788008931748557091,1788008931748557,128901,37.30944085121155,35.30347514152527,1788008931747244,1.31321,1788008932114388480,396185,396186,1788008932108595200,1788008932116928768,0.6951707959031871,8.333683013916016,2.5403499603271484,0.6144775390625,42,37,522.4373056445252,294.2952718865113,1,228.48829910936263,291.22001456432264,1
1057,1117,1788008931781991005,1788008931781991,128902,37.34287476539612,35.33690905570984,1788008931780681,1.31011,1788008932147823616,396189,396190,1788008932141928448,1788008932150261248,0.7074678111587983,8.33272933959961,2.437591552734375,0.6150716145833334,42,36,522.0845936634399,294.7662003392923,1,229.0749468127997,291.39299731442753,1
1058,1118,1788008931815422058,1788008931815422,128903,37.37630581855774,35.37034010887146,1788008931814111,1.311064,1788008932181255936,396193,396194,1788008932175260416,1788008932183593472,0.7194643930073531,8.332967758178711,2.3376941680908203,0.6144151475694445,42,35,521.664181551234,296.07996555234,1,229.5457745475057,291.4549075473453,1
1059,1119,1788008931848855972,1788008931848856,128904,37.40973997116089,35.40377426147461,1788008931847548,1.307964,1788008932214691072,396197,396198,1788008932208592896,1788008932216926720,0.7317408096123588,8.333921432495117,2.2356510162353516,0.6141086154513888,42,38,521.3520839626136,296.7174058570018,1,230.24593883940918,291.53017064525505,1
1060,1120,1788008931882289886,1788008931882290,128905,37.44317388534546,35.43720817565918,1788008931880978,1.311779,1788008932248126208,396201,396202,1788008932241926144,1788008932250258944,0.744062947067239,8.33272933959961,2.1326541900634766,0.6134168836805556,42,35,520.9804322865116,297.2461730020771,1,230.84881051685892,291.8485821115871,1
1061,1121,1788008931915723085,1788008931915723,128906,37.47660684585571,35.470641136169434,1788008931914416,1.30701,1788008932281560064,396205,396206,1788008932275258624,1788008932283591168,0.7562517882689557,8.33272933959961,2.031087875366211,0.6126627604166667,42,34,520.318434490982,297.5394223749637,1,231.31590520577276,291.82534297432505,1
1062,1122,1788008931949156046,1788008931949156,128907,37.510040044784546,35.50407433509827,1788008931947844,1.312018,1788008932314994688,396209,396210,1788008932308590592,1788008932316924672,0.7684165355457017,8.333921432495117,1.9299983978271484,0.6136773003472222,42,36,519.9737320915622,297.70994067312625,1,231.77130587354122,292.0417944412081,1
1063,1123,1788008931982590914,1788008931982591,128908,37.54347491264343,35.53750920295715,1788008931981275,1.315832,1788008932348430592,396213,396214,1788008932341923840,1788008932350256896,0.7808360275814712,8.332967758178711,1.8262863159179688,0.6128363715277778,42,37,519.7326068838784,297.80641243960105,1,232.3902241888962,292.40774647207877,1
1064,1124,1788008932016022921,1788008932016023,128909,37.57690691947937,35.57094120979309,1788008932014712,1.310826,1788008932381863936,396217,396218,1788008932375256320,1788008932383589120,0.7929613733905579,8.33272933959961,1.7251968383789062,0.6117051866319444,42,32,519.7539353795337,297.8043904972249,1,232.82663341858415,292.39116339109484,1
1065,1125,1788008932049451113,1788008932049451,128910,37.61033487319946,35.604369163513184,1788008932048140,1.311064,1788008932415292928,396221,396222,1788008932408588544,1788008932416922368,0.8044858957486983,8.333683013916016,1.6293525695800781,0.6117838541666667,42,34,519.7039880095384,297.9312579937651,1,233.3969154123096,292.3508405111533,1
1066,1126,1788008932082881927,1788008932082882,128911,37.643765926361084,35.637800216674805,1788008932081570,1.312017,1788008932448725248,396225,396226,1788008932441922048,1788008932450254592,0.8164520743919885,8.33272933959961,1.5294551849365234,0.6124240451388889,42,37,519.5727367260577,298.26030089099373,1,233.7583114668612,292.6052298999732,1
1067,1127,1788008932116312027,1788008932116312,128912,37.67719602584839,35.67123031616211,1788008932114999,1.312971,1788008932482156288,396229,396230,1788008932475254016,1788008932483588096,0.8282076956086397,8.333921432495117,1.4317035675048828,0.6131754557291667,42,36,519.4124550673544,298.67857920353697,1,234.26749768861237,293.02668329730164,1
1068,1128,1788008932149740934,1788008932149741,128913,37.7106249332428,35.70465922355652,1788008932148430,1.310825,1788008932515586560,396233,396234,1788008932508587264,1788008932516920064,0.8399713876967095,8.33272933959961,1.333475112915039,0.6118977864583334,42,35,519.2821887214506,299.02564434680835,1,234.71760367014716,293.24147385425033,1
1069,1129,1788008932183171034,1788008932183171,128914,37.7440550327301,35.73808932304382,1788008932181858,1.312971,1788008932549017856,396237,396238,1788008932541919744,1788008932550252544,0.8518454935622317,8.33272933959961,1.2345314025878906,0.6121012369791666,42,33,519.14019011443,299.1211534438317,1,235.25211006650773,293.4908021742685,1
1070,1130,1788008932216598034,1788008932216598,128915,37.7774817943573,35.77151608467102,1788008932215289,1.308918,1788008932582445568,396241,396242,1788008932575251968,1788008932583585792,0.863191623276306,8.333683013916016,1.1401176452636719,0.6142523871527777,42,35,518.9639004972512,299.1834846509664,1,235.72553935319075,293.8026277189886,1
1071,1131,1788008932250026941,1788008932250027,128916,37.81091094017029,35.80494523048401,1788008932248719,1.307964,1788008932615875840,396245,396246,1788008932608585216,1788008932616918016,0.8749105891104689,8.332967758178711,1.0423660278320312,0.6134792751736111,42,36,518.7478161471611,299.24793368664194,1,236.1456935305302,293.9263741468829,1
1072,1132,1788008932283457041,1788008932283457,128917,37.844340801239014,35.838375091552734,1788008932282147,1.31011,1788008932649306880,396249,396250,1788008932641917440,1788008932650250240,0.8867811158798283,8.33272933959961,0.9434223175048828,0.6152452256944444,42,36,518.5598668202252,299.43821209004443,1,236.3515114661323,293.5501857762276,1
1073,1133,1788008932316886902,1788008932316887,128918,37.87777066230774,35.87180495262146,1788008932315578,1.308918,1788008932682737920,396253,396254,1788008932675249920,1788008932683583488,0.8985237741031069,8.333683013916016,0.8456707000732422,0.6163384331597223,42,37,518.3584227960251,299.8372590991201,1,236.68392802708402,293.63226049660835,1
1074,1134,1788008932350317955,1788008932350318,128919,37.91120195388794,35.90523624420166,1788008932349008,1.309872,1788008932716170240,396257,396258,1788008932708583168,1788008932716915968,0.9105293276108727,8.33272933959961,0.7455348968505859,0.6154106987847222,42,36,518.1342699571218,300.00654450967636,1,237.24215057744576,294.04082338626966,1
1075,1135,1788008932383749008,1788008932383749,128920,37.94463300704956,35.93866729736328,1788008932382436,1.312971,1788008932749602304,396261,396262,1788008932741915136,1788008932750248192,0.9224914880833166,8.332967758178711,0.6458759307861328,0.6161566840277778,42,36,517.8915991606866,300.1754312630595,1,237.7760455400765,294.26702185198303,1
1076,1136,1788008932417180061,1788008932417180,128921,37.97806406021118,35.9720983505249,1788008932415868,1.312017,1788008932783034880,396265,396266,1788008932775247616,1788008932783581440,0.9344013731941067,8.333921432495117,0.5466938018798828,0.6164767795138889,42,35,517.8020025308776,300.6078579500705,1,238.30492652553806,294.6351617198576,1
1077,1137,1788008932450611115,1788008932450611,128922,38.0114951133728,36.00552940368652,1788008932449296,1.315117,1788008932816466944,396269,396270,1788008932808580864,1788008932816913664,0.9464091559370529,8.33272933959961,0.44655799865722656,0.6170437282986111,42,34,517.8735891292283,300.8668971447556,1,238.85318004477102,295.09533256105647,1
1078,1138,1788008932484045029,1788008932484045,128923,38.04492902755737,36.038963317871094,1788008932482732,1.312971,1788008932849902080,396273,396274,1788008932841913344,1788008932850245888,0.9587410586552217,8.33272933959961,0.3437995910644531,0.6157741970486111,42,33,517.8677855452695,301.17902720592366,1,239.42931627188423,295.4301834417761,1
1079,1139,1788008932517474890,1788008932517475,128924,38.07835865020752,36.07239294052124,1788008932516165,1.309872,1788008932883332608,396277,396278,1788008932875245312,1788008932883578368,0.9705301708105634,8.332967758178711,0.24557113647460938,0.6147189670138888,42,35,517.8055090221382,301.7489486910529,1,239.94664287175016,295.5789361051256,1
1080,1140,1788008932550904989,1788008932550905,128925,38.1117889881134,36.105823278427124,1788008932549593,1.312017,1788008932916764160,396281,396282,1788008932908577792,1788008932916910592,0.9824325484249378,8.332967758178711,0.14638900756835938,0.6124620225694445,42,34,517.9456871598316,302.4118914421026,1,240.5105566144647,295.7589076226838,1
1081,1141,1788008932584333897,1788008932584334,128926,38.14521765708923,36.139251947402954,1788008932583023,1.310826,1788008932950194176,396285,396286,1788008932941910016,1788008932950243584,0.9940493219660125,8.333683013916016,0.049591064453125,0.6119927300347222,42,33,517.9437833265492,302.498342875666,1,240.92171587441385,295.94280976704175,1
1082,1142,1788008932617765903,1788008932617766,128927,38.17864966392517,36.17268395423889,1788008932616453,1.312971,1788008932983627264,396290,396291,1788008932983576064,1788008932991908864,0.0061516452074391985,8.33272933959961,0.05125999450683594,0.6131293402777778,42,34,517.8490495769407,302.4861010555852,1,241.2238411424487,295.954737533751,1
1083,1143,1788008932651199102,1788008932651199,128928,38.212082862854004,36.206117153167725,1788008932649890,1.309156,1788008933017061632,396294,396295,1788008933016908288,1788008933025242112,0.01839560565314413,8.333683013916016,0.1533031463623047,0.6139865451388888,42,34,517.9287929807784,302.84061274697956,1,241.65252038890003,296.0626595851037,1
1084,1144,1788008932684631109,1788008932684631,128929,38.24551486968994,36.23954916000366,1788008932683319,1.312017,1788008933050494464,396298,396299,1788008933050241792,1788008933058574336,0.03032904148783977,8.33272933959961,0.25272369384765625,0.6148410373263888,42,34,518.0353764855939,303.2018827300929,1,242.21677960585134,296.3021676787619,1
1085,1145,1788008932718065023,1788008932718065,128930,38.27894878387451,36.27298307418823,1788008932716755,1.31011,1788008933083929344,396302,396303,1788008933083573760,1788008933091906816,0.04265972361305828,8.332967758178711,0.3554821014404297,0.6136203342013888,42,31,517.9994968000567,303.57963016556465,1,242.71340596696777,296.80076799863474,1
1086,1146,1788008932751497030,1788008932751497,128931,38.31238079071045,36.30641508102417,1788008932750185,1.312017,1788008933117361920,396306,396307,1788008933116907008,1788008933125240064,0.05459071271208263,8.332967758178711,0.45490264892578125,0.6133517795138889,42,31,517.9886003683131,303.91114178714685,1,243.1368924983267,297.1503685649397,1
1087,1147,1788008932784930944,1788008932784931,128932,38.34581470489502,36.33984899520874,1788008932783614,1.317024,1788008933150797056,396310,396311,1788008933150239488,1788008933158572288,0.0669241773962804,8.33272933959961,0.5576610565185547,0.613427734375,42,32,517.8996717434447,304.23400437927427,1,243.4167200221009,296.9842490880513,1
1088,1148,1788008932818363905,1788008932818364,128933,38.37924766540527,36.373281955718994,1788008932817053,1.310825,1788008933184231168,396314,396315,1788008933183571712,1788008933191905536,0.07910396521142073,8.333683013916016,0.6592273712158203,0.6155571831597222,42,33,517.6940702692965,304.4707989408276,1,243.79928026973786,296.9054699054506,1
1089,1149,1788008932851794958,1788008932851795,128934,38.412678718566895,36.406713008880615,1788008932850483,1.312017,1788008933217663232,396318,396319,1788008933216905216,1788008933225237760,0.09098712446351931,8.33272933959961,0.7581710815429688,0.6199490017361111,42,32,517.5616185833114,304.8062940802901,1,244.39553089016283,297.1648066029324,1
1090,1150,1788008932885229111,1788008932885229,128935,38.446112871170044,36.440147161483765,1788008932883918,1.311064,1788008933251098624,396322,396323,1788008933250237184,1788008933258570240,0.10337329404022774,8.332967758178711,0.8614063262939453,0.6183892144097223,42,33,517.4183136730564,305.093671701717,1,245.07601521792407,297.5696295057471,1
1091,1151,1788008932918661118,1788008932918661,128936,38.47954487800598,36.4735791683197,1788008932917350,1.311064,1788008933284531712,396326,396327,1788008933283569664,1788008933291903488,0.11546273780575025,8.333921432495117,0.9622573852539062,0.6174126519097223,42,33,517.2060424237873,305.26154780195196,1,245.5725104019332,297.950446022917,1
1092,1152,1788008932952100039,1788008932952100,128937,38.51298403739929,36.50701832771301,1788008932950786,1.313925,1788008933317972224,396330,396331,1788008933316902912,1788008933325235712,0.12832618025751072,8.33272933959961,1.0693073272705078,0.6175103081597222,42,31,517.1060661600563,305.3051033563264,1,245.977732830948,298.1063013591008,1
1093,1153,1788008932985528946,1788008932985529,128938,38.54641270637512,36.54044699668884,1788008932984215,1.313925,1788008933351401984,396334,396335,1788008933350235136,1788008933358567936,0.14002861230329042,8.33272933959961,1.1668205261230469,0.6167833116319444,42,33,517.080049008302,305.3570860936146,1,246.2500187503005,298.31638417765316,1
1094,1154,1788008933018959999,1788008933018960,128939,38.57984375953674,36.573878049850464,1788008933017652,1.307964,1788008933384834304,396338,396339,1788008933383567360,1788008933391901184,0.1520240308968674,8.333921432495117,1.2669563293457031,0.6172661675347222,42,32,517.1647902742825,305.5671043704231,1,246.51276670969014,298.58076795347165,1
1095,1155,1788008933052392006,1788008933052392,128940,38.61327576637268,36.6073100566864,1788008933051082,1.31011,1788008933418267392,396342,396343,1788008933416900608,1788008933425233664,0.16402964149809734,8.332967758178711,1.3668537139892578,0.6143391927083334,42,33,517.256913843788,305.8628351900957,1,246.69719094506274,298.9393305868782,1
1096,1156,1788008933085822105,1788008933085822,128941,38.646706104278564,36.640740394592285,1788008933084512,1.31011,1788008933451698944,396346,396347,1788008933450233088,1788008933458565632,0.1759370529327611,8.33272933959961,1.4660358428955078,0.6129692925347222,42,32,517.1690846476012,306.12125678749834,1,246.8365416212473,299.229833187831,1
1097,1157,1788008933119252920,1788008933119253,128942,38.680136919021606,36.67417120933533,1788008933117940,1.312971,1788008933485131008,396350,396351,1788008933483565312,1788008933491899136,0.18787549350575042,8.333683013916016,1.565694808959961,0.6137098524305555,42,33,517.188890389641,306.152280945061,1,246.98367089972763,299.44127212286617,1
1098,1158,1788008933152682066,1788008933152682,128943,38.713565826416016,36.707600116729736,1788008933151377,1.305103,1788008933518561024,396354,396355,1788008933516898560,1788008933525231360,0.19951359084406295,8.33272933959961,1.6624927520751953,0.6083414713541667,42,30,517.221924052468,306.2925260852329,1,247.1016080636647,299.7057718530864,1
1099,1159,1788008933186114073,1788008933186114,128944,38.74699783325195,36.741032123565674,1788008933184806,1.307965,1788008933551994368,396358,396359,1788008933550230784,1788008933558564608,0.21161493348591046,8.333921432495117,1.7635822296142578,0.6072157118055556,42,29,517.3046022542566,306.5651104379232,1,247.41210505845618,300.2446434374258,1
1100,1160,1788008933219543934,1788008933219544,128945,38.78042769432068,36.7744619846344,1788008933218238,1.305819,1788008933585425152,396362,396363,1788008933583564032,1788008933591896832,0.22334763948497854,8.33272933959961,1.8610954284667969,0.6087185329861111,42,30,517.4532688122564,307.0856348550958,1,247.60746907734585,300.78721128238504,1
1101,1161,1788008933252974033,1788008933252974,128946,38.81385803222656,36.80789232254028,1788008933251667,1.30701,1788008933618856704,396366,396367,1788008933616896512,1788008933625229056,0.23525035765379113,8.33272933959961,1.9602775573730469,0.6078179253472222,42,30,517.5152187249132,307.1695456814554,1,247.66190373981175,301.03016682832487,1
1102,1162,1788008933286401987,1788008933286402,128947,38.847285985946655,36.841320276260376,1788008933285097,1.305103,1788008933652285696,396370,396371,1788008933650228736,1788008933658562304,0.24683870229444413,8.333683013916016,2.0570755004882812,0.6096706814236111,42,31,517.538652696247,307.33906223873686,1,247.67294459354463,301.15160214846446,1
1103,1163,1788008933319832087,1788008933319832,128948,38.88071584701538,36.8747501373291,1788008933318527,1.305104,1788008933685716992,396374,396375,1788008933683561728,1788008933691894784,0.25861920975079394,8.332967758178711,2.1550655364990234,0.6072102864583333,42,30,517.7634583107623,307.45770231372614,1,247.60499426467288,301.17773168860384,1
1104,1164,1788008933353266001,1788008933353266,128949,38.91414976119995,36.90818405151367,1788008933351955,1.311064,1788008933719151872,396378,396379,1788008933716894208,1788008933725226752,0.2709585121602289,8.33272933959961,2.257823944091797,0.6071234809027778,42,31,517.8906618805387,307.36472553074407,1,247.40835412367153,301.06854869449734,1
1105,1165,1788008933386697054,1788008933386697,128950,38.94758081436157,36.94161510467529,1788008933385386,1.311064,1788008933752584192,396382,396383,1788008933750226432,1788008933758560256,0.2829146878754935,8.333683013916016,2.3577213287353516,0.6088948567708333,42,31,517.9951866579939,307.25660808171483,1,247.1982666503445,300.6966563197187,1
1106,1166,1788008933420129061,1788008933420129,128951,38.98101282119751,36.97504711151123,1788008933418815,1.314163,1788008933786017280,396386,396387,1788008933783559680,1788008933791892480,0.29490701001430614,8.33272933959961,2.4573802947998047,0.6087320963541667,42,29,518.0751609448614,307.22802204257493,1,246.91847835150853,300.38166837552336,1
1107,1167,1788008933453562021,1788008933453562,128952,39.01444602012634,37.00848031044006,1788008933452252,1.31011,1788008933819451648,396390,396391,1788008933816891904,1788008933825224960,0.30717289920173957,8.332967758178711,2.559661865234375,0.6141004774305555,42,31,518.1831815914256,307.1523960024082,1,246.71612426586285,300.1556372369885,1
1108,1168,1788008933486993074,1788008933486993,128953,39.047877073287964,37.041911363601685,1788008933485682,1.311063,1788008933852883712,396394,396395,1788008933850224384,1788008933858558208,0.31912458875697325,8.333921432495117,2.6595592498779297,0.6161810980902778,42,33,518.2555984189871,306.9054727194952,1,246.48694854561634,299.97038196918294,1
1109,1169,1788008933520426035,1788008933520426,128954,39.08130979537964,37.07534408569336,1788008933519111,1.315117,1788008933886317824,396398,396399,1788008933883556608,1788008933891889408,0.3313590844062947,8.33272933959961,2.7611255645751953,0.6159098307291667,42,31,518.3426937543427,306.6299238187288,1,246.20329485742923,299.8645457704498,1
1110,1170,1788008933553858042,1788008933553858,128955,39.114741802215576,37.1087760925293,1788008933552548,1.31011,1788008933919750656,396402,396403,1788008933916888832,1788008933925222656,0.34339417520169363,8.333683013916016,2.8617382049560547,0.6153293185763888,42,33,518.3673543708466,306.15607692679527,1,245.87759632565624,299.67665387239134,1
1111,1171,1788008933587300062,1788008933587300,128956,39.148184061050415,37.142218351364136,1788008933585978,1.322031,1788008933953194240,396406,396407,1788008933950222080,1788008933958554880,0.35667076764613315,8.332967758178711,2.972126007080078,0.6150499131944445,42,31,518.4159299292099,305.7921937583932,1,245.633274608623,299.5908806926193,1
1112,1172,1788008933620723009,1788008933620723,128957,39.18160676956177,37.17564105987549,1788008933619417,1.306057,1788008933986618112,396410,396411,1788008933983554304,1788008933991887360,0.36765757775170954,8.332967758178711,3.063678741455078,0.6140272352430556,42,29,518.3690662426097,305.2908395725902,1,245.28729387586657,299.183004740366,1
1113,1173,1788008933654154062,1788008933654154,128958,39.21503782272339,37.20907211303711,1788008933652846,1.307964,1788008934020050176,396414,396415,1788008934016886784,1788008934025220352,0.3796132059277908,8.333683013916016,3.163576126098633,0.6130533854166667,42,33,518.2609158171255,304.4865967020217,1,244.94455263314745,298.8623898122821,1
1114,1174,1788008933687583923,1788008933687584,128959,39.24846792221069,37.242502212524414,1788008933686273,1.310825,1788008934053481472,396418,396419,1788008934050220032,1788008934058552832,0.39141630901287555,8.33272933959961,3.261566162109375,0.6041205512152777,42,30,518.1499515055216,303.667883041303,1,244.5443504210354,298.3937001626626,1
1115,1175,1788008933721012115,1788008933721012,128960,39.281896114349365,37.275930404663086,1788008933719703,1.309156,1788008934086910976,396422,396423,1788008934083552000,1788008934091885056,0.4030785957483334,8.332967758178711,3.3588409423828125,0.6028645833333334,42,30,518.2137339038848,302.6611614103375,1,244.20372061604087,297.7485097933482,1
1116,1176,1788008933754443884,1788008933754444,128961,39.315327644348145,37.309361934661865,1788008933753132,1.311779,1788008934120343808,396426,396427,1788008934116884480,1788008934125218304,0.41507652696323843,8.333921432495117,3.4592151641845703,0.6021837022569444,42,28,518.2482731958535,301.4172061227859,1,243.77568097326548,297.0977747038262,1
1117,1177,1788008933787875891,1788008933787876,128962,39.34875965118408,37.3427939414978,1788008933786563,1.312971,1788008934153776384,396430,396431,1788008934150217728,1788008934158550528,0.42706723891273246,8.33272933959961,3.558635711669922,0.6028781467013888,42,28,518.494695297444,300.1105820896868,1,243.26316695714675,296.4350478337049,1
1118,1178,1788008933821310043,1788008933821310,128963,39.38219380378723,37.37622809410095,1788008933820001,1.309156,1788008934187211520,396434,396435,1788008934183550208,1788008934191883776,0.43934885849974253,8.333683013916016,3.6613941192626953,0.6008599175347222,42,24,518.7289507186911,299.1520560535696,1,242.89224462248757,296.03288156894473,1
1119,1179,1788008933854742050,1788008933854742,128964,39.41562581062317,37.40966010093689,1788008933853430,1.312017,1788008934220644352,396438,396439,1788008934216883456,1788008934225216256,0.4513304721030043,8.33272933959961,3.760814666748047,0.6007595486111111,42,25,519.1005439524031,298.31802932932084,1,242.7166654874969,295.61523842807424,1
1120,1180,1788008933888175011,1788008933888175,128965,39.449059009552,37.44309329986572,1788008933886867,1.307965,1788008934254078720,396442,396443,1788008934250215424,1788008934258548480,0.4635918857829533,8.332967758178711,3.863096237182617,0.6033148871527778,42,27,519.2483204030258,297.6970642299453,1,242.7332996969377,295.68373439820107,1
1121,1181,1788008933921608925,1788008933921609,128966,39.48249292373657,37.47652721405029,1788008933920297,1.312018,1788008934287513600,396446,396447,1788008934283547904,1788008934291881728,0.4758403661850951,8.333921432495117,3.965616226196289,0.6018310546875,42,26,519.2026642386348,296.9699684002082,1,242.5955482232876,295.48685442260523,1
1122,1182,1788008933955040932,1788008933955041,128967,39.51592493057251,37.50995922088623,1788008933953727,1.313925,1788008934320946688,396450,396451,1788008934316881152,1788008934325213952,0.4878969957081545,8.33272933959961,4.065513610839844,0.6024956597222222,42,26,519.2692510815143,296.2256690702935,1,242.51610397736704,295.16866887659364,1
1123,1183,1788008933988468885,1788008933988469,128968,39.5493528842926,37.54338717460632,1788008933987164,1.304864,1788008934354375936,396454,396455,1788008934350213632,1788008934358546176,0.49951359084406294,8.33272933959961,4.162311553955078,0.6056260850694445,42,25,518.9236441365011,296.2684643445805,1,242.58320296052258,294.83048514055014,1
1124,1184,1788008934021900892,1788008934021901,128969,39.58278465270996,37.57681894302368,1788008934020594,1.30701,1788008934387808768,396458,396459,1788008934383545600,1788008934391879680,0.5115434129595193,8.333921432495117,4.070758819580078,0.6142469618055556,42,27,518.5779007199519,296.1613594729655,1,242.70724314390083,294.482401692429,1
1125,1185,1788008934055331945,1788008934055332,128970,39.61621570587158,37.6102499961853,1788008934054021,1.311063,1788008934421240832,396462,396463,1788008934416878848,1788008934425211904,0.5234471116706246,8.332967758178711,3.971099853515625,0.6107150607638889,42,26,518.4389444766839,296.2660457132972,1,242.91435753391033,294.26027753267914,1
1126,1186,1788008934088762045,1788008934088762,128971,39.649646043777466,37.64368033409119,1788008934087451,1.311064,1788008934454672384,396466,396467,1788008934450211328,1788008934458544128,0.5353648068669528,8.33272933959961,3.8716793060302734,0.6111083984375,42,27,518.1457641316784,296.3198734216827,1,243.03999858478988,293.8378243286277,1
1127,1187,1788008934122193098,1788008934122193,128972,39.68307709693909,37.67711138725281,1788008934120883,1.31011,1788008934488104704,396470,396471,1788008934483543552,1788008934491877376,0.5472907249527951,8.333683013916016,3.772735595703125,0.6104383680555555,42,26,518.0290441806529,296.4838930095557,1,243.1804156491358,293.6312099450461,1
1128,1188,1788008934155623913,1788008934155624,128973,39.71650791168213,37.71054220199585,1788008934154311,1.312971,1788008934521536512,396474,396475,1788008934516877056,1788008934525209600,0.5591988555078684,8.33272933959961,3.673076629638672,0.6081027560763889,42,26,517.5446895369909,296.63916941804973,1,243.218491664768,293.3762987325046,1
1129,1189,1788008934189057112,1788008934189057,128974,39.74994087219238,37.7439751625061,1788008934187748,1.309157,1788008934554970624,396478,396479,1788008934550209024,1788008934558542080,0.5713999599439215,8.332967758178711,3.5715103149414062,0.6077880859375,42,27,517.3381218148653,296.6912219378095,1,243.14742056085765,292.9754847373051,1
1130,1190,1788008934222486019,1788008934222486,128975,39.78336977958679,37.77740406990051,1788008934221178,1.307964,1788008934588400896,396482,396483,1788008934583542272,1788008934591875328,0.5830448341964465,8.332967758178711,3.4744739532470703,0.6073079427083333,42,26,517.218730285682,296.6841382421539,1,243.07144357053102,292.60372645239346,1
1131,1191,1788008934255917072,1788008934255917,128976,39.81680083274841,37.810835123062134,1788008934254608,1.309156,1788008934621832960,396486,396487,1788008934616874752,1788008934625207552,0.5950500715307582,8.33272933959961,3.374338150024414,0.6080105251736111,42,24,517.0583262170004,296.7839589416806,1,242.86856528872812,292.15830632954976,1
1132,1192,1788008934289349079,1788008934289349,128977,39.85023307800293,37.84426736831665,1788008934288036,1.312971,1788008934655266304,396490,396491,1788008934650206976,1788008934658540800,0.6070835955827659,8.333683013916016,3.2744407653808594,0.6063639322916666,42,23,517.0846965081009,296.73369901862884,1,242.6302260963906,291.873386865467,1
1133,1193,1788008934322782040,1788008934322782,128978,39.883665800094604,37.877700090408325,1788008934321466,1.316071,1788008934688699904,396494,396495,1788008934683540224,1788008934691873024,0.6192097507939687,8.332967758178711,3.1731128692626953,0.6078884548611111,42,24,517.1377300734241,296.7226812590643,1,242.43798141942762,291.53099858955653,1
1134,1194,1788008934356214046,1788008934356214,128979,39.91709780693054,37.91113209724426,1788008934354903,1.311063,1788008934722133248,396498,396499,1788008934716872448,1788008934725205504,0.6313124088008927,8.332967758178711,3.0722618103027344,0.6076795789930556,42,24,517.1405263003314,296.6486951272439,1,242.16970915858212,291.3254364127511,1
1135,1195,1788008934389647007,1788008934389647,128980,39.950531005859375,37.944565296173096,1788008934388335,1.312017,1788008934755567616,396502,396503,1788008934750204928,1788008934758538496,0.6435028895119299,8.333683013916016,2.9709339141845703,0.6065646701388889,42,22,517.1980969615153,296.4107803793809,1,241.8297467744975,291.34053082212745,1
1136,1196,1788008934423078060,1788008934423078,128981,39.983962059020996,37.97799634933472,1788008934421770,1.307964,1788008934788999680,396506,396507,1788008934783538176,1788008934791870720,0.655450643776824,8.33272933959961,2.8710365295410156,0.6067735460069444,42,21,517.321231230927,296.32065099925063,1,241.49085435514868,291.30165396407006,1
1137,1197,1788008934456509113,1788008934456509,128982,40.01739311218262,38.01142740249634,1788008934455200,1.309156,1788008934822432000,396510,396511,1788008934816870144,1788008934825203200,0.667448713913765,8.332967758178711,2.771139144897461,0.607177734375,42,22,517.458208015744,296.16738934907437,1,241.2703152651494,291.3047511148471,1
1138,1198,1788008934489938021,1788008934489938,128983,40.05082178115845,38.04485607147217,1788008934488630,1.307965,1788008934855862016,396514,396515,1788008934850202624,1788008934858536448,0.6790730939779717,8.333921432495117,2.674579620361328,0.6076687282986111,42,22,517.609698962284,296.28611073873793,1,241.1594835214405,291.24014248638684,1
1139,1199,1788008934523370028,1788008934523370,128984,40.084253787994385,38.078288078308105,1788008934522060,1.310111,1788008934889295104,396518,396519,1788008934883534848,1788008934891867648,0.6912732474964235,8.33272933959961,2.5725364685058594,0.6095920138888888,42,22,517.7504199600314,296.54716698136406,1,241.03015505905378,291.20267862494285,1
1140,1200,1788008934556804895,1788008934556805,128985,40.11768865585327,38.11172294616699,1788008934555489,1.315832,1788008934922731264,396522,396523,1788008934916867328,1788008934925200896,0.7036390684900155,8.333683013916016,2.469778060913086,0.6096571180555556,42,23,517.8762763586404,296.54908375538815,1,241.40571435378644,291.3799688385405,1
1141,1201,1788008934590240002,1788008934590240,128986,40.15112376213074,38.14515805244446,1788008934588926,1.313925,1788008934956167424,396526,396527,1788008934950200320,1788008934958533376,0.7160882378186604,8.332967758178711,2.3658275604248047,0.6105848524305556,42,23,517.8965256803158,296.3776906311137,1,241.76247125372925,291.6870773112246,1
1142,1202,1788008934623676062,1788008934623676,128987,40.1845600605011,38.17859435081482,1788008934622363,1.312971,1788008934989604864,396530,396531,1788008934983532544,1788008934991865600,0.7287059025492832,8.332967758178711,2.2606849670410156,0.6094319661458333,42,23,517.8971282447842,296.28245654363997,1,241.9367743642917,291.77282730904864,1
1143,1203,1788008934657109976,1788008934657110,128988,40.21799397468567,38.21202826499939,1788008934655800,1.309872,1788008935023040000,396534,396535,1788008935016865024,1788008935025198592,0.7409738513474853,8.333683013916016,2.158641815185547,0.6086832682291666,42,25,517.9351288102555,296.1984969874912,1,241.89969166369724,291.7426481562379,1
1144,1204,1788008934690545082,1788008934690545,128989,40.251429080963135,38.245463371276855,1788008934689229,1.31607,1788008935056476416,396538,396539,1788008935050198272,1788008935058531072,0.7534191702432046,8.33272933959961,2.0546913146972656,0.6099012586805556,42,25,517.7766600224936,296.50695422188187,1,241.83807601478333,291.84643561501707,1
1145,1205,1788008934723978043,1788008934723978,128990,40.28486180305481,38.27889609336853,1788008934722668,1.31011,1788008935089910016,396542,396543,1788008935083530496,1788008935091863296,0.765586106263054,8.332967758178711,1.9533634185791016,0.6092041015625,42,23,517.5383718368315,296.63409286679575,1,241.5729822545045,291.9196356247187,1
1146,1206,1788008934757416010,1788008934757416,128991,40.318299770355225,38.312334060668945,1788008934756104,1.312018,1788008935123349248,396546,396547,1788008935116862720,1788008935125196800,0.7783149763982263,8.333921432495117,1.8475055694580078,0.6117702907986111,42,22,517.3426854526938,296.647940728125,1,241.47311342569833,292.1493046221389,1
1147,1207,1788008934790849924,1788008934790850,128992,40.351733922958374,38.345768213272095,1788008934789534,1.315832,1788008935156784640,396550,396551,1788008935150195968,1788008935158528768,0.7906723891273247,8.33272933959961,1.7442703247070312,0.609765625,42,24,517.2988641816505,296.5444319257686,1,241.58215469752025,292.55078146190044,1
1148,1208,1788008934824281931,1788008934824282,128993,40.38516569137573,38.37919998168945,1788008934822970,1.312018,1788008935190217472,396554,396555,1788008935183528448,1788008935191861248,0.8027467811158798,8.33272933959961,1.6436576843261719,0.6106526692708333,42,27,517.2138330044774,296.55163630895873,1,241.51751413326156,292.9216312591858,1
1149,1209,1788008934857717037,1788008934857717,128994,40.4186007976532,38.41263508796692,1788008934856399,1.317978,1788008935223653632,396558,396559,1788008935216861696,1788008935225194496,0.8150786838340487,8.33272933959961,1.5408992767333984,0.6105604383680555,42,26,517.2145642492999,296.79382215376006,1,241.3384375305964,293.05694889900656,1
1150,1210,1788008934891149998,1788008934891150,128995,40.45203399658203,38.44606828689575,1788008934889837,1.312971,1788008935257088000,396562,396563,1788008935250193920,1788008935258526720,0.8273296901376213,8.332967758178711,1.4388561248779297,0.6110649956597223,42,27,517.499544237666,297.0332426550356,1,241.26873079111851,293.25519064010655,1
1151,1211,1788008934924582005,1788008934924582,128996,40.48546576499939,38.47950005531311,1788008934923274,1.307965,1788008935290520832,396566,396567,1788008935283526144,1788008935291860224,0.8393076813045344,8.333921432495117,1.3391971588134766,0.6107096354166667,42,28,517.8123011812468,297.279152329618,1,241.2308215465227,293.2254482921167,1
1152,1212,1788008934958013058,1788008934958013,128997,40.51889705657959,38.51293134689331,1788008934956704,1.309157,1788008935323952896,396570,396571,1788008935316859392,1788008935325192192,0.8512732474964234,8.33272933959961,1.2392997741699219,0.6106825086805555,42,27,518.1739119278969,297.35929187695143,1,241.1325958374692,293.21469531762574,1
1153,1213,1788008934991444111,1788008934991444,128998,40.55232810974121,38.54636240005493,1788008934990134,1.31011,1788008935357384960,396574,396575,1788008935350191872,1788008935358524672,0.8632331902718169,8.33272933959961,1.1396408081054688,0.6114447699652777,42,29,518.3651330217547,297.39463143361576,1,241.08143069126518,293.34476244897684,1
1154,1214,1788008935024873972,1788008935024874,128999,40.58575797080994,38.57979226112366,1788008935023563,1.311064,1788008935390815488,396578,396579,1788008935383523840,1788008935391857920,0.8749249034472893,8.333921432495117,1.0423660278320312,0.6129340277777777,42,27,518.555532104841,297.36972767158113,1,241.0159682469784,293.49779407435665,1
1155,1215,1788008935058304071,1788008935058304,129000,40.61918783187866,38.61322212219238,1788008935056993,1.311063,1788008935424246528,396582,396583,1788008935416857344,1788008935425190144,0.8867557437555434,8.332967758178711,0.9436607360839844,0.6148681640625,42,29,518.8394757556825,297.41896103491473,1,240.97716467114242,293.7398062587601,1
1156,1216,1788008935091733932,1788008935091734,129001,40.65261793136597,38.64665222167969,1788008935090422,1.312017,1788008935457677568,396586,396587,1788008935450189568,1788008935458522368,0.8986266094420601,8.33272933959961,0.8447170257568359,0.6152126736111111,42,29,519.0643964943436,297.4502861358539,1,240.92450675135686,293.88280505448427,1
1157,1217,1788008935125178099,1788008935125178,129002,40.68606209754944,38.68009638786316,1788008935123853,1.325131,1788008935491122944,396590,396591,1788008935483522048,1788008935491855616,0.9120844538536362,8.333683013916016,0.7326602935791016,0.6165934244791667,42,29,519.3007569544288,297.3954448841085,1,240.9205868901214,294.0761724986758,1
1158,1218,1788008935158597946,1788008935158598,129003,40.71948170661926,38.71351599693298,1788008935157287,1.311064,1788008935524543744,396594,396595,1788008935516855296,1788008935525188096,0.922689556509299,8.33272933959961,0.6442070007324219,0.6155381944444445,42,28,519.4048325973037,297.29774974920247,1,240.98600821916773,294.26577043477636,1
1159,1219,1788008935192028999,1788008935192029,129004,40.752912759780884,38.746947050094604,1788008935190718,1.311063,1788008935557976064,396598,396599,1788008935550187264,1788008935558520320,0.9346799805441904,8.332967758178711,0.5443096160888672,0.615234375,42,27,519.548786225995,297.0617665249608,1,241.04919617492348,294.34872126155346,1
1160,1220,1788008935225460052,1788008935225460,129005,40.786343812942505,38.780378103256226,1788008935224147,1.312971,1788008935591408128,396602,396603,1788008935583519744,1788008935591853568,0.9465598626805893,8.333921432495117,0.44536590576171875,0.6154947916666667,42,27,519.7025281506774,296.8779193339572,1,241.17437495074898,294.32188842156825,1
1161,1221,1788008935258891106,1788008935258891,129006,40.819774866104126,38.81380915641785,1788008935257577,1.314164,1788008935624840704,396606,396607,1788008935616852992,1788008935625185792,0.9585979971387697,8.33272933959961,0.34499168395996094,0.6137939453125,42,26,519.8660662662104,296.8261864652523,1,241.29065940772193,294.33525559010377,1
1162,1222,1788008935292321920,1788008935292322,129007,40.85320568084717,38.84723997116089,1788008935291015,1.30701,1788008935658272768,396610,396611,1788008935650185472,1788008935658519040,0.9704468730331293,8.333683013916016,0.24628639221191406,0.6150227864583333,42,27,520.1043360575896,296.9500996955118,1,241.35677253183107,294.2637121949005,1
1163,1223,1788008935325753927,1788008935325754,129008,40.886637687683105,38.880671977996826,1788008935324444,1.309871,1788008935691705600,396614,396615,1788008935683518464,1788008935691851264,0.9825183828788876,8.332967758178711,0.1456737518310547,0.6138400607638889,42,27,520.328580215851,296.9895208954613,1,241.438174988146,294.23403001200677,1
1164,1224,1788008935359185934,1788008935359186,129009,40.92006969451904,38.914103984832764,1788008935357875,1.310825,1788008935725138688,396618,396619,1788008935716850688,1788008935725183744,0.9945924294011617,8.332967758178711,0.04506111145019531,0.6128824869791667,42,27,520.459730629539,297.0231886878453,1,241.4715397260294,294.1773655030023,1
1165,1225,1788008935392618895,1788008935392619,129010,40.953502893447876,38.9475371837616,1788008935391304,1.314879,1788008935758573056,396623,396624,1788008935758516736,1788008935766849792,0.006752310377385482,8.332967758178711,0.05626678466796875,0.6137966579861112,42,28,520.5497244113392,297.00192648188073,1,241.5440718336234,294.2658571355777,1
1166,1226,1788008935426049948,1788008935426050,129011,40.9869339466095,38.98096823692322,1788008935424741,1.308918,1788008935792005376,396627,396628,1788008935791849216,1788008935800182016,0.018740522445709708,8.332967758178711,0.15616416931152344,0.6127332899305555,42,27,520.5645841958109,296.95529691145396,1,241.4024214698651,294.0808288373158,1
1167,1227,1788008935459482908,1788008935459483,129012,41.02036666870117,39.01440095901489,1788008935458169,1.313925,1788008935825439232,396631,396632,1788008935825181440,1788008935833515264,0.030926360359329403,8.333683013916016,0.25773048400878906,0.6136935763888889,42,28,520.4991698895601,296.94217530100207,1,241.17947459859153,293.8076806075769,1
1168,1228,1788008935492914915,1788008935492915,129013,41.05379891395569,39.04783320426941,1788008935491600,1.314878,1788008935858872576,396635,396636,1788008935858514688,1788008935866846464,0.042951983059577634,8.331775665283203,0.3578662872314453,0.6129340277777777,42,28,520.3754362806765,296.88721076242746,1,241.12561251263776,293.7165498725085,1
1169,1229,1788008935526345015,1788008935526345,129014,41.087228775024414,39.081263065338135,1788008935525036,1.308918,1788008935892303616,396639,396640,1788008935891845888,1788008935900179968,0.05492776426834502,8.333921432495117,0.457763671875,0.6126491970486111,42,26,520.166932505248,296.7849831515258,1,241.02251541959663,293.5198685639328,1
1170,1230,1788008935559777021,1788008935559777,129015,41.12066078186035,39.11469507217407,1788008935558467,1.31011,1788008935925736704,396643,396644,1788008935925179136,1788008935933512192,0.06689365111155618,8.332967758178711,0.5574226379394531,0.6141248914930556,42,27,519.9529909821388,296.62217759108796,1,240.84689066418645,293.2789655925229,1
1171,1231,1788008935593206882,1788008935593207,129016,41.15409064292908,39.1481249332428,1788008935591896,1.310825,1788008935959167744,396647,396648,1788008935958511616,1788008935966844416,0.07874105865522174,8.33272933959961,0.6561279296875,0.6132541232638888,42,26,519.7600092628811,296.4623082483739,1,240.71445129128983,293.0320783295245,1
1172,1232,1788008935626656055,1788008935626656,129017,41.18753981590271,39.18157410621643,1788008935625326,1.330137,1788008935992617984,396651,396652,1788008935991843840,1788008936000177664,0.09289351719402643,8.333683013916016,0.7741451263427734,0.6161946614583333,42,26,519.6088953899723,296.3812716625277,1,240.60530230024062,292.69586363375856,1
1173,1233,1788008935660064936,1788008935660065,129018,41.220948934555054,39.214983224868774,1788008935658756,1.308918,1788008936026028288,396655,396656,1788008936025177088,1788008936033509888,0.10217161168493033,8.332967758178711,0.8513927459716797,0.6159505208333333,42,26,519.4396422873693,296.2176253630358,1,240.4462746489072,292.3304835588215,1
1174,1234,1788008935693509102,1788008935693509,129019,41.254393100738525,39.248427391052246,1788008935692193,1.316071,1788008936059473664,396659,396660,1788008936058509312,1788008936066842368,0.11573345540900118,8.332967758178711,0.9644031524658203,0.6157280815972223,42,26,519.2646857290493,295.95858773152577,1,240.25764411871313,292.0308962002716,1
1175,1235,1788008935726927996,1788008935726928,129020,41.28781175613403,39.281846046447754,1788008935725623,1.305104,1788008936092893696,396663,396664,1788008936091841792,1788008936100175360,0.1262230359901585,8.333683013916016,1.0519027709960938,0.6143120659722222,42,26,519.1062089319461,295.9460561975385,1,240.05497842978605,291.85099598613505,1
1176,1236,1788008935760359049,1788008935760359,129021,41.32124304771423,39.315277338027954,1788008935759051,1.307964,1788008936126325760,396667,396668,1788008936125175040,1788008936133507840,0.13811158798283263,8.33272933959961,1.1508464813232422,0.6136935763888889,42,26,518.9469650339586,295.894250587004,1,239.82953461420666,291.6105263859389,1
1177,1237,1788008935793787956,1788008935793788,129022,41.35467171669006,39.348706007003784,1788008935792481,1.30701,1788008936159755776,396671,396672,1788008936158507008,1788008936166840064,0.14983834511172786,8.332967758178711,1.2485980987548828,0.6122314453125,42,26,518.7657316407096,295.85973109953585,1,239.55821284721918,291.3997596744872,1
1178,1238,1788008935827236891,1788008935827237,129023,41.38812065124512,39.38215494155884,1788008935825911,1.325846,1788008936193205760,396675,396676,1788008936191839488,1788008936200173312,0.16395365469889858,8.333921432495117,1.3663768768310547,0.6125379774305556,42,25,518.513360244012,295.8416910164536,1,239.3441751931542,291.16848771160505,1
1179,1239,1788008935860646009,1788008935860646,129024,41.42152976989746,39.41556406021118,1788008935859341,1.305103,1788008936226616064,396679,396680,1788008936225172736,1788008936233505536,0.17321888412017167,8.33272933959961,1.4433860778808594,0.6104166666666667,42,24,518.2817410263399,295.6589817971223,1,239.13257045443737,290.90702867096564,1
1180,1240,1788008935894087076,1788008935894087,129025,41.45497107505798,39.449005365371704,1788008935892771,1.31607,1788008936260058368,396683,396684,1788008936258505216,1788008936266838784,0.18638782399725354,8.333683013916016,1.5532970428466797,0.6107503255208333,42,23,518.1380031170797,295.46102068266435,1,239.0164395606858,290.6434219353311,1
1181,1241,1788008935927504063,1788008935927504,129026,41.48838806152344,39.48242235183716,1788008935926201,1.302958,1788008936293476608,396687,396688,1788008936291838464,1788008936300171264,0.19659513590844063,8.33272933959961,1.638174057006836,0.6106987847222223,42,22,517.9640558570959,295.3014609945773,1,238.8762543053325,290.3759341409282,1
1182,1242,1788008935960937023,1788008935960937,129027,41.52182078361511,39.51585507392883,1788008935959630,1.30701,1788008936326910464,396691,396692,1788008936325170432,1788008936333503488,0.20880661497525108,8.332967758178711,1.7399787902832031,0.6066297743055555,42,21,517.7421462767887,294.9412606346776,1,238.75144442394844,290.13817320900546,1
1183,1243,1788008935994371891,1788008935994372,129028,41.555255651474,39.54928994178772,1788008935993060,1.311779,1788008936360346624,396695,396696,1788008936358502912,1788008936366836736,0.22122729223287083,8.333921432495117,1.8436908721923828,0.6073676215277778,42,22,517.6012508976686,294.56759094114807,1,238.61000457658494,289.7314895707279,1
1184,1244,1788008936027796030,1788008936027796,129029,41.588679790496826,39.58271408081055,1788008936026489,1.307011,1788008936393771776,396699,396700,1788008936391836160,1788008936400168960,0.2323032904148784,8.33272933959961,1.935720443725586,0.6059190538194444,42,21,517.4814078347888,294.0745957248833,1,238.37357501460565,289.30346222579226,1
1185,1245,1788008936061227083,1788008936061227,129030,41.62211084365845,39.61614513397217,1788008936059919,1.307964,1788008936427204096,396703,396704,1788008936425168640,1788008936433501184,0.24429184549356223,8.33272933959961,2.0356178283691406,0.6067301432291666,42,20,517.3676579345469,293.7766127942387,1,238.1451306231285,288.7947217101204,1
1186,1246,1788008936094655037,1788008936094655,129031,41.65553879737854,39.64957308769226,1788008936093348,1.307011,1788008936460633088,396707,396708,1788008936458500608,1788008936466834432,0.2558718352167072,8.333921432495117,2.132415771484375,0.6072862413194444,42,19,517.3374866578768,293.7538525821184,1,237.99345359476922,288.4718881234932,1
1187,1247,1788008936128086090,1788008936128086,129032,41.68896985054016,39.68300414085388,1788008936126778,1.308203,1788008936494065152,396711,396712,1788008936491833856,1788008936500166912,0.2677462733541243,8.332967758178711,2.231121063232422,0.6052517361111112,42,19,517.4033858215163,293.7806831205171,1,237.92247419807816,288.2713375846061,1
1188,1248,1788008936161518097,1788008936161518,129033,41.7224018573761,39.71643614768982,1788008936160208,1.31011,1788008936527497728,396715,396716,1788008936525166336,1788008936533498880,0.2797997138769671,8.33272933959961,2.3314952850341797,0.6062310112847222,42,20,517.5681608211191,294.0953092406929,1,237.75700230117093,288.2180094726568,1
1189,1249,1788008936194943905,1788008936194944,129034,41.75582790374756,39.74986219406128,1788008936193643,1.300812,1788008936560924672,396719,396720,1788008936558498560,1788008936566832384,0.29112547920123594,8.333683013916016,2.4261474609375,0.6051730685763889,42,18,517.8200538117715,294.54120402148567,1,237.63228849632736,288.3711838014171,1
1190,1250,1788008936228372097,1788008936228372,129035,41.78925609588623,39.78329038619995,1788008936227066,1.306057,1788008936594354176,396723,396724,1788008936591831808,1788008936600164608,0.302689556509299,8.33272933959961,2.5222301483154297,0.6078586154513889,42,19,517.8731270687404,294.95163149374025,1,237.49359687307015,288.58159772441945,1
1191,1251,1788008936261805058,1788008936261805,129036,41.822688817977905,39.816723108291626,1788008936260495,1.310111,1788008936627787776,396727,396728,1788008936625164032,1788008936633497088,0.314869388572573,8.332967758178711,2.6237964630126953,0.6109727647569444,42,23,517.7588984106559,295.1154831492677,1,237.46373476771595,288.84496341937563,1
1192,1252,1788008936295238972,1788008936295239,129037,41.856122732162476,39.850157022476196,1788008936293925,1.313925,1788008936661222912,396731,396732,1788008936658496256,1788008936666830336,0.32716349592333,8.333921432495117,2.7265548706054688,0.6126003689236111,42,23,517.5170855747251,295.12391978377434,1,237.45402089415393,289.1379811991283,1
1193,1253,1788008936328670025,1788008936328670,129038,41.8895537853241,39.88358807563782,1788008936327356,1.313925,1788008936694655232,396735,396736,1788008936691829760,1788008936700162304,0.3390844062947067,8.33272933959961,2.825498580932617,0.6107042100694444,42,22,517.1711872283463,295.15254126352045,1,237.4629077853344,289.4747830040434,1
1194,1254,1788008936362102032,1788008936362102,129039,41.922985792160034,39.917020082473755,1788008936360793,1.308918,1788008936728088320,396739,396740,1788008936725161984,1788008936733495808,0.3511472220632832,8.333683013916016,2.926349639892578,0.6114664713541667,42,22,516.9259688432007,295.24994379004914,1,237.47878157495654,289.6813376869249,1
1195,1255,1788008936395531893,1788008936395532,129040,41.95641565322876,39.95044994354248,1788008936394222,1.309872,1788008936761519104,396743,396744,1788008936758494976,1788008936766828032,0.3629080712998197,8.332967758178711,3.0241012573242188,0.6103678385416667,42,23,516.7965462721343,295.5249619169571,1,237.5044570583936,289.86893116113737,1
1196,1256,1788008936428961039,1788008936428961,129041,41.98984479904175,39.98387908935547,1788008936427652,1.309157,1788008936794949632,396747,396748,1788008936791827456,1788008936800160512,0.37466739149094447,8.332967758178711,3.122091293334961,0.6088107638888889,42,24,516.7449216197723,295.74351279431505,1,237.57578370592935,290.0105164670381,1
1197,1257,1788008936462393045,1788008936462393,129042,42.023277044296265,40.017311334609985,1788008936461081,1.312017,1788008936828382720,396751,396752,1788008936825159680,1788008936833493504,0.3867368541511701,8.333683013916016,3.222942352294922,0.6084174262152777,42,23,516.7213522503166,296.060346414017,1,237.65463970000542,290.40680178167,1
1198,1258,1788008936495824099,1788008936495824,129043,42.056708097457886,40.050742387771606,1788008936494511,1.31321,1788008936861815296,396755,396756,1788008936858493184,1788008936866824960,0.3987294683225548,8.331775665283203,3.322124481201172,0.6014729817708333,42,22,516.8708268368907,296.6078544110448,1,237.67888744506803,290.9378104923973,1
1199,1259,1788008936529254913,1788008936529255,129044,42.09013867378235,40.08417296409607,1788008936527947,1.307964,1788008936895247104,396759,396760,1788008936891824128,1788008936900158208,0.4106994707481047,8.333921432495117,3.4227371215820312,0.6006429036458333,42,25,517.0582011775164,297.73868652693864,1,237.6459409511508,291.8245594487513,1
1200,1260,1788008936562689066,1788008936562689,129045,42.1235728263855,40.11760711669922,1788008936561377,1.312018,1788008936928682240,396763,396764,1788008936925157632,1788008936933490432,0.42299218906469055,8.332967758178711,3.5247802734375,0.60322265625,42,27,517.5479611901428,299.41213520708465,1,237.38788596720482,292.9166875214423,1
1201,1261,1788008936596132994,1788008936596133,129046,42.15701699256897,40.15105128288269,1788008936594806,1.327038,1788008936962127616,396767,396768,1788008936958489856,1788008936966822656,0.4365665236051502,8.33272933959961,3.6377906799316406,0.6035590277777778,42,32,518.4006708136986,301.49066248631715,1,236.94789474610184,294.31360285428843,1
1202,1262,1788008936629551888,1788008936629552,129047,42.19043564796448,40.1844699382782,1788008936628243,1.308918,1788008936995547648,396771,396772,1788008936991822336,1788008937000155904,0.4470160782743034,8.333683013916016,3.725290298461914,0.6027723524305556,42,35,519.3193409049792,302.98451936625287,1,236.30181682356493,295.45727565768664,1
1203,1263,1788008936662981987,1788008936662982,129048,42.22386574745178,40.2179000377655,1788008936661673,1.308918,1788008937028978944,396775,396776,1788008937025155328,1788008937033488384,0.4588423793310635,8.332967758178711,3.823518753051758,0.6040662977430555,42,32,520.0287859116668,303.4189515745318,1,235.56058986879975,296.0652040352496,1
1204,1264,1788008936696410894,1788008936696411,129049,42.25729465484619,40.25132894515991,1788008936695104,1.30701,1788008937062408960,396779,396780,1788008937058487552,1788008937066820608,0.4705730880375383,8.332967758178711,3.9212703704833984,0.6033284505208333,42,32,520.5808530921273,303.2337072427226,1,234.87680628373965,296.3710684730888,1
1205,1265,1788008936729842901,1788008936729843,129050,42.29072690010071,40.28476119041443,1788008936728534,1.308918,1788008937095842048,396783,396784,1788008937091820032,1788008937100153600,0.4826343193911999,8.333683013916016,4.022121429443359,0.6044569227430555,42,30,521.0864087665021,302.7889974078092,1,234.20272938822464,296.22265466735695,1
1206,1266,1788008936763273954,1788008936763274,129051,42.32415795326233,40.31819224357605,1788008936761960,1.313924,1788008937129274368,396787,396788,1788008937125153280,1788008937133486080,0.4945636623748212,8.33272933959961,4.121065139770508,0.6039957682291667,42,32,521.8869660063635,301.65900959217674,1,233.58737935961082,296.1724850993488,1
1207,1267,1788008936796705008,1788008936796705,129052,42.35758900642395,40.35162329673767,1788008936795393,1.312018,1788008937162706688,396791,396792,1788008937158485504,1788008937166818304,0.5065663357271609,8.332967758178711,4.111766815185547,0.6105495876736111,42,32,522.6331608724226,300.7850711923904,1,233.1752570960507,296.20806584926686,1
1208,1268,1788008936830135107,1788008936830135,129053,42.391018867492676,40.3850531578064,1788008936828823,1.312017,1788008937196137728,396795,396796,1788008937191817728,1788008937200151808,0.5183521670719496,8.333921432495117,4.014015197753906,0.6141438802083333,42,38,523.4360986138006,300.2251570727382,1,232.6562958891652,296.3659799744155,1
1209,1269,1788008936863565922,1788008936863566,129054,42.42444968223572,40.41848397254944,1788008936862260,1.305819,1788008937229569792,396799,396800,1788008937225150976,1788008937233483776,0.5302718168812589,8.33272933959961,3.9141178131103516,0.6140435112847222,42,34,524.315986578056,299.8054965029556,1,232.09025313663443,296.41316321565586,1
1210,1270,1788008936896997929,1788008936896998,129055,42.457881689071655,40.451915979385376,1788008936895690,1.307965,1788008937263002880,396803,396804,1788008937258483456,1788008937266816256,0.5423748211731044,8.33272933959961,3.8132667541503906,0.6129801432291667,42,36,525.1470125162102,299.3827623171522,1,231.83277235487145,296.59248260827496,1
1211,1271,1788008936930429935,1788008936930430,129056,42.49131393432617,40.48534822463989,1788008936929119,1.310825,1788008937296435968,396807,396808,1788008937291815424,1788008937300149504,0.5544271205836075,8.333921432495117,3.713369369506836,0.6116536458333334,42,36,525.6243420716917,298.9349186058724,1,231.50446655946556,296.6423038204106,1
1212,1272,1788008936963862896,1788008936963863,129057,42.52474665641785,40.51878094673157,1788008936962549,1.313925,1788008937329870080,396811,396812,1788008937325148928,1788008937333481728,0.5665646190380819,8.332967758178711,3.6118030548095703,0.6091932508680555,42,35,525.9514343100417,298.5415851157427,1,231.09735388441996,296.6749650584525,1
1213,1273,1788008936997292995,1788008936997293,129058,42.55817699432373,40.55221128463745,1788008936995985,1.307964,1788008937363301632,396815,396816,1788008937358481152,1788008937366814976,0.5784008010298956,8.333921432495117,3.5135746002197266,0.6093777126736111,42,32,526.0416934415803,298.2565646906582,1,230.77183423913425,296.67111676028253,1
1214,1274,1788008937030728102,1788008937030728,129059,42.591612100601196,40.58564639091492,1788008937029414,1.314163,1788008937396737792,396819,396820,1788008937391814400,1788008937400147200,0.5908440629470673,8.33272933959961,3.4093856811523438,0.6109971788194445,42,32,526.2898514910935,297.9344307390736,1,230.43353935199997,296.6467001193646,1
1215,1275,1788008937064160109,1788008937064160,129060,42.625043869018555,40.619078159332275,1788008937062851,1.309157,1788008937430170880,396823,396824,1788008937425146880,1788008937433479424,0.6029184549356223,8.33272933959961,3.3087730407714844,0.6105305989583333,42,32,526.8262931149468,297.15353037059407,1,230.23736782700257,296.72786652387924,1
1216,1276,1788008937097599030,1788008937097599,129061,42.658482789993286,40.65251708030701,1788008937096282,1.317025,1788008937463610880,396827,396828,1788008937458478848,1788008937466812928,0.6157917322271492,8.333921432495117,3.2019615173339844,0.6116726345486111,42,28,527.0809850259476,296.4988432711708,1,229.77911778459205,296.76934410382574,1
1217,1277,1788008937131027937,1788008937131028,129062,42.691911935806274,40.685946226119995,1788008937129720,1.307964,1788008937497040896,396831,396832,1788008937491812352,1788008937500145152,0.6274784698578009,8.332967758178711,3.1042098999023438,0.6106336805555556,42,26,527.3325554739322,296.0625466799031,1,229.38800131751904,297.01818510358544,1
1218,1278,1788008937164463997,1788008937164464,129063,42.72534775733948,40.7193820476532,1788008937163149,1.314879,1788008937530478080,396835,396836,1788008937525144576,1788008937533477376,0.6400572246065809,8.33272933959961,2.9993057250976562,0.6105767144097223,42,29,527.5690735822922,295.6292681377984,1,228.95033056688692,297.317664540077,1
1219,1279,1788008937197897911,1788008937197898,129064,42.75878190994263,40.75281620025635,1788008937196586,1.312017,1788008937563913472,396839,396840,1788008937558476800,1788008937566810624,0.6523430794758825,8.333683013916016,2.8972625732421875,0.6110270182291667,42,30,527.6371337188823,295.6594064483468,1,228.40745827936848,297.4508137007046,1
1220,1280,1788008937231328964,1788008937231329,129065,42.79221296310425,40.78624725341797,1788008937230017,1.312017,1788008937597345536,396843,396844,1788008937591810304,1788008937600142848,0.6642918454935622,8.33272933959961,2.797365188598633,0.6113796657986111,42,29,527.869024571362,295.1904477888983,1,227.74169013363598,297.419115656146,1
1221,1281,1788008937264763117,1788008937264763,129066,42.8256471157074,40.81968140602112,1788008937263453,1.31011,1788008937630780928,396847,396848,1788008937625142272,1788008937633475328,0.6766616119710451,8.332967758178711,2.694368362426758,0.6146240234375,42,32,528.2204474409912,294.7520568974485,1,227.16652661968945,297.3589825680002,1
1222,1282,1788008937298193932,1788008937298194,129067,42.85907769203186,40.85311198234558,1788008937296881,1.312972,1788008937664212224,396851,396852,1788008937658474752,1788008937666808576,0.6884565870404806,8.333921432495117,2.5963783264160156,0.6146131727430556,42,28,528.5871951078648,294.31910448560376,1,226.82482287001463,297.5005991906391,1
1223,1283,1788008937331628084,1788008937331628,129068,42.89251184463501,40.88654613494873,1788008937330318,1.31011,1788008937697647360,396855,396856,1788008937691808000,1788008937700140800,0.7007725321888412,8.33272933959961,2.4933815002441406,0.6141791449652778,42,35,528.8185761535137,294.0268630229439,1,226.45643970132187,297.59233659382704,1
1224,1284,1788008937365058899,1788008937365059,129069,42.92594265937805,40.91997694969177,1788008937363747,1.312018,1788008937731078912,396859,396860,1788008937725140224,1788008937733474048,0.7125936945700063,8.333683013916016,2.395153045654297,0.6135362413194444,42,34,529.4854443376539,293.71322840802145,1,225.60863384674548,297.2351603869378,1
1225,1285,1788008937398498058,1788008937398498,129070,42.95938181877136,40.95341610908508,1788008937397178,1.320123,1788008937764519168,396863,396864,1788008937758473472,1788008937766806272,0.7255300277531401,8.332967758178711,2.287149429321289,0.6135823567708333,42,34,530.3152174121793,293.55671161075657,1,224.76205382766835,296.96801147731776,1
1226,1286,1788008937431921959,1788008937431922,129071,42.99280571937561,40.98684000968933,1788008937430615,1.307011,1788008937797944064,396867,396868,1788008937791805696,1788008937800138752,0.7366312837973162,8.332967758178711,2.194643020629883,0.6145073784722223,42,31,531.2923892002411,293.2061939874292,1,223.7637742887834,296.60219189585933,1
1227,1287,1788008937465353012,1788008937465353,129072,43.02623677253723,41.02027106285095,1788008937464045,1.307964,1788008937831376384,396871,396872,1788008937825138176,1788008937833471744,0.7485552440350175,8.333683013916016,2.095460891723633,0.6150146484375,42,33,531.9398047666919,293.0446437501115,1,223.13927875977652,296.4744898985516,1
1228,1288,1788008937498788118,1788008937498788,129073,43.0596718788147,41.05370616912842,1788008937497474,1.314163,1788008937864812544,396875,396876,1788008937858471424,1788008937866803200,0.7610885365993246,8.331775665283203,1.9905567169189453,0.6140190972222223,42,32,532.6756722273573,292.75987968240474,1,221.69302465073264,296.33872993850855,1
1229,1289,1788008937532215118,1788008937532215,129074,43.093098878860474,41.087133169174194,1788008937530904,1.311063,1788008937898240768,396879,396880,1788008937891802624,1788008937900135424,0.7726245314869389,8.332967758178711,1.8947124481201172,0.6135715060763889,42,31,533.9073974747315,292.8509516662441,1,219.95385176726586,296.41322345193277,1
1230,1290,1788008937565645933,1788008937565646,129075,43.126529693603516,41.120563983917236,1788008937564341,1.304865,1788008937931672832,396883,396884,1788008937925134848,1788008937933468928,0.7844943498784152,8.333921432495117,1.7960071563720703,0.6124864366319445,42,32,534.6422745192797,292.8988575025264,1,218.62215963447667,296.7307751331112,1
1231,1291,1788008937599081993,1788008937599082,129076,43.1599657535553,41.15400004386902,1788008937597770,1.312017,1788008937965110016,396887,396888,1788008937958468096,1788008937966800896,0.7970815450643777,8.33272933959961,1.6908645629882812,0.6139838324652778,42,30,535.3243809853085,292.58406404691647,1,217.5840010581058,296.90036056191155,1
1232,1292,1788008937632514954,1788008937632515,129077,43.19339895248413,41.18743324279785,1788008937631199,1.316071,1788008937998544128,396891,396892,1788008937991800576,1788008938000134144,0.8092063855352749,8.333683013916016,1.5900135040283203,0.6136800130208333,42,33,535.7672772482285,292.46334952077126,1,216.1715513324018,296.70631503382805,1
1233,1293,1788008937665941954,1788008937665942,129078,43.22682595252991,41.22086024284363,1788008937664629,1.312971,1788008938031972352,396895,396896,1788008938025133568,1788008938033466624,0.8206918256988355,8.332967758178711,1.4941692352294922,0.6130506727430556,42,29,535.8758424930045,292.3806212289145,1,215.22919898556995,296.7838176295309,1
1234,1294,1788008937699368954,1788008937699369,129079,43.260252714157104,41.254287004470825,1788008937698060,1.308918,1788008938065400320,396899,396900,1788008938058466048,1788008938066798848,0.8321650310434608,8.332967758178711,1.3985633850097656,0.6125623914930556,42,31,536.0563286209238,292.1143183589821,1,214.352280907158,296.4625587458074,1
1235,1295,1788008937732799053,1788008937732799,129080,43.29368281364441,41.28771710395813,1788008937731489,1.31011,1788008938098831616,396903,396904,1788008938091798272,1788008938100132096,0.8439663557818847,8.333683013916016,1.3003349304199219,0.6143961588541667,42,29,536.018393299629,291.9596864183998,1,213.73487659057741,295.94212562618003,1
1236,1296,1788008937766231060,1788008937766231,129081,43.32711482048035,41.32114911079407,1788008937764919,1.312017,1788008938132264960,396907,396908,1788008938125131520,1788008938133464320,0.8560515021459227,8.33272933959961,1.199483871459961,0.6117567274305555,42,30,536.031026640185,291.91517538028586,1,213.28239343328147,295.6614368730567,1
1237,1297,1788008937799659967,1788008937799660,129082,43.360543966293335,41.354578256607056,1788008937798349,1.311063,1788008938165695232,396911,396912,1788008938158463744,1788008938166796800,0.8678149409172842,8.332967758178711,1.1014938354492188,0.6133734809027778,42,30,536.1460008825851,292.0688499135225,1,212.91581870936648,295.48206488570247,1
1238,1298,1788008937833091021,1788008937833091,129083,43.393975019454956,41.38800930976868,1788008937831785,1.306057,1788008938199127552,396915,396916,1788008938191795968,1788008938200130048,0.8797024746102131,8.333921432495117,1.0025501251220703,0.6133056640625,42,29,536.3622086490215,292.103052790491,1,212.48519840252823,295.52081095934665,1
1239,1299,1788008937866519928,1788008937866520,129084,43.427403688430786,41.42143797874451,1788008937865216,1.303911,1788008938232557312,396919,396920,1788008938225129472,1788008938233462016,0.8914163090128755,8.33272933959961,0.9047985076904297,0.6140353732638889,42,28,536.8253719543865,291.9482918831876,1,212.0862020943223,295.6993565842513,1
1240,1300,1788008937899945974,1788008937899946,129085,43.460829973220825,41.454864263534546,1788008937898643,1.302957,1788008938265984768,396923,396924,1788008938258461696,1788008938266794496,0.9028326180257511,8.33272933959961,0.8096694946289062,0.6145263671875,42,30,537.1793117266582,291.7511537538476,1,211.72329679302257,295.76141981786,1
1241,1301,1788008937933373928,1788008937933374,129086,43.49425792694092,41.48829221725464,1788008937932066,1.307964,1788008938299414016,396927,396928,1788008938291793920,1788008938300127744,0.9143470175940495,8.333921432495117,0.7138252258300781,0.6141520182291667,42,29,537.7356528275596,291.5608817329217,1,211.56607511382313,295.78955863830794,1
1242,1302,1788008937966804981,1788008937966805,129087,43.52768898010254,41.52172327041626,1788008937965495,1.309871,1788008938332845824,396931,396932,1788008938325127168,1788008938333459968,0.9262968155417585,8.332967758178711,0.614166259765625,0.6138943142361111,42,31,538.1849224975814,291.68395809242674,1,211.2454436687634,295.7414089951772,1
1243,1303,1788008938000236034,1788008938000236,129088,43.56111979484558,41.5551540851593,1788008937998926,1.31011,1788008938366277888,396935,396936,1788008938358459392,1788008938366793472,0.938149048776999,8.333921432495117,0.5154609680175781,0.6144802517361111,42,28,539.012555178534,291.7566047968461,1,211.08479037057853,295.76728361068075,1
1244,1304,1788008938033665895,1788008938033666,129089,43.59454965591431,41.58858394622803,1788008938032356,1.309871,1788008938399708672,396939,396940,1788008938391792896,1788008938400125440,0.9499856938483547,8.33272933959961,0.41675567626953125,0.6129204644097223,42,26,539.6025011904763,291.90954775775697,1,210.88210820695173,295.7545900696888,1
1245,1305,1788008938067095995,1788008938067096,129090,43.62797999382019,41.62201428413391,1788008938065786,1.31011,1788008938433140224,396943,396944,1788008938425125120,1788008938433457920,0.9618884120171673,8.33272933959961,0.31757354736328125,0.6137315538194444,42,26,540.1211477221162,291.810753583218,1,210.87474377738502,295.8123204969313,1
1246,1306,1788008938100528002,1788008938100528,129091,43.66141200065613,41.65544629096985,1788008938099215,1.312971,1788008938466573568,396947,396948,1788008938458457344,1788008938466791168,0.9738807037619797,8.333921432495117,0.21767616271972656,0.6128716362847222,42,26,540.4996528969815,292.02686825010767,1,210.63268555523555,295.7374405178618,1
1247,1307,1788008938133958101,1788008938133958,129092,43.69484210014343,41.68887639045715,1788008938132645,1.313209,1788008938500004864,396951,396952,1788008938491790592,1788008938500123392,0.9857514806443306,8.332967758178711,0.11873245239257812,0.6104302300347222,42,26,540.9214452748474,292.5838396367572,1,210.65046361974132,295.80618428954455,1
1248,1308,1788008938167388916,1788008938167389,129093,43.728272914886475,41.722307205200195,1788008938166080,1.308918,1788008938533436672,396955,396956,1788008938525122816,1788008938533455616,0.9977396280400572,8.33272933959961,0.018835067749023438,0.6111626519097222,42,27,541.1726530173377,293.4093678286218,1,210.77849228338417,296.21618014831495,1
1249,1309,1788008938200820923,1788008938200821,129094,43.76170492172241,41.75573921203613,1788008938199510,1.310825,1788008938566870272,396960,396961,1788008938566788864,1788008938575121920,0.009756516265629024,8.332967758178711,0.08130073547363281,0.6129204644097223,42,31,541.6610710198962,294.3143846690649,1,210.7994283194338,296.59237339125866,1
1250,1310,1788008938234251022,1788008938234251,129095,43.79513478279114,41.78916907310486,1788008938232939,1.312017,1788008938600301312,396964,396965,1788008938600121344,1788008938608453888,0.021602288984263234,8.33272933959961,0.1800060272216797,0.6119004991319444,42,32,542.0931493583888,295.1316532625126,1,210.71400556044915,296.77203412808393,1
1251,1311,1788008938267682076,1788008938267682,129096,43.82856583595276,41.82260012626648,1788008938266370,1.312018,1788008938633733632,396968,396969,1788008938633453568,1788008938641787392,0.033587000057218055,8.333683013916016,0.2799034118652344,0.6122992621527777,42,30,542.5114274556267,295.70733571535123,1,210.55600488368003,297.18457899700627,1
1252,1312,1788008938301115036,1788008938301115,129097,43.86199903488159,41.85603332519531,1788008938299808,1.307011,1788008938667167744,396972,396973,1788008938666786816,1788008938675119616,0.04569384835479256,8.33272933959961,0.3807544708251953,0.6115858289930556,42,31,542.5898731078009,296.35415120683007,1,210.37882710401237,297.38390321003067,1
1253,1313,1788008938334544897,1788008938334545,129098,43.89542865753174,41.88946294784546,1788008938333237,1.307964,1788008938700598528,396976,396977,1788008938700119040,1788008938708452096,0.057537695631026294,8.332967758178711,0.4794597625732422,0.6112006293402777,42,33,543.0149401779178,296.5065459812826,1,210.1449383798253,297.47792933105956,1
1254,1314,1788008938367974043,1788008938367974,129099,43.928858041763306,41.922892332077026,1788008938366667,1.307011,1788008938734029056,396980,396981,1788008938733451264,1788008938741785344,0.06931769417822915,8.333921432495117,0.5776882171630859,0.6113118489583333,42,30,543.3163174088996,296.60883502985456,1,209.80310822228478,297.4499082464769,1
1255,1315,1788008938401403904,1788008938401404,129100,43.96228766441345,41.95632195472717,1788008938400097,1.307011,1788008938767459328,396984,396985,1788008938766784768,1788008938775117312,0.08097281831187411,8.33272933959961,0.6747245788574219,0.6118353949652777,42,31,543.4917136817796,296.71431355323165,1,209.4447258994353,297.5015515607096,1
1256,1316,1788008938434837103,1788008938434837,129101,43.995720863342285,41.989755153656006,1788008938433527,1.31011,1788008938800893184,396988,396989,1788008938800116992,1788008938808450816,0.09312238942610288,8.333683013916016,0.7760524749755859,0.6136067708333334,42,30,543.8615238499598,296.727206419044,1,209.04873165426392,297.6425859423556,1
1257,1317,1788008938468262911,1788008938468263,129102,44.029146671295166,42.02318096160889,1788008938466957,1.305819,1788008938834319616,396992,396993,1788008938833449984,1788008938841783040,0.10434608451832565,8.332967758178711,0.8695125579833984,0.6132269965277778,42,29,544.2771610503504,296.920522962955,1,208.69926793926965,297.81461562473913,1
1258,1318,1788008938501688957,1788008938501689,129103,44.062572717666626,42.05660700798035,1788008938500386,1.302957,1788008938867747072,396996,396997,1788008938866781440,1788008938875114240,0.11587982832618025,8.33272933959961,0.9655952453613281,0.6124240451388889,42,31,544.4794832847431,297.16569119966,1,208.5691382886971,298.06408415250337,1
1259,1319,1788008938535115957,1788008938535116,129104,44.09599995613098,42.0900342464447,1788008938533809,1.30701,1788008938901175552,397000,397001,1788008938900113920,1788008938908447488,0.12739600617955027,8.333683013916016,1.0616779327392578,0.6133083767361112,42,30,544.4834100019715,297.21075646685836,1,208.41635562828023,298.11101985565534,1
1260,1320,1788008938568542004,1788008938568542,129105,44.12942576408386,42.12346005439758,1788008938567236,1.306057,1788008938934602496,397004,397005,1788008938933447168,1788008938941779968,0.1386552217453505,8.33272933959961,1.1553764343261719,0.6125162760416667,42,29,544.2517793833429,297.1458187030972,1,208.30005927833966,298.02463417369614,1
1261,1321,1788008938601972103,1788008938601972,129106,44.162856101989746,42.15689039230347,1788008938600665,1.307011,1788008938968034048,397008,397009,1788008938966779136,1788008938975112192,0.15058224371262624,8.332967758178711,1.2547969818115234,0.6122856987847223,42,28,544.2168932045518,297.10915031355745,1,208.1144298262409,297.8635659511926,1
1262,1322,1788008938635399103,1788008938635399,129107,44.19628310203552,42.19031739234924,1788008938634087,1.312017,1788008939001462272,397012,397013,1788008939000112640,1788008939008445440,0.16196961460330175,8.332967758178711,1.3496875762939453,0.6126654730902777,42,28,544.053067882044,297.4525280282258,1,208.24171083552147,297.6392404187628,1
1263,1323,1788008938668822050,1788008938668822,129108,44.229705810546875,42.223740100860596,1788008938667519,1.302957,1788008939034885888,397016,397017,1788008939033444864,1788008939041777664,0.17293276108726752,8.33272933959961,1.4410018920898438,0.6105523003472222,42,28,543.9530355938626,297.64366550572186,1,208.30233528752996,297.50829309638624,1
1264,1324,1788008938702248096,1788008938702248,129109,44.263132095336914,42.257166385650635,1788008938700941,1.30701,1788008939068313344,397020,397021,1788008939066777344,1788008939075110912,0.18432797390856553,8.333683013916016,1.5361309051513672,0.6104437934027778,42,27,543.9008324112509,297.89470098981343,1,208.40839970267993,297.43214489233753,1
1265,1325,1788008938735673904,1788008938735674,129110,44.296557664871216,42.29059195518494,1788008938734371,1.302957,1788008939101740032,397024,397025,1788008939100110336,1788008939108443136,0.1955881090669795,8.332967758178711,1.6298294067382812,0.6109619140625,42,26,543.9881386342961,298.1542274040611,1,208.48457735633252,297.44785385192904,1
1266,1326,1788008938769100904,1788008938769101,129111,44.32998466491699,42.32401895523071,1788008938767793,1.307964,1788008939135168256,397028,397029,1788008939133442560,1788008939141775616,0.20708992589625475,8.332967758178711,1.7256736755371094,0.6094699435763888,42,27,543.8334328527659,298.34535478522514,1,208.4997661159411,297.4546006813019,1
1267,1327,1788008938802529097,1788008938802529,129112,44.363412857055664,42.357447147369385,1788008938801223,1.306057,1788008939168597504,397032,397033,1788008939166775040,1788008939175108608,0.2186874177490416,8.333683013916016,1.8224716186523438,0.6084716796875,42,27,543.548270553731,298.38851713811493,1,208.4950276679582,297.7510256946408,1
1268,1328,1788008938835958958,1788008938835959,129113,44.39684295654297,42.39087724685669,1788008938834653,1.306057,1788008939202028800,397036,397037,1788008939200108288,1788008939208441088,0.23047210300429186,8.33272933959961,1.920461654663086,0.6095703125,42,27,543.347038094227,298.64893282749847,1,208.52146249276768,297.9763033579989,1
1269,1329,1788008938869390011,1788008938869390,129114,44.43027400970459,42.42430830001831,1788008938868081,1.308918,1788008939235461120,397040,397041,1788008939233440512,1788008939241773312,0.24248233240822867,8.332967758178711,2.020597457885742,0.6096435546875,42,29,543.2879562474399,298.9213204518287,1,208.70475909148342,298.0681685232941,1
1270,1330,1788008938902817965,1788008938902818,129115,44.46370196342468,42.4577362537384,1788008938901511,1.307011,1788008939268890112,397044,397045,1788008939266772736,1788008939275106560,0.2540695179516521,8.333921432495117,2.1173954010009766,0.6086886935763889,42,28,543.2975333447891,299.0962635004949,1,208.77365759644408,298.09674421324416,1
1271,1331,1788008938936245918,1788008938936246,129116,44.497129917144775,42.491164207458496,1788008938934932,1.313925,1788008939302319360,397048,397049,1788008939300105984,1788008939308438784,0.2656080114449213,8.33272933959961,2.2132396697998047,0.6078776041666667,42,27,543.308791932473,299.1726519497939,1,208.81019823689968,298.13534882169176,1
1272,1332,1788008938969676018,1788008938969676,129117,44.53056001663208,42.5245943069458,1788008938968371,1.305104,1788008939335750912,397052,397053,1788008939333438464,1788008939341771008,0.2775107296137339,8.33272933959961,2.3124217987060547,0.6081515842013889,42,29,543.3475064487354,299.2226143485569,1,208.76156715417287,298.1743879134469,1
1273,1333,1788008939003108978,1788008939003109,129118,44.563992738723755,42.558027029037476,1788008939001798,1.311063,1788008939369184768,397056,397057,1788008939366770432,1788008939375104512,0.2896867400944071,8.333921432495117,2.414226531982422,0.6095567491319445,42,29,543.3158318918256,299.26011923299615,1,208.64863965960762,298.2088297994395,1
1274,1334,1788008939036557913,1788008939036558,129119,44.59744167327881,42.59147596359253,1788008939035230,1.327992,1788008939402634496,397060,397061,1788008939400103680,1788008939408436736,0.303710909559097,8.332967758178711,2.530813217163086,0.6098415798611111,42,29,543.5500334183995,299.3184752430442,1,208.62014156436544,298.31232104928847,1
1275,1335,1788008939069971085,1788008939069971,129120,44.630855083465576,42.6248893737793,1788008939068659,1.312018,1788008939436048896,397064,397065,1788008939433436160,1788008939441769984,0.31351737948791303,8.333921432495117,2.6128292083740234,0.6106363932291666,42,30,543.7716921329535,299.37753201482417,1,208.64643382850136,298.38947103650804,1
1276,1336,1788008939103401899,1788008939103402,129121,44.66428589820862,42.65832018852234,1788008939102088,1.313924,1788008939469480960,397068,397069,1788008939466769408,1788008939475102208,0.3254077253218884,8.33272933959961,2.7115345001220703,0.6108154296875,42,29,543.9012843961895,299.3655764138662,1,208.58593321668974,298.40471909931927,1
1277,1337,1788008939136832952,1788008939136833,129122,44.69771695137024,42.69175124168396,1788008939135525,1.307964,1788008939502913280,397072,397073,1788008939500101888,1788008939508434432,0.33739628040057223,8.33272933959961,2.811431884765625,0.6120361328125,42,28,544.020221392912,299.300228610889,1,208.51187493167475,298.36156866621366,1
1278,1338,1788008939170267105,1788008939170267,129123,44.73115110397339,42.72518539428711,1788008939168956,1.311064,1788008939536348672,397076,397077,1788008939533433856,1788008939541767936,0.349735374052353,8.333921432495117,2.9146671295166016,0.6121039496527778,42,28,544.0583590987494,299.23321340454294,1,208.6646562706866,298.28439233727374,1
1279,1339,1788008939203696012,1788008939203696,129124,44.7645800113678,42.75861430168152,1788008939202386,1.31011,1788008939569778432,397080,397081,1788008939566767104,1788008939575100160,0.3613630511287231,8.332967758178711,3.0112266540527344,0.6122639973958334,42,28,544.1231568722276,299.18032100811126,1,208.87256584155728,298.2175493684005,1
1280,1340,1788008939237128019,1788008939237128,129125,44.798011779785156,42.79204607009888,1788008939235815,1.312971,1788008939603211520,397084,397085,1788008939600099584,1788008939608432384,0.37344778254649497,8.33272933959961,3.1118392944335938,0.6124484592013889,42,27,544.243917592427,299.1600519157165,1,209.01999976816558,298.03716613805267,1
1281,1341,1788008939270560026,1788008939270560,129126,44.831443786621094,42.825478076934814,1788008939269253,1.30701,1788008939636644608,397088,397089,1788008939633431808,1788008939641765632,0.3855066659037592,8.333683013916016,3.2126903533935547,0.6107177734375,42,28,544.3097646429397,299.13693190764087,1,209.2023017682086,297.9040132593264,1
1282,1342,1788008939303992987,1788008939303993,129127,44.86487698554993,42.85891127586365,1788008939302682,1.311064,1788008939670079232,397092,397093,1788008939666765312,1788008939675097856,0.3977110157367668,8.33272933959961,3.3140182495117188,0.6059488932291667,42,29,544.3673040104316,299.2223251125386,1,209.2708445140447,297.8651058636075,1
1283,1343,1788008939337440014,1788008939337440,129128,44.89832377433777,42.89235806465149,1788008939336113,1.327038,1788008939703527168,397096,397097,1788008939700097280,1788008939708430336,0.41160481817401506,8.332967758178711,3.429889678955078,0.6050401475694445,42,27,544.371063666263,299.19039203476495,1,209.2843915235018,297.8616782422167,1
1284,1344,1788008939370852947,1788008939370853,129129,44.93173670768738,42.9257709980011,1788008939369547,1.306057,1788008939736941056,397100,397101,1788008939733429760,1788008939741763584,0.42134172507509654,8.333921432495117,3.5114288330078125,0.6046440972222222,42,28,544.2660846917461,299.1063978329489,1,209.2261455267152,297.96724509607895,1
1285,1345,1788008939404280901,1788008939404281,129130,44.96516466140747,42.95919895172119,1788008939402977,1.303911,1788008939770370048,397104,397105,1788008939766763008,1788008939775095808,0.4328755364806867,8.33272933959961,3.607034683227539,0.6051595052083333,42,30,544.2052699164083,299.0474642022402,1,209.11747255099937,297.96522667297324,1
1286,1346,1788008939437712908,1788008939437713,129131,44.99859666824341,42.99263095855713,1788008939436400,1.312971,1788008939803803392,397108,397109,1788008939800095232,1788008939808428032,0.4450071530758226,8.33272933959961,3.7081241607666016,0.6047092013888888,42,31,544.2368758913367,298.9742093781476,1,209.08389584339,297.840454309692,1
1287,1347,1788008939471141100,1788008939471141,129132,45.03202509880066,43.02605938911438,1788008939469831,1.31011,1788008939837233152,397112,397113,1788008939833428736,1788008939841761280,0.4565665236051502,8.33272933959961,3.804445266723633,0.6041802300347222,42,26,544.2578409646813,298.91366055938,1,209.04323041545584,297.67657152015494,1
1288,1348,1788008939504573107,1788008939504573,129133,45.0654571056366,43.05949139595032,1788008939503259,1.314163,1788008939870665728,397116,397117,1788008939866759680,1788008939875092480,0.46875536480686697,8.33272933959961,3.9060115814208984,0.6042561848958333,42,26,544.173298491173,298.87386470240466,1,208.9522846746902,297.46701726945804,1
1289,1349,1788008939538003922,1788008939538004,129134,45.09888792037964,43.09292221069336,1788008939536697,1.307011,1788008939904097280,397120,397121,1788008939900092160,1788008939908425728,0.48060307833152144,8.333683013916016,4.005193710327148,0.6060628255208333,42,29,544.1963266416415,298.73886127003135,1,208.8766172200878,297.1718617315331,1
1290,1350,1788008939571436882,1788008939571437,129135,45.13232064247131,43.126354932785034,1788008939570127,1.309872,1788008939937530880,397124,397125,1788008939933425408,1788008939941758208,0.4926752503576538,8.33272933959961,4.105329513549805,0.60458984375,42,29,544.3615413084824,298.58408078977,1,208.76194922539787,296.85761596938613,1
1291,1351,1788008939604865074,1788008939604865,129136,45.165748834609985,43.159783124923706,1788008939603557,1.307964,1788008939970960128,397128,397129,1788008939966757632,1788008939975090432,0.5043346399244657,8.332967758178711,4.130363464355469,0.6098117404513889,42,29,544.5473739420827,298.34437827256045,1,208.7405757658825,296.49283634674435,1
1292,1352,1788008939638295889,1788008939638296,129137,45.19917964935303,43.19321393966675,1788008939636984,1.311779,1788008940004392192,397132,397133,1788008940000089856,1788008940008423680,0.5162351594907738,8.333921432495117,4.031658172607422,0.6133083767361112,42,28,544.5524340098191,298.19785628473727,1,208.74459417199674,296.0250714134094,1
1293,1353,1788008939671729088,1788008939671729,129138,45.23261308670044,43.22664737701416,1788008939670414,1.315117,1788008940037826816,397136,397137,1788008940033423104,1788008940041755904,0.5284692417739628,8.33272933959961,3.92913818359375,0.6143446180555555,42,26,544.2899287752335,298.1079111586916,1,208.9690045506631,295.47310234548456,1
1294,1354,1788008939705162048,1788008939705162,129139,45.266045808792114,43.260080099105835,1788008939703851,1.311063,1788008940071260672,397140,397141,1788008940066755584,1788008940075089152,0.5405962121645591,8.333683013916016,3.8285255432128906,0.6123942057291667,42,29,543.3593336607375,298.1736814906031,1,209.46894985744584,294.8947773153231,1
1295,1355,1788008939738594055,1788008939738594,129140,45.29947781562805,43.29351210594177,1788008939737282,1.312017,1788008940104694016,397144,397145,1788008940100088832,1788008940108421632,0.5526466380543634,8.33272933959961,3.7276744842529297,0.6126763237847223,42,29,542.4523628888793,298.02634022064626,1,209.7744899365534,294.2378328840411,1
1296,1356,1788008939772026062,1788008939772026,129141,45.33291006088257,43.32694435119629,1788008939770720,1.306057,1788008940138127360,397148,397149,1788008940133421056,1788008940141753856,0.5647907069897857,8.332967758178711,3.626585006713867,0.6121771918402777,42,27,542.2252916278475,297.3161841448726,1,210.51962877457214,293.4110190468745,1
1297,1357,1788008939805459976,1788008939805460,129142,45.36634373664856,43.36037802696228,1788008939804148,1.312017,1788008940171563264,397152,397153,1788008940166753280,1788008940175086848,0.5771585512387709,8.333683013916016,3.5238265991210938,0.6107042100694444,42,27,541.2730441135534,296.53609213890053,1,211.79572331552097,292.5188695899918,1
1298,1358,1788008939838893890,1788008939838894,129143,45.39977765083313,43.39381194114685,1788008939837585,1.308918,1788008940204998144,397156,397157,1788008940200086528,1788008940208419328,0.5894134477825465,8.33272933959961,3.421306610107422,0.6127848307291667,42,24,539.5671338209722,295.88709715633007,1,213.06497782142705,291.6651977127987,1
1299,1359,1788008939872324944,1788008939872325,129144,45.43320870399475,43.42724299430847,1788008939871016,1.308918,1788008940238429696,397160,397161,1788008940233419008,1788008940241751552,0.6013447782546495,8.33272933959961,3.3218860626220703,0.6120361328125,42,21,538.5038271076866,295.0532073829648,1,214.70317046737836,290.83939403630296,1
1300,1360,1788008939905754089,1788008939905754,129145,45.46663808822632,43.46067237854004,1788008939904445,1.309156,1788008940271860224,397164,397165,1788008940266750976,1788008940275085056,0.6130453440137319,8.333921432495117,3.2248497009277344,0.6131374782986111,42,27,537.3420652641905,294.0776353583736,1,216.82920481542072,289.8305992072393,1
1301,1361,1788008939939181089,1788008939939181,129146,45.500064849853516,43.494099140167236,1788008939937874,1.30701,1788008940305288192,397168,397169,1788008940300084480,1788008940308417024,0.6244921316165951,8.33272933959961,3.1290054321289062,0.6136881510416666,42,27,535.8347257514125,292.7317551528231,1,219.27571796639677,288.95025397860707,1
1302,1362,1788008939972611904,1788008939972612,129147,45.53349566459656,43.52752995491028,1788008939971303,1.308918,1788008940338719744,397172,397173,1788008940333416704,1788008940341749504,0.6364234620886982,8.33272933959961,3.0295848846435547,0.6113254123263889,42,28,534.328581206742,291.0957394774253,1,221.60820637385467,287.8841856391641,1
1303,1363,1788008940006041050,1788008940006041,129148,45.566925048828125,43.560959339141846,1788008940004733,1.307964,1788008940372150528,397176,397177,1788008940366748928,1788008940375082752,0.648137552211478,8.333683013916016,2.932310104370117,0.614208984375,42,29,533.083538472108,289.5048364788388,1,223.97000485721045,287.1830023762317,1
1304,1364,1788008940039469957,1788008940039470,129149,45.600353956222534,43.594388246536255,1788008940038163,1.30701,1788008940405580544,397180,397181,1788008940400082176,1788008940408414976,0.6598380589968813,8.332967758178711,2.8345584869384766,0.6123643663194445,42,31,530.8734956358846,288.07966906565457,1,225.78014387681304,287.27695669006624,1
1305,1365,1788008940072901964,1788008940072902,129150,45.63378572463989,43.62782001495361,1788008940071593,1.308918,1788008940439013376,397184,397185,1788008940433414400,1788008940441747200,0.671931330472103,8.33272933959961,2.7337074279785156,0.6132649739583333,42,29,529.6590864461074,286.97713326082436,1,226.92644945300174,287.3822815301275,1
1306,1366,1788008940106329918,1788008940106330,129151,45.667213678359985,43.661247968673706,1788008940105021,1.308918,1788008940472442368,397188,397189,1788008940466747648,1788008940475080448,0.6834048640915593,8.33272933959961,2.638101577758789,0.6140218098958333,42,29,528.4961447058057,286.28640261287416,1,227.93169131123227,287.7247515970199,1
1307,1367,1788008940139755011,1788008940139755,129152,45.70063877105713,43.69467306137085,1788008940138452,1.302958,1788008940505868800,397192,397193,1788008940500080128,1788008940508412928,0.6946781115879829,8.33272933959961,2.5441646575927734,0.6127848307291667,42,32,527.2759970855407,285.7831344186377,1,228.4231744102887,287.6717489643402,1
1308,1368,1788008940173188925,1788008940173189,129153,45.7340726852417,43.72810697555542,1788008940171882,1.307011,1788008940539303680,397196,397197,1788008940533412096,1788008940541746176,0.7069374910599342,8.333921432495117,2.4423599243164062,0.6133056640625,42,34,525.8706220673364,285.44894978430835,1,229.240676753416,287.99762111582544,1
1309,1369,1788008940206614971,1788008940206615,129154,45.76749897003174,43.76153326034546,1788008940205304,1.311064,1788008940572731136,397200,397201,1788008940566745600,1788008940575078400,0.7183199336213556,8.332967758178711,2.347230911254883,0.6131401909722223,42,32,524.4088667640194,285.34812369122966,1,230.26885904208436,288.83753239641476,1
1310,1370,1788008940240046978,1788008940240047,129155,45.800930976867676,43.7949652671814,1788008940238732,1.314878,1788008940606164480,397204,397205,1788008940600077824,1788008940608410624,0.7304434907010015,8.33272933959961,2.2461414337158203,0.6125108506944444,42,30,522.8056064988241,285.5070106404951,1,231.1286466582031,289.4312727337076,1
1311,1371,1788008940273474932,1788008940273475,129156,45.83435869216919,43.82839298248291,1788008940272170,1.304865,1788008940639593472,397208,397209,1788008940633410304,1788008940641743872,0.7419465583338102,8.333683013916016,2.1505355834960938,0.6132676866319444,42,27,521.4465666647714,285.55764213432656,1,231.7614671047475,290.0304364339736,1
1312,1372,1788008940306904078,1788008940306904,129157,45.86778783798218,43.8618221282959,1788008940305600,1.30415,1788008940673023488,397212,397213,1788008940666743552,1788008940675076352,0.7536480686695279,8.33272933959961,2.052783966064453,0.6121717664930556,42,26,520.3588298993884,285.1298867352065,1,232.67875677840664,291.0124632733736,1
1313,1373,1788008940340332985,1788008940340333,129158,45.901216983795166,43.89525127410889,1788008940339023,1.309872,1788008940706453760,397216,397217,1788008940700075520,1788008940708408576,0.7654144373551544,8.332967758178711,1.954793930053711,0.6110243055555555,42,26,518.7318950463008,285.4956001109354,1,233.66830551732318,291.9908302658409,1
1314,1374,1788008940373765945,1788008940373766,129159,45.93464970588684,43.92868399620056,1788008940372452,1.313924,1788008940739887616,397220,397221,1788008940733408000,1788008940741741824,0.7775139465026463,8.333921432495117,1.8541812896728516,0.6098551432291667,42,26,517.6396601281888,285.8314122381162,1,233.9713045148959,291.74708714880813,1
1315,1375,1788008940407195091,1788008940407195,129160,45.96807909011841,43.96211338043213,1788008940405890,1.305103,1788008940773318400,397224,397225,1788008940766741248,1788008940775074048,0.7892989985693848,8.33272933959961,1.7557144165039062,0.6110134548611111,42,23,516.9336598023717,285.6713960542816,1,233.98465493175655,291.5035827840996,1
1316,1376,1788008940440623045,1788008940440623,129161,46.0015070438385,43.99554133415222,1788008940439319,1.30415,1788008940806747392,397228,397229,1788008940800073728,1788008940808406272,0.8009155937052933,8.33272933959961,1.6589164733886719,0.6102077907986111,42,22,516.848061259778,283.7747379091281,1,234.08178982982696,290.86042275700805,1
1317,1377,1788008940474050999,1788008940474051,129162,46.034934997558594,44.028969287872314,1788008940472741,1.31011,1788008940840176640,397232,397233,1788008940833405696,1788008940841739776,0.812444571592047,8.333921432495117,1.5630722045898438,0.6094373914930555,42,25,516.4763922104087,283.91260275032243,1,234.22935366911108,290.40704789139915,1
1318,1378,1788008940507477045,1788008940507477,129163,46.068360805511475,44.062395095825195,1788008940506173,1.30415,1788008940873603328,397236,397237,1788008940866738176,1788008940875070720,0.8238912732474964,8.33272933959961,1.4674663543701172,0.6106906467013888,42,22,516.2216392373286,284.3613074308432,1,234.24413213370212,290.32950864095056,1
1319,1379,1788008940540906906,1788008940540907,129164,46.10179090499878,44.0958251953125,1788008940539599,1.307964,1788008940907034368,397240,397241,1788008940900070400,1788008940908404224,0.8356411283401042,8.333683013916016,1.3697147369384766,0.6107666015625,42,25,516.1706117457685,284.74588096286243,1,234.38886641215834,290.568102312341,1
1320,1380,1788008940574337006,1788008940574337,129165,46.135221004486084,44.129255294799805,1788008940573029,1.307965,1788008940940465152,397244,397245,1788008940933403648,1788008940941736448,0.8474391988555079,8.33272933959961,1.2712478637695312,0.6109890407986112,42,25,516.0770478481397,284.9693505802909,1,234.41342574801848,290.4866592591991,1
1321,1381,1788008940607767105,1788008940607767,129166,46.16865086555481,44.16268515586853,1788008940606459,1.308203,1788008940973895936,397248,397249,1788008940966735872,1788008940975068928,0.8592601070069525,8.332967758178711,1.172780990600586,0.612109375,42,26,516.0909683778922,285.24785625275905,1,234.29735437898296,290.28357890103354,1
1322,1382,1788008940641196966,1788008940641197,129167,46.202080965042114,44.196115255355835,1788008940639889,1.307964,1788008941007327232,397252,397253,1788008941000068096,1788008941008402176,0.8710341868116149,8.333921432495117,1.0747909545898438,0.6127197265625,42,24,516.0105256705274,285.7068091383359,1,234.41906636573793,290.4790580176911,1
1323,1383,1788008940674628019,1788008940674628,129168,46.235512018203735,44.229546308517456,1788008940673319,1.308918,1788008941040759296,397256,397257,1788008941033401600,1788008941041734144,0.8830042918454936,8.33272933959961,0.9748935699462891,0.6117865668402778,42,24,515.904363838894,286.2989866445186,1,234.63114968478484,290.52731988580325,1
1324,1384,1788008940708060026,1788008940708060,129169,46.268943786621094,44.262978076934814,1788008940706749,1.311064,1788008941074192384,397260,397261,1788008941066733824,1788008941075066624,0.8950786838340486,8.33272933959961,0.8742809295654297,0.6149088541666666,42,30,516.0030459562889,286.8948774638702,1,234.82509887408924,290.8581136816245,1
1325,1385,1788008940741488934,1788008940741489,129170,46.3023726940155,44.296406984329224,1788008940740178,1.310826,1788008941107622400,397264,397265,1788008941100067072,1788008941108399872,0.906695278969957,8.33272933959961,0.7774829864501953,0.6150146484375,42,30,515.8667545509163,286.75996252830737,1,234.9553097506154,291.3205082956174,1
1326,1386,1788008940774916887,1788008940774917,129171,46.335800647735596,44.329834938049316,1788008940773608,1.308918,1788008941141051648,397268,397269,1788008941133399296,1788008941141732096,0.9183142113244256,8.332967758178711,0.6806850433349609,0.6143853081597223,42,31,515.8173028882472,287.054455735817,1,234.98969805556536,291.7947336059836,1
1327,1387,1788008940808346033,1788008940808346,129172,46.36923003196716,44.363264322280884,1788008940807036,1.31011,1788008941174482176,397272,397273,1788008941166731520,1788008941175065600,0.9299957087684165,8.333921432495117,0.5834102630615234,0.6145941840277778,42,31,515.8010193047518,287.425835727185,1,235.15736914338459,291.9082161099568,1
1328,1388,1788008940841768980,1788008940841769,129173,46.402652740478516,44.396687030792236,1788008940840466,1.302958,1788008941207906048,397276,397277,1788008941200065024,1788008941208397568,0.9410014306151645,8.33272933959961,0.4916191101074219,0.6148952907986112,42,32,515.9285975972032,288.15659267403396,1,235.27460530110858,292.17128987831984,1
1329,1389,1788008940875202894,1788008940875203,129174,46.436086654663086,44.43012094497681,1788008940873896,1.30701,1788008941241340928,397280,397281,1788008941233397248,1788008941241730048,0.9533047210300429,8.33272933959961,0.38909912109375,0.6140082465277777,42,35,516.0322060039266,288.8676289045815,1,235.5974668910044,292.37722758325475,1
1330,1390,1788008940908631086,1788008940908631,129175,46.46951484680176,44.46354913711548,1788008940907326,1.305103,1788008941274770176,397284,397285,1788008941266729472,1788008941275063296,0.964840509226148,8.333921432495117,0.2930164337158203,0.6134358723958333,42,35,515.8910769727047,289.482614410335,1,235.70103414453405,291.97034374838796,1
1331,1391,1788008940942056894,1788008940942057,129176,46.50294089317322,44.49697518348694,1788008940940748,1.308918,1788008941308197376,397288,397289,1788008941300062720,1788008941308395520,0.9761952447712512,8.332967758178711,0.1983642578125,0.6141682942708333,42,36,516.0969652639137,289.8482377059369,1,235.8845149196365,292.10390548148706,1
1332,1392,1788008940975485086,1788008940975485,129177,46.53636908531189,44.53040337562561,1788008940974179,1.306057,1788008941341626624,397292,397293,1788008941333394944,1788008941341727744,0.987868383404864,8.33272933959961,0.1010894775390625,0.6128092447916667,42,36,516.2043898261205,290.1279490085594,1,235.87864060408407,292.1477630674716,1
1333,1393,1788008941008912086,1788008941008912,129178,46.569796085357666,44.56383037567139,1788008941007608,1.304149,1788008941375054848,397296,397297,1788008941366727424,1788008941375060992,0.9992561652457516,8.333683013916016,0.006198883056640625,0.6120225694444444,42,35,516.318741724712,290.4787356925623,1,235.79685448143826,292.2345591917624,1
1334,1394,1788008941042341948,1788008941042342,129179,46.60322570800781,44.59725999832153,1788008941041030,1.312018,1788008941408485632,397301,397302,1788008941408393472,1788008941416726016,0.011072961373390557,8.33272933959961,0.09226799011230469,0.6136773003472222,42,35,516.3648929108199,290.92236721540604,1,235.54320832440163,291.8893602299305,1
1335,1395,1788008941075767994,1788008941075768,129180,46.63665199279785,44.63068628311157,1788008941074460,1.307964,1788008941441913088,397305,397306,1788008941441725696,1788008941450059520,0.022486696801510556,8.333683013916016,0.18739700317382812,0.6125461154513889,42,34,516.0933944506178,291.19980062438947,1,235.63918175969786,292.0622936016316,1
1336,1396,1788008941109195948,1788008941109196,129181,46.670079946517944,44.664114236831665,1788008941107889,1.307011,1788008941475342336,397309,397310,1788008941475058688,1788008941483391744,0.03401905524877686,8.332967758178711,0.2834796905517578,0.6135064019097223,42,35,515.8648900719895,291.3555221210565,1,235.8573751842788,292.6821739086954,1
1337,1397,1788008941142622948,1788008941142623,129182,46.70350694656372,44.69754123687744,1788008941141318,1.304865,1788008941508770560,397313,397314,1788008941508391168,1788008941516724992,0.04551566299527964,8.333921432495117,0.37932395935058594,0.612646484375,42,35,515.7609684988943,291.5982769346769,1,235.9965075126803,293.0921466507835,1
1338,1398,1788008941176054955,1788008941176055,129183,46.73693895339966,44.73097324371338,1788008941174748,1.307011,1788008941542203648,397317,397318,1788008941541724416,1788008941550057216,0.05751072961373391,8.33272933959961,0.4792213439941406,0.6145806206597222,42,34,515.7973226772185,291.7601783282131,1,236.34372958849448,293.5594758085758,1
1339,1399,1788008941209477901,1788008941209478,129184,46.77036166191101,44.76439595222473,1788008941208170,1.307964,1788008941575627520,397321,397322,1788008941575056896,1788008941583389440,0.06849785407725321,8.33272933959961,0.5707740783691406,0.6134521484375,42,35,515.8043508307678,291.9396649427801,1,236.33119171073105,293.30928983324134,1
1340,1400,1788008941242902994,1788008941242903,129185,46.80378699302673,44.797821283340454,1788008941241601,1.302004,1788008941609053952,397325,397326,1788008941608388864,1788008941616722944,0.07978829924188242,8.333921432495117,0.6649494171142578,0.6114583333333333,42,33,515.7510059989696,291.86227617938573,1,236.41096006054968,293.40097515520614,1
1341,1401,1788008941276329041,1788008941276329,129186,46.837212800979614,44.831247091293335,1788008941275022,1.307011,1788008941642480640,397329,397330,1788008941641722112,1788008941650055168,0.09101313267145432,8.332967758178711,0.7584095001220703,0.6152072482638888,42,37,515.7236812008156,291.72552539311494,1,236.49962249008277,293.8218664703602,1
1342,1402,1788008941309755087,1788008941309755,129187,46.87063908576965,44.864673376083374,1788008941308452,1.303196,1788008941675908352,397333,397334,1788008941675054592,1788008941683387392,0.10246065808297568,8.33272933959961,0.8537769317626953,0.6174723307291666,42,37,515.678018377297,291.893499346611,1,236.60339945705573,294.01772927355955,1
1343,1403,1788008941343183994,1788008941343184,129188,46.90406775474548,44.898102045059204,1788008941341875,1.308918,1788008941709338112,397337,397338,1788008941708386816,1788008941716720640,0.1141500257481261,8.333683013916016,0.9512901306152344,0.6162977430555555,42,38,515.5790530299134,292.04610416569443,1,236.69391048650027,293.9554697956483,1
1344,1404,1788008941376611948,1788008941376612,129189,46.937495708465576,44.9315299987793,1788008941375304,1.307964,1788008941742767360,397341,397342,1788008941741720320,1788008941750052864,0.12566523605150215,8.33272933959961,1.0471343994140625,0.6144883897569444,42,36,515.6275076154162,291.89066593513587,1,236.59878350239077,293.6744288744556,1
1345,1405,1788008941410043001,1788008941410043,129190,46.9709267616272,44.96496105194092,1788008941408732,1.311064,1788008941776199680,397345,397346,1788008941775052288,1788008941783385344,0.137678464135504,8.332967758178711,1.1472702026367188,0.6139241536458333,42,36,515.6543165874793,291.8400339362326,1,236.67047605951927,293.6753546046443,1
1346,1406,1788008941443474054,1788008941443474,129191,47.0043580532074,44.99839234352112,1788008941442162,1.312017,1788008941809632000,397349,397350,1788008941808384768,1788008941816718592,0.14967815763124018,8.333921432495117,1.247406005859375,0.6148627387152777,42,36,515.7516304465903,291.78515865596194,1,236.5533651701806,293.4311547035057,1
1347,1407,1788008941476902008,1788008941476902,129192,47.03778576850891,45.03182005882263,1788008941475592,1.31011,1788008941843060736,397353,397354,1788008941841718016,1788008941850050560,0.1611444921316166,8.33272933959961,1.3427734375,0.6155734592013888,42,34,515.7953538505868,291.77373919049694,1,236.38835649416723,293.1282364784697,1
1348,1408,1788008941510333061,1788008941510333,129193,47.07121706008911,45.06525135040283,1788008941509023,1.31011,1788008941876493312,397357,397358,1788008941875049216,1788008941883383040,0.17327993134029465,8.333921432495117,1.444101333618164,0.6150309244791666,42,34,515.7978178519621,291.8836553465668,1,236.19516560160304,293.0130878504104,1
1349,1409,1788008941543785095,1788008941543785,129194,47.10466909408569,45.098703384399414,1788008941542452,1.332998,1788008941909946368,397361,397362,1788008941908382464,1788008941916715264,0.18769133930359647,8.332967758178711,1.56402587890625,0.6127360026041667,42,35,515.8327579003846,291.65531156238274,1,236.07697680192473,293.3360208935184,1
1350,1410,1788008941577195883,1788008941577196,129195,47.13807964324951,45.13211393356323,1788008941575889,1.306772,1788008941943358208,397365,397366,1788008941941714688,1788008941950047488,0.19722460658082977,8.33272933959961,1.6434192657470703,0.6127251519097222,42,37,515.8683471488578,291.6250713404595,1,235.68769241598534,293.96982741314554,1
1351,1411,1788008941610625982,1788008941610626,129196,47.171509981155396,45.165544271469116,1788008941609319,1.30701,1788008941976789760,397369,397370,1788008941975047168,1788008941983380736,0.20910339303084052,8.333683013916016,1.7426013946533203,0.6098768446180556,42,31,516.1698106516476,291.64876252994713,1,235.20380863659273,294.127878685528,1
1352,1412,1788008941644063950,1788008941644064,129197,47.20494794845581,45.19898223876953,1788008941642749,1.314879,1788008942010228992,397373,397374,1788008942008380416,1788008942016713216,0.22183118741058655,8.33272933959961,1.848459243774414,0.6096218532986111,42,32,516.3344975169887,291.73946492676765,1,235.00725020562572,294.03475718174946,1
1353,1413,1788008941677489996,1788008941677490,129198,47.23837375640869,45.23240804672241,1788008941676178,1.312017,1788008942043655936,397377,397378,1788008942041712640,1788008942050045440,0.2332122113816486,8.332967758178711,1.943349838256836,0.6099202473958333,42,32,516.4951807808072,291.69131115059844,1,234.92550496506743,293.91111623958403,1
1354,1414,1788008941710921049,1788008941710921,129199,47.27180480957031,45.26583909988403,1788008941709607,1.314163,1788008942077088000,397381,397382,1788008942075044864,1788008942083378688,0.24514375625804605,8.333921432495117,2.043008804321289,0.6105577256944444,42,32,516.5116850857835,291.7085330181692,1,234.958182606923,294.00257600717777,1
1355,1415,1788008941744378090,1788008941744378,129200,47.305262088775635,45.299296379089355,1788008941743044,1.33419,1788008942110546176,397385,397386,1788008942108378112,1788008942116710912,0.2601716738197425,8.33272933959961,2.167940139770508,0.6102701822916666,42,32,516.4392599235023,291.62985250767235,1,234.88086943748118,293.9610399155638,1
1356,1416,1788008941777782917,1788008941777783,129201,47.338666915893555,45.332701206207275,1788008941776475,1.307964,1788008942143951872,397389,397390,1788008942141710592,1788008942150044160,0.2689534817188305,8.333683013916016,2.241373062133789,0.6081488715277777,42,33,516.2312004964249,291.3498003286676,1,234.7338866059246,293.66690503826936,1
1357,1417,1788008941811213970,1788008941811214,129202,47.372097969055176,45.3661322593689,1788008941809904,1.309871,1788008942177383680,397393,397394,1788008942175043840,1788008942183376640,0.2808011444921316,8.33272933959961,2.3398399353027344,0.6118598090277778,42,33,516.1442801576848,291.394203354419,1,234.81101113729704,293.5196120918785,1
1358,1418,1788008941844641924,1788008941844642,129203,47.40552592277527,45.39956021308899,1788008941843334,1.307964,1788008942210812672,397397,397398,1788008942208375808,1788008942216708864,0.2924093731223713,8.332967758178711,2.4366378784179688,0.6093505859375,42,33,515.9630397943704,291.498688380201,1,235.00718275418052,293.93269885618395,1
1359,1419,1788008941878074884,1788008941878075,129204,47.43895864486694,45.432992935180664,1788008941876764,1.310825,1788008942244246528,397401,397402,1788008942241708288,1788008942250042112,0.30456300958375054,8.333921432495117,2.5382041931152344,0.6080268012152777,42,35,515.9023506004216,291.39311435229735,1,234.9630949367458,294.2055474131941,1
1360,1420,1788008941911503077,1788008941911503,129205,47.472387075424194,45.466421365737915,1788008941910193,1.310111,1788008942277676032,397405,397406,1788008942275041536,1788008942283374336,0.31616595135908443,8.33272933959961,2.6345252990722656,0.6149359809027778,42,35,515.921779210733,291.3611300684665,1,234.86495332402703,294.14818997073917,1
1361,1421,1788008941944928885,1788008941944929,129206,47.505812644958496,45.49984693527222,1788008941943623,1.305819,1788008942311102976,397409,397410,1788008942308374016,1788008942316706560,0.3274964234620887,8.33272933959961,2.7289390563964844,0.6156141493055556,42,41,516.1177595614759,291.4740486231652,1,234.75479538583107,293.7259713819869,1
1362,1422,1788008941978362083,1788008941978362,129207,47.53924608230591,45.53328037261963,1788008941977052,1.31011,1788008942344537344,397413,397414,1788008942341705984,1788008942350040064,0.33972250035760265,8.333921432495117,2.8312206268310547,0.6149061414930556,42,39,516.0992054749697,291.5981190703634,1,234.7347830759316,293.4387035464236,1
1363,1423,1788008942011790037,1788008942011790,129208,47.572674036026,45.56670832633972,1788008942010481,1.308918,1788008942377966336,397417,397418,1788008942375039232,1788008942383372288,0.3512631970472948,8.332967758178711,2.927064895629883,0.6157280815972223,42,38,516.0718521171698,291.6793271624889,1,234.75253149121014,293.2322108292593,1
1364,1424,1788008942045218945,1788008942045219,129209,47.60610294342041,45.60013723373413,1788008942043911,1.307965,1788008942411396608,397421,397422,1788008942408371712,1788008942416704512,0.36300429184549354,8.33272933959961,3.0248165130615234,0.6141737196180556,42,37,516.0951278758803,291.54567614955107,1,234.76052085693763,293.19334476699214,1
1365,1425,1788008942078649998,1788008942078650,129210,47.63953399658203,45.63356828689575,1788008942077341,1.308918,1788008942444828672,397425,397426,1788008942441703936,1788008942450037760,0.3749499341992333,8.333683013916016,3.124713897705078,0.6140462239583333,42,36,516.1104901185603,291.3110385970409,1,234.6994998179803,293.2609420962633,1
1366,1426,1788008942112078905,1788008942112079,129211,47.67296266555786,45.66699695587158,1788008942110771,1.307964,1788008942478258688,397429,397430,1788008942475037184,1788008942483369984,0.3865983805899688,8.332967758178711,3.2215118408203125,0.6124240451388889,42,36,516.2078838138824,291.2619785522241,1,234.75953354107105,293.1666611549052,1
1367,1427,1788008942145513058,1788008942145513,129212,47.70639681816101,45.70043110847473,1788008942144200,1.312971,1788008942511694080,397433,397434,1788008942508369408,1788008942516702464,0.39895854195874225,8.332967758178711,3.3245086669921875,0.6069769965277778,42,34,516.3476630717081,291.22629451812116,1,234.707135027473,292.72116034681886,1
1368,1428,1788008942178946972,1788008942178947,129213,47.73983097076416,45.73386526107788,1788008942177636,1.311064,1788008942545128960,397437,397438,1788008942541701888,1788008942550035456,0.4112547920123591,8.333683013916016,3.427267074584961,0.6034939236111111,42,32,516.5794760884783,291.20596165037955,1,234.86543860316252,292.48374060470775,1
1369,1429,1788008942212377071,1788008942212377,129214,47.773261070251465,45.767295360565186,1788008942211068,1.309156,1788008942578560256,397441,397442,1788008942575035136,1788008942583367936,0.4230615164520744,8.33272933959961,3.525257110595703,0.60390625,42,35,516.8320592042741,291.1606739326618,1,234.8734927758947,292.4554004467011,1
1370,1430,1788008942245806932,1788008942245807,129215,47.80669069290161,45.80072498321533,1788008942244497,1.309871,1788008942611991040,397445,397446,1788008942608367104,1788008942616701184,0.4348448004577314,8.333921432495117,3.62396240234375,0.6041097005208333,42,35,517.1061628343361,291.0393545169866,1,234.87105450252903,292.53055078546015,1
1371,1431,1788008942279238939,1788008942279239,129216,47.84012269973755,45.83415699005127,1788008942277925,1.313925,1788008942645424384,397449,397450,1788008942641700608,1788008942650033408,0.4468827787473892,8.332967758178711,3.7238597869873047,0.6037814670138889,42,35,517.5762881537038,290.9620486836218,1,234.85747587013884,292.69700449593597,1
1372,1432,1788008942312669992,1788008942312670,129217,47.87355375289917,45.86758804321289,1788008942311362,1.307964,1788008942678856448,397453,397454,1788008942675032832,1788008942683365632,0.4588555078683834,8.33272933959961,3.823518753051758,0.6042317708333333,42,35,517.5647690760663,290.7454502526926,1,234.95920835890166,292.8627889561295,1
1373,1433,1788008942346101999,1788008942346102,129218,47.90698599815369,45.90102028846741,1788008942344792,1.31011,1788008942712289792,397457,397458,1788008942708365312,1788008942716698880,0.4709332265262917,8.333683013916016,3.9246082305908203,0.6026475694444444,42,35,517.6712426110937,290.50491897018196,1,235.10207994720378,293.01011233511554,1
1374,1434,1788008942379534960,1788008942379535,129219,47.94041872024536,45.93445301055908,1788008942378222,1.312971,1788008942745723648,397461,397462,1788008942741698560,1788008942750031360,0.4830615164520744,8.33272933959961,4.02522087097168,0.6028835720486111,42,36,517.6976051506806,290.56939801762985,1,235.2440244891939,293.1583071413463,1
1375,1435,1788008942412965059,1788008942412965,129220,47.973849058151245,45.967883348464966,1788008942411652,1.312971,1788008942779155200,397465,397466,1788008942775030528,1788008942783363584,0.4949786844439358,8.332967758178711,4.124641418457031,0.6042426215277777,42,36,517.567555448937,290.8384283889554,1,235.41230908808814,293.06382517468154,1
1376,1436,1788008942446398020,1788008942446398,129221,48.00728178024292,46.00131607055664,1788008942445089,1.308918,1788008942812589056,397469,397470,1788008942808363008,1788008942816696832,0.5071091403232728,8.333921432495117,4.10771369934082,0.6084309895833333,42,39,517.3711336531596,291.0520834016894,1,235.6469102568497,293.27465193174805,1
1377,1437,1788008942479826927,1788008942479827,129222,48.04071092605591,46.03474521636963,1788008942478519,1.307964,1788008942846019584,397473,397474,1788008942841696256,1788008942850029056,0.518826895565093,8.33272933959961,4.009485244750977,0.6180202907986111,42,41,517.0886060756217,291.28117527543196,1,235.8899905839694,293.421977991918,1
1378,1438,1788008942513257027,1788008942513257,129223,48.074140787124634,46.068175077438354,1788008942511948,1.308918,1788008942879450624,397477,397478,1788008942875027456,1788008942883361280,0.5307395222428837,8.333921432495117,3.9107799530029297,0.6167697482638889,42,38,516.8774362933307,291.1680607502618,1,236.35195802432818,293.5204761323514,1
1379,1439,1788008942546686888,1788008942546687,129224,48.10757088661194,46.10160517692566,1788008942545379,1.307965,1788008942912881920,397481,397482,1788008942908360704,1788008942916693760,0.5425595834167835,8.332967758178711,3.8118362426757812,0.6143771701388889,42,37,516.6897503275404,290.6274671839608,1,236.94999455601868,293.6443412922564,1
1380,1440,1788008942580118895,1788008942580119,129225,48.1410026550293,46.13503694534302,1788008942578807,1.311779,1788008942946314496,397485,397486,1788008942941693184,1788008942950025728,0.554620886981402,8.33272933959961,3.711223602294922,0.6155029296875,42,38,516.4232566182808,290.57362332327097,1,237.24429984782785,293.8795970995722,1
1381,1441,1788008942613547087,1788008942613547,129226,48.17443084716797,46.16846513748169,1788008942612237,1.31011,1788008942979744000,397489,397490,1788008942975025408,1788008942983358976,0.5662012931281112,8.333683013916016,3.615140914916992,0.6122992621527777,42,36,515.9599639124722,290.0587470439416,1,237.68968420039334,293.5950908821077,1
1382,1442,1788008942646980047,1788008942646980,129227,48.2078640460968,46.20189833641052,1788008942645675,1.305103,1788008943013178368,397493,397494,1788008943008358656,1788008943016691456,0.5783977110157368,8.33272933959961,3.5130977630615234,0.6109727647569444,42,32,515.5306254467955,290.04085195151544,1,238.38676553153903,293.584582247707,1
1383,1443,1788008942680413961,1788008942680414,129228,48.24129772186279,46.235332012176514,1788008942679104,1.309871,1788008943046613248,397497,397498,1788008943041690880,1788008943050023680,0.59071271208263,8.332967758178711,3.4105777740478516,0.6118733723958333,42,30,515.1891877432413,290.6385700677405,1,239.4174091808702,293.754144598038,1
1384,1444,1788008942713843107,1788008942713843,129229,48.27472710609436,46.26876139640808,1788008942712534,1.309156,1788008943080043520,397501,397502,1788008943075023104,1788008943083357184,0.6024030896867401,8.333921432495117,3.3135414123535156,0.6118896484375,42,29,514.9757173662563,291.0006722764903,1,240.6322389314856,294.16546428038936,1
1385,1445,1788008942747272968,1788008942747273,129230,48.30815672874451,46.30219101905823,1788008942745964,1.308918,1788008943113474560,397505,397506,1788008943108356352,1788008943116689152,0.6142203147353362,8.33272933959961,3.214597702026367,0.6107638888888889,42,27,514.4957552761829,291.36889465885633,1,241.8026774035328,294.89024057040064,1
1386,1446,1788008942780705929,1788008942780706,129231,48.34158992767334,46.33562421798706,1788008942779392,1.313925,1788008943146908928,397509,397510,1788008943141688832,1788008943150021632,0.6264663805436338,8.33272933959961,3.1125545501708984,0.6120659722222223,42,30,513.6362307355331,292.20196528576844,1,243.0810692420692,295.7113415890089,1
1387,1447,1788008942814136982,1788008942814137,129232,48.37502098083496,46.36905527114868,1788008942812830,1.307011,1788008943180340736,397513,397514,1788008943175021056,1788008943183354880,0.6383350021456158,8.333921432495117,3.014087677001953,0.6103732638888889,42,29,512.6425080689237,292.8455101241057,1,243.86636789683774,295.4389424796055,1
1388,1448,1788008942847573042,1788008942847573,129233,48.408456802368164,46.402491092681885,1788008942846262,1.311064,1788008943213777664,397517,397518,1788008943208354304,1788008943216687104,0.6508254413321507,8.332967758178711,2.9096603393554688,0.6103108723958334,42,29,512.1139565118715,293.4257813855808,1,244.3024996611539,294.82758819978636,1
1389,1449,1788008942881001949,1788008942881002,129234,48.44188594818115,46.43592023849487,1788008942879689,1.312971,1788008943247207424,397521,397522,1788008943241686528,1788008943250020608,0.6624517236446861,8.333921432495117,2.813100814819336,0.6100477430555555,42,32,511.49261822416213,293.8470845213952,1,244.65779980688924,294.2059679606354,1
1390,1450,1788008942914437056,1788008942914437,129235,48.47532105445862,46.46935534477234,1788008942913127,1.310111,1788008943280643584,397525,397526,1788008943275019776,1788008943283352576,0.6749070100143062,8.33272933959961,2.708911895751953,0.6115315755208334,42,30,510.8433169029364,294.4678388245564,1,244.82370611186448,292.8550321907214,1
1391,1451,1788008942947870016,1788008942947870,129236,48.50875377655029,46.502788066864014,1788008942946555,1.315117,1788008943314077696,397529,397530,1788008943308352256,1788008943316685056,0.6870958512160229,8.33272933959961,2.6073455810546875,0.6109781901041667,42,34,510.23463212584204,294.5498963471115,1,245.0217068900322,291.45547356379535,1
1392,1452,1788008942981306076,1788008942981306,129237,48.542190074920654,46.536224365234375,1788008942979991,1.315117,1788008943347515136,397533,397534,1788008943341684224,1788008943350018304,0.6996423973680447,8.333921432495117,2.5031566619873047,0.6126627604166667,42,32,509.9009438704657,294.01488581505106,1,245.0472228141369,290.14619266348586,1
1393,1453,1788008943014739037,1788008943014739,129238,48.57562279701233,46.56965708732605,1788008943013429,1.310111,1788008943380948736,397537,397538,1788008943375017728,1788008943383350528,0.7117679036365196,8.332967758178711,2.4018287658691406,0.6122504340277778,42,34,509.60699513331735,292.2695775016484,1,245.0620285246733,289.25918956658967,1
1394,1454,1788008943048170090,1788008943048170,129239,48.60905385017395,46.60308814048767,1788008943046860,1.31011,1788008943414381056,397541,397542,1788008943408349952,1788008943416682752,0.7237768240343347,8.33272933959961,2.3016929626464844,0.6107638888888889,42,33,509.4109440097643,290.22006003881626,1,245.3008843944165,288.2997489522722,1
1395,1455,1788008943081607103,1788008943081607,129240,48.64249110221863,46.63652539253235,1788008943080296,1.311063,1788008943447819520,397545,397546,1788008943441682432,1788008943450016000,0.736425015734966,8.333683013916016,2.1965503692626953,0.6124321831597223,42,33,508.68478580494406,288.84481648473775,1,245.42495965860826,287.7619609100719,1
1396,1456,1788008943115041018,1788008943115041,129241,48.67592477798462,46.66995906829834,1788008943113726,1.315117,1788008943481254400,397549,397550,1788008943475015424,1788008943483348480,0.7487053303195903,8.332967758178711,2.0940303802490234,0.6114176432291667,42,30,508.1979165966702,288.32856490511375,1,245.52280456165704,287.41543059128713,1
1397,1457,1788008943148473024,1788008943148473,129242,48.709357023239136,46.703391313552856,1788008943147162,1.311063,1788008943514687488,397553,397554,1788008943508347648,1788008943516680704,0.7608079883265143,8.332967758178711,1.9931793212890625,0.6117106119791667,42,31,507.58626880517545,287.6476087567748,1,245.71359508276265,286.9280821773193,1
1398,1458,1788008943181906939,1788008943181907,129243,48.74279069900513,46.73682498931885,1788008943180592,1.314879,1788008943548122368,397557,397558,1788008943541680128,1788008943550013696,0.7730445728671969,8.333683013916016,1.8913745880126953,0.6110812717013889,42,30,507.0480697863791,286.8245749347442,1,245.84170336659574,286.62580376894647,1
1399,1459,1788008943215342045,1788008943215342,129244,48.77622604370117,46.77026033401489,1788008943214030,1.312018,1788008943581558784,397561,397562,1788008943575013376,1788008943583346176,0.7854935622317597,8.33272933959961,1.787424087524414,0.6098876953125,42,29,506.5867194039341,286.3780818138322,1,245.93490077693082,286.46103799296964,1
1400,1460,1788008943248773098,1788008943248773,129245,48.80965709686279,46.803691387176514,1788008943247466,1.307011,1788008943614991104,397565,397566,1788008943608345600,1788008943616679424,0.7974252610499213,8.333921432495117,1.688241958618164,0.6093858506944444,42,28,506.38118397311894,285.9531760782128,1,245.97573272080825,286.39440169297245,1
1401,1461,1788008943282208920,1788008943282209,129246,48.843092918395996,46.83712720870972,1788008943280896,1.312972,1788008943648428288,397569,397570,1788008943641678848,1788008943650011904,0.8099625189551086,8.332967758178711,1.5835762023925781,0.6097059461805555,42,29,506.3394085684946,285.7816885629173,1,246.10267334756742,286.29281869538585,1
1402,1462,1788008943315634966,1788008943315635,129247,48.87651872634888,46.8705530166626,1788008943314326,1.308918,1788008943681855232,397573,397574,1788008943675011072,1788008943683343872,0.8213447782546495,8.33272933959961,1.4886856079101562,0.608349609375,42,27,506.16948841902934,285.36576657832273,1,246.21705061484369,286.2448678535808,1
1403,1463,1788008943349069118,1788008943349069,129248,48.909952878952026,46.90398716926575,1788008943347762,1.30701,1788008943715290368,397577,397578,1788008943708343552,1788008943716677120,0.8335812782514161,8.333683013916016,1.386880874633789,0.6093804253472223,42,26,505.8644060942445,284.49925471408255,1,246.34828241538054,286.19282744263745,1
1404,1464,1788008943382499933,1788008943382500,129249,48.94338369369507,46.93741798400879,1788008943381183,1.317024,1788008943748722432,397581,397582,1788008943741676800,1788008943750009600,0.8455221745350501,8.33272933959961,1.287221908569336,0.6082845052083333,42,27,505.67874496047307,284.090434817138,1,246.3234253878377,286.024081975386,1
1405,1465,1788008943415925026,1788008943415925,129250,48.97680878639221,46.97084307670593,1788008943414615,1.31011,1788008943782148608,397585,397586,1788008943775009024,1788008943783341824,0.8567995193270579,8.332967758178711,1.1932849884033203,0.6087158203125,42,26,505.55804318718765,283.29136799621523,1,246.40945415582377,286.2459730769417,1
1406,1466,1788008943449357033,1788008943449357,129251,49.01024103164673,47.00427532196045,1788008943448045,1.312018,1788008943815581952,397589,397590,1788008943808341248,1788008943816675072,0.8688313545987698,8.333921432495117,1.093149185180664,0.6102267795138889,42,27,505.46109404713525,282.9023577862732,1,246.5083852535057,286.20041817790957,1
1407,1467,1788008943482790947,1788008943482791,129252,49.04367470741272,47.03770899772644,1788008943481480,1.311064,1788008943849016832,397593,397594,1788008943841674496,1788008943850007296,0.8811444921316166,8.33272933959961,0.9903907775878906,0.6111300998263889,42,28,505.4179288098687,282.9102618648451,1,246.43682091902878,285.8407203469127,1
1408,1468,1788008943516222000,1788008943516222,129253,49.07710576057434,47.07114005088806,1788008943514910,1.312017,1788008943882449152,397597,397598,1788008943875005696,1788008943883339520,0.8931483335717351,8.333921432495117,0.8904933929443359,0.6099907769097223,42,28,505.4380248539496,283.2758972598839,1,246.50979129072732,285.8256590540784,1
1409,1469,1788008943549654961,1788008943549655,129254,49.110538959503174,47.104573249816895,1788008943548340,1.314879,1788008943915883264,397601,397602,1788008943908338944,1788008943916672000,0.9053532087780035,8.332967758178711,0.7886886596679688,0.6127007378472222,42,31,505.3562775729348,283.3970645383895,1,246.54193358081443,285.92431112560064,1
1410,1470,1788008943583089113,1788008943583089,129255,49.14397311210632,47.138007402420044,1788008943581778,1.311064,1788008943949318656,397605,397606,1788008943941671424,1788008943950004224,0.9177396280400573,8.33272933959961,0.6854534149169922,0.6115098741319445,42,33,505.15994752652057,283.4305069807653,1,246.6125615756638,286.0394882069577,1
1411,1471,1788008943616518974,1788008943616519,129256,49.17740273475647,47.17143702507019,1788008943615207,1.312017,1788008943982749440,397609,397610,1788008943975003648,1788008943983337472,0.9294501344624363,8.333683013916016,0.5879402160644531,0.6116726345486111,42,33,504.8547305687176,283.3272831382537,1,246.69239699777626,285.82842284360174,1
1412,1472,1788008943649950981,1788008943649951,129257,49.21083474159241,47.20486903190613,1788008943648645,1.306057,1788008944016182784,397613,397614,1788008944008336896,1788008944016669696,0.9415450643776824,8.33272933959961,0.4870891571044922,0.6126708984375,42,34,504.5900145253546,283.1185141277718,1,246.71911630105342,285.8463292224173,1
1413,1473,1788008943683384895,1788008943683385,129258,49.24426865577698,47.2383029460907,1788008943682074,1.310825,1788008944049617408,397617,397618,1788008944041669120,1788008944050002176,0.9538496752596493,8.332967758178711,0.3845691680908203,0.6119547526041667,42,33,504.53854625357155,283.01619655686216,1,246.70979696796056,285.8960330712721,1
1414,1474,1788008943716816902,1788008943716817,129259,49.277700662612915,47.271734952926636,1788008943715504,1.312971,1788008944083051008,397621,397622,1788008944075001600,1788008944083335424,0.9658704048061794,8.333921432495117,0.28443336486816406,0.6115315755208334,42,30,504.7548065881474,282.60635292500825,1,246.75778102174945,285.8317497755545,1
1415,1475,1788008943750247002,1788008943750247,129260,49.31113076210022,47.30516505241394,1788008943748939,1.307965,1788008944116482304,397625,397626,1788008944108334848,1788008944116667392,0.9777682403433476,8.33272933959961,0.18525123596191406,0.6107937282986111,42,32,504.62221228729425,282.21633766470234,1,246.81115844620157,285.8001755139935,1
1416,1476,1788008943783680916,1788008943783681,129261,49.34456491470337,47.33859920501709,1788008943782369,1.312018,1788008944149917696,397629,397630,1788008944141667072,1788008944149999872,0.9901287553648068,8.33272933959961,0.08225440979003906,0.6096706814236111,42,29,504.2159093007283,281.9773349466525,1,246.8076920677346,285.88656741081746,1
1417,1477,1788008943817114115,1788008943817114,129262,49.37799787521362,47.372032165527344,1788008943815799,1.315117,1788008944183351552,397634,397635,1788008944183333120,1788008944191665920,0.0022031473533619455,8.33272933959961,0.018358230590820312,0.60751953125,42,30,503.5524429709702,281.81377322580926,1,246.75296113103283,286.09444659638,1
1418,1478,1788008943850544930,1788008943850545,129263,49.411428689956665,47.405462980270386,1788008943849237,1.307965,1788008944216783616,397638,397639,1788008944216665600,1788008944224998144,0.014163090128755365,8.33272933959961,0.11801719665527344,0.6093722873263889,42,29,503.05326483261126,281.7297507304963,1,246.75977829461192,286.34895651087714,1
1419,1479,1788008943883977890,1788008943883978,129264,49.4448618888855,47.43889617919922,1788008943882667,1.310825,1788008944250217984,397642,397643,1788008944249998848,1788008944258331648,0.026294706723891274,8.33272933959961,0.21910667419433594,0.6073676215277778,42,27,502.6901487883148,281.6956364840787,1,246.7614481307868,286.7586576754613,1
1420,1480,1788008943917423964,1788008943917424,129265,49.47830772399902,47.472342014312744,1788008943916097,1.327038,1788008944283664384,397646,397647,1788008944283330816,1788008944291663872,0.04002746702526394,8.332967758178711,0.33354759216308594,0.6084879557291667,42,28,502.43303967874357,281.27767408379293,1,246.75838725795793,286.6928501095299,1
1421,1481,1788008943950840950,1788008943950841,129266,49.51172471046448,47.5057590007782,1788008943949534,1.307011,1788008944317082112,397650,397651,1788008944316663296,1788008944324997120,0.050264625947646975,8.333921432495117,0.4189014434814453,0.6084418402777778,42,27,502.4234957334295,281.61023017156685,1,246.68891204440155,286.48561945797036,1
1422,1482,1788008943984267950,1788008943984268,129267,49.54515194892883,47.539186239242554,1788008943982963,1.304865,1788008944350510080,397654,397655,1788008944349996544,1788008944358329344,0.06163090128755365,8.33272933959961,0.5135536193847656,0.6095187717013889,42,32,502.4434527460643,281.7937234889768,1,246.69104459760572,286.47052584226844,1
1423,1483,1788008944017699957,1788008944017700,129268,49.57858371734619,47.57261800765991,1788008944016391,1.308918,1788008944383943168,397658,397659,1788008944383329024,1788008944391661568,0.07370529327610872,8.33272933959961,0.614166259765625,0.6097547743055556,42,29,502.3957595699977,281.6564792712728,1,246.60479917545447,286.450404137711,1
1424,1484,1788008944051131010,1788008944051131,129269,49.61201500892639,47.60604929924011,1788008944049821,1.31011,1788008944417375488,397662,397663,1788008944416660992,1788008944424995072,0.0857388070376198,8.333921432495117,0.7145404815673828,0.6091471354166667,42,31,502.394409574424,281.486919684653,1,246.45878205992196,286.4500626132428,1
1425,1485,1788008944084563017,1788008944084563,129270,49.64544677734375,47.63948106765747,1788008944083250,1.312971,1788008944450808576,397666,397667,1788008944449994240,1788008944458327296,0.09770822007953993,8.332967758178711,0.8141994476318359,0.6132432725694444,42,33,502.4043064892444,281.40900916309056,1,246.31234461173193,286.44942829135863,1
1426,1486,1788008944117994070,1788008944117994,129271,49.67887783050537,47.67291212081909,1788008944116682,1.312017,1788008944484240896,397670,397671,1788008944483326720,1788008944491659520,0.10969957081545065,8.33272933959961,0.9140968322753906,0.6127170138888889,42,33,502.3823140894173,281.39167690710394,1,246.19580446081142,286.32102691807,1
1427,1487,1788008944151424885,1788008944151425,129272,49.71230864524841,47.706342935562134,1788008944150112,1.312971,1788008944517672960,397674,397675,1788008944516658944,1788008944524992768,0.12167420037763918,8.333683013916016,1.0139942169189453,0.6118625217013889,42,35,502.2643967832041,281.06327638031075,1,246.09833566448432,286.1175495248576,1
1428,1488,1788008944184851885,1788008944184852,129273,49.74573588371277,47.73977017402649,1788008944183548,1.303911,1788008944551101440,397678,397679,1788008944549992192,1788008944558324992,0.13312923807616378,8.332967758178711,1.1093616485595703,0.6107720269097222,42,31,502.1388563760245,280.8801247951916,1,246.02915592387563,286.01151359025494,1
1429,1489,1788008944218286037,1788008944218286,129274,49.77917003631592,47.77320432662964,1788008944216978,1.307964,1788008944584536832,397682,397683,1788008944583324416,1788008944591657472,0.1454893994449372,8.332967758178711,1.2123584747314453,0.6124213324652777,42,32,502.138830565564,280.77526792961817,1,246.02568525942002,286.0049002922269,1
1430,1490,1788008944251718044,1788008944251718,129275,49.812602043151855,47.806636333465576,1788008944250408,1.31011,1788008944617969664,397686,397687,1788008944616656896,1788008944624990464,0.15754992275562169,8.333683013916016,1.3129711151123047,0.6111979166666667,42,31,502.0023065544484,280.45661370522316,1,246.09147564105933,286.0567310590628,1
1431,1491,1788008944285151958,1788008944285152,129276,49.846035957336426,47.84007024765015,1788008944283837,1.314878,1788008944651404544,397690,397691,1788008944649990144,1788008944658322688,0.16975679542203148,8.33272933959961,1.4145374298095703,0.6097873263888889,42,30,502.11347430113244,280.7884736236487,1,246.2539329312496,286.08768131917856,1
1432,1492,1788008944318586111,1788008944318586,129277,49.879469871520996,47.87350416183472,1788008944317274,1.312017,1788008944684839424,397694,397695,1788008944683322112,1788008944691656192,0.18206265198111857,8.333921432495117,1.5172958374023438,0.6093831380208333,42,30,502.24093302190363,280.8243700756822,1,246.39467274099366,286.17828021084796,1
1433,1493,1788008944352015972,1788008944352016,129278,49.91289973258972,47.90693402290344,1788008944350703,1.312971,1788008944718270464,397698,397699,1788008944716655616,1788008944724988416,0.1938141970186833,8.332967758178711,1.6150474548339844,0.6085530598958333,42,29,502.35257897435736,280.8494072433935,1,246.45017347873227,286.21482951128024,1
1434,1494,1788008944385447979,1788008944385448,129279,49.94633173942566,47.94036602973938,1788008944384133,1.314878,1788008944751703808,397702,397703,1788008944749987840,1788008944758320640,0.20592274678111588,8.33272933959961,1.7158985137939453,0.6085774739583333,42,28,502.4299671106923,280.76378472529353,1,246.43632481236455,286.2056585462041,1
1435,1495,1788008944418879032,1788008944418879,129280,49.97976279258728,47.973797082901,1788008944417572,1.307011,1788008944785135872,397706,397707,1788008944783320064,1788008944791653888,0.21788636493677405,8.333683013916016,1.8157958984375,0.6047119140625,42,26,502.17235127151025,280.6990312213875,1,246.4429736907507,286.3246199346736,1
1436,1496,1788008944452311039,1788008944452311,129281,50.01319479942322,48.00722908973694,1788008944451000,1.311064,1788008944818569216,397710,397711,1788008944816653568,1788008944824986112,0.22989985693848355,8.33272933959961,1.9156932830810547,0.6054741753472223,42,24,502.2909744925497,280.78426185575046,1,246.46659325720725,286.44937261381654,1
1437,1497,1788008944485740900,1788008944485741,129282,50.04662466049194,48.040658950805664,1788008944484430,1.310825,1788008944852000256,397714,397715,1788008944849985536,1788008944858318592,0.2417670452919802,8.332967758178711,2.014636993408203,0.6041097005208333,42,24,502.2942468825974,280.87725288069703,1,246.4898660971985,286.49389420075045,1
1438,1498,1788008944519171953,1788008944519172,129283,50.080055713653564,48.074090003967285,1788008944517861,1.311064,1788008944885432576,397718,397719,1788008944883318016,1788008944891650560,0.25376251788268955,8.33272933959961,2.114534378051758,0.6039876302083333,42,23,502.49741270023816,281.07054746507384,1,246.47399917300712,286.50189367055236,1
1439,1499,1788008944552601099,1788008944552601,129284,50.11348485946655,48.10751914978027,1788008944551297,1.30415,1788008944918862848,397722,397723,1788008944916650240,1788008944924983040,0.26552217453505006,8.33272933959961,2.2125244140625,0.6054633246527777,42,25,502.49652899821467,281.4676047147102,1,246.41218437455296,286.5038185006098,1
1440,1500,1788008944586029053,1788008944586029,129285,50.146912813186646,48.140947103500366,1788008944584719,1.31011,1788008944952291840,397726,397727,1788008944949982464,1788008944958316288,0.27712773566013443,8.333921432495117,2.309560775756836,0.6063720703125,42,26,502.5097323922435,281.8460926926867,1,246.19077903665993,286.57347441783526,1
1441,1501,1788008944619452953,1788008944619453,129286,50.180336713790894,48.174371004104614,1788008944618147,1.306057,1788008944985716992,397730,397731,1788008944983315712,1788008944991648768,0.2881748733941804,8.332967758178711,2.4013519287109375,0.6051595052083333,42,25,502.47496916441116,281.9885821736854,1,245.8149574285834,286.6385778312782,1
1442,1502,1788008944652883053,1788008944652883,129287,50.2137668132782,48.20780110359192,1788008944651577,1.306057,1788008945019148032,397734,397735,1788008945016647936,1788008945024980736,0.3000286123032904,8.33272933959961,2.5000572204589844,0.6037136501736111,42,25,502.2901672547347,282.0404087211645,1,245.48541041786103,286.76597144312393,1
1443,1503,1788008944686311960,1788008944686312,129288,50.24719572067261,48.24123001098633,1788008944684999,1.312971,1788008945052578560,397738,397739,1788008945049980416,1788008945058313984,0.3117525891171254,8.333683013916016,2.5980472564697266,0.6076253255208334,42,23,502.289527192086,282.1219572329229,1,245.20931999894407,286.9169675436971,1
1444,1504,1788008944719738007,1788008944719738,129289,50.28062200546265,48.27465629577637,1788008944718431,1.307011,1788008945086006016,397742,397743,1788008945083313664,1788008945091646464,0.3230901287553648,8.33272933959961,2.6922225952148438,0.6142632378472223,42,33,502.38771080099735,281.8123931035404,1,244.97190369705623,287.06231448238583,1
1445,1505,1788008944753166914,1788008944753167,129290,50.31405067443848,48.3080849647522,1788008944751860,1.307011,1788008945119435776,397746,397747,1788008945116645888,1788008945124978688,0.33481159337358013,8.332967758178711,2.7899742126464844,0.61455078125,42,32,502.4496541734061,281.5442432580532,1,244.78602073615536,287.14188722564006,1
1446,1506,1788008944786595106,1788008944786595,129291,50.34747886657715,48.34151315689087,1788008944785289,1.306057,1788008945152865280,397750,397751,1788008945149978112,1788008945158312192,0.3464168216278072,8.333921432495117,2.8870105743408203,0.6137803819444444,42,32,502.62999168854344,281.3192445033318,1,244.56331715950665,287.1034993627383,1
1447,1507,1788008944820027113,1788008944820027,129292,50.380911111831665,48.374945402145386,1788008944818719,1.308203,1788008945186298624,397754,397755,1788008945183311360,1788008945191644160,0.358483547925608,8.33272933959961,2.9871463775634766,0.6144015842013889,42,32,502.88750146623045,281.1914156466494,1,244.2947494007742,287.0226579953692,1
1448,1508,1788008944853456974,1788008944853457,129293,50.41434073448181,48.40837502479553,1788008944852149,1.307964,1788008945219729408,397758,397759,1788008945216643840,1788008945224976640,0.37030042918454936,8.33272933959961,3.085613250732422,0.6127061631944445,42,31,503.2304259170563,281.1321127461837,1,244.1192483456702,287.0539119768429,1
1449,1509,1788008944886884928,1788008944886885,129294,50.447768688201904,48.441802978515625,1788008944885578,1.307011,1788008945253158656,397762,397763,1788008945249975808,1788008945258309888,0.38189100271778,8.333921432495117,3.182649612426758,0.6115668402777777,42,29,503.57021460817145,281.12153304596853,1,244.06539385041918,287.13521649768995,1
1450,1510,1788008944920314074,1788008944920314,129295,50.48119807243347,48.47523236274719,1788008944919007,1.307011,1788008945286588928,397766,397767,1788008945283309312,1788008945291642112,0.3935795828445538,8.332967758178711,3.2796859741210938,0.6098849826388889,42,30,503.9515218628501,281.1451078597932,1,244.08474260999208,287.12858681144354,1
1451,1511,1788008944953742027,1788008944953742,129296,50.514626026153564,48.508660316467285,1788008944952438,1.303911,1788008945320018176,397770,397771,1788008945316641536,1788008945324975616,0.4051494779001573,8.333921432495117,3.376483917236328,0.6009006076388889,42,25,504.26551882877106,281.19199345293,1,244.1528936005132,287.0561573952552,1
1452,1512,1788008944987169981,1788008944987170,129297,50.54805397987366,48.54208827018738,1788008944985866,1.303911,1788008945353447168,397774,397775,1788008945349974784,1788008945358307584,0.4167095851216023,8.33272933959961,3.4723281860351562,0.5993625217013889,42,26,504.36505768488445,281.29696198991337,1,244.3559680721795,287.0281973021484,1
1453,1513,1788008945020598888,1788008945020599,129298,50.58148264884949,48.57551693916321,1788008945019289,1.309871,1788008945386876928,397778,397779,1788008945383307264,1788008945391640064,0.42838340486409154,8.33272933959961,3.5696029663085938,0.5983778211805556,42,24,504.42339043204584,281.34639568184207,1,244.41946202442443,287.0232945886716,1
1454,1514,1788008945054028988,1788008945054029,129299,50.61491298675537,48.60894727706909,1788008945052717,1.312018,1788008945420308224,397782,397783,1788008945416639232,1788008945424973312,0.44022314404234014,8.333921432495117,3.6687850952148438,0.6015082465277778,42,26,504.55216202167867,281.40368378979815,1,244.40363414862273,287.00465350109783,1
1455,1515,1788008945087457895,1788008945087458,129300,50.6483416557312,48.64237594604492,1788008945086148,1.309871,1788008945453737472,397786,397787,1788008945449972736,1788008945458305536,0.4518039541071786,8.332967758178711,3.7648677825927734,0.5996066623263889,42,25,504.7103021986676,281.4194118338692,1,244.38737032648788,286.9141323905551,1
1456,1516,1788008945120892048,1788008945120892,129301,50.68177604675293,48.67581033706665,1788008945119578,1.314163,1788008945487172864,397790,397791,1788008945483304960,1788008945491637760,0.46417739628040056,8.33272933959961,3.8678646087646484,0.5988498263888888,42,27,505.1754623426624,281.14124775417065,1,244.2955727846633,286.7030114016609,1
1457,1517,1788008945154324055,1788008945154324,129302,50.71520781517029,48.70924210548401,1788008945153015,1.309157,1788008945520605440,397794,397795,1788008945516637440,1788008945524971008,0.4761400698060308,8.333683013916016,3.9680004119873047,0.5982774522569444,42,23,505.61399869798265,280.9374873137589,1,244.2345376486846,286.62120738712497,1
1458,1518,1788008945187756062,1788008945187756,129303,50.748639822006226,48.742674112319946,1788008945186444,1.312018,1788008945554038528,397798,397799,1788008945549970432,1788008945558303232,0.4881977625819004,8.332967758178711,4.068136215209961,0.5989556206597222,42,24,506.0861853492242,281.11246513907986,1,244.22310816978825,286.70662469106423,1
1459,1519,1788008945221187115,1788008945221187,129304,50.78207087516785,48.77610516548157,1788008945219873,1.314163,1788008945587470592,397802,397803,1788008945583302656,1788008945591635712,0.5001573631655747,8.332967758178711,4.165172576904297,0.6019856770833333,42,27,506.55092306816414,281.56104583630315,1,244.20665898083377,286.9323848413391,1
1460,1520,1788008945254620075,1788008945254620,129305,50.81550407409668,48.8095383644104,1788008945253310,1.31011,1788008945620904960,397806,397807,1788008945616635136,1788008945624968704,0.512359100532128,8.333683013916016,4.063844680786133,0.6108995225694445,42,30,507.0965793873597,282.644968901435,1,244.1618641233784,287.43740314544374,1
1461,1521,1788008945288050890,1788008945288051,129306,50.84893488883972,48.84296917915344,1788008945286742,1.308918,1788008945654337024,397810,397811,1788008945649968384,1788008945658301184,0.5242632331902718,8.33272933959961,3.9641857147216797,0.6144938151041667,42,37,507.78896626016916,283.6151964839503,1,244.0377917634306,287.74331593571964,1
1462,1522,1788008945321480036,1788008945321480,129307,50.88236379623413,48.87639808654785,1788008945320172,1.307965,1788008945687767040,397814,397815,1788008945683300608,1788008945691633408,0.5360075534319476,8.332967758178711,3.866434097290039,0.6132758246527777,42,33,508.39756373669206,283.89758389014895,1,243.69890500970786,287.9804522618157,1
1463,1523,1788008945354907990,1788008945354908,129308,50.915791749954224,48.909826040267944,1788008945353601,1.307011,1788008945721196032,397818,397819,1788008945716633856,1788008945724966656,0.5474807587765729,8.332967758178711,3.7708282470703125,0.6141167534722223,42,30,508.85014167824335,284.5782125311187,1,243.46927216071856,288.47990510093246,1
1464,1524,1788008945388339996,1788008945388340,129309,50.94922375679016,48.94325804710388,1788008945387030,1.31011,1788008945754629120,397822,397823,1788008945749966080,1788008945758298880,0.5595994277539342,8.33272933959961,3.66973876953125,0.6142876519097222,42,32,508.87287706164716,285.55643462427736,1,243.31294770039844,288.99956573798625,1
1465,1525,1788008945421771049,1788008945421771,129310,50.98265480995178,48.9766891002655,1788008945420460,1.311063,1788008945788061440,397826,397827,1788008945783298560,1788008945791632128,0.5715225725238885,8.333683013916016,3.5707950592041016,0.6112087673611111,42,32,508.5422578088528,286.78484258024486,1,243.16213551827417,289.4332943084642,1
1466,1526,1788008945455199957,1788008945455200,129311,51.01608395576477,49.01011824607849,1788008945453890,1.309872,1788008945821491968,397830,397831,1788008945816631808,1788008945824964608,0.5832618025751073,8.33272933959961,3.472566604614258,0.6117404513888889,42,33,508.2946397323629,287.634149179551,1,242.94725859411045,289.6778865372324,1
1467,1527,1788008945488626003,1788008945488626,129312,51.04950976371765,49.04354405403137,1788008945487317,1.308918,1788008945854918912,397834,397835,1788008945849963776,1788008945858296832,0.5946324854796715,8.332967758178711,3.3779144287109375,0.6138807508680556,42,28,507.9277733690502,287.91231806905216,1,242.5471998694128,290.09462340411244,1
1468,1528,1788008945522058010,1788008945522058,129313,51.08294177055359,49.07697606086731,1788008945520746,1.312017,1788008945888352256,397838,397839,1788008945883295232,1788008945891629056,0.6067975052926704,8.333683013916016,3.276824951171875,0.6132432725694444,42,29,507.8878108159519,288.654703699198,1,242.30343871561223,290.3189917245044,1
1469,1529,1788008945555486917,1788008945555487,129314,51.11637091636658,49.1104052066803,1788008945554179,1.307964,1788008945921782272,397842,397843,1788008945916628480,1788008945924961280,0.618483547925608,8.33272933959961,3.1790733337402344,0.6120225694444444,42,26,508.01166371748934,289.95366353951806,1,242.0928013642661,290.26098039115925,1
1470,1530,1788008945588916063,1788008945588916,129315,51.149799823760986,49.14383411407471,1788008945587606,1.31011,1788008945955212288,397846,397847,1788008945949960704,1788008945958294528,0.6301530539264769,8.333921432495117,3.082275390625,0.6122829861111111,42,27,507.7829610254239,290.6194012440288,1,241.80326666197539,289.9376430658078,1
1471,1531,1788008945622345924,1788008945622346,129316,51.18322992324829,49.17726421356201,1788008945621036,1.309871,1788008945988643584,397850,397851,1788008945983293952,1788008945991627008,0.6419844925753198,8.332967758178711,2.9833316802978516,0.6129096137152777,42,29,507.7256429442953,290.7588874095196,1,241.46331255173988,289.8523053784987,1
1472,1532,1788008945655777931,1788008945655778,129317,51.21666193008423,49.21069622039795,1788008945654466,1.312017,1788008946022076928,397854,397855,1788008946016626432,1788008946024958976,0.6541058655221745,8.33272933959961,2.882242202758789,0.6127658420138888,42,29,507.65993211037187,290.7957180827359,1,241.09870440163826,289.87581608550454,1
1473,1533,1788008945689213037,1788008945689213,129318,51.250096797943115,49.244131088256836,1788008945687896,1.317024,1788008946055512576,397858,397859,1788008946049958656,1788008946058292480,0.6664473307775934,8.333683013916016,2.779722213745117,0.6137966579861112,42,26,507.673858649489,289.2679399234213,1,240.7080699307847,289.7371389400501,1
1474,1534,1788008945722645044,1788008945722645,129319,51.28352880477905,49.27756309509277,1788008945721333,1.312017,1788008946088946176,397862,397863,1788008946083291904,1788008946091624704,0.6785407725321888,8.33272933959961,2.6786327362060547,0.6143229166666667,42,23,507.56540100228494,290.3215535273575,1,240.23131113332335,289.7404671216301,1
1475,1535,1788008945756077051,1788008945756077,129320,51.31696081161499,49.31099510192871,1788008945754763,1.314163,1788008946122379264,397866,397867,1788008946116624128,1788008946124957184,0.6906526279648652,8.332967758178711,2.5777816772460938,0.6140299479166667,42,22,507.57807338420923,292.0357124793942,1,239.94815637322932,289.8512501170265,1
1476,1536,1788008945789509058,1788008945789509,129321,51.35039305686951,49.34442734718323,1788008945788200,1.309156,1788008946155812864,397870,397871,1788008946149956352,1788008946158290432,0.7027034758975826,8.333921432495117,2.4776458740234375,0.6141194661458333,42,20,507.5194806573551,293.10168647416333,1,239.775651054118,290.0132965003341,1
1477,1537,1788008945822942972,1788008945822943,129322,51.3838267326355,49.37786102294922,1788008945821631,1.312017,1788008946189247488,397874,397875,1788008946183289856,1788008946191622400,0.714964234620887,8.33272933959961,2.3751258850097656,0.6126112196180555,42,19,507.6032559057976,293.4794719713284,1,239.64419056970817,290.1723324888093,1
1478,1538,1788008945856374979,1788008945856375,129323,51.417258977890015,49.411293268203735,1788008945855067,1.307964,1788008946222680832,397878,397879,1788008946216622080,1788008946224954880,0.7270958512160229,8.33272933959961,2.274036407470703,0.6115098741319445,42,21,507.6449122566009,293.91748631172476,1,239.58299988383808,290.6189421752721,1
1479,1539,1788008945889808893,1788008945889809,129324,51.450692653656006,49.44472694396973,1788008945888495,1.313925,1788008946256115456,397882,397883,1788008946249954304,1788008946258288128,0.7392933771992561,8.333921432495117,2.172708511352539,0.6119167751736111,42,20,507.7240606630161,294.58051160921246,1,239.5079306320459,290.99750968294785,1
1480,1540,1788008945923239946,1788008945923240,129325,51.48412370681763,49.47815799713135,1788008945921926,1.313924,1788008946289547776,397886,397887,1788008946283287552,1788008946291620608,0.7512517524534348,8.332967758178711,2.0728111267089844,0.6110243055555555,42,19,507.76873392085645,294.88121046043074,1,239.6054005875714,291.2721493965908,1
1481,1541,1788008945956671000,1788008945956671,129326,51.51755475997925,49.51158905029297,1788008945955363,1.307965,1788008946322979584,397890,397891,1788008946316619776,1788008946324952576,0.7632331902718169,8.33272933959961,1.9729137420654297,0.6117648654513889,42,21,507.9241152689436,295.39103642273267,1,239.52487732293804,291.65817035337847,1
1482,1542,1788008945990107059,1788008945990107,129327,51.55099105834961,49.54502534866333,1788008945988794,1.312971,1788008946356417536,397894,397895,1788008946349953280,1788008946358285824,0.7757653791130186,8.33272933959961,1.8684864044189453,0.6110026041666666,42,19,508.08488799738325,295.8200000843917,1,239.46467698374968,292.02391584971133,1
1483,1543,1788008946023538113,1788008946023538,129328,51.58442211151123,49.57845640182495,1788008946022231,1.307011,1788008946389849856,397898,397899,1788008946383285504,1788008946391618304,0.7877825464949928,8.33272933959961,1.768350601196289,0.6105116102430556,42,21,508.2369598071733,295.9683830880573,1,239.33354105665816,292.2603058124344,1
1484,1544,1788008946056967974,1788008946056968,129329,51.61785173416138,49.6118860244751,1788008946055660,1.307965,1788008946423280640,397902,397903,1788008946416617728,1788008946424951552,0.7995136604205407,8.333921432495117,1.67083740234375,0.6104709201388889,42,19,508.54523821862506,296.2196391107711,1,239.28762901528424,292.4281775331546,1
1485,1545,1788008946090401888,1788008946090402,129330,51.65128564834595,49.64531993865967,1788008946089090,1.311779,1788008946456715520,397906,397907,1788008946449950976,1788008946458283776,0.8117936539727046,8.332967758178711,1.5683174133300781,0.6090630425347222,42,20,508.7504728975608,296.3731861275643,1,239.23832626720866,292.499588754275,1
1486,1546,1788008946123831034,1788008946123831,129331,51.684714794158936,49.678749084472656,1788008946122519,1.312018,1788008946490146048,397910,397911,1788008946483283200,1788008946491616000,0.8235765379113018,8.33272933959961,1.4700889587402344,0.6097520616319444,42,19,508.9220318288367,296.2022077924902,1,239.18787012914527,292.33617312917835,1
1487,1547,1788008946157278061,1788008946157278,129332,51.718161821365356,49.71219611167908,1788008946155946,1.332045,1788008946523594240,397914,397915,1788008946516615680,1788008946524949248,0.837386279109687,8.333683013916016,1.3551712036132812,0.61005859375,42,17,509.098345550878,296.26448936243025,1,239.15855713052554,292.37734050635567,1
1488,1548,1788008946190686941,1788008946190687,129333,51.7515709400177,49.74560523033142,1788008946189376,1.310825,1788008946557004544,397918,397919,1788008946549948928,1788008946558281728,0.8467238912732475,8.33272933959961,1.2772083282470703,0.6102973090277778,42,18,509.2439491625918,296.3337881629161,1,239.14465114930613,292.5273676442656,1
1489,1549,1788008946224114895,1788008946224115,129334,51.78499889373779,49.779033184051514,1788008946222807,1.307964,1788008946590433280,397922,397923,1788008946583281152,1788008946591613952,0.8583159280135046,8.332967758178711,1.1806488037109375,0.6106065538194444,42,19,509.394789615195,296.40713536133967,1,239.1458046737107,292.5460116061791,1
1490,1550,1788008946257544041,1788008946257544,129335,51.8184278011322,49.81246209144592,1788008946256237,1.307011,1788008946623863040,397926,397927,1788008946616613376,1788008946624946944,0.8699147450935515,8.333683013916016,1.0840892791748047,0.6115017361111111,42,22,509.53920528398965,296.5285666678156,1,239.21403835133842,292.59404088347725,1
1491,1551,1788008946290977001,1788008946290977,129336,51.851861000061035,49.845895290374756,1788008946289667,1.31011,1788008946657297152,397930,397931,1788008946649946624,1788008946658279424,0.8821173104434907,8.33272933959961,0.9822845458984375,0.6125434027777777,42,22,509.6496512137037,296.8720688348657,1,239.2910148977168,292.62328738669294,1
1492,1552,1788008946324402094,1788008946324402,129337,51.88528609275818,49.8793203830719,1788008946323097,1.305103,1788008946690722816,397934,397935,1788008946683279104,1788008946691611648,0.8933333333333333,8.33272933959961,0.888824462890625,0.6119845920138889,42,21,509.794212066947,296.89677227893634,1,239.379213106051,292.66516104857317,1
1493,1553,1788008946357835054,1788008946357835,129338,51.91871881484985,49.912753105163574,1788008946356527,1.307964,1788008946724156928,397938,397939,1788008946716611072,1788008946724945152,0.9054212559004434,8.333921432495117,0.7882118225097656,0.6142795138888889,42,23,509.9565914603104,296.39700640242035,1,239.50503461726925,292.6447960162767,1
1494,1554,1788008946391267061,1788008946391267,129339,51.95215106010437,49.94618535041809,1788008946389956,1.311064,1788008946757590272,397942,397943,1788008946749944576,1788008946758277120,0.9175679542203148,8.33272933959961,0.6868839263916016,0.6136745876736112,42,23,510.139660617305,296.21518746540835,1,239.6454037490672,292.67308061908983,1
1495,1555,1788008946424695015,1788008946424695,129340,51.98557901382446,49.979613304138184,1788008946423386,1.308918,1788008946791019520,397946,397947,1788008946783276800,1788008946791610368,0.9290782170853121,8.333683013916016,0.5910396575927734,0.6133165147569445,42,24,510.3203087717234,296.22738886220077,1,239.6909617533982,292.7042046984523,1
1496,1556,1788008946458126068,1788008946458126,129341,52.019010066986084,50.013044357299805,1788008946456815,1.311064,1788008946824451328,397950,397951,1788008946816610048,1788008946824942848,0.9410300429184549,8.33272933959961,0.4913806915283203,0.6141737196180556,42,24,510.4775722377876,296.295123571318,1,239.6444999086666,292.82020341092635,1
1497,1557,1788008946491555929,1788008946491556,129342,52.05243968963623,50.04647397994995,1788008946490243,1.312971,1788008946857882368,397954,397955,1788008946849942272,1788008946858275072,0.9528482732969014,8.332967758178711,0.392913818359375,0.6136338975694444,42,23,510.68589720403105,296.59360528616764,1,239.66677200788752,292.93428647023296,1
1498,1558,1788008946524987936,1788008946524988,129343,52.08587169647217,50.07990598678589,1788008946523673,1.314878,1788008946891315456,397958,397959,1788008946883273728,1788008946891607296,0.9649825484923041,8.333683013916016,0.2918243408203125,0.6127387152777778,42,24,510.88168452791865,296.70412077996957,1,239.77391428683103,293.1072292950221,1
1499,1559,1788008946558422089,1788008946558422,129344,52.11930584907532,50.11334013938904,1788008946557111,1.311064,1788008946924750848,397962,397963,1788008946916606976,1788008946924939520,0.9773390557939914,8.33272933959961,0.1888275146484375,0.6140001085069444,42,22,510.98240961869396,296.75902211934084,1,239.83011292241088,293.2372662632529,1
1500,1560,1788008946591854095,1788008946591854,129345,52.152737855911255,50.146772146224976,1788008946590540,1.314163,1788008946958183936,397966,397967,1788008946949939200,1788008946958272000,0.9894420600858369,8.33272933959961,0.08797645568847656,0.6098225911458334,42,23,511.16626259638656,296.8418414708711,1,239.88148673616695,293.30475129701455,1
1501,1561,1788008946625289917,1788008946625290,129346,52.18617391586304,50.18020820617676,1788008946623978,1.312017,1788008946991621376,397971,397972,1788008946991605248,1788008946999938048,0.0019170243204577968,8.33272933959961,0.015974044799804688,0.611474609375,42,23,511.3222790560852,296.9690605811087,1,239.89191117609528,293.5698584218265,1
1502,1562,1788008946658725023,1788008946658725,129347,52.2196090221405,50.213643312454224,1788008946657408,1.317024,1788008947025057536,397975,397976,1788008947024937472,1788008947033271296,0.014418538120440567,8.333921432495117,0.1201629638671875,0.6097873263888889,42,24,511.3811291792355,297.12628654671107,1,239.91909898853646,293.59643451602835,1
1503,1563,1788008946692162037,1788008946692162,129348,52.2530460357666,50.24708032608032,1788008946690845,1.317024,1788008947058495744,397979,397980,1788008947058270720,1788008947066603776,0.02700924150954193,8.332967758178711,0.225067138671875,0.6104817708333333,42,21,511.44514729248647,297.15713577974134,1,239.92592283315162,293.65757866875316,1
1504,1564,1788008946725590944,1788008946725591,129349,52.28647494316101,50.28050923347473,1788008946724282,1.308918,1788008947091925504,397983,397984,1788008947091602944,1788008947099935744,0.03871244635193133,8.33272933959961,0.32258033752441406,0.6120171440972222,42,25,511.4323642954446,297.13596585412483,1,239.82707792814762,293.86422537495815,1
1505,1565,1788008946759018898,1788008946759019,129350,52.3199028968811,50.313937187194824,1788008946757710,1.308918,1788008947125354752,397987,397988,1788008947124935424,1788008947133268992,0.050323282027807975,8.333683013916016,0.41937828063964844,0.6108235677083333,42,24,511.34889022673644,297.1002169489126,1,239.8153709267235,293.9439026816557,1
1506,1566,1788008946792448997,1788008946792449,129351,52.35333299636841,50.34736728668213,1788008946791139,1.31011,1788008947158786048,397991,397992,1788008947158268672,1788008947166601472,0.06208869814020029,8.33272933959961,0.5173683166503906,0.6111518012152778,42,23,511.35276061449076,296.99915189734463,1,239.8526204120044,294.053350564778,1
1507,1567,1788008946825881004,1788008946825881,129352,52.386765003204346,50.380799293518066,1788008946824569,1.312017,1788008947192219392,397995,397996,1788008947191600896,1788008947199933696,0.07424680266659037,8.332967758178711,0.6186962127685547,0.6107313368055556,42,25,511.3571022972602,297.24665791531993,1,239.7984562293228,294.1056489221287,1
1508,1568,1788008946859312057,1788008946859312,129353,52.42019605636597,50.41423034667969,1788008946858001,1.311063,1788008947225651712,397999,398000,1788008947224933120,1788008947233266944,0.0862251466170791,8.333921432495117,0.7185935974121094,0.6107720269097222,42,23,511.4033483654339,297.47686938022235,1,239.67701053688347,294.0371130893254,1
1509,1569,1788008946892740965,1788008946892741,129354,52.4536247253418,50.44765901565552,1788008946891429,1.312018,1788008947259081472,398003,398004,1788008947258266368,1788008947266599168,0.09779685264663805,8.33272933959961,0.8149147033691406,0.6142849392361112,42,26,511.4319940271295,297.61300132396514,1,239.71614602491601,294.0577103766416,1
1510,1570,1788008946926173925,1788008946926174,129355,52.48705792427063,50.48109221458435,1788008946924867,1.30701,1788008947292515584,398007,398008,1788008947291598848,1788008947299931648,0.1100143061516452,8.33272933959961,0.9167194366455078,0.6166205512152778,42,24,511.4665506311593,297.66044846293937,1,239.89452488452127,294.1310122161117,1
1511,1571,1788008946959606886,1788008946959607,129356,52.520490646362305,50.514524936676025,1788008946958297,1.309872,1788008947325949440,398011,398012,1788008947324930816,1788008947333264896,0.12221427549706766,8.333921432495117,1.018524169921875,0.615869140625,42,24,511.563454988168,297.71629740124894,1,240.13810235317007,294.4478134095714,1
1512,1572,1788008946993038893,1788008946993039,129357,52.55392265319824,50.54795694351196,1788008946991726,1.312971,1788008947359382528,398015,398016,1788008947358264320,1788008947366597120,0.13421647449286145,8.332967758178711,1.1184215545654297,0.6142062717013889,42,24,511.6160714604565,297.7564807507334,1,240.33865682044726,294.70544223003964,1
1513,1573,1788008947026468039,1788008947026468,129358,52.58735203742981,50.58138632774353,1788008947025164,1.30415,1788008947392813568,398019,398020,1788008947391596544,1788008947399930368,0.14601630668001717,8.333921432495117,1.216888427734375,0.6143500434027778,42,28,511.6074658923028,297.83286214210034,1,240.50890705958386,294.85946757366713,1
1514,1574,1788008947059901953,1788008947059902,129359,52.6207857131958,50.61482000350952,1788008947058592,1.309872,1788008947426248192,398023,398024,1788008947424929792,1788008947433262592,0.1582260371959943,8.33272933959961,1.3184547424316406,0.6137830946180556,42,28,511.57851945767663,297.9034274838937,1,240.6943859873709,294.99028302798524,1
1515,1575,1788008947093334913,1788008947093335,129360,52.654218912124634,50.648253202438354,1788008947092021,1.313925,1788008947459682816,398027,398028,1788008947458262272,1788008947466594816,0.17047210300429186,8.33272933959961,1.4204978942871094,0.6128065321180556,42,29,511.59128611452434,297.93583798872237,1,240.90984472564264,295.12330475043507,1
1516,1576,1788008947126765013,1788008947126765,129361,52.68764901161194,50.68168330192566,1788008947125452,1.312971,1788008947493114112,398031,398032,1788008947491594240,1788008947499928320,0.18234873408668287,8.333921432495117,1.5196800231933594,0.6118381076388889,42,26,511.5906987343003,298.1168568010137,1,241.0795774684881,295.16409787974465,1
1517,1577,1788008947160193920,1788008947160194,129362,52.72107791900635,50.71511220932007,1788008947158889,1.304865,1788008947526544128,398035,398036,1788008947524927744,1788008947533260544,0.19398586592658293,8.332967758178711,1.6164779663085938,0.6120903862847222,42,26,511.7361581243463,298.3095128042129,1,241.17004692849616,295.28955659061705,1
1518,1578,1788008947193634033,1788008947193634,129363,52.754518032073975,50.748552322387695,1788008947192318,1.31607,1788008947559985152,398039,398040,1788008947558259968,1788008947566592768,0.20703862660944206,8.33272933959961,1.7251968383789062,0.6107014973958333,42,26,511.8543198562736,298.43972014907916,1,241.21550074768246,295.4115333883238,1
1519,1579,1788008947227054119,1788008947227054,129364,52.78793787956238,50.7819721698761,1788008947225749,1.305103,1788008947593406208,398043,398044,1788008947591592192,1788008947599926016,0.2176574927046976,8.333683013916016,1.8138885498046875,0.607080078125,42,26,511.9765426567045,298.69873385687634,1,241.29928973048737,295.52069542836233,1
1520,1580,1788008947260483980,1788008947260484,129365,52.82136797904968,50.8154022693634,1788008947259177,1.30701,1788008947626837504,398047,398048,1788008947624925696,1788008947633258240,0.2294420600858369,8.33272933959961,1.9118785858154297,0.6080891927083333,42,28,511.8486513352439,298.5563227779982,1,241.37732774592246,295.56026492967123,1
1521,1581,1788008947293926954,1788008947293927,129366,52.85481071472168,50.8488450050354,1788008947292607,1.319885,1788008947660281344,398051,398052,1788008947658257664,1788008947666590720,0.24285428170867787,8.332967758178711,2.0236968994140625,0.6054741753472223,42,26,511.66083689117227,298.3355759525082,1,241.49332918028406,295.54807741428635,1
1522,1582,1788008947327369928,1788008947327370,129367,52.888253927230835,50.882288217544556,1788008947326037,1.332998,1788008947693725696,398055,398056,1788008947691590144,1788008947699923712,0.25625107283858783,8.333683013916016,2.1355152130126953,0.6065782335069444,42,25,511.62175247239065,298.0771647192863,1,241.66396125516562,295.6064260800583,1
1523,1583,1788008947360779047,1788008947360779,129368,52.9216628074646,50.91569709777832,1788008947359465,1.314163,1788008947727135744,398059,398060,1788008947724923392,1788008947733256192,0.2654935622317597,8.33272933959961,2.2122859954833984,0.6044921875,42,23,511.6760889460565,296.9212911727963,1,241.90826951465453,295.7915334145378,1
1524,1584,1788008947394217968,1788008947394218,129369,52.95510196685791,50.94913625717163,1788008947392903,1.314878,1788008947760576000,398063,398064,1788008947758255616,1788008947766588416,0.2784549356223176,8.33272933959961,2.3202896118164062,0.6080891927083333,42,25,511.6121287937516,296.1748617300154,1,242.19673356168846,295.7590560652638,1
1525,1585,1788008947427640915,1788008947427641,129370,52.98852467536926,50.98255896568298,1788008947426332,1.308918,1788008947793999360,398067,398068,1788008947791587840,1788008947799921664,0.28937204977828634,8.333921432495117,2.4116039276123047,0.6076253255208334,42,27,511.23658670988993,297.0477478248337,1,242.53270433383497,295.6446351268616,1
1526,1586,1788008947461072922,1788008947461073,129371,53.0219566822052,51.01599097251892,1788008947459764,1.308918,1788008947827432192,398071,398072,1788008947824921088,1788008947833253888,0.3013447782546495,8.33272933959961,2.5110244750976562,0.6067572699652778,42,26,510.99435254368166,297.2235470188386,1,242.9257812537839,295.6015379475273,1
1527,1587,1788008947494514942,1788008947494515,129372,53.05539870262146,51.04943299293518,1788008947493193,1.322031,1788008947860875008,398075,398076,1788008947858253568,1788008947866586112,0.31459227467811157,8.33272933959961,2.6214122772216797,0.6068929036458334,42,28,510.7164682552301,297.2401290582755,1,243.36515372448318,295.54886002345165,1
1528,1588,1788008947527937889,1788008947527938,129373,53.08882164955139,51.08285593986511,1788008947526630,1.307964,1788008947894299136,398079,398080,1788008947891585792,1788008947899918592,0.3256080114449213,8.33272933959961,2.7132034301757812,0.6139919704861111,42,32,510.3694722412371,297.29940002798884,1,243.6855459227796,295.50731566254416,1
1529,1589,1788008947561368942,1788008947561369,129374,53.12225270271301,51.11628699302673,1788008947560061,1.307964,1788008947927731200,398083,398084,1788008947924918016,1788008947933250816,0.3376155188692741,8.332967758178711,2.8133392333984375,0.6135877821180555,42,31,510.30426379757057,297.4906616161765,1,243.6583213642202,295.3056032679569,1
1530,1590,1788008947594815969,1788008947594816,129375,53.15569996833801,51.14973425865173,1788008947593489,1.327037,1788008947961179648,398087,398088,1788008947958250240,1788008947966584064,0.3515191394404074,8.333683013916016,2.9294490814208984,0.6133436414930555,42,32,510.33590923773875,297.5989215333655,1,243.91491277277663,295.00136885289527,1
1531,1591,1788008947628227949,1788008947628228,129376,53.18911170959473,51.18314599990845,1788008947626917,1.311064,1788008947994592768,398091,398092,1788008947991583488,1788008947999916288,0.36111587982832616,8.33272933959961,3.0090808868408203,0.613818359375,42,33,510.20862310097453,297.7822727802182,1,244.0459301891673,294.51466682641296,1
1532,1592,1788008947661659002,1788008947661659,129377,53.22254276275635,51.21657705307007,1788008947660347,1.312017,1788008948028024832,398095,398096,1788008948024915968,1788008948033249536,0.3730617382846026,8.333683013916016,3.108978271484375,0.6117919921875,42,33,510.03021471137515,298.0726360122921,1,244.16635983457587,294.05904835382984,1
1533,1593,1788008947695096970,1788008947695097,129378,53.25598096847534,51.25001525878906,1788008947693777,1.319886,1788008948061464064,398099,398100,1788008948058248960,1788008948066582016,0.38582587050442047,8.332967758178711,3.2150745391845703,0.6105224609375,42,33,509.79649110470257,298.30758271972275,1,244.2655115464426,293.3486922846135,1
1534,1594,1788008947728523016,1788008947728523,129379,53.28940677642822,51.28344106674194,1788008947727215,1.307964,1788008948094891008,398103,398104,1788008948091581440,1788008948099913984,0.3971959942775393,8.33272933959961,3.3097267150878906,0.6087266710069444,42,31,509.5274710126225,298.55615558133127,1,244.28824735458267,292.59139457989477,1
1535,1595,1788008947761959076,1788008947761959,129380,53.322843074798584,51.316877365112305,1788008947760644,1.315117,1788008948128328448,398107,398108,1788008948124913664,1788008948133247488,0.4097671225038622,8.333683013916016,3.4148693084716797,0.5991644965277778,42,27,509.1785566512662,298.56798162370194,1,244.69776791299654,292.29153412014904,1
1536,1596,1788008947795396090,1788008947795396,129381,53.3562798500061,51.350314140319824,1788008947794082,1.314164,1788008948161766656,398111,398112,1788008948158246912,1788008948166579712,0.42237482117310443,8.33272933959961,3.5195350646972656,0.5976128472222222,42,29,509.0822154997121,298.39520146466566,1,245.03777658406634,291.93581239924623,1
1537,1597,1788008947828825951,1788008947828826,129382,53.38970971107483,51.38374400138855,1788008947827511,1.314879,1788008948195197696,398115,398116,1788008948191579136,1788008948199912192,0.4342365025321164,8.332967758178711,3.618478775024414,0.5970160590277778,42,30,508.9326152405042,298.09692497115924,1,245.42469691408257,291.68238899593166,1
1538,1598,1788008947862260103,1788008947862260,129383,53.42314410209656,51.41717839241028,1788008947860948,1.312017,1788008948228633088,398119,398120,1788008948224911360,1788008948233245440,0.44657416678586753,8.333921432495117,3.7217140197753906,0.5977674696180556,42,30,508.7742286218124,298.0129888154881,1,245.76281923522805,291.5169059507066,1
1539,1599,1788008947895694017,1788008947895694,129384,53.45657801628113,51.45061230659485,1788008947894378,1.31607,1788008948262067968,398123,398124,1788008948258244864,1788008948266577408,0.458826895565093,8.33272933959961,3.8232803344726562,0.59912109375,42,26,508.56761498673484,298.0541086793576,1,246.23881155377128,291.210179491647,1
1540,1600,1788008947929126024,1788008947929126,129385,53.490010023117065,51.484044313430786,1788008947927813,1.312971,1788008948295501568,398127,398128,1788008948291577088,1788008948299909888,0.4709585121602289,8.33272933959961,3.9243698120117188,0.5980360243055556,42,27,508.4466827418673,297.88246103992697,1,246.59530444304318,291.10208509231256,1
1541,1601,1788008947962558985,1788008947962559,129386,53.52344274520874,51.51747703552246,1788008947961243,1.316071,1788008948328935680,398131,398132,1788008948324909312,1788008948333243136,0.4831354598769847,8.333921432495117,4.0264129638671875,0.5963758680555555,42,29,508.27507275047583,297.7663848494661,1,246.78565945732907,290.85720030003205,1
1542,1602,1788008947996007919,1788008947996008,129387,53.55689191818237,51.550926208496094,1788008947994681,1.327037,1788008948362385664,398135,398136,1788008948358242560,1788008948366575360,0.497210380246631,8.332967758178711,4.143238067626953,0.5975151909722223,42,28,508.1321710216346,297.44180699380644,1,246.923398513164,290.574526851404,1
1543,1603,1788008948029423952,1788008948029424,129388,53.59030771255493,51.58434200286865,1788008948028110,1.313925,1788008948395802368,398139,398140,1788008948391574784,1788008948399907584,0.5073247496423462,8.33272933959961,4.105329513549805,0.5994818793402777,42,29,508.1978147870537,297.2069354985477,1,246.87612694012734,290.27139376222016,1
1544,1604,1788008948062860966,1788008948062861,129389,53.62374496459961,51.61777925491333,1788008948061547,1.313925,1788008948429240576,398143,398144,1788008948424907264,1788008948433240832,0.5199977112776792,8.333683013916016,4.000186920166016,0.6148763020833333,42,30,508.17358593542747,297.09673966522803,1,246.96587337044872,290.02744859826555,1
1545,1605,1788008948096292019,1788008948096292,129390,53.65717601776123,51.65121030807495,1788008948094977,1.315117,1788008948462672896,398147,398148,1788008948458240512,1788008948466573312,0.5319313304721031,8.33272933959961,3.900289535522461,0.6136555989583333,42,30,508.14001739446564,296.8850733859121,1,246.95038110115033,289.6552683816718,1
1546,1606,1788008948129729033,1788008948129729,129391,53.69061279296875,51.68464708328247,1788008948128417,1.312018,1788008948496111104,398151,398152,1788008948491572736,1788008948499906560,0.5445858961521957,8.333921432495117,3.7953853607177734,0.6125352647569444,42,29,508.0763458599216,296.80399491056073,1,246.95497539190313,289.2880094824114,1
1547,1607,1788008948163162947,1788008948163163,129392,53.72404670715332,51.71808099746704,1788008948161852,1.311064,1788008948529546240,398155,398156,1788008948524905984,1788008948533238784,0.5568653257417527,8.332967758178711,3.692626953125,0.6119439019097223,42,29,508.074496716814,296.90553267624165,1,246.96033879290815,289.10302393788555,1
1548,1608,1788008948196598053,1788008948196598,129393,53.757481813430786,51.75151610374451,1788008948195283,1.315117,1788008948562982656,398159,398160,1788008948558238208,1788008948566571008,0.5693562231759657,8.33272933959961,3.588438034057617,0.6080295138888889,42,27,508.01465068302974,296.94743588393294,1,246.921693329976,288.982393673383,1
1549,1609,1788008948230032921,1788008948230033,129394,53.79091668128967,51.784950971603394,1788008948228719,1.313925,1788008948596418304,398163,398164,1788008948591570688,1788008948599904256,0.5817073868512903,8.333683013916016,3.4859180450439453,0.6030409071180556,42,27,507.97761993694724,297.0047868268825,1,246.81592988133383,288.80976622534126,1
1550,1610,1788008948263463974,1788008948263464,129395,53.824347734451294,51.818382024765015,1788008948262156,1.307964,1788008948629850624,398167,398168,1788008948624903936,1788008948633236736,0.5936480686695279,8.33272933959961,3.3860206604003906,0.6111165364583333,42,27,507.88484549392655,297.0072306439764,1,246.7089327120994,288.8077604504739,1
1551,1611,1788008948296901941,1788008948296902,129396,53.85778570175171,51.85181999206543,1788008948295585,1.317024,1788008948663289600,398171,398172,1788008948658235904,1788008948666568960,0.6064490286400961,8.332967758178711,3.279447555541992,0.6082899305555556,42,23,507.81742937703933,297.0099150171938,1,246.68079313547884,288.7868214291192,1
1552,1612,1788008948330333948,1788008948330334,129397,53.89121770858765,51.88525199890137,1788008948329021,1.312971,1788008948696722688,398175,398176,1788008948691568384,1788008948699902208,0.6184809040194535,8.333921432495117,3.1795501708984375,0.6083251953125,42,24,507.77515658126475,297.0253033808231,1,246.65245364338773,288.75910593620335,1
1553,1613,1788008948363768101,1788008948363768,129398,53.924651861190796,51.91868615150452,1788008948362452,1.316071,1788008948730158080,398179,398180,1788008948724901632,1788008948733234432,0.6308154506437769,8.33272933959961,3.076314926147461,0.6085313585069444,42,25,507.77779609404274,296.93601772458476,1,246.67810151140532,288.76791234241267,1
1554,1614,1788008948397201061,1788008948397201,129399,53.95808506011963,51.95211935043335,1788008948395889,1.312017,1788008948763592704,398183,398184,1788008948758234112,1788008948766566656,0.6430901287553648,8.33272933959961,2.9740333557128906,0.6088351779513889,42,25,507.74493872142335,296.94837677116476,1,246.67350653390477,288.7400499975023,1
1555,1615,1788008948430632114,1788008948430632,129400,53.99151611328125,51.98555040359497,1788008948429319,1.313209,1788008948797025024,398187,398188,1788008948791566080,1788008948799900160,0.6550135889000143,8.333921432495117,2.875089645385742,0.6095269097222222,42,26,507.75879585381097,296.8093915521879,1,246.56557008345266,288.7684256647666,1
1556,1616,1788008948464066029,1788008948464066,129401,54.02495002746582,52.01898431777954,1788008948462757,1.308918,1788008948830459648,398191,398192,1788008948824899328,1788008948833232384,0.6672484335212154,8.332967758178711,2.772808074951172,0.6093967013888889,42,24,507.86557050239276,296.54978569368706,1,246.59149690396052,289.2643573801566,1
1557,1617,1788008948497502089,1788008948497502,129402,54.0583860874176,52.05242037773132,1788008948496190,1.312018,1788008948863896064,398195,398196,1788008948858231808,1788008948866564608,0.6797711015736767,8.33272933959961,2.6683807373046875,0.6119167751736111,42,25,507.9362758005869,296.31561632174925,1,246.54223942437372,289.3230059349082,1
1558,1618,1788008948530929089,1788008948530929,129403,54.09181308746338,52.0858473777771,1788008948529623,1.306057,1788008948897323776,398199,398200,1788008948891564032,1788008948899896832,0.6912160228898426,8.33272933959961,2.5730133056640625,0.6131103515625,42,27,507.88521699670207,296.31892548379966,1,246.49681896352286,289.3442902140175,1
1559,1619,1788008948564359903,1788008948564360,129404,54.12524390220642,52.11927819252014,1788008948563052,1.307964,1788008948930755840,398203,398204,1788008948924896256,1788008948933229312,0.7031844582415382,8.332967758178711,2.4733543395996094,0.6127549913194444,42,28,507.83170966532856,296.33790069524883,1,246.36789756945873,289.4845214558982,1
1560,1620,1788008948597791910,1788008948597792,129405,54.15867590904236,52.15271019935608,1788008948596480,1.312017,1788008948964188928,398207,398208,1788008948958228480,1788008948966562560,0.7152052639107424,8.333921432495117,2.3734569549560547,0.6135796440972222,42,31,507.79976722470036,296.3523605084427,1,246.26797751311244,289.69847354750516,1
1561,1621,1788008948631220102,1788008948631220,129406,54.19210410118103,52.18613839149475,1788008948629911,1.309156,1788008948997618432,398211,398212,1788008948991561984,1788008948999894528,0.7268383404864092,8.33272933959961,2.276182174682617,0.612451171875,42,32,507.81192660459374,296.34992615308175,1,246.0301976472888,289.767044108216,1
1562,1622,1788008948664649963,1788008948664650,129407,54.225533962249756,52.21956825256348,1788008948663341,1.308918,1788008949031049216,398215,398216,1788008949024894208,1788008949033227008,0.7386552217453505,8.33272933959961,2.177715301513672,0.6107096354166667,42,31,507.80144250585914,296.3789125180331,1,245.84641657013006,289.8715142817605,1
1563,1623,1788008948698082924,1788008948698083,129408,54.25896668434143,52.25300097465515,1788008948696771,1.312018,1788008949064483072,398219,398220,1788008949058226432,1788008949066560256,0.7507652696323845,8.333921432495117,2.0771026611328125,0.6121609157986111,42,30,507.8352241962058,296.3872348806742,1,245.5812366143253,289.8479317721915,1
1564,1624,1788008948731512070,1788008948731512,129409,54.29239583015442,52.28643012046814,1788008948730200,1.312018,1788008949097913600,398223,398224,1788008949091559680,1788008949099892736,0.7624960659208606,8.332967758178711,1.9791126251220703,0.6114176432291667,42,30,507.9122357441122,296.1957798309376,1,245.36979616741706,289.8254089431815,1
1565,1625,1788008948764944077,1788008948764944,129410,54.325828075408936,52.319862365722656,1788008948763629,1.315117,1788008949131347200,398227,398228,1788008949124891904,1788008949133225728,0.7745894604337129,8.333683013916016,1.878499984741211,0.6117078993055556,42,30,507.96504549134886,296.0402455482829,1,245.18318035999505,289.92350500908,1
1566,1626,1788008948798374891,1788008948798375,129411,54.35925889015198,52.3532931804657,1788008948797067,1.307964,1788008949164779264,398231,398232,1788008949158225408,1788008949166557952,0.7865236051502146,8.33272933959961,1.7788410186767578,0.6091281467013889,42,29,507.9554946215676,296.0484092026098,1,245.05758126883427,290.26306633661,1
1567,1627,1788008948831809998,1788008948831810,129412,54.39269399642944,52.386728286743164,1788008948830495,1.314879,1788008949198215424,398235,398236,1788008949191557376,1788008949199890432,0.7990043203341821,8.332967758178711,1.6748905181884766,0.6092664930555556,42,28,507.8328413452747,296.7445404700612,1,245.01534079440205,290.8891536121543,1
1568,1628,1788008948865243912,1788008948865244,129413,54.426127672195435,52.420161962509155,1788008948863932,1.312018,1788008949231650048,398239,398240,1788008949224889856,1788008949233223680,0.811185810327564,8.333921432495117,1.5735626220703125,0.6099826388888889,42,34,507.6686739210048,297.6769902706704,1,245.29969743540357,291.88682875976957,1
1569,1629,1788008948898677111,1788008948898677,129414,54.45956087112427,52.45359516143799,1788008948897363,1.314164,1788008949265084416,398243,398244,1788008949258223104,1788008949266555904,0.8234334763948498,8.33272933959961,1.4712810516357422,0.6107069227430556,42,33,507.08996835825656,298.0391817431578,1,245.34108466854974,292.72133444939794,1
1570,1630,1788008948932111979,1788008948932112,129415,54.492995738983154,52.487030029296875,1788008948930800,1.312018,1788008949298520576,398247,398248,1788008949291555328,1788008949299888128,0.8358798283261802,8.33272933959961,1.3675689697265625,0.6108235677083333,42,34,506.8925561467021,298.3667751920927,1,245.321280188874,293.40966948840844,1
1571,1631,1788008948965548992,1788008948965549,129416,54.52643299102783,52.52046728134155,1788008948964238,1.311064,1788008949331959040,398251,398252,1788008949324887552,1788008949333221376,0.8485195251037048,8.333921432495117,1.2624263763427734,0.6102674696180556,42,34,506.9259755278878,298.4800079255016,1,245.2188127407471,293.8145499424313,1
1572,1632,1788008948998980045,1788008948998980,129417,54.55986404418945,52.553898334503174,1788008948997668,1.312017,1788008949365391104,398255,398256,1788008949358220800,1788008949366553856,0.86046178936225,8.332967758178711,1.1627674102783203,0.6096761067708333,42,35,506.9156096336852,298.5459927929703,1,245.1401014016902,294.3853878503357,1
1573,1633,1788008949032414913,1788008949032415,129418,54.59329891204834,52.58733320236206,1788008949031104,1.310825,1788008949398827264,398259,398260,1788008949391553280,1788008949399885824,0.8729613733905579,8.33272933959961,1.0585784912109375,0.6125705295138889,42,33,506.9061743641351,298.4570065320371,1,245.18666133462486,294.6598724138016,1
1574,1634,1788008949065846920,1788008949065847,129419,54.62673091888428,52.620765209198,1788008949064535,1.312017,1788008949432260608,398263,398264,1788008949424885504,1788008949433219072,0.8849630943525777,8.333683013916016,0.9586811065673828,0.6136908637152778,42,34,507.0149833624739,298.5509623748541,1,245.04576344146182,294.9007081212277,1
1575,1635,1788008949099277973,1788008949099278,129420,54.6601619720459,52.65419626235962,1788008949097970,1.307964,1788008949465692672,398267,398268,1788008949458218752,1788008949466551552,0.8969384835479256,8.33272933959961,0.8587837219238281,0.6139295789930556,42,32,507.09576623711934,298.7457989993138,1,245.1045913084514,295.11378808000086,1
1576,1636,1788008949132709026,1788008949132709,129421,54.69359302520752,52.68762731552124,1788008949131399,1.31011,1788008949499124992,398271,398272,1788008949491550976,1788008949499884800,0.9088256329566585,8.333921432495117,0.7598400115966797,0.6146430121527777,42,33,507.14425827157913,298.89447553692617,1,245.2146764578595,295.2408528593314,1
1577,1637,1788008949166147947,1788008949166148,129422,54.72703170776367,52.72106599807739,1788008949164830,1.317978,1788008949532564992,398275,398276,1788008949524884224,1788008949533217280,0.9217189779977683,8.332967758178711,0.652313232421875,0.6152560763888889,42,33,507.16691470628507,299.159843404379,1,245.27345763000264,295.5359801663897,1
1578,1638,1788008949199569941,1788008949199570,129423,54.76045370101929,52.75448799133301,1788008949198259,1.310826,1788008949565987840,398279,398280,1788008949558216448,1788008949566549248,0.932618025751073,8.33272933959961,0.5614757537841797,0.6163899739583333,42,31,507.1865600719508,299.1710579279489,1,245.37541769349474,295.7650049167389,1
1579,1639,1788008949232995033,1788008949232995,129424,54.79387903213501,52.78791332244873,1788008949231688,1.30701,1788008949599414272,398283,398284,1788008949591548928,1788008949599882496,0.9438118670252331,8.333683013916016,0.46825408935546875,0.6146484375,42,30,507.11720147608344,299.1430813155971,1,245.60241061016364,296.0975913744502,1
1580,1640,1788008949266426086,1788008949266426,129425,54.82731008529663,52.82134437561035,1788008949265119,1.30701,1788008949632846592,398287,398288,1788008949624882176,1788008949633214976,0.955793991416309,8.33272933959961,0.36835670471191406,0.6146240234375,42,29,507.1412138370734,299.2637799735191,1,245.8072600345152,296.49747320347274,1
1581,1641,1788008949299854040,1788008949299854,129426,54.860738039016724,52.854772329330444,1788008949298547,1.307011,1788008949666275840,398291,398292,1788008949658214400,1788008949666547200,0.96741151898372,8.332967758178711,0.2715587615966797,0.6139946831597223,42,30,507.07624313281855,299.4038833973176,1,245.97586697137302,296.7162374884656,1
1582,1642,1788008949333281994,1788008949333282,129427,54.894165992736816,52.88820028305054,1788008949331977,1.305103,1788008949699704576,398295,398296,1788008949691546624,1788008949699880704,0.9788871406093549,8.333921432495117,0.17595291137695312,0.6138075086805556,42,30,506.9951643425612,299.52485195612036,1,246.07343796736478,296.6444683186182,1
1583,1643,1788008949366713047,1788008949366713,129428,54.92759704589844,52.92163133621216,1788008949365399,1.314163,1788008949733136896,398299,398300,1788008949724879872,1788008949733212672,0.990901287553648,8.33272933959961,0.07581710815429688,0.6123589409722222,42,31,506.87338417860076,299.8458675700721,1,246.28960548750712,296.76927243292187,1
1584,1644,1788008949400145054,1788008949400145,129429,54.961029052734375,52.955063343048096,1788008949398838,1.307011,1788008949766569984,398304,398305,1788008949766545152,1788008949774878976,0.003003862108425118,8.333921432495117,0.025033950805664062,0.6125081380208334,42,31,506.8311158896465,300.0503583636174,1,246.65944106959904,296.91449645865,1
1585,1645,1788008949433574915,1788008949433575,129430,54.99445867538452,52.98849296569824,1788008949432267,1.307964,1788008949800001024,398308,398309,1788008949799878400,1788008949808211200,0.014706723891273248,8.33272933959961,0.12254714965820312,0.6121799045138889,42,31,506.7027501025394,300.0711568546043,1,247.12340124902704,296.9736047110666,1
1586,1646,1788008949467006922,1788008949467007,129431,55.02789092063904,53.02192521095276,1788008949465697,1.309872,1788008949833434368,398312,398313,1788008949833210624,1788008949841543424,0.026838340486409155,8.33272933959961,0.22363662719726562,0.6106201171875,42,31,506.66210033922425,300.17198401347423,1,247.4638589301643,297.1549310251402,1
1587,1647,1788008949500437021,1788008949500437,129432,55.061320781707764,53.055355072021484,1788008949499126,1.311064,1788008949866865408,398316,398317,1788008949866542848,1788008949874875904,0.03871133873136677,8.332967758178711,0.32258033752441406,0.6124837239583333,42,29,506.568209274937,300.4488396825866,1,247.77303153985136,297.3267984474636,1
1588,1648,1788008949533879995,1788008949533880,129433,55.09476399421692,53.08879828453064,1788008949532556,1.323938,1788008949900309760,398320,398321,1788008949899875072,1788008949908207872,0.05216022889842632,8.33272933959961,0.43463706970214844,0.6130208333333333,42,31,506.5479846683385,300.768387713601,1,248.04413463804462,297.34274225788164,1
1589,1649,1788008949567320108,1788008949567320,129434,55.12820386886597,53.12223815917969,1788008949565994,1.326084,1788008949933750272,398324,398325,1788008949933207552,1788008949941541120,0.06514275905475768,8.333683013916016,0.5428791046142578,0.6128770616319444,42,32,506.54812569639677,300.97905961119477,1,248.2178023403559,297.6698469086153,1
1590,1650,1788008949600730896,1788008949600731,129435,55.161614656448364,53.155648946762085,1788008949599423,1.307964,1788008949967161856,398328,398329,1788008949966540800,1788008949974873600,0.07453505007153076,8.33272933959961,0.6210803985595703,0.6123426649305556,42,33,506.5381730586522,301.0408976082974,1,248.29380981122227,297.7494433214888,1
1591,1651,1788008949634166002,1788008949634166,129436,55.19505000114441,53.18908429145813,1788008949632851,1.315117,1788008950000598016,398332,398333,1788008949999873024,1788008950008205824,0.08700752482046294,8.332967758178711,0.7250308990478516,0.6133327907986111,42,31,506.58805408591854,301.07363988378484,1,248.37346450169565,297.7683213852636,1
1592,1652,1788008949667594910,1788008949667595,129437,55.22847890853882,53.22251319885254,1788008949666288,1.307011,1788008950034028032,398336,398337,1788008950033205248,1788008950041539072,0.09872693463023888,8.333921432495117,0.8227825164794922,0.6166069878472222,42,31,506.70957587889563,301.02511468359353,1,248.33681017543154,297.8574515272202,1
1593,1653,1788008949701025009,1788008949701025,129438,55.26190900802612,53.255943298339844,1788008949699719,1.306057,1788008950067459328,398340,398341,1788008950066538496,1788008950074871296,0.11050071530758226,8.33272933959961,0.9207725524902344,0.6167561848958333,42,34,506.92857208123917,300.92981662563994,1,248.18212273643258,297.7889077954011,1
1594,1654,1788008949734457016,1788008949734457,129439,55.29534101486206,53.28937530517578,1788008949733148,1.308918,1788008950100892416,398344,398345,1788008950099870976,1788008950108203776,0.12260371959942776,8.33272933959961,1.0216236114501953,0.6152560763888889,42,31,507.03083954040153,301.1235826591379,1,247.99514653552842,297.8954341506663,1
1595,1655,1788008949767879963,1788008949767880,129440,55.32876372337341,53.322798013687134,1788008949766571,1.308918,1788008950134316544,398348,398349,1788008950133203968,1788008950141537024,0.13350118737661298,8.332967758178711,1.1124610900878906,0.6156439887152778,42,33,507.1515544367682,301.10815640842446,1,247.75202274375286,297.97442613894054,1
1596,1656,1788008949801309109,1788008949801309,129441,55.36219310760498,53.3562273979187,1788008949800001,1.308203,1788008950167747072,398352,398353,1788008950166536448,1788008950174869248,0.14528911905238762,8.332967758178711,1.2106895446777344,0.6149197048611111,42,29,507.2684628507963,301.12430779353406,1,247.64203019816216,297.8808365238808,1
1597,1657,1788008949834738970,1788008949834739,129442,55.39562273025513,53.38965702056885,1788008949833429,1.309872,1788008950201177600,398356,398357,1788008950199868672,1788008950208202240,0.15706356926245923,8.333683013916016,1.3089179992675781,0.6143147786458333,42,30,507.3629276939402,301.17011063458335,1,247.6563630744662,297.7805520615789,1
1598,1658,1788008949868165016,1788008949868165,129443,55.429049015045166,53.42308330535889,1788008949866858,1.30701,1788008950234605056,398360,398361,1788008950233201920,1788008950241534720,0.16838340486409156,8.33272933959961,1.4030933380126953,0.6130533854166667,42,32,507.3959265613959,301.23430462244215,1,247.59951007099374,297.6765948821021,1
1599,1659,1788008949901596069,1788008949901596,129444,55.46248006820679,53.45651435852051,1788008949900290,1.306057,1788008950268037120,398364,398365,1788008950266534144,1788008950274866944,0.18036679923321222,8.332967758178711,1.50299072265625,0.6142361111111111,42,31,507.4169725239922,301.20541614009784,1,247.46329868216776,297.57820323881765,1
1600,1660,1788008949935025930,1788008949935026,129445,55.495909690856934,53.489943981170654,1788008949933717,1.308918,1788008950301468160,398368,398369,1788008950299866368,1788008950308200448,0.1921899585180947,8.333921432495117,1.6016960144042969,0.6126220703125,42,32,507.24324230760783,301.1564335156016,1,247.3399541767019,297.60916656133065,1
1601,1661,1788008949968455076,1788008949968455,129446,55.5293390750885,53.52337336540222,1788008949967148,1.30701,1788008950334898688,398372,398373,1788008950333199616,1788008950341532416,0.20389127324749642,8.33272933959961,1.6989707946777344,0.6127495659722222,42,32,507.19887966484885,301.024141384226,1,247.3045144853155,297.49499520321973,1
1602,1662,1788008950001888037,1788008950001888,129447,55.562771797180176,53.5568060874939,1788008950000578,1.31011,1788008950368332544,398376,398377,1788008950366532096,1788008950374864896,0.21608011444921316,8.33272933959961,1.800537109375,0.6065945095486112,42,30,507.1926217114444,301.021408642485,1,247.33088721129138,297.2006614139925,1
1603,1663,1788008950035314083,1788008950035314,129448,55.596198081970215,53.590232372283936,1788008950034007,1.307011,1788008950401759744,398380,398381,1788008950399864320,1788008950408198144,0.2274638821341725,8.333921432495117,1.8956661224365234,0.6087619357638889,42,32,507.14179680721645,301.1032137321338,1,247.32007807765473,297.0290060203495,1
1604,1664,1788008950068741083,1788008950068741,129449,55.62962508201599,53.62365937232971,1788008950067438,1.303196,1788008950435187968,398384,398385,1788008950433197568,1788008950441530368,0.2388772853423364,8.332967758178711,1.9905567169189453,0.6061469184027778,42,32,507.06442515502357,301.11994318658725,1,247.35269053995654,296.8594884999788,1
1605,1665,1788008950102174044,1788008950102174,129450,55.663057804107666,53.65709209442139,1788008950100866,1.307965,1788008950468622080,398388,398389,1788008950466529792,1788008950474862592,0.2510729613733906,8.33272933959961,2.092123031616211,0.6065728081597223,42,34,507.0353002359276,301.10892453376505,1,247.3597853320444,296.60347545692366,1
1606,1666,1788008950135606050,1788008950135606,129451,55.6964898109436,53.690524101257324,1788008950134296,1.31011,1788008950502055168,398392,398393,1788008950499862272,1788008950508195840,0.2631458488298907,8.333683013916016,2.192974090576172,0.6074164496527777,42,32,507.19928867457236,301.08006948571796,1,247.22355025091045,296.64911001783486,1
1607,1667,1788008950169037104,1788008950169037,129452,55.729920864105225,53.723955154418945,1788008950167725,1.312018,1788008950535487488,398396,398397,1788008950533195520,1788008950541528320,0.2750500715307582,8.33272933959961,2.2919178009033203,0.6082438151041667,42,32,507.3979279442135,301.15659626252443,1,247.1233234984453,296.6948381808558,1
1608,1668,1788008950202466011,1788008950202466,129453,55.76335000991821,53.757384300231934,1788008950201155,1.311064,1788008950568917760,398400,398401,1788008950566527488,1788008950574861568,0.2867973108282077,8.333921432495117,2.390146255493164,0.6089138454861112,42,31,507.5387783680667,301.1937384758287,1,247.13242437944314,296.6652300303716,1
1609,1669,1788008950235894918,1788008950235895,129454,55.79677891731262,53.79081320762634,1788008950234583,1.312017,1788008950602347520,398404,398405,1788008950599860992,1788008950608193792,0.2984177848988584,8.332967758178711,2.486705780029297,0.6074191623263889,42,33,507.57500601255794,301.260647943301,1,247.08960695066503,296.69808696968875,1
1610,1670,1788008950269324064,1788008950269324,129455,55.83020782470703,53.82424211502075,1788008950268015,1.309156,1788008950635777792,398408,398409,1788008950633193216,1788008950641526016,0.31015736766809726,8.33272933959961,2.5844573974609375,0.607373046875,42,33,507.7241503256764,301.2422706253037,1,246.9852853207465,296.4540690072633,1
1611,1671,1788008950302752018,1788008950302752,129456,55.863635778427124,53.857670068740845,1788008950301444,1.307964,1788008950669206528,398412,398413,1788008950666525696,1788008950674859264,0.32170853121245063,8.333683013916016,2.6810169219970703,0.6132649739583333,42,32,507.90109290945634,301.0171341985388,1,246.84771367331405,296.0594607717891,1
1612,1672,1788008950336182117,1788008950336182,129457,55.89706587791443,53.89110016822815,1788008950334873,1.309156,1788008950702637824,398416,398417,1788008950699858944,1788008950708191744,0.33350500715307585,8.33272933959961,2.7790069580078125,0.6165283203125,42,30,508.0823411059348,300.86122225762176,1,246.69225740583784,295.5431571116015,1
1613,1673,1788008950369613886,1788008950369614,129458,55.93049764633179,53.92453193664551,1788008950368304,1.309872,1788008950736070912,398420,398421,1788008950733190912,1788008950741523968,0.345598123086607,8.332967758178711,2.8798580169677734,0.6158393012152777,42,32,508.2565131457384,300.80213386689996,1,246.64387959993277,295.10753275727797,1
1614,1674,1788008950403043985,1788008950403044,129459,55.96392798423767,53.95796227455139,1788008950401735,1.308918,1788008950769502720,398424,398425,1788008950766523392,1788008950774857216,0.3574881991131455,8.333921432495117,2.979278564453125,0.6148301866319444,42,31,508.41130299256486,300.69666589657453,1,246.61485022776174,294.7372501827812,1
1615,1675,1788008950436471939,1788008950436472,129460,55.997355937957764,53.991390228271484,1788008950435163,1.308918,1788008950802931712,398428,398429,1788008950799856640,1788008950808189440,0.3690414878397711,8.33272933959961,3.075122833251953,0.6147976345486111,42,31,508.596552306611,300.6137534583312,1,246.5921078200621,294.6582990015551,1
1616,1676,1788008950469902992,1788008950469903,129461,56.030786991119385,54.024821281433105,1788008950468592,1.311064,1788008950836363776,398432,398433,1788008950833189120,1788008950841521664,0.3810014306151645,8.33272933959961,3.1747817993164062,0.6143880208333333,42,31,508.6870913914391,300.55077682900196,1,246.56304909886137,294.6048674063012,1
1617,1677,1788008950503333092,1788008950503333,129462,56.06421709060669,54.05825138092041,1788008950502021,1.312018,1788008950869794816,398436,398437,1788008950866521088,1788008950874854144,0.39286429572830533,8.332967758178711,3.2737255096435547,0.6132269965277778,42,30,508.71458281845025,300.50994315730117,1,246.58585203820465,294.6969895163587,1
1618,1678,1788008950536763906,1788008950536764,129463,56.09764766693115,54.09168195724487,1788008950535451,1.312971,1788008950903226624,398440,398441,1788008950899853568,1788008950908186112,0.4048068669527897,8.33272933959961,3.3731460571289062,0.6073106553819444,42,30,508.7591995324183,300.70255245976244,1,246.60896694479436,294.8737171036695,1
1619,1679,1788008950570198059,1788008950570198,129464,56.1310818195343,54.12511610984802,1788008950568890,1.307964,1788008950936662016,398444,398445,1788008950933185792,1788008950941519616,0.41711964295931797,8.333683013916016,3.4761428833007812,0.6033582899305555,42,31,508.81438170029577,300.82699342301345,1,246.69545326885782,294.97421260573486,1
1620,1680,1788008950603634119,1788008950603634,129465,56.16451811790466,54.158552408218384,1788008950602319,1.315117,1788008950970099456,398448,398449,1788008950966519040,1788008950974851840,0.42967095851216025,8.33272933959961,3.580331802368164,0.6034559461805555,42,30,508.74602261972495,300.82321384605325,1,246.89352517595356,295.0328131809202,1
1621,1681,1788008950637058973,1788008950637059,129466,56.19794297218323,54.19197726249695,1788008950635748,1.311063,1788008951003525376,398452,398453,1788008950999851264,1788008951008184320,0.440931589940202,8.332967758178711,3.6742687225341797,0.6052734375,42,30,508.71197422981174,300.81693231387356,1,247.05760107385032,295.231680531278,1
1622,1682,1788008950670491934,1788008950670492,129467,56.2313756942749,54.22540998458862,1788008950669178,1.313925,1788008951036959488,398456,398457,1788008951033183488,1788008951041517568,0.4530682305821771,8.333921432495117,3.7758350372314453,0.6051079644097223,42,30,508.6804630357462,300.67811010854564,1,247.1990718333538,295.03329796715093,1
1623,1683,1788008950703923941,1788008950703924,129468,56.26480793952942,54.25884222984314,1788008950702615,1.308918,1788008951070392576,398460,398461,1788008951066516992,1788008951074849536,0.46512160228898425,8.33272933959961,3.875732421875,0.6047743055555556,42,30,508.68352176061626,300.5058755313084,1,247.20417181568982,294.8311252127897,1
1624,1684,1788008950737360001,1788008950737360,129469,56.2982439994812,54.29227828979492,1788008950736045,1.315117,1788008951103829504,398464,398465,1788008951099849216,1788008951108182016,0.4776824034334764,8.33272933959961,3.980398178100586,0.6036485460069444,42,30,508.73229355169053,300.4111951356907,1,247.20059571593464,294.88754531105224,1
1625,1685,1788008950770788908,1788008950770789,129470,56.33167266845703,54.32570695877075,1788008950769473,1.315832,1788008951137259008,398468,398469,1788008951133181440,1788008951141515264,0.48928622514661707,8.333921432495117,4.077672958374023,0.6033338758680555,42,28,508.85950916870314,300.2021147109766,1,247.14430793544665,294.81046479554584,1
1626,1686,1788008950804222107,1788008950804222,129471,56.36510610580444,54.359140396118164,1788008950802910,1.312018,1788008951170693376,398472,398473,1788008951166514688,1788008951174847488,0.5014734914594718,8.332967758178711,4.154205322265625,0.6054334852430555,42,30,508.9071384730015,300.1953398152085,1,247.0483923706164,294.7721108148834,1
1627,1687,1788008950837652922,1788008950837653,129472,56.398536920547485,54.392571210861206,1788008950836341,1.312018,1788008951204125696,398476,398477,1788008951199846912,1788008951208180736,0.5134176346054815,8.333683013916016,4.055023193359375,0.6114393446180556,42,29,508.84957354191806,300.2253441039008,1,246.9025191379298,294.67858903382427,1
1628,1688,1788008950871081114,1788008950871081,129473,56.43196511268616,54.42599940299988,1788008950869771,1.31011,1788008951237554944,398480,398481,1788008951233180160,1788008951241512960,0.5250071530758226,8.33272933959961,3.957986831665039,0.6178059895833333,42,32,508.83903420725886,300.32979046478823,1,246.8075670824579,294.6602893771482,1
1629,1689,1788008950904512882,1788008950904513,129474,56.46539664268494,54.45943093299866,1788008950903202,1.310825,1788008951270987776,398484,398485,1788008951266512384,1788008951274845440,0.5370661783639953,8.332967758178711,3.8576126098632812,0.6166368272569445,42,31,508.83626057733113,300.5008550358724,1,246.7443502396369,294.81233261425587,1
1630,1690,1788008950937942982,1788008950937943,129475,56.49882698059082,54.49286127090454,1788008950936637,1.306057,1788008951304419072,398488,398489,1788008951299844864,1788008951308178688,0.5488771277356601,8.333921432495117,3.759622573852539,0.6161241319444445,42,29,508.6890410613033,300.52082883389204,1,246.71800537376538,294.830745160002,1
1631,1691,1788008950971371889,1788008950971372,129476,56.53225564956665,54.52628993988037,1788008950970067,1.304865,1788008951337848832,398492,398493,1788008951333178112,1788008951341510656,0.5605436337625179,8.33272933959961,3.6618709564208984,0.6169243706597223,42,29,508.55034573372154,300.3958894096223,1,246.8083063768671,294.97067587691595,1
1632,1692,1788008951004802942,1788008951004803,129477,56.56568670272827,54.55972099304199,1788008951003497,1.306057,1788008951371280896,398496,398497,1788008951366510336,1788008951374843136,0.5725035765379113,8.33272933959961,3.5622119903564453,0.61416015625,42,29,508.3898031170178,300.39236004093584,1,246.85683210357516,295.00578051280394,1
1633,1693,1788008951038233042,1788008951038233,129478,56.599117040634155,54.593151330947876,1788008951036925,1.307965,1788008951404712448,398500,398501,1788008951399842560,1788008951408176384,0.5843513088256329,8.333921432495117,3.4639835357666016,0.6133734809027778,42,31,508.2992368411763,300.44986361849334,1,246.9601589566284,295.0454402037193,1
1634,1694,1788008951071659088,1788008951071659,129479,56.632542848587036,54.62657713890076,1788008951070356,1.303196,1788008951438139392,398504,398505,1788008951433175808,1788008951441508864,0.5956624989270694,8.332967758178711,3.3693313598632812,0.6138427734375,42,31,508.16658970161836,300.52938499065675,1,247.08442676246622,295.3626978373085,1
1635,1695,1788008951105089903,1788008951105090,129480,56.66597366333008,54.6600079536438,1788008951103776,1.313925,1788008951471571456,398508,398509,1788008951466508032,1788008951474840832,0.6076394849785408,8.33272933959961,3.2694339752197266,0.6127902560763889,42,30,507.93459981017816,300.67320207880033,1,247.130390854623,295.9914762094078,1
1636,1696,1788008951138518095,1788008951138518,129481,56.69940185546875,54.69343614578247,1788008951137207,1.311064,1788008951505000704,398512,398513,1788008951499840512,1788008951508174080,0.6191852148538078,8.333683013916016,3.1735897064208984,0.6111192491319445,42,29,507.83394370708675,300.87185884165655,1,247.3835569127831,296.4548145383005,1
1637,1697,1788008951171947956,1788008951171948,129482,56.732831954956055,54.726866245269775,1788008951170638,1.309872,1788008951538432000,398516,398517,1788008951533173760,1788008951541506560,0.6310157367668098,8.33272933959961,3.07464599609375,0.6115098741319445,42,29,507.94488831132026,300.82448637074896,1,247.58418422654375,296.35041651323206,1
1638,1698,1788008951205378056,1788008951205378,129483,56.76626181602478,54.7602961063385,1788008951204068,1.310111,1788008951571862784,398520,398521,1788008951566505984,1788008951574838784,0.6428428371148179,8.332967758178711,2.9761791229248047,0.6114176432291667,42,30,508.105298685913,300.86933975772894,1,247.7256721991103,296.26265690246385,1
1639,1699,1788008951238806963,1788008951238807,129484,56.79969096183777,54.79372525215149,1788008951237497,1.309872,1788008951605293312,398524,398525,1788008951599839232,1788008951608172288,0.6545163228519928,8.332967758178711,2.878904342651367,0.6110405815972222,42,32,507.877037456653,301.0820552920211,1,247.71904776065392,296.3811764582272,1
1640,1700,1788008951272237062,1788008951272237,129485,56.833120822906494,54.827155113220215,1788008951270926,1.311063,1788008951638724352,398528,398529,1788008951633171456,1788008951641504256,0.6663805436337625,8.33272933959961,2.7799606323242188,0.6107638888888889,42,33,507.5845983844073,301.18372379214594,1,247.72737642293342,296.38949570052233,1
1641,1701,1788008951305669069,1788008951305669,129486,56.86655306816101,54.86058735847473,1788008951304356,1.312971,1788008951672158976,398532,398533,1788008951666503936,1788008951674837504,0.6785775590776449,8.333683013916016,2.6786327362060547,0.6116753472222223,42,30,507.21895139740485,301.08301347081107,1,247.7381711032944,296.18845502904765,1
1642,1702,1788008951339098930,1788008951339099,129487,56.89998269081116,54.89401698112488,1788008951337783,1.315832,1788008951705589248,398536,398537,1788008951699837184,1788008951708169984,0.6903004291845494,8.33272933959961,2.5806427001953125,0.6163547092013889,42,31,506.8332276562089,301.06330630908275,1,247.95680409454383,295.82571796631277,1
1643,1703,1788008951372529984,1788008951372530,129488,56.93341374397278,54.9274480342865,1788008951371222,1.307965,1788008951739021056,398540,398541,1788008951733169408,1788008951741502208,0.7022402792480902,8.332967758178711,2.481222152709961,0.6141737196180556,42,33,506.4404077455814,301.18440533216403,1,248.11972785624835,295.51459396006743,1
1644,1704,1788008951405962944,1788008951405963,129489,56.96684694290161,54.96088123321533,1788008951404651,1.312017,1788008951772454912,398544,398545,1788008951766501632,1788008951774835712,0.7143470175940495,8.333921432495117,2.3806095123291016,0.6143798828125,42,35,506.1585913880157,301.2969093710457,1,248.4701833323483,295.2647328603858,1
1645,1705,1788008951439394951,1788008951439395,129490,57.00027894973755,54.99431324005127,1788008951438082,1.312971,1788008951805888256,398548,398549,1788008951799834880,1788008951808167680,0.7264377682403433,8.33272933959961,2.279520034790039,0.6151014539930556,42,37,505.86738497343754,301.2725457436924,1,248.4631951807596,294.8981896804729,1
1646,1706,1788008951472827911,1788008951472828,129491,57.033711671829224,55.027745962142944,1788008951471520,1.307964,1788008951839322112,398552,398553,1788008951833167360,1788008951841500160,0.73862660944206,8.33272933959961,2.1779537200927734,0.6147325303819444,42,33,505.6158709862988,301.271769692463,1,248.38605837207808,294.5253788636042,1
1647,1707,1788008951506258965,1788008951506259,129492,57.067142724990845,55.061177015304565,1788008951504949,1.309872,1788008951872754432,398556,398557,1788008951866499328,1788008951874832384,0.7506222997911361,8.332967758178711,2.0780563354492188,0.6125569661458333,42,33,505.3673676802957,301.2138054326236,1,248.64617840974972,294.3412408783468,1
1648,1708,1788008951539690971,1788008951539691,129493,57.10057497024536,55.09460926055908,1788008951538378,1.312971,1788008951906187776,398560,398561,1788008951899831808,1788008951908164608,0.7627753934191702,8.33272933959961,1.9767284393310547,0.6134141710069444,42,31,505.15668089243167,301.1268357509241,1,249.05749092149898,294.28917037640525,1
1649,1709,1788008951573127031,1788008951573127,129494,57.134010791778564,55.128045082092285,1788008951571816,1.311063,1788008951939624704,398564,398565,1788008951933164032,1788008951941497856,0.7752474681009327,8.333683013916016,1.873016357421875,0.6135335286458333,42,32,504.8127321135396,300.6790147714755,1,249.29136410194786,294.12046901253177,1
1650,1710,1788008951606558084,1788008951606558,129495,57.167442083358765,55.161476373672485,1788008951605245,1.312971,1788008951973057024,398568,398569,1788008951966497536,1788008951974830080,0.7872103004291845,8.33272933959961,1.7731189727783203,0.6128282335069445,42,32,504.47825444943794,300.8747323844052,1,249.68218239178344,294.03859544771353,1
1651,1711,1788008951639987946,1788008951639988,129496,57.20087194442749,55.19490623474121,1788008951638681,1.307011,1788008952006488064,398572,398573,1788008951999829504,1788008952008162560,0.799061543303482,8.332967758178711,1.6744136810302734,0.6126491970486111,42,31,504.37331320883334,301.1105051592848,1,250.0768886017076,294.0325139034262,1
1652,1712,1788008951673420906,1788008951673421,129497,57.234304666519165,55.228338956832886,1788008951672111,1.309872,1788008952039921920,398576,398577,1788008952033161984,1788008952041495808,0.8111572021170076,8.333921432495117,1.573801040649414,0.6112901475694444,42,32,504.2412388387935,301.029339273793,1,250.4207971529749,294.098344410907,1
1653,1713,1788008951706854105,1788008951706854,129498,57.26773810386658,55.2617723941803,1788008951705540,1.314163,1788008952073356544,398580,398581,1788008952066495232,1788008952074828032,0.8234334763948498,8.33272933959961,1.4712810516357422,0.6118570963541666,42,32,504.0600803530397,300.8722133553013,1,250.63297446671254,294.01850323498945,1
1654,1714,1788008951740287066,1788008951740287,129499,57.30117082595825,55.29520511627197,1788008951738978,1.309157,1788008952106790656,398584,398585,1788008952099827456,1788008952108160256,0.8356223175965666,8.33272933959961,1.3697147369384766,0.6107042100694444,42,30,503.992536153184,300.5464966095499,1,250.8339666391475,293.8315943605509,1
1655,1715,1788008951773720980,1788008951773721,129500,57.3346049785614,55.32863926887512,1788008951772408,1.312971,1788008952140225792,398588,398589,1788008952133159680,1788008952141493504,0.8478901444714633,8.333921432495117,1.2676715850830078,0.6111653645833334,42,30,504.03656812217525,300.6903847044009,1,250.94639059997832,293.50129545103056,1
1656,1716,1788008951807153940,1788008951807154,129501,57.368037700653076,55.3620719909668,1788008951805845,1.308918,1788008952173659904,398592,398593,1788008952166492928,1788008952174825984,0.8600612285771508,8.332967758178711,1.1661052703857422,0.6120334201388888,42,31,504.1410044483336,300.7706973174083,1,251.03489915147023,293.46013727381296,1
1657,1717,1788008951840585947,1788008951840586,129502,57.40146994590759,55.39550423622131,1788008951839274,1.312017,1788008952207092736,398596,398597,1788008952199825408,1788008952208157952,0.8721602288984264,8.33272933959961,1.0652542114257812,0.6111952039930556,42,32,504.2236838909622,300.7792975345416,1,251.14561600972706,293.58440653303546,1
1658,1718,1788008951874020100,1788008951874020,129503,57.43490386009216,55.428938150405884,1788008951872711,1.309157,1788008952240527360,398600,398601,1788008952233158656,1788008952241491200,0.8843204577968526,8.33272933959961,0.9639263153076172,0.6133897569444444,42,34,504.24027927728605,300.81276000071875,1,251.26526839856282,293.8375332933149,1
1659,1719,1788008951907452106,1788008951907452,129504,57.46833610534668,55.4623703956604,1788008951906145,1.30701,1788008952273960448,398604,398605,1788008952266490624,1788008952274823680,0.8963978140825728,8.332967758178711,0.8633136749267578,0.6125271267361111,42,33,504.2693840354731,300.7654579687192,1,251.32761345648925,294.0364420428671,1
1660,1720,1788008951940881968,1788008951940882,129505,57.501765727996826,55.49580001831055,1788008951939569,1.312972,1788008952307391232,398608,398609,1788008952299823104,1788008952308156928,0.9081104276927479,8.333921432495117,0.7658004760742188,0.6162462022569445,42,34,504.2815615306413,300.6765427941449,1,251.35586141180505,294.13896239498575,1
1661,1721,1788008951974317074,1788008951974317,129506,57.53520083427429,55.52923512458801,1788008951973007,1.31011,1788008952340827392,398612,398613,1788008952333156352,1788008952341489152,0.9206008583690987,8.33272933959961,0.6616115570068359,0.6151529947916666,42,35,504.2932169357466,300.63045513396366,1,251.2933669313105,294.08435078471734,1
1662,1722,1788008952007750034,1788008952007750,129507,57.568634033203125,55.562668323516846,1788008952006437,1.312971,1788008952374261760,398616,398617,1788008952366488576,1788008952374821376,0.9328469241773962,8.33272933959961,0.5595684051513672,0.6155436197916667,42,36,504.3072883552912,300.63208647349563,1,251.24160840998027,293.6461414074463,1
1663,1723,1788008952041179895,1788008952041180,129508,57.60206389427185,55.59609818458557,1788008952039866,1.313924,1788008952407692544,398620,398621,1788008952399820800,1788008952408154624,0.9445572879416393,8.333921432495117,0.4620552062988281,0.6163682725694445,42,36,504.34900410697253,300.6409662824355,1,251.22634755724084,293.2524591514023,1
1664,1724,1788008952074609041,1788008952074609,129509,57.63549304008484,55.62952733039856,1788008952073304,1.305103,1788008952441123072,398624,398625,1788008952433154048,1788008952441487104,0.9563102629395439,8.332967758178711,0.36406517028808594,0.6134792751736111,42,34,504.32897582500345,300.66280179467464,1,251.23625350808695,292.9808828421208,1
1665,1725,1788008952108043909,1788008952108044,129510,57.668927907943726,55.662962198257446,1788008952106734,1.309872,1788008952474558976,398628,398629,1788008952466486528,1788008952474819072,0.9687839771101574,8.33272933959961,0.2601146697998047,0.6139729817708334,42,33,504.32365616831487,300.67734904777467,1,251.18573512747872,292.8116284512338,1
1666,1726,1788008952141474962,1788008952141475,129511,57.70235896110535,55.69639325141907,1788008952140163,1.312017,1788008952507991296,398632,398633,1788008952499818752,1788008952508152576,0.9806602963895406,8.333683013916016,0.16117095947265625,0.6144748263888888,42,34,504.3356051740707,300.61386505987775,1,251.20092072306957,292.82464465227855,1
1667,1727,1788008952174906969,1788008952174907,129512,57.735790729522705,55.729825019836426,1788008952173593,1.313925,1788008952541424128,398636,398637,1788008952533152000,1788008952541484800,0.9927038626609442,8.33272933959961,0.06079673767089844,0.6116997612847223,42,33,504.3419946623251,300.54960373852293,1,251.22087742100365,292.91066381392267,1
1668,1728,1788008952208336115,1788008952208336,129513,57.76922011375427,55.76325440406799,1788008952207029,1.307011,1788008952574854912,398641,398642,1788008952574817280,1788008952583150848,0.004520226583509756,8.333683013916016,0.037670135498046875,0.6115315755208334,42,32,504.3750606181776,300.43156135322386,1,251.26875341702618,293.036322988475,1
1669,1729,1788008952241771936,1788008952241772,129514,57.802655935287476,55.796690225601196,1788008952240459,1.312971,1788008952608291840,398645,398646,1788008952608150528,1788008952616483328,0.016967095851216023,8.33272933959961,0.14138221740722656,0.6107666015625,42,33,504.3690770856389,300.32948431320125,1,251.22594104381284,293.13110193229903,1
1670,1730,1788008952275199890,1788008952275200,129515,57.83608388900757,55.83011817932129,1788008952273890,1.309872,1788008952641721088,398649,398650,1788008952641482496,1788008952649816576,0.028608210556429696,8.333921432495117,0.2384185791015625,0.6121256510416667,42,34,504.35166554035175,300.2341940199177,1,251.13896531754153,293.1571253245634,1
1671,1731,1788008952308630943,1788008952308631,129516,57.86951494216919,55.86354923248291,1788008952307318,1.312971,1788008952675153152,398653,398654,1788008952674816000,1788008952683148800,0.04048525077966296,8.332967758178711,0.33736228942871094,0.6124186197916667,42,35,504.3195534218654,300.15593854386304,1,251.00862015382103,293.1220832281949,1
1672,1732,1788008952342058897,1788008952342059,129517,57.90294289588928,55.896977186203,1788008952340747,1.311779,1788008952708582400,398657,398658,1788008952708148224,1788008952716481024,0.052103004291845494,8.33272933959961,0.4341602325439453,0.6110270182291667,42,35,504.292488742853,300.1002939597364,1,250.89102519307858,293.00322086826986,1
1673,1733,1788008952375488997,1788008952375489,129518,57.93637299537659,55.93040728569031,1788008952374177,1.312018,1788008952742013440,398661,398662,1788008952741480704,1788008952749814272,0.06394117983635636,8.333683013916016,0.5328655242919922,0.6109022352430555,42,36,504.2877888121717,300.0733980836389,1,250.79081354926112,292.8591475967719,1
1674,1734,1788008952408919096,1788008952408919,129519,57.96980285644531,55.96383714675903,1788008952407608,1.311064,1788008952775444480,398665,398666,1788008952774813952,1788008952783146496,0.07567954220314735,8.33272933959961,0.6306171417236328,0.6109375,42,34,504.2770325073135,300.0716995195843,1,250.72906174589951,292.79127722485885,1
1675,1735,1788008952442348957,1788008952442349,129520,58.00323295593262,55.99726724624634,1788008952441037,1.312017,1788008952808875776,398669,398670,1788008952808145920,1788008952816478976,0.0875797545134617,8.332967758178711,0.7297992706298828,0.6116943359375,42,36,504.3258484152092,300.0497631428891,1,250.6457724994654,292.6892411681084,1
1676,1736,1788008952475779057,1788008952475779,129521,58.03666305541992,56.03069734573364,1788008952474468,1.311064,1788008952842307072,398673,398674,1788008952841478400,1788008952849812224,0.09944213989414961,8.333921432495117,0.8287429809570312,0.6133978949652777,42,36,504.37066785879335,300.0013640471063,1,250.55727974222447,292.63402813212036,1
1677,1737,1788008952509208918,1788008952509209,129522,58.07009267807007,56.06412696838379,1788008952507897,1.312018,1788008952875737600,398677,398678,1788008952874810624,1788008952883143424,0.11124463519313305,8.33272933959961,0.926971435546875,0.6152994791666667,42,37,504.39506805609926,299.88812057245974,1,250.4098397447719,292.5486609500443,1
1678,1738,1788008952542639017,1788008952542639,129523,58.10352301597595,56.09755730628967,1788008952541327,1.312017,1788008952909169408,398681,398682,1788008952908142848,1788008952916476672,0.12318695465598627,8.333921432495117,1.0266304016113281,0.6147623697916667,42,36,504.4104386350274,299.77799056452653,1,250.3491174433362,292.4711334554081,1
1679,1739,1788008952576067924,1788008952576068,129524,58.13695168495178,56.1309859752655,1788008952574763,1.304864,1788008952942599424,398685,398686,1788008952941476096,1788008952949809152,0.1347887041858602,8.332967758178711,1.123189926147461,0.6131646050347223,42,37,504.4126699243281,299.6932944415211,1,250.35952778669184,292.4305851598382,1
1680,1740,1788008952609502077,1788008952609502,129525,58.17038583755493,56.16442012786865,1788008952608192,1.31011,1788008952976034560,398689,398690,1788008952974808576,1788008952983141120,0.14715307582260373,8.33272933959961,1.226186752319336,0.613623046875,42,37,504.3844615620036,299.63815921599456,1,250.3005877610114,292.36294022497214,1
1681,1741,1788008952642935038,1788008952642935,129526,58.203818798065186,56.197853088378906,1788008952641621,1.313925,1788008953009468672,398693,398694,1788008953008140800,1788008953016474368,0.1593236825542141,8.333683013916016,1.3277530670166016,0.6134792751736111,42,35,504.36949947643467,299.5897329669577,1,250.2618972153859,292.3266981352181,1
1682,1742,1788008952676367044,1788008952676367,129527,58.2372510433197,56.23128533363342,1788008952675051,1.31607,1788008953042902016,398697,398698,1788008953041474048,1788008953049806848,0.17135908440629471,8.33272933959961,1.4278888702392578,0.6142876519097222,42,36,504.33792499369554,299.45666048791975,1,250.22258728461938,292.31145007185245,1
1683,1743,1788008952709800959,1788008952709801,129528,58.27068471908569,56.264719009399414,1788008952708489,1.312018,1788008953076336896,398701,398702,1788008953074806272,1788008953083139072,0.18368573145260508,8.332967758178711,1.5306472778320312,0.6123643663194445,42,34,504.37640282237874,299.4508578402848,1,250.13163031731278,292.3540817868279,1
1684,1744,1788008952743232965,1788008952743233,129529,58.30411696434021,56.29815125465393,1788008952741918,1.314878,1788008953109770240,398705,398706,1788008953108138496,1788008953116472576,0.19579459304820485,8.333921432495117,1.6317367553710938,0.6099609375,42,32,504.51593784526153,299.51422999564284,1,250.01629206094128,292.4096627677224,1
1685,1745,1788008952776690006,1788008952776690,129530,58.337573766708374,56.331608057022095,1788008952775357,1.332998,1788008953143228416,398709,398710,1788008953141471744,1788008953149804544,0.21078683834048642,8.33272933959961,1.756429672241211,0.6092203776041667,42,31,504.62728264968655,299.4763631645568,1,249.81844309145336,292.4565439145442,1
1686,1746,1788008952810097933,1788008952810098,129531,58.37098169326782,56.36501598358154,1788008952808785,1.312971,1788008953176637440,398713,398714,1788008953174804224,1788008953183137024,0.22,8.33272933959961,1.833200454711914,0.6061442057291667,42,32,504.6963601598699,299.4133212490836,1,249.72482127335655,292.69134767992387,1
1687,1747,1788008952843524933,1788008952843525,129532,58.4044086933136,56.39844298362732,1788008952842215,1.309872,1788008953210065408,398717,398718,1788008953208136448,1788008953216470272,0.23146903161207266,8.333921432495117,1.9290447235107422,0.6060248480902778,42,32,504.7373938016882,299.32141081470553,1,249.6756627246918,292.93339627664227,1
1688,1748,1788008952876954079,1788008952876954,129533,58.437838077545166,56.43187236785889,1788008952875645,1.309157,1788008953243495936,398721,398722,1788008953241469696,1788008953249802496,0.2431690080398272,8.332967758178711,2.0263195037841797,0.6050048828125,42,29,504.7969255914634,299.290159741872,1,249.68366029463255,293.1655454071689,1
1689,1749,1788008952910381079,1788008952910381,129534,58.47126483917236,56.465299129486084,1788008952909073,1.307965,1788008953276923904,398725,398726,1788008953274801920,1788008953283135744,0.2546203581850432,8.333683013916016,2.1219253540039062,0.605126953125,42,29,504.84738874792123,299.2869341983023,1,249.67389926470736,293.63202056846154,1
1690,1750,1788008952943814993,1788008952943815,129535,58.504698753356934,56.498733043670654,1788008952942503,1.312018,1788008953310358528,398729,398730,1788008953308135168,1788008953316467968,0.26680972818311877,8.33272933959961,2.2232532501220703,0.6056722005208334,42,31,504.8316924708621,299.24572190530824,1,249.68029555762394,294.2421324594816,1
1691,1751,1788008952977235079,1788008952977235,129536,58.538119077682495,56.532153367996216,1788008952975933,1.302004,1788008953343779840,398733,398734,1788008953341467392,1788008953349800448,0.2775027896197534,8.332967758178711,2.3124217987060547,0.6065890842013889,42,33,504.81947555747985,299.19329245632207,1,249.62058247346482,294.813994434668,1
1692,1752,1788008953010663033,1788008953010663,129537,58.57154679298401,56.56558108329773,1788008953009355,1.307965,1788008953377208320,398737,398738,1788008953374799616,1788008953383133696,0.28900014304105276,8.333921432495117,2.4085044860839844,0.6052001953125,42,34,504.7666173408527,299.58132242053046,1,249.4850991248229,295.2190825010394,1
1693,1753,1788008953044087887,1788008953044088,129538,58.60497164726257,56.599005937576294,1788008953042786,1.302004,1788008953410634240,398741,398742,1788008953408133120,1788008953416465664,0.30017167381974247,8.33272933959961,2.501249313354492,0.6052056206597223,42,33,504.6869915159334,300.0875716395253,1,249.36316618317395,295.55704510730124,1
1694,1754,1788008953077517033,1788008953077517,129539,58.63840103149414,56.63243532180786,1788008953076207,1.31011,1788008953444064768,398745,398746,1788008953441465344,1788008953449798144,0.3119599427753934,8.33272933959961,2.599477767944336,0.605126953125,42,33,504.40975244230333,300.54242492595836,1,249.30591713731934,295.78934215873767,1
1695,1755,1788008953110940933,1788008953110941,129540,58.67182469367981,56.66585898399353,1788008953109637,1.303911,1788008953477489664,398749,398750,1788008953474797568,1788008953483131392,0.3230439136032041,8.333921432495117,2.6922225952148438,0.6115180121527778,42,33,504.31092976145123,300.5876514925331,1,249.0962560013387,295.79049973068777,1
1696,1756,1788008953144371033,1788008953144371,129541,58.705254793167114,56.699289083480835,1788008953143060,1.311064,1788008953510920960,398753,398754,1788008953508130816,1788008953516463872,0.3348402048582301,8.332967758178711,2.790212631225586,0.61494140625,42,36,504.14472727181544,300.5614448406012,1,248.87386806904868,295.6402168435948,1
1697,1757,1788008953177797079,1788008953177797,129542,58.73868107795715,56.732715368270874,1788008953176489,1.307964,1788008953544348416,398757,398758,1788008953541463040,1788008953549795840,0.34626609442060086,8.33272933959961,2.8853416442871094,0.6130886501736111,42,38,503.91835910348993,300.615626059597,1,248.73879252639694,295.67843491566583,1
1698,1758,1788008953211224079,1788008953211224,129543,58.77210783958435,56.76614212989807,1788008953209918,1.306057,1788008953577776128,398761,398762,1788008953574795520,1788008953583129088,0.3576700806774618,8.333683013916016,2.9807090759277344,0.6121717664930556,42,36,504.03464074953393,300.62043325182316,1,248.61044841257052,295.9097171893191,1
1699,1759,1788008953244652033,1788008953244652,129544,58.80553579330444,56.799570083618164,1788008953243348,1.30415,1788008953611205376,398765,398766,1788008953608128768,1788008953616461568,0.36921316165951357,8.33272933959961,3.0765533447265625,0.6123345269097222,42,36,504.1096385830883,300.73054036230405,1,248.42510890330828,296.10030461877955,1
1700,1760,1788008953278080940,1788008953278081,129545,58.83896493911743,56.83299922943115,1788008953276771,1.309871,1788008953644635648,398769,398770,1788008953641460992,1788008953649793792,0.3809905295985809,8.332967758178711,3.1747817993164062,0.6102213541666667,42,36,504.24241753348394,300.8170369526524,1,248.3051992253134,296.28037046094295,1
1701,1761,1788008953311507940,1788008953311508,129546,58.87239193916321,56.86642622947693,1788008953310199,1.308918,1788008953678063872,398773,398774,1788008953674793216,1788008953683127040,0.39244743241310254,8.333921432495117,3.2706260681152344,0.6111680772569444,42,38,504.23600295757694,300.867147548427,1,248.31232831928773,296.45103859529263,1
1702,1762,1788008953344945908,1788008953344946,129547,58.90582990646362,56.899864196777344,1788008953343630,1.315833,1788008953711503104,398777,398778,1788008953708126464,1788008953716459264,0.4052074391988555,8.33272933959961,3.376483917236328,0.6061089409722222,42,35,504.31236673725095,300.8798702575399,1,248.2209600735792,296.59832493662077,1
1703,1763,1788008953378367901,1788008953378368,129548,58.93925189971924,56.93328619003296,1788008953377059,1.308918,1788008953744926208,398781,398782,1788008953741458944,1788008953749792512,0.4160611088859644,8.333683013916016,3.4673213958740234,0.5997667100694445,42,31,504.5008284258329,300.83241997787775,1,248.03175422318242,296.7161569594277,1
1704,1764,1788008953411799908,1788008953411800,129549,58.9726836681366,56.96671795845032,1788008953410488,1.312018,1788008953778359040,398785,398786,1788008953774792192,1788008953783124992,0.4280400572246066,8.33272933959961,3.566741943359375,0.5981960720486111,42,32,504.6067595480142,301.0772606361468,1,247.936191048609,297.05262330432316,1
1705,1765,1788008953445231915,1788008953445232,129550,59.006115674972534,57.000149965286255,1788008953443926,1.305819,1788008953811792128,398789,398790,1788008953808124416,1788008953816457216,0.44015907985465363,8.332967758178711,3.6678314208984375,0.5989474826388889,42,34,504.79718436034784,301.1489034971256,1,247.82701723336868,297.22656795488535,1
1706,1766,1788008953478660107,1788008953478660,129551,59.039543867111206,57.03357815742493,1788008953477354,1.306057,1788008953845221632,398793,398794,1788008953841456640,1788008953849790464,0.45175225289658133,8.333921432495117,3.7648677825927734,0.599853515625,42,35,504.97564918877686,301.2827737528634,1,247.7463710333683,297.4698403931075,1
1707,1767,1788008953512090921,1788008953512091,129552,59.07297468185425,57.06700897216797,1788008953510784,1.30701,1788008953878653440,398797,398798,1788008953874789120,1788008953883121664,0.4637768240343348,8.33272933959961,3.8645267486572266,0.5992594401041667,42,36,505.21495733839924,301.54788015703383,1,247.6779825904178,297.61873918362903,1
1708,1768,1788008953545521975,1788008953545522,129553,59.10640573501587,57.10044002532959,1788008953544214,1.307965,1788008953912085760,398801,398802,1788008953908121088,1788008953916454912,0.4757259333428694,8.333921432495117,3.964662551879883,0.5975884331597222,42,32,505.31027670313586,301.5396518218595,1,247.53172689601996,297.59028245527566,1
1709,1769,1788008953578950882,1788008953578951,129554,59.13983488082886,57.13386917114258,1788008953577645,1.305819,1788008953945516032,398805,398806,1788008953941454336,1788008953949787392,0.48742525249635205,8.332967758178711,4.061698913574219,0.5989420572916667,42,34,505.45528180904404,301.6562165555613,1,247.41956715607404,297.4810526098379,1
1710,1770,1788008953612381935,1788008953612382,129555,59.17326593399048,57.1673002243042,1788008953611075,1.307011,1788008953978948096,398809,398810,1788008953974786816,1788008953983119360,0.49939914163090127,8.33272933959961,4.161357879638672,0.5997287326388889,42,34,505.51054410054246,301.7387708457628,1,247.35847903646334,297.3587798401019,1
1711,1771,1788008953645822048,1788008953645822,129556,59.206705808639526,57.20074009895325,1788008953644505,1.317024,1788008954012389120,398813,398814,1788008954008119040,1788008954016452864,0.5123877095611375,8.333683013916016,4.063606262207031,0.6018202039930556,42,36,505.4913947118699,301.7291520604322,1,247.33510474609324,297.2003260556165,1
1712,1772,1788008953679239988,1788008953679240,129557,59.2401237487793,57.23415803909302,1788008953677934,1.306057,1788008954045808384,398817,398818,1788008954041452288,1788008954049785088,0.5227467811158798,8.33272933959961,3.9768218994140625,0.6128553602430555,42,37,505.4656731832116,301.7064368696267,1,247.32917293188538,297.14615449357404,1
1713,1773,1788008953712667942,1788008953712668,129558,59.27355170249939,57.26758599281311,1788008953711362,1.306057,1788008954079237376,398821,398822,1788008954074784512,1788008954083117568,0.5343766988069011,8.332967758178711,3.880023956298828,0.6133002387152777,42,37,505.43555143759255,301.68375122674166,1,247.33425566635532,297.06713779123555,1
1714,1774,1788008953746107101,1788008953746107,129559,59.30699110031128,57.301025390625,1788008953744791,1.31607,1788008954112677888,398825,398826,1788008954108116992,1788008954116450816,0.5472750679445001,8.333921432495117,3.7729740142822266,0.6132459852430555,42,36,505.3644122779163,301.6026186035535,1,247.36021880763855,296.8696003230807,1
1715,1775,1788008953779524088,1788008953779524,129560,59.34040808677673,57.334442377090454,1788008953778224,1.300097,1788008954146096128,398829,398830,1788008954141450240,1788008954149782784,0.5575679542203147,8.33272933959961,3.686666488647461,0.6113471137152777,42,38,505.2696543324673,301.48934326700885,1,247.42552669519176,296.7173324038793,1
1716,1776,1788008953812952042,1788008953812952,129561,59.373836040496826,57.36787033081055,1788008953811644,1.307965,1788008954179525376,398833,398834,1788008954174782464,1788008954183115264,0.5691845493562232,8.33272933959961,3.5898685455322266,0.6119303385416667,42,38,505.20662540911167,301.336479629951,1,247.46757288706834,296.59010997725017,1
1717,1777,1788008953846380949,1788008953846381,129562,59.407264947891235,57.401299238204956,1788008953845072,1.308918,1788008954212955392,398837,398838,1788008954208114688,1788008954216448512,0.5808611071377485,8.333921432495117,3.493070602416992,0.6103081597222222,42,37,505.2149465943701,301.18203106998,1,247.48191172703412,296.4033363645201,1
1718,1778,1788008953879808903,1788008953879809,129563,59.44069290161133,57.43472719192505,1788008953878504,1.304865,1788008954246384640,398841,398842,1788008954241447936,1788008954249780992,0.5924294011616262,8.332967758178711,3.396272659301758,0.609619140625,42,37,505.2973671933135,301.1080086229371,1,247.483746368967,296.1930775781325,1
1719,1779,1788008953913239956,1788008953913240,129564,59.47412395477295,57.46815824508667,1788008953911932,1.307964,1788008954279816704,398845,398846,1788008954274780160,1788008954283112960,0.6044062947067239,8.33272933959961,3.296375274658203,0.6086100260416667,42,32,505.37078900532276,301.0470920114083,1,247.43818916592454,296.1423236982488,1
1720,1780,1788008953946671009,1788008953946671,129565,59.50755500793457,57.50158929824829,1788008953945365,1.306057,1788008954313248512,398849,398850,1788008954308112640,1788008954316446208,0.6162957029238427,8.333683013916016,3.1976699829101562,0.6088812934027777,42,33,505.4534691550287,301.0111401267997,1,247.44064928948427,296.1460015275801,1
1721,1781,1788008953980098009,1788008953980098,129566,59.54098200798035,57.53501629829407,1788008953978793,1.305103,1788008954346676992,398853,398854,1788008954341445888,1788008954349778688,0.6277825464949929,8.33272933959961,3.1015872955322266,0.6113444010416667,42,33,505.54185714662106,300.96677627124285,1,247.45985561835187,296.151204392048,1
1722,1782,1788008954013526917,1788008954013527,129567,59.574410915374756,57.56844520568848,1788008954012223,1.303912,1788008954380107264,398857,398858,1788008954374778112,1788008954383111936,0.6394507223573166,8.333921432495117,3.004789352416992,0.6125244140625,42,36,505.6098536676628,300.88672070864936,1,247.46715058103783,296.13670675548036,1
1723,1783,1788008954046953917,1788008954046954,129568,59.60783791542053,57.60187220573425,1788008954045644,1.309872,1788008954413534976,398861,398862,1788008954408111360,1788008954416444160,0.6508726752503576,8.33272933959961,2.9091835021972656,0.6106797960069444,42,33,505.6746271309345,300.78458145343006,1,247.49432003606853,296.1682939075909,1
1724,1784,1788008954080384970,1788008954080385,129569,59.64126896858215,57.635303258895874,1788008954079074,1.311064,1788008954446966528,398865,398866,1788008954441443584,1788008954449776384,0.6627753934191702,8.33272933959961,2.8100013732910156,0.6102322048611111,42,30,505.72346173549,300.6526517073974,1,247.44239504654337,296.2021114575334,1
1725,1785,1788008954113816977,1788008954113817,129570,59.67470097541809,57.66873526573181,1788008954112504,1.312972,1788008954480399104,398869,398870,1788008954474776064,1788008954483109632,0.6747439491903645,8.333683013916016,2.710580825805664,0.6102701822916666,42,33,505.7497757732763,300.51975593319565,1,247.34672315879124,296.2010186780514,1
1726,1786,1788008954147243977,1788008954147244,129571,59.70812797546387,57.70216226577759,1788008954145942,1.302004,1788008954513827328,398873,398874,1788008954508109056,1788008954516442112,0.6862178478441247,8.332967758178711,2.614736557006836,0.6136827256944445,42,35,505.74556634458,300.37895990206255,1,247.13392083355473,296.06136629794094,1
1727,1787,1788008954180675030,1788008954180675,129572,59.74155902862549,57.73559331893921,1788008954179363,1.312018,1788008954547259648,398877,398878,1788008954541441536,1788008954549774080,0.6982260371959943,8.33272933959961,2.5146007537841797,0.6143988715277777,42,32,505.73326493350044,300.20160406999804,1,247.0364673267954,295.9314137893357,1
1728,1788,1788008954214098930,1788008954214099,129573,59.774982929229736,57.76901721954346,1788008954212792,1.30701,1788008954580684800,398881,398882,1788008954574773760,1788008954583107584,0.7093036562339075,8.333683013916016,2.4225711822509766,0.61591796875,42,32,505.7341527854616,300.0157849148289,1,247.00820316937734,295.8446469960837,1
1729,1789,1788008954247526884,1788008954247527,129574,59.80841088294983,57.80244517326355,1788008954246216,1.310825,1788008954614114048,398885,398886,1788008954608107008,1788008954616439808,0.7208869814020029,8.33272933959961,2.325773239135742,0.6168999565972222,42,36,505.69254430712704,299.8973196330465,1,247.01615980262983,295.7507639873008,1
1730,1790,1788008954280951977,1788008954280952,129575,59.84183597564697,57.83587026596069,1788008954279644,1.307965,1788008954647540224,398889,398890,1788008954641439232,1788008954649772288,0.7321678921919258,8.332967758178711,2.2318363189697266,0.6158284505208333,42,36,505.67642421987347,299.8466863397184,1,247.0115404404499,295.67026128173535,1
1731,1791,1788008954314383030,1788008954314383,129576,59.875267028808594,57.869301319122314,1788008954313074,1.308918,1788008954680972288,398893,398894,1788008954674771456,1788008954683105536,0.7440423401516235,8.333921432495117,2.1331310272216797,0.6175265842013888,42,36,505.59029454594446,299.76609930751823,1,246.97650058554188,295.59177206949994,1
1732,1792,1788008954347810984,1788008954347811,129577,59.90869498252869,57.90272927284241,1788008954346504,1.307011,1788008954714401536,398897,398898,1788008954708104960,1788008954716437504,0.7556509298998569,8.33272933959961,2.0360946655273438,0.6153645833333333,42,36,505.51388407157333,299.5973742957173,1,246.9140247660108,295.4709084318367,1
1733,1793,1788008954381243944,1788008954381244,129578,59.94212770462036,57.93616199493408,1788008954379934,1.309872,1788008954747835392,398901,398902,1788008954741437184,1788008954749770752,0.7677519025004291,8.333683013916016,1.9354820251464844,0.6163140190972223,42,35,505.4470640540601,299.4557563987455,1,246.86975940009066,295.33556039901714,1
1734,1794,1788008954414675951,1788008954414676,129579,59.97555994987488,57.9695942401886,1788008954413363,1.312971,1788008954781268992,398905,398906,1788008954774770432,1788008954783103232,0.7798855507868383,8.33272933959961,1.8341541290283203,0.6153076171875,42,34,505.4283855717056,299.3282195842931,1,246.79224138555662,295.2641643907898,1
1735,1795,1788008954448107958,1788008954448108,129580,60.008991956710815,58.003026247024536,1788008954446800,1.307964,1788008954814702336,398909,398910,1788008954808102656,1788008954816435456,0.7919945065949472,8.332967758178711,1.7333030700683594,0.6153591579861111,42,35,505.47758178023366,299.20718312625456,1,246.7739515035695,295.1950388276021,1
1736,1796,1788008954481542110,1788008954481542,129581,60.042426109313965,58.036460399627686,1788008954480228,1.314163,1788008954848137472,398913,398914,1788008954841434880,1788008954849768960,0.8042340151623516,8.333921432495117,1.6314983367919922,0.6138319227430555,42,34,505.5821221134488,299.10924005669773,1,246.80150397316993,295.1476725830055,1
1737,1797,1788008954514974117,1788008954514974,129582,60.0758581161499,58.06989240646362,1788008954513658,1.31607,1788008954881570304,398917,398918,1788008954874767360,1788008954883100160,0.8164234620886981,8.33272933959961,1.529693603515625,0.6147406684027777,42,33,505.7189592476575,298.99109338660884,1,246.86420771440646,295.17633943648923,1
1738,1798,1788008954548410892,1788008954548411,129583,60.10929465293884,58.10332894325256,1788008954547097,1.313924,1788008954915008000,398921,398922,1788008954908099328,1788008954916432384,0.8290749907012674,8.332967758178711,1.4243125915527344,0.6133165147569445,42,33,505.8229050933311,298.84451427056877,1,246.98125037002464,295.1583698679976,1
1739,1799,1788008954581837893,1788008954581838,129584,60.14272165298462,58.13675594329834,1788008954580527,1.310826,1788008954948436224,398925,398926,1788008954941431808,1788008954949765632,0.8404806179373481,8.333921432495117,1.3294219970703125,0.6137885199652777,42,33,505.8958616984862,298.72814308749514,1,247.0772782422074,295.16914272837005,1
1740,1800,1788008954615268946,1788008954615269,129585,60.17615270614624,58.17018699645996,1788008954613957,1.312018,1788008954981868544,398929,398930,1788008954974765056,1788008954983097856,0.8524749642346209,8.33272933959961,1.2292861938476562,0.6151204427083333,42,32,505.9763386467431,298.63006247798495,1,247.14910118930797,295.22481290457677,1
1741,1801,1788008954648703098,1788008954648703,129586,60.20958685874939,58.20362114906311,1788008954647393,1.31011,1788008955015303680,398933,398934,1788008955008097536,1788008955016431104,0.8647079018138124,8.333683013916016,1.127481460571289,0.6140706380208333,42,33,506.0564381908176,298.6294105373387,1,247.23582974535606,295.28318687438633,1
1742,1802,1788008954682143927,1788008954682144,129587,60.24302792549133,58.237062215805054,1788008954680822,1.322031,1788008955048745984,398937,398938,1788008955041430784,1788008955049763328,0.8779113018597997,8.33272933959961,1.0173320770263672,0.61513671875,42,33,506.1221670625547,298.6382572616543,1,247.26808640454357,295.3000768501265,1
1743,1803,1788008954715573072,1788008954715573,129588,60.27645683288574,58.27049112319946,1788008954714260,1.312971,1788008955082176256,398941,398942,1788008955074762752,1788008955083095808,0.8896455037051872,8.332967758178711,0.9195804595947266,0.6162082248263889,42,36,506.19565503256604,298.6872278130941,1,247.28522004229595,295.3014383089861,1
1744,1804,1788008954749002934,1788008954749003,129589,60.30988693237305,58.30392122268677,1788008954747695,1.307965,1788008955115607552,398945,398946,1788008955108095232,1788008955116429056,0.9014161064225432,8.333921432495117,0.8215904235839844,0.6166178385416666,42,35,506.2488631065286,298.70013269105436,1,247.28263684434472,295.26405273888093,1
1745,1805,1788008954782437086,1788008954782437,129590,60.343321084976196,58.33735537528992,1788008954781126,1.311064,1788008955149042944,398949,398950,1788008955141428480,1788008955149761280,0.91379113018598,8.33272933959961,0.7183551788330078,0.6188151041666666,42,38,506.30464696460024,298.71501758263213,1,247.24152984582588,295.21712713183456,1
1746,1806,1788008954815870047,1788008954815870,129591,60.37675380706787,58.37078809738159,1788008954814556,1.314164,1788008955182476800,398953,398954,1788008955174760704,1788008955183093504,0.9259799713876967,8.33272933959961,0.6167888641357422,0.6182996961805556,42,37,506.2846611209243,298.74069378604,1,247.18769951333115,295.2094509390196,1
