output_frame,source_video_frame,source_video_nominal_pts_s,source_bag_elapsed_s,matched_clip_bag_elapsed_s,rgb_device_timestamp_us,cmavatar_target_timestamp_ns,mocap_low_frame_counter,mocap_high_frame_counter,mocap_low_timestamp_ns,mocap_high_timestamp_ns,interpolation_alpha,bracket_span_ms,nearest_mocap_sample_delta_ms,left_wrist_rgb_x,left_wrist_rgb_y,left_wrist_inside_frame,right_wrist_rgb_x,right_wrist_rgb_y,right_wrist_inside_frame
0,0,0.0,0.0,0.0,1788008995599487,1788008995967488000,403848,403849,1788008995965494016,1788008995973826560,0.23931330472103005,8.33272933959961,1.9941329956054688,1359.7817934786547,559.8125042860471,1,717.2419004042372,580.3436962432207,1
1,1,0.03333333333333333,0.033432960510253906,0.033432960510253906,1788008995632920,1788008996000922112,403852,403853,1788008995998826240,1788008996007160064,0.2515019740230017,8.333683013916016,2.095937728881836,1359.8258415577632,559.769186206221,1,716.7838640187293,580.1832561643098,1
2,2,0.06666666666666667,0.06686186790466309,0.06686186790466309,1788008995666349,1788008996034352384,403856,403857,1788008996032159488,1788008996040492288,0.2631473533619456,8.33272933959961,2.1927356719970703,1360.0082308805117,559.7765744560337,1,716.4053718929246,580.0344375720391,1
3,3,0.1,0.10028982162475586,0.10028982162475586,1788008995699777,1788008996067781376,403860,403861,1788008996065491712,1788008996073824768,0.2747846985780092,8.332967758178711,2.2897720336914062,1360.1316989722827,559.7039882521401,1,716.0315944381848,579.7946452346912,1
4,4,0.13333333333333333,0.13371896743774414,0.13371896743774414,1788008995733206,1788008996101211648,403864,403865,1788008996098823936,1788008996107158016,0.28648262051208695,8.333921432495117,2.387523651123047,1360.3004016930793,559.8055683124974,1,715.7906304061542,579.611184638504,1
5,5,0.16666666666666666,0.16715788841247559,0.16715788841247559,1788008995766645,1788008996134651648,403868,403869,1788008996132157440,1788008996140490240,0.2993333524076564,8.332967758178711,2.494335174560547,1360.3463260135636,559.6273144429211,1,715.6471492769724,579.3870780888666,1
6,6,0.2,0.20059490203857422,0.20059490203857422,1788008995800082,1788008996168089856,403872,403873,1788008996165489664,1788008996173822464,0.31204577968526465,8.33272933959961,2.6001930236816406,1360.4043713078252,559.702628999746,1,715.5184847969724,579.1962643771052,1
7,7,0.23333333333333334,0.23403096199035645,0.23403096199035645,1788008995833518,1788008996201527040,403876,403877,1788008996198822144,1788008996207155712,0.32459804314241575,8.333683013916016,2.705097198486328,1360.464914060201,559.9587921128744,1,715.3677871116734,578.9703094632924,1
8,8,0.26666666666666666,0.2674689292907715,0.2674689292907715,1788008995866956,1788008996234966272,403880,403881,1788008996232155392,1788008996240487936,0.3373390557939914,8.33272933959961,2.810955047607422,1360.3930924083056,560.0478135770439,1,715.1642928669805,578.7798309526497,1
9,9,0.3,0.30089902877807617,0.30089902877807617,1788008995900386,1788008996268397568,403884,403885,1788008996265487616,1788008996273820416,0.3492131616595136,8.33272933959961,2.9098987579345703,1360.2909797686102,560.3193372861216,1,714.9913351515728,578.586277399966,1
10,10,0.3333333333333333,0.3343348503112793,0.3343348503112793,1788008995933822,1788008996301834496,403888,403889,1788008996298819840,1788008996307153664,0.3617508224860535,8.333921432495117,3.014802932739258,1360.1864753638406,560.3353736815646,1,714.8455022394116,578.4912429436431,1
11,11,0.36666666666666664,0.3677709102630615,0.3677709102630615,1788008995967258,1788008996335271936,403892,403893,1788008996332153088,1788008996340486144,0.3742668307058453,8.332967758178711,3.118753433227539,1360.1874944648075,560.3991057740401,1,714.700400859442,578.412620766299,1
12,12,0.4,0.40120887756347656,0.40120887756347656,1788008996000696,1788008996368710912,403896,403897,1788008996365485312,1788008996373819392,0.38704048061793733,8.333921432495117,3.225564956665039,1360.134390181219,560.4176796116967,1,714.5868862304887,578.516911387939,1
13,13,0.43333333333333335,0.4346449375152588,0.4346449375152588,1788008996034132,1788008996402148352,403900,403901,1788008996398818816,1788008996407151360,0.39957081545064377,8.33272933959961,3.3295154571533203,1360.0937190795123,560.443577024994,1,714.533919460498,578.7549125394686,1
14,14,0.4666666666666667,0.4680769443511963,0.4680769443511963,1788008996067564,1788008996435581184,403904,403905,1788008996432151040,1788008996440483840,0.41164520743919886,8.33272933959961,3.4301280975341797,1360.1110703658749,560.3583299628809,1,714.4686345414165,579.152329901077,1
15,15,0.5,0.5015139579772949,0.5015139579772949,1788008996101001,1788008996469019392,403908,403909,1788008996465483520,1788008996473817088,0.4243005092407164,8.333683013916016,3.5359859466552734,1360.105816107017,560.3477292430707,1,714.4906503983361,579.673461656743,1
16,16,0.5333333333333333,0.5349509716033936,0.5349509716033936,1788008996134438,1788008996502457344,403912,403913,1788008996498816768,1788008996507149568,0.4369098712446352,8.33272933959961,3.6406517028808594,1360.24306484099,560.4220848403688,1,714.5220077496449,580.1736614440867,1
17,17,0.5666666666666667,0.5683879852294922,0.5683879852294922,1788008996167875,1788008996535895552,403916,403917,1788008996532148736,1788008996540481792,0.44962948127378327,8.332967758178711,3.7467479705810547,1360.4525419955758,560.8240624703706,1,714.5435278300545,580.5762225793941,1
18,18,0.6,0.6018168926239014,0.6018168926239014,1788008996201304,1788008996569325568,403920,403921,1788008996565481216,1788008996573815040,0.46130739522242886,8.333921432495117,3.8444995880126953,1360.6799626143297,561.5892188109161,1,714.6163672150753,580.9589180338372,1
19,19,0.6333333333333333,0.6352529525756836,0.6352529525756836,1788008996234740,1788008996602763264,403924,403925,1788008996598814464,1788008996607147520,0.47386340877228117,8.332967758178711,3.948688507080078,1360.7540721815421,561.9402217732418,1,714.677083432833,581.3285080227179,1
20,20,0.6666666666666666,0.6686899662017822,0.6686899662017822,1788008996268177,1788008996636201216,403928,403929,1788008996632146944,1788008996640479488,0.486552217453505,8.33272933959961,4.05430793762207,1360.8472335598233,561.9724771892911,1,714.7296047110747,581.7813752118735,1
21,21,0.7,0.7021269798278809,0.7021269798278809,1788008996301614,1788008996669639424,403932,403933,1788008996665479168,1788008996673812992,0.49919894718773244,8.333683013916016,4.160165786743164,1361.1283803462852,562.0679814631912,1,714.8709135437213,582.2352051682963,1
22,22,0.7333333333333333,0.7355639934539795,0.7355639934539795,1788008996335051,1788008996703077120,403936,403937,1788008996698812416,1788008996707145216,0.5117882689556509,8.33272933959961,4.068136215209961,1361.6424845791132,562.3074326353303,1,715.0559084546489,582.583610527898,1
23,23,0.7666666666666667,0.7690029144287109,0.7690029144287109,1788008996368490,1788008996736516864,403940,403941,1788008996732144640,1788008996740477440,0.5247060169952219,8.332967758178711,3.9606094360351562,1362.1269990254366,562.4743345107036,1,715.1515751685879,582.8437052158259,1
24,24,0.8,0.8024399280548096,0.8024399280548096,1788008996401927,1788008996769954560,403944,403945,1788008996765477888,1788008996773810944,0.5372378472718949,8.332967758178711,3.856182098388672,1362.4343467873825,562.5674749864274,1,715.213062343701,583.089190091132,1
25,25,0.8333333333333334,0.8358759880065918,0.8358759880065918,1788008996435363,1788008996803392000,403948,403949,1788008996798810368,1788008996807143168,0.5498269005178679,8.332967758178711,3.7512779235839844,1362.6654831123776,562.7366484792965,1,715.2666630164289,583.4633995971836,1
26,26,0.8666666666666667,0.8693130016326904,0.8693130016326904,1788008996468800,1788008996836830208,403952,403953,1788008996832142592,1788008996840476416,0.5624660277499642,8.333921432495117,3.646373748779297,1363.0053483380832,563.3149396263159,1,715.2971990211297,583.8307019989516,1
27,27,0.9,0.902742862701416,0.902742862701416,1788008996502230,1788008996870261248,403956,403957,1788008996865474816,1788008996873807616,0.5743919885550787,8.33272933959961,3.546476364135742,1363.4938352589481,563.8814492990638,1,715.2453742400157,584.1660626593374,1
28,28,0.9333333333333333,0.9361798763275146,0.9361798763275146,1788008996535667,1788008996903699456,403960,403961,1788008996898807296,1788008996907140096,0.5870958512160229,8.33272933959961,3.4406185150146484,1364.0573234081078,564.0025109251077,1,715.2128058664897,584.4001025787524,1
29,29,0.9666666666666667,0.969606876373291,0.969606876373291,1788008996569094,1788008996937127424,403964,403965,1788008996932139520,1788008996940473344,0.5985123730510656,8.333921432495117,3.345966339111328,1364.848597248842,564.5729582898638,1,715.0800346852418,584.7047213883245,1
30,30,1.0,1.003044843673706,1.003044843673706,1788008996602532,1788008996970566400,403968,403969,1788008996965472768,1788008996973805568,0.6112557580612858,8.332967758178711,3.2393932342529297,1365.3036351794506,564.1577061970264,1,714.8657696261483,584.9280060887113,1
31,31,1.0333333333333334,1.0364818572998047,1.0364818572998047,1788008996635969,1788008997004004352,403972,403973,1788008996998804992,1788008997007139072,0.6238878558146188,8.333921432495117,3.134489059448242,1365.6838655729532,563.4966125880655,1,714.6486097451391,585.0134217644024,1
32,32,1.0666666666666667,1.0699219703674316,1.0699219703674316,1788008996669409,1788008997037446144,403976,403977,1788008997032138240,1788008997040471040,0.636967095851216,8.33272933959961,3.025054931640625,1366.0962177812326,562.8834990931504,1,714.5055925660663,584.9023350394995,1
33,33,1.1,1.1033499240875244,1.1033499240875244,1788008996702837,1788008997070874880,403980,403981,1788008997065470720,1788008997073803520,0.648555078683834,8.33272933959961,2.928495407104492,1366.817501144572,562.7483101021559,1,714.3082355741824,584.7658590149106,1
34,34,1.1333333333333333,1.136786937713623,1.136786937713623,1788008996736274,1788008997104313088,403984,403985,1788008997098802944,1788008997107136768,0.6611832694398352,8.333683013916016,2.8235912322998047,1367.6484633840741,562.0353095843031,1,714.0480044293262,584.6263297665192,1
35,35,1.1666666666666667,1.170224905014038,1.170224905014038,1788008996769712,1788008997137752320,403988,403989,1788008997132136448,1788008997140468992,0.6739628040057225,8.33272933959961,2.7167797088623047,1368.347168845496,561.0128467159506,1,713.6725640634528,584.0682813315198,1
36,36,1.2,1.2036528587341309,1.2036528587341309,1788008996803140,1788008997171181312,403992,403993,1788008997165468416,1788008997173801472,0.6855597836971761,8.332967758178711,2.620220184326172,1368.8605714320393,560.2238440497952,1,713.3239293600931,583.7397731706325,1
37,37,1.2333333333333334,1.2370898723602295,1.2370898723602295,1788008996836577,1788008997204619520,403996,403997,1788008997198800896,1788008997207134720,0.6981833786296667,8.333921432495117,2.5153160095214844,1369.1971628709687,559.6421803878022,1,712.9296039259428,583.644110995661,1
38,38,1.2666666666666666,1.2705268859863281,1.2705268859863281,1788008996870014,1788008997238057728,404000,404001,1788008997232134144,1788008997240466944,0.7108809476123716,8.332967758178711,2.409219741821289,1369.7766562531415,556.991402074104,1,712.4766843908609,583.7337651434403,1
39,39,1.3,1.3039638996124268,1.3039638996124268,1788008996903451,1788008997271495936,404004,404005,1788008997265466368,1788008997273799168,0.7235765379113018,8.33272933959961,2.3033618927001953,1370.289541558406,555.6009474036425,1,711.9059489809858,583.7262773200262,1
40,40,1.3333333333333333,1.3374028205871582,1.3374028205871582,1788008996936890,1788008997304935680,404008,404009,1788008997298798848,1788008997307132416,0.7363964067059564,8.333683013916016,2.196788787841797,1370.4386295593736,552.5521709137722,1,711.251878493302,583.3314611465364,1
41,41,1.3666666666666667,1.3708398342132568,1.3708398342132568,1788008996970327,1788008997338374144,404012,404013,1788008997332132096,1788008997340464896,0.749098712446352,8.33272933959961,2.0906925201416016,1370.1197788738843,551.9357899394765,1,711.1345868160097,583.0750230713991,1
42,42,1.4,1.404275894165039,1.404275894165039,1788008997003763,1788008997371811328,404016,404017,1788008997365464320,1788008997373797120,0.7616949443506623,8.332967758178711,1.985788345336914,1370.126706610234,554.7226638917742,1,711.2406015707279,583.0581523149143,1
43,43,1.4333333333333333,1.4377129077911377,1.4377129077911377,1788008997037200,1788008997405249536,404020,404021,1788008997398797568,1788008997407130368,0.7742839975966352,8.332967758178711,1.8808841705322266,1370.0998708357645,556.0256870993427,1,711.3054442898975,583.2320171202424,1
44,44,1.4666666666666666,1.4711430072784424,1.4711430072784424,1788008997070630,1788008997438680576,404024,404025,1788008997432129792,1788008997440462848,0.7861291522417099,8.332967758178711,1.7821788787841797,1369.9392648421947,557.2338335124073,1,711.392824709367,583.5633065943553,1
45,45,1.5,1.504580020904541,1.504580020904541,1788008997104067,1788008997472119808,404028,404029,1788008997465462272,1788008997473796096,0.7988556715777428,8.333921432495117,1.676321029663086,1369.854115736313,558.1296436425852,1,711.3921494754477,583.3184524077058,1
46,46,1.5333333333333334,1.5380079746246338,1.5380079746246338,1788008997137495,1788008997505548800,404032,404033,1788008997498795520,1788008997507128320,0.8104434907010014,8.33272933959961,1.5795230865478516,1369.786564688659,558.8173516591345,1,711.3557673910741,583.1971420240062,1
47,47,1.5666666666666667,1.5714459419250488,1.5714459419250488,1788008997170933,1788008997538987520,404036,404037,1788008997532127744,1788008997540460544,0.8232045779685264,8.33272933959961,1.4731884002685547,1369.9114921812723,559.2076761035976,1,711.2513517516618,583.4843664731145,1
48,48,1.6,1.6048829555511475,1.6048829555511475,1788008997204370,1788008997572425472,404040,404041,1788008997565460224,1788008997573793792,0.8357841734851519,8.333683013916016,1.3685226440429688,1370.608488158128,559.3723641029444,1,710.5729752707167,583.1933406105649,1
49,49,1.6333333333333333,1.638312816619873,1.638312816619873,1788008997237800,1788008997605856256,404044,404045,1788008997598793472,1788008997607126272,0.8475822603719599,8.33272933959961,1.2700557708740234,1371.364248532956,559.9351032764125,1,709.737929061539,582.9952719853393,1
50,50,1.6666666666666667,1.6717510223388672,1.6717510223388672,1788008997271238,1788008997639295488,404048,404049,1788008997632125696,1788008997640458496,0.8604331778776001,8.332967758178711,1.1630058288574219,1371.93873783854,560.5517240250326,1,708.7568173373728,582.7784838236348,1
51,51,1.7,1.7051780223846436,1.7051780223846436,1788008997304665,1788008997672723456,404052,404053,1788008997665457920,1788008997673792000,0.8718066084966385,8.333921432495117,1.0683536529541016,1372.4408010806342,560.7350340114954,1,707.7535411375337,582.2870957684158,1
52,52,1.7333333333333334,1.7386159896850586,1.7386159896850586,1788008997338103,1788008997706162688,404056,404057,1788008997698791168,1788008997707123968,0.8846351931330472,8.33272933959961,0.9613037109375,1372.8183813812705,560.5473462707091,1,707.1171224539042,582.5246657870556,1
53,53,1.7666666666666666,1.77205491065979,1.77205491065979,1788008997371542,1788008997739602688,404060,404061,1788008997732123648,1788008997740456448,0.8975679542203148,8.33272933959961,0.8535385131835938,1373.0511396844952,559.6346401964104,1,706.5119404656725,582.5966213778331,1
54,54,1.8,1.8054828643798828,1.8054828643798828,1788008997404970,1788008997773031680,404064,404065,1788008997765455872,1788008997773789696,0.9090518967786233,8.333683013916016,0.7579326629638672,1373.0381938908797,559.5338680416095,1,706.2438180228507,583.3366016556546,1
55,55,1.8333333333333333,1.8389198780059814,1.8389198780059814,1788008997438407,1788008997806470144,404068,404069,1788008997798789376,1788008997807121920,0.9217739628040057,8.33272933959961,0.6518363952636719,1372.958703537907,559.5866144545175,1,706.2955616407588,584.1122935554685,1
56,56,1.8666666666666667,1.8723490238189697,1.8723490238189697,1788008997471836,1788008997839900416,404072,404073,1788008997832121344,1788008997840455168,0.9334286940351881,8.333921432495117,0.5548000335693359,1372.980752934723,560.3494568369783,1,706.2785198874168,584.7232062922533,1
57,57,1.9,1.9057869911193848,1.9057869911193848,1788008997505274,1788008997873339648,404076,404077,1788008997865453824,1788008997873786624,0.9463534662813653,8.332967758178711,0.4470348358154297,1373.093237091573,560.6678923158722,1,706.1960071047677,585.3233824051504,1
58,58,1.9333333333333333,1.9392240047454834,1.9392240047454834,1788008997538711,1788008997906777600,404080,404081,1788008997898786048,1788008997907118848,0.9590557939914163,8.33272933959961,0.34117698669433594,1373.2574065324889,560.9450747994096,1,706.1452927205869,585.21996855594,1
59,59,1.9666666666666666,1.972653865814209,1.972653865814209,1788008997572141,1788008997940208640,404084,404085,1788008997932118528,1788008997940452096,0.970790181381244,8.333683013916016,0.2434253692626953,1373.1250645331563,560.8328519832584,1,706.0422991395998,585.4528895548788,1
60,60,2.0,2.006091833114624,2.006091833114624,1788008997605579,1788008997973647872,404088,404089,1788008997965451776,1788008997973784320,0.9836051502145923,8.33272933959961,0.1366138458251953,1372.9126354681368,562.7045585885444,1,706.1503029832481,585.9949004879138,1
61,61,2.033333333333333,2.0395278930664062,2.0395278930664062,1788008997639015,1788008998007085056,404092,404093,1788008997998783744,1788008998007116800,0.9961946725415581,8.332967758178711,0.03170967102050781,1372.8735742307522,563.0651497199117,1,706.2665639680707,585.9221620199321,1
62,62,2.066666666666667,2.072957992553711,2.072957992553711,1788008997672445,1788008998040516352,404097,404098,1788008998040450048,1788008998048782848,0.007954220314735336,8.33272933959961,0.06628036499023438,1372.9222274926783,563.5813368698138,1,706.3789064498985,585.7826343035465,1
63,63,2.1,2.1063950061798096,2.1063950061798096,1788008997705882,1788008998073954048,404101,404102,1788008998073782528,1788008998082116096,0.020598500886879898,8.333683013916016,0.171661376953125,1373.1291206320761,564.3634266407104,1,706.3990005366613,585.5060527443104,1
64,64,2.1333333333333333,2.1398229598999023,2.1398229598999023,1788008997739310,1788008998107383040,404105,404106,1788008998107115776,1788008998115448576,0.03207439198855508,8.33272933959961,0.26726722717285156,1373.182495214433,564.1599288794212,1,706.4351160069139,585.3413045834145,1
65,65,2.1666666666666665,2.173259973526001,2.173259973526001,1788008997772747,1788008998140820736,404109,404110,1788008998140447744,1788008998148780800,0.04474836199250379,8.332967758178711,0.37288665771484375,1373.0200348047274,563.8241502449447,1,706.6601351426098,585.4521105318513,1
66,66,2.2,2.206699848175049,2.206699848175049,1788008997806187,1788008998174261760,404113,404114,1788008998173780224,1788008998182114048,0.057788585323987986,8.333921432495117,0.48160552978515625,1372.8577688046912,563.3424638377337,1,707.2934436740136,585.2916608277637,1
67,67,2.2333333333333334,2.2401280403137207,2.2401280403137207,1788008997839615,1788008998207691264,404117,404118,1788008998207113472,1788008998215446528,0.06932562730680095,8.332967758178711,0.5776882171630859,1373.1581295078715,564.5758557066841,1,708.2156345378361,585.1326587081334,1
68,68,2.2666666666666666,2.2735648155212402,2.2735648155212402,1788008997873052,1788008998241129216,404121,404122,1788008998240445952,1788008998248778496,0.08200286123032904,8.33272933959961,0.6833076477050781,1373.3304499882868,565.3673339176355,1,709.35541733623,585.6667339952138,1
69,69,2.3,2.306994915008545,2.306994915008545,1788008997906482,1788008998274560512,404125,404126,1788008998273778176,1788008998282112000,0.09386622418035132,8.333683013916016,0.7822513580322266,1373.3827127827035,566.0132825108614,1,710.5533598470657,586.2573842169218,1
70,70,2.3333333333333335,2.3404319286346436,2.3404319286346436,1788008997939919,1788008998307998464,404129,404130,1788008998307111424,1788008998315444224,0.10643776824034334,8.33272933959961,0.8869171142578125,1373.5663562112445,566.5182391007768,1,711.4241314352696,586.8532439362288,1
71,71,2.3666666666666667,2.3738620281219482,2.3738620281219482,1788008997973349,1788008998341429504,404133,404134,1788008998340443648,1788008998348776704,0.11830848902749563,8.332967758178711,0.9858608245849609,1374.1196150531237,566.4375874457053,1,711.7022022232755,587.1417993212142,1
72,72,2.4,2.407289981842041,2.407289981842041,1788008998006777,1788008998374858496,404137,404138,1788008998373775872,1788008998382109952,0.12990988413674726,8.333921432495117,1.0826587677001953,1374.0430973566108,566.6830289001466,1,711.7032362952364,586.8602566932597,1
73,73,2.433333333333333,2.4407198429107666,2.4407198429107666,1788008998040207,1788008998408289792,404141,404142,1788008998407109376,1788008998415442176,0.14165546050184544,8.332967758178711,1.180410385131836,1373.8277701933507,567.7054190568891,1,711.6014953966518,586.8380744741618,1
74,74,2.466666666666667,2.4741568565368652,2.4741568565368652,1788008998073644,1788008998441728000,404145,404146,1788008998440441600,1788008998448775424,0.1543412959519382,8.333921432495117,1.2862682342529297,1373.3149301152043,569.0578378659766,1,711.9330538104921,586.0325547077626,1
75,75,2.5,2.5075879096984863,2.5075879096984863,1788008998107075,1788008998475159808,404149,404150,1788008998473774848,1788008998482107648,0.16620886981402003,8.33272933959961,1.3849735260009766,1371.9328583289837,570.3795726920043,1,712.2664068046229,585.3568995089363,1
76,76,2.533333333333333,2.541024923324585,2.541024923324585,1788008998140512,1788008998508598272,404153,404154,1788008998507107328,1788008998515439872,0.17894134477825466,8.33272933959961,1.4910697937011719,1370.603242513219,569.6991281899751,1,712.5883249003392,585.0016625366127,1
77,77,2.566666666666667,2.5744528770446777,2.5744528770446777,1788008998173940,1788008998542027520,404157,404158,1788008998540439552,1788008998548773376,0.19053613320363907,8.333683013916016,1.5878677368164062,1370.0155796526756,568.4969236471022,1,712.5907067928675,584.8142164326807,1
78,78,2.6,2.6078829765319824,2.6078829765319824,1788008998207370,1788008998575458816,404161,404162,1788008998573772800,1788008998582105600,0.2023175965665236,8.33272933959961,1.6858577728271484,1369.1352614894158,568.0939716177566,1,712.2724108233427,584.5260468435627,1
79,79,2.6333333333333333,2.6413209438323975,2.6413209438323975,1788008998240808,1788008998608898048,404165,404166,1788008998607105024,1788008998615438080,0.2151583645675374,8.332967758178711,1.79290771484375,1367.9671894166916,568.1065439209165,1,711.1803429093807,584.648788624921,1
80,80,2.6666666666666665,2.674751043319702,2.674751043319702,1788008998274238,1788008998642329088,404169,404170,1788008998640437248,1788008998648771328,0.2269775425547132,8.333921432495117,1.8916130065917969,1366.568000621927,568.4197943046263,1,710.7382552940201,584.2997250179352,1
81,81,2.7,2.708185911178589,2.708185911178589,1788008998307673,1788008998675764736,404173,404174,1788008998673770752,1788008998682103296,0.23931330472103005,8.33272933959961,1.9941329956054688,1365.3889693369847,568.7187899679192,1,711.0956063532743,583.860497437579,1
82,82,2.7333333333333334,2.7416160106658936,2.7416160106658936,1788008998341103,1788008998709196032,404177,404178,1788008998707102976,1788008998715435776,0.2511874105865522,8.33272933959961,2.093076705932617,1364.24055627714,569.4009249372024,1,711.3896117563922,583.8896084503887,1
83,83,2.7666666666666666,2.775045871734619,2.775045871734619,1788008998374533,1788008998742627072,404181,404182,1788008998740435456,1788008998748769024,0.2630028036848429,8.333683013916016,2.191781997680664,1363.8537241367342,570.1591491120504,1,711.6608109157962,584.1622390517358,1
84,84,2.8,2.8084828853607178,2.8084828853607178,1788008998407970,1788008998776065536,404185,404186,1788008998773768704,1788008998782101504,0.27565092989985696,8.33272933959961,2.296924591064453,1363.8400683600585,571.4620827688293,1,711.7022148676685,584.6868391161443,1
85,85,2.8333333333333335,2.8419058322906494,2.8419058322906494,1788008998441393,1788008998809489664,404189,404190,1788008998807100672,1788008998815433728,0.28668707619238365,8.332967758178711,2.3889541625976562,1363.8090433594143,572.182694706337,1,711.5337609437214,584.6746827741371,1
86,86,2.8666666666666667,2.875342845916748,2.875342845916748,1788008998474830,1788008998842927616,404193,404194,1788008998840433152,1788008998848766976,0.2993277070519239,8.333921432495117,2.4945735931396484,1363.7783253701368,573.144044277223,1,711.2725974861678,584.4853541840785,1
87,87,2.9,2.9087729454040527,2.9087729454040527,1788008998508260,1788008998876358656,404197,404198,1788008998873765376,1788008998882098176,0.3112160228898426,8.33272933959961,2.5932788848876953,1363.876500120365,573.6731783484054,1,710.9304397012808,584.8294992264143,1
88,88,2.933333333333333,2.942201852798462,2.942201852798462,1788008998541689,1788008998909788928,404201,404202,1788008998907097856,1788008998915431424,0.322910110430852,8.333683013916016,2.691030502319336,1364.034756849252,573.6532101786482,1,710.4615488341308,585.0266887237434,1
89,89,2.966666666666667,2.9756319522857666,2.9756319522857666,1788008998575119,1788008998943220224,404205,404206,1788008998940431104,1788008998948763904,0.33470672389127326,8.33272933959961,2.789020538330078,1364.4282150078288,574.450470191922,1,709.9034173841683,585.9186969216635,1
90,90,3.0,3.009060859680176,3.009060859680176,1788008998608548,1788008998976649984,404209,404210,1788008998973763328,1788008998982096128,0.34642785614145516,8.332967758178711,2.8867721557617188,1364.458660782762,574.5038427625826,1,709.121817657372,585.3743398211408,1
91,91,3.033333333333333,3.042490005493164,3.042490005493164,1788008998641977,1788008999010080256,404213,404214,1788008999007095552,1788008999015429376,0.35814618795594333,8.333921432495117,2.984762191772461,1364.374426642613,573.8357510822838,1,708.7680303602586,584.9185958526015,1
92,92,3.066666666666667,3.075925827026367,3.075925827026367,1788008998675413,1788008999043517440,404217,404218,1788008999040428800,1788008999048761856,0.3706331721553031,8.332967758178711,3.0884742736816406,1364.305156183281,573.8636478391189,1,708.351459520097,585.1936073932909,1
93,93,3.1,3.1093578338623047,3.1093578338623047,1788008998708845,1788008999076950528,404221,404222,1788008999073761280,1788008999082095104,0.38269203261336004,8.333921432495117,3.1893253326416016,1364.6394023655064,574.0177909871054,1,708.1382621223802,585.2551296169172,1
94,94,3.1333333333333333,3.142786979675293,3.142786979675293,1788008998742274,1788008999110380800,404225,404226,1788008999107094528,1788008999115427328,0.3943919885550787,8.33272933959961,3.2863616943359375,1365.3491416489505,574.3169568125597,1,707.9282162299648,585.0034060951265,1
95,95,3.1666666666666665,3.176218032836914,3.176218032836914,1788008998775705,1788008999143813120,404229,404230,1788008999140426752,1788008999148759552,0.4063805436337625,8.33272933959961,3.386259078979492,1366.0681808163172,574.5845343680594,1,707.7632358248926,584.4795997100067,1
96,96,3.2,3.209653854370117,3.209653854370117,1788008998809141,1788008999177250048,404233,404234,1788008999173759232,1788008999182092800,0.41889340275791037,8.333683013916016,3.490924835205078,1366.613883361686,574.1066919627189,1,707.6412516748371,583.1443531927239,1
97,97,3.2333333333333334,3.2430830001831055,3.2430830001831055,1788008998842570,1788008999210680576,404237,404238,1788008999207092480,1788008999215425280,0.4305865522174535,8.33272933959961,3.587961196899414,1366.770996839609,573.81736278656,1,707.5098137392051,582.5800058978557,1
98,98,3.2666666666666666,3.276512861251831,3.276512861251831,1788008998876000,1788008999244111616,404241,404242,1788008999240424704,1788008999248757504,0.44244799862664874,8.332967758178711,3.6869049072265625,1366.7294310280063,573.4543689113785,1,707.3281469603927,582.1452549954591,1
99,99,3.3,3.3099420070648193,3.3099420070648193,1788008998909429,1788008999277541632,404245,404246,1788008999273756928,1788008999282091008,0.45412673437276496,8.333921432495117,3.784656524658203,1366.6735164425836,573.1746374119355,1,707.2936695494163,581.7380973917552,1
100,100,3.3333333333333335,3.343371868133545,3.343371868133545,1788008998942859,1788008999310972160,404249,404250,1788008999307090176,1788008999315422976,0.46586552217453503,8.33272933959961,3.8819313049316406,1366.9239543905853,573.0216096341502,1,707.405531536087,581.4040424021719,1
101,101,3.3666666666666667,3.3768019676208496,3.3768019676208496,1788008998976289,1788008999344403200,404253,404254,1788008999340422656,1788008999348755456,0.47771101573676683,8.33272933959961,3.9806365966796875,1367.2823099901525,573.0975756943875,1,707.3788634603602,581.0127923646548,1
102,102,3.4,3.4102399349212646,3.4102399349212646,1788008999009727,1788008999377841920,404257,404258,1788008999373754880,1788008999382088704,0.4904159752817989,8.333683013916016,4.086971282958984,1367.368633796517,572.8889655783057,1,707.4000800081442,581.0211240657815,1
103,103,3.433333333333333,3.4436678886413574,3.4436678886413574,1788008999043155,1788008999411271168,404261,404262,1788008999407088384,1788008999415420928,0.5019742489270387,8.33272933959961,4.149913787841797,1367.480008578459,572.433968159077,1,707.4068424414575,581.1738459650154,1
104,104,3.466666666666667,3.4770989418029785,3.4770989418029785,1788008999076586,1788008999444703232,404265,404266,1788008999440420352,1788008999448753408,0.5139767102514949,8.332967758178711,4.050016403198242,1367.5310864064732,571.9385213967988,1,707.4705490507715,581.0235406695302,1
105,105,3.5,3.510535955429077,3.510535955429077,1788008999110023,1788008999478141696,404269,404270,1788008999473753600,1788008999482086656,0.5265943749821178,8.332967758178711,3.944873809814453,1367.6963845283012,571.7299800890858,1,707.8442851326038,580.7512976518086,1
106,106,3.533333333333333,3.5439648628234863,3.5439648628234863,1788008999143452,1788008999511571968,404273,404274,1788008999507086080,1788008999515418880,0.5383250836885926,8.332967758178711,3.8471221923828125,1367.2494892275338,570.930524025034,1,708.2287604685638,580.1385453395034,1
107,107,3.566666666666667,3.5774009227752686,3.5774009227752686,1788008999176888,1788008999545008896,404277,404278,1788008999540418304,1788008999548752384,0.5508224860534974,8.333921432495117,3.743410110473633,1366.796155925463,571.4356321800046,1,708.5012383333246,579.4076651872468,1
108,108,3.6,3.6108310222625732,3.6108310222625732,1788008999210318,1788008999578439936,404281,404282,1788008999573751808,1788008999582084352,0.5626323319027182,8.33272933959961,3.6444664001464844,1366.626305391339,571.9440670950157,1,708.8312101868898,579.0096651135258,1
109,109,3.6333333333333333,3.644268035888672,3.644268035888672,1788008999243755,1788008999611878144,404285,404286,1788008999607084032,1788008999615416832,0.5753361945636624,8.33272933959961,3.5386085510253906,1366.1654678609686,571.962791836594,1,709.4530476507974,578.4498421278277,1
110,110,3.6666666666666665,3.6777069568634033,3.6777069568634033,1788008999277194,1788008999645318144,404289,404290,1788008999640416256,1788008999648750080,0.5882134172507509,8.333921432495117,3.4317970275878906,1365.0168266906003,571.3750102732502,1,710.1621874716884,577.9226414605369,1
111,111,3.7,3.7111358642578125,3.7111358642578125,1788008999310623,1788008999678748416,404293,404294,1788008999673749504,1788008999682082304,0.5998969986552602,8.332967758178711,3.33404541015625,1363.7470032424276,570.1470468264002,1,711.1716545164848,577.3384847721211,1
112,112,3.7333333333333334,3.744565963745117,3.744565963745117,1788008999344053,1788008999712179712,404297,404298,1788008999707081728,1788008999715414784,0.6117707647849847,8.332967758178711,3.2351016998291016,1362.988219890458,569.2269235924174,1,712.3961449376285,577.0247357413209,1
113,113,3.7666666666666666,3.7779948711395264,3.7779948711395264,1788008999377482,1788008999745609472,404301,404302,1788008999740414208,1788008999748748032,0.6234015162351595,8.333921432495117,3.1385421752929688,1362.3008700656646,567.9172419018281,1,713.3208012992673,576.7305156486841,1
114,114,3.8,3.811424970626831,3.811424970626831,1788008999410912,1788008999779040768,404305,404306,1788008999773747456,1788008999782080256,0.6352503576537911,8.33272933959961,3.0393600463867188,1361.5219862284735,567.347081113237,1,714.180456345385,576.6924294984303,1
115,115,3.8333333333333335,3.8448610305786133,3.8448610305786133,1788008999444348,1788008999812477952,404309,404310,1788008999807079680,1788008999815412480,0.6478397711015736,8.33272933959961,2.9344558715820312,1360.7759669282677,567.4433346696948,1,715.2370627492164,576.8577123935843,1
116,116,3.8666666666666667,3.878290891647339,3.878290891647339,1788008999477778,1788008999845908992,404313,404314,1788008999840412160,1788008999848745728,0.6596097728443097,8.333683013916016,2.8367042541503906,1360.4057487205355,568.0475186314294,1,716.2307163194637,577.0377974413884,1
117,117,3.9,3.911720037460327,3.911720037460327,1788008999511207,1788008999879339264,404317,404318,1788008999873744128,1788008999882077184,0.6714257102801064,8.332967758178711,2.7379989624023438,1359.8293463031173,568.7837041168073,1,717.1717230013804,577.7182050033794,1
118,118,3.933333333333333,3.945158004760742,3.945158004760742,1788008999544645,1788008999912778496,404321,404322,1788008999907076608,1788008999915410432,0.6841653554570162,8.333921432495117,2.63214111328125,1359.4474203014952,569.250744011456,1,717.7712981787196,578.0062425050733,1
119,119,3.966666666666667,3.9785878658294678,3.9785878658294678,1788008999578075,1788008999946209536,404325,404326,1788008999940409856,1788008999948742656,0.695994277539342,8.33272933959961,2.5331974029541016,1358.8517484357496,569.7258926429741,1,718.0327366840673,578.696099516274,1
120,120,4.0,4.012024879455566,4.012024879455566,1788008999611512,1788008999979647744,404329,404330,1788008999973742336,1788008999982074880,0.7086981402002861,8.33272933959961,2.427339553833008,1358.6838890973092,569.8047220073415,1,718.3263091289435,579.3091567591955,1
121,121,4.033333333333333,4.045454978942871,4.045454978942871,1788008999644942,1788009000013079040,404333,404334,1788009000007074560,1788009000015408384,0.7204897865766436,8.333683013916016,2.3293495178222656,1358.7158087798362,569.2768413076819,1,718.1208362332086,579.8530786886282,1
122,122,4.066666666666666,4.078891038894653,4.078891038894653,1788008999678378,1788009000046516224,404337,404338,1788009000040407808,1788009000048740608,0.7330472103004292,8.33272933959961,2.224445343017578,1359.043927139224,569.1728641120911,1,717.871905962744,580.2927816605236,1
123,123,4.1,4.112320899963379,4.112320899963379,1788008999711808,1788009000079947264,404341,404342,1788009000073740032,1788009000082073088,0.7449000028611484,8.332967758178711,2.1257400512695312,1359.5072818508304,569.14227402727,1,717.52682364849,580.6034316437662,1
124,124,4.133333333333334,4.145750999450684,4.145750999450684,1788008999745238,1788009000113378560,404345,404346,1788009000107072256,1788009000115406336,0.7566871692175654,8.333921432495117,2.027750015258789,1359.571142720741,568.8355404138375,1,717.100742192659,580.7900018901533,1
125,125,4.166666666666667,4.179178953170776,4.179178953170776,1788008999778666,1788009000146807552,404349,404350,1788009000140405760,1788009000148738560,0.7682469743354983,8.332967758178711,1.9311904907226562,1359.5875695339337,568.763851678091,1,716.845432501759,580.9609975976667,1
126,126,4.2,4.212615966796875,4.212615966796875,1788008999812103,1788009000180245760,404353,404354,1788009000173737984,1788009000182071808,0.7808611071377486,8.333921432495117,1.8262863159179688,1359.6720188406175,568.7191223153926,1,716.8232361518138,581.0219587727701,1
127,127,4.233333333333333,4.246045827865601,4.246045827865601,1788008999845533,1788009000213676544,404357,404358,1788009000207071232,1788009000215404032,0.7926752503576537,8.33272933959961,1.7275810241699219,1359.6509650029693,568.3789445943466,1,716.8697930100867,580.948731518064,1
128,128,4.266666666666667,4.279484033584595,4.279484033584595,1788008999878971,1788009000247115776,404361,404362,1788009000240403712,1788009000248736256,0.80552217453505,8.33272933959961,1.6205310821533203,1359.629005050312,568.2854794975764,1,716.8812824886984,580.9022574824616,1
129,129,4.3,4.312912940979004,4.312912940979004,1788008999912400,1788009000280546048,404365,404366,1788009000273735680,1788009000282069760,0.8171649263338578,8.333921432495117,1.523733139038086,1359.5849825408095,568.3195510780905,1,716.7870969538318,580.4472186545727,1
130,130,4.333333333333333,4.346343040466309,4.346343040466309,1788008999945830,1788009000313977344,404369,404370,1788009000307069184,1788009000315401984,0.8290177677319676,8.332967758178711,1.4247894287109375,1359.503034602938,568.4701230669051,1,716.7938171686208,579.9661647664652,1
131,131,4.366666666666666,4.379771947860718,4.379771947860718,1788008999979259,1788009000347407360,404373,404374,1788009000340401408,1788009000348734464,0.8407484764384424,8.332967758178711,1.3270378112792969,1359.4310583383476,568.6227723432753,1,716.6148523872951,579.3607437582651,1
132,132,4.4,4.413203001022339,4.413203001022339,1788009000012690,1788009000380839680,404377,404378,1788009000373733632,1788009000382067712,0.8526391074238306,8.333921432495117,1.2280941009521484,1359.4624411525344,568.5966263711097,1,716.4320678797108,578.9819924009009,1
133,133,4.433333333333334,4.446635007858276,4.446635007858276,1788009000046122,1788009000414272768,404381,404382,1788009000407067136,1788009000415399680,0.8647496423462089,8.33272933959961,1.127004623413086,1359.5677554105496,568.4055609748814,1,716.2361294267289,578.6680034091818,1
134,134,4.466666666666667,4.480060815811157,4.480060815811157,1788009000079548,1788009000447699456,404385,404386,1788009000440399360,1788009000448732160,0.8760801144492132,8.33272933959961,1.0325908660888672,1359.7445452798208,567.6426661617828,1,715.9525419571588,578.3848509963997,1
135,135,4.5,4.513490915298462,4.513490915298462,1788009000112978,1788009000481130752,404389,404390,1788009000473731840,1788009000482065408,0.8878526062825428,8.333683013916016,0.934600830078125,1359.8508770023916,566.4592414598172,1,715.5162791538082,577.9753204066635,1
136,136,4.533333333333333,4.5469279289245605,4.5469279289245605,1788009000146415,1788009000514568960,404393,404394,1788009000507065088,1788009000515397888,0.9005436337625179,8.33272933959961,0.8287429809570312,1360.0129045747312,565.962809610775,1,715.521166987692,577.7141284851461,1
137,137,4.566666666666666,4.58035683631897,4.58035683631897,1788009000179844,1788009000547999232,404397,404398,1788009000540397056,1788009000548731136,0.9121727935917608,8.333921432495117,0.7319450378417969,1360.358627636996,565.6372086840963,1,715.693231939119,577.7723222013426,1
138,138,4.6,4.613795042037964,4.613795042037964,1788009000213282,1788009000581438464,404401,404402,1788009000573730560,1788009000582063360,0.9250092987325113,8.332967758178711,0.6248950958251953,1360.816007127453,565.3221914655081,1,715.918130901471,577.8098868198747,1
139,139,4.633333333333334,4.6472249031066895,4.6472249031066895,1788009000246712,1788009000614868992,404405,404406,1788009000607062784,1788009000615395584,0.9368240343347639,8.33272933959961,0.52642822265625,1361.4612859843166,566.2468921490376,1,716.113739141765,577.9615934817851,1
140,140,4.666666666666667,4.680660009384155,4.680660009384155,1788009000280147,1788009000648304896,404409,404410,1788009000640395264,1788009000648728832,0.9491331464210104,8.333683013916016,0.4239082336425781,1362.5903966722888,567.6542608373271,1,716.6040636826422,577.9722793548282,1
141,141,4.7,4.714090824127197,4.714090824127197,1788009000313578,1788009000681736448,404413,404414,1788009000673728512,1788009000682061312,0.961030042918455,8.33272933959961,0.3247261047363281,1363.7546329322051,568.6056554278871,1,716.7427527935938,578.3507582286617,1
142,142,4.733333333333333,4.747514009475708,4.747514009475708,1788009000347001,1788009000715160832,404417,404418,1788009000707060736,1788009000715393536,0.972074391988555,8.33272933959961,0.232696533203125,1365.526680889098,568.8516754975556,1,716.9675724841652,578.1592043613534,1
143,143,4.766666666666667,4.780942916870117,4.780942916870117,1788009000380430,1788009000748590848,404421,404422,1788009000740392960,1788009000748726784,0.983693319982835,8.333921432495117,0.13589859008789062,1365.8707827472913,569.4135213864955,1,716.9150656845784,577.6692496678957,1
144,144,4.8,4.814373016357422,4.814373016357422,1788009000413860,1788009000782022144,404425,404426,1788009000773726208,1788009000782059264,0.9955652198792595,8.332967758178711,0.03695487976074219,1365.9777314369321,569.0066432485659,1,716.8933047219963,577.7080690354268,1
145,145,4.833333333333333,4.8478100299835205,4.8478100299835205,1788009000447297,1788009000815460352,404430,404431,1788009000815391488,1788009000823725312,0.008268009383761515,8.333683013916016,0.06890296936035156,1366.7394834444374,567.9203441256911,1,716.7736314655642,577.7874723291441,1
146,146,4.866666666666666,4.88123893737793,4.88123893737793,1788009000480726,1788009000848890624,404434,404435,1788009000848724736,1788009000857057536,0.01988555078683834,8.33272933959961,0.16570091247558594,1367.481423513518,568.0312853131454,1,716.8745180774233,577.6445358260013,1
147,147,4.9,4.914669036865234,4.914669036865234,1788009000514156,1788009000882321920,404438,404439,1788009000882055936,1788009000890390016,0.03189815477041911,8.333921432495117,0.2658367156982422,1368.4510133205324,568.5513488355158,1,716.5433047156508,577.425908454796,1
148,148,4.933333333333334,4.94809103012085,4.94809103012085,1788009000547578,1788009000915744768,404442,404443,1788009000915389184,1788009000923722240,0.04265972361305828,8.332967758178711,0.3554821014404297,1369.3508490053314,569.007658412118,1,715.8358814434512,577.060870121495,1
149,149,4.966666666666667,4.981526851654053,4.981526851654053,1788009000581014,1788009000949181696,404446,404447,1788009000948721664,1788009000957054464,0.055221745350500714,8.33272933959961,0.4601478576660156,1369.7619850373533,569.1033918384628,1,714.3270865731112,576.2164034105591,1
150,150,5.0,5.014956951141357,5.014956951141357,1788009000614444,1788009000982612992,404450,404451,1788009000982053888,1788009000990387712,0.06708817302740745,8.333683013916016,0.5590915679931641,1370.301887644635,570.272988728469,1,712.9510360067783,577.2904667415031,1
151,151,5.033333333333333,5.048393964767456,5.048393964767456,1788009000647881,1788009001016051200,404454,404455,1788009001015387392,1788009001023719936,0.07968526466380543,8.33272933959961,0.6639957427978516,1370.351582564881,571.8791059612976,1,712.4198804411559,576.5463297338102,1
152,152,5.066666666666666,5.081823825836182,5.081823825836182,1788009000681311,1788009001049482240,404458,404459,1788009001048719360,1788009001057052416,0.09155675087980315,8.332967758178711,0.762939453125,1370.239738869818,572.7764217679307,1,712.0017159180095,575.2948013378103,1
153,153,5.1,5.115253925323486,5.115253925323486,1788009000714741,1788009001082913536,404462,404463,1788009001082051840,1788009001090385664,0.10341868116149334,8.333921432495117,0.8618831634521484,1370.5693593701426,573.5600928587529,1,711.3837386886173,575.6043069666588,1
154,154,5.133333333333334,5.148690938949585,5.148690938949585,1788009000748178,1788009001116351744,404466,404467,1788009001115385088,1788009001123718144,0.11601957025550055,8.332967758178711,0.9667873382568359,1370.2938940983438,572.9942020631479,1,710.8749088416594,575.9941252688102,1
155,155,5.166666666666667,5.18212103843689,5.18212103843689,1788009000781608,1788009001149782784,404470,404471,1788009001148717312,1788009001157050112,0.1278683834048641,8.33272933959961,1.0654926300048828,1370.3664577018271,574.0631148207574,1,710.5128963335985,576.2128420075069,1
156,156,5.2,5.215558052062988,5.215558052062988,1788009000815045,1788009001183220992,404474,404475,1788009001182050816,1788009001190383360,0.14045779685264664,8.33272933959961,1.1703968048095703,1370.500164252908,575.1877183680305,1,710.1813851476984,576.9532588285073,1
157,157,5.233333333333333,5.2489869594573975,5.2489869594573975,1788009000848474,1788009001216651264,404478,404479,1788009001215383040,1788009001223715840,0.15218884120171675,8.33272933959961,1.268148422241211,1370.495346111933,575.6756493025563,1,709.9826219654991,577.2441418693368,1
158,158,5.266666666666667,5.282423973083496,5.282423973083496,1788009000881911,1788009001250089472,404482,404483,1788009001248715520,1788009001257049088,0.16487383418206786,8.333683013916016,1.3740062713623047,1370.6788720842314,575.6563186096498,1,709.9626062108498,577.621321165126,1
159,159,5.3,5.315852880477905,5.315852880477905,1788009000915340,1788009001283519232,404486,404487,1788009001282048512,1788009001290381312,0.17650424880547053,8.332967758178711,1.470804214477539,1370.6534875755583,574.6637373292006,1,709.8877918037704,578.1137537286826,1
160,160,5.333333333333333,5.34929084777832,5.34929084777832,1788009000948778,1788009001316958720,404490,404491,1788009001315380736,1788009001323713792,0.18935080541329288,8.332967758178711,1.5778541564941406,1370.9468480140931,574.0668041536386,1,709.8282534907015,577.8653507588991,1
161,161,5.366666666666666,5.382727861404419,5.382727861404419,1788009000982215,1788009001350396928,404494,404495,1788009001348713216,1788009001357047040,0.2020311829495065,8.333921432495117,1.6837120056152344,1371.3910376870824,573.6267064960625,1,709.942049580124,577.8910774833203,1
162,162,5.4,5.416157960891724,5.416157960891724,1788009001015645,1788009001383827968,404498,404499,1788009001382046464,1788009001390379264,0.21379113018597998,8.33272933959961,1.781463623046875,1371.6592821288712,573.8835572709738,1,710.3550681101705,577.9455679613679,1
163,163,5.433333333333334,5.449594974517822,5.449594974517822,1788009001049082,1788009001417266176,404502,404503,1788009001415378688,1788009001423711488,0.22649499284692418,8.33272933959961,1.8873214721679688,1372.719203067638,574.7155941293923,1,710.7054223477844,577.8875155479168,1
164,164,5.466666666666667,5.483031988143921,5.483031988143921,1788009001082519,1788009001450704384,404506,404507,1788009001448711168,1788009001457044736,0.23917148251988327,8.333683013916016,1.9931793212890625,1372.8122621095577,575.3714120084549,1,711.2365998898625,577.7996195905895,1
165,165,5.5,5.5164618492126465,5.5164618492126465,1788009001115949,1788009001484135424,404510,404511,1788009001482044416,1788009001490377216,0.2509298998569385,8.33272933959961,2.090930938720703,1372.728528834201,575.3876724242818,1,711.7273741069816,577.9561713797177,1
166,166,5.533333333333333,5.549890995025635,5.549890995025635,1788009001149378,1788009001517565696,404514,404515,1788009001515376640,1788009001523709440,0.2627106520557352,8.332967758178711,2.189159393310547,1372.6723693796994,575.32103821601,1,711.9161923112031,578.1996153691106,1
167,167,5.566666666666666,5.5833258628845215,5.5833258628845215,1788009001182813,1788009001551001856,404518,404519,1788009001548708864,1788009001557042944,0.2751251609211844,8.333921432495117,2.2928714752197266,1372.7119200429843,574.3896658878332,1,712.1806368638902,578.7496302305736,1
168,168,5.6,5.616756916046143,5.616756916046143,1788009001216244,1788009001584433920,404522,404523,1788009001582042112,1788009001590374912,0.28703862660944207,8.33272933959961,2.391815185546875,1372.9196336541945,574.0009031062457,1,712.1806348458043,578.5088558783161,1
169,169,5.633333333333334,5.650187015533447,5.650187015533447,1788009001249674,1788009001617864960,404526,404527,1788009001615374592,1788009001623708160,0.29884991703381586,8.333683013916016,2.490520477294922,1372.8017727076365,573.4300047016733,1,712.0558454778723,578.32769724406,1
170,170,5.666666666666667,5.683624029159546,5.683624029159546,1788009001283111,1788009001651303168,404530,404531,1788009001648707840,1788009001657040640,0.31147353361945634,8.33272933959961,2.5954246520996094,1372.5059266935552,572.922293036716,1,711.9738745078807,577.9953016105014,1
171,171,5.7,5.7170538902282715,5.7170538902282715,1788009001316541,1788009001684734464,404534,404535,1788009001682040320,1788009001690372864,0.32331902718168815,8.33272933959961,2.6941299438476562,1372.4593856569163,571.7188579889468,1,711.7227628458685,577.1669847466882,1
172,172,5.733333333333333,5.7504918575286865,5.7504918575286865,1788009001349979,1788009001718173440,404538,404539,1788009001715372288,1788009001723706368,0.3361178658274925,8.333921432495117,2.801179885864258,1372.3004185610862,569.3486652938326,1,711.6500381295648,576.552788521267,1
173,173,5.766666666666667,5.783920049667358,5.783920049667358,1788009001383407,1788009001751602944,404542,404543,1788009001748705536,1788009001757038592,0.3476867614660525,8.332967758178711,2.8972625732421875,1371.4371124948602,565.9866050787103,1,710.9406991425274,575.1917263421892,1
174,174,5.8,5.817349910736084,5.817349910736084,1788009001416837,1788009001785033728,404546,404547,1788009001782038016,1788009001790370816,0.35950330462647706,8.332967758178711,2.995729446411133,1371.232014680158,563.5619650223421,1,709.7347663039109,572.6687983724872,1
175,175,5.833333333333333,5.850785970687866,5.850785970687866,1788009001450273,1788009001818470912,404550,404551,1788009001815370240,1788009001823704320,0.3720497782863682,8.333921432495117,3.1006336212158203,1371.098786702101,562.2909828838096,1,709.0040688959664,570.4855447747957,1
176,176,5.866666666666666,5.884215831756592,5.884215831756592,1788009001483703,1788009001851901440,404554,404555,1788009001848703744,1788009001857036288,0.3837768240343348,8.33272933959961,3.197908401489258,1370.3021126727122,560.6767239054557,1,708.0672762964432,568.1900051397073,1
177,177,5.9,5.917646884918213,5.917646884918213,1788009001517134,1788009001885333504,404558,404559,1788009001882034944,1788009001890368768,0.3958059163471992,8.333683013916016,3.298521041870117,1370.4340827601723,558.7221461359844,1,706.7732213741199,565.3401763998785,1
178,178,5.933333333333334,5.951082944869995,5.951082944869995,1788009001550570,1788009001918770432,404562,404563,1788009001915368192,1788009001923700992,0.4082858859546222,8.332967758178711,3.402233123779297,1370.2731243616322,557.129171591275,1,705.6953277633733,563.0295891116665,1
179,179,5.966666666666667,5.9845130443573,5.9845130443573,1788009001584000,1788009001952201472,404566,404567,1788009001948700416,1788009001957033472,0.4201310405996967,8.332967758178711,3.5009384155273438,1369.948950871104,555.5959527002709,1,704.3186044691894,560.8079526519224,1
180,180,6.0,6.017951011657715,6.017951011657715,1788009001617438,1788009001985640448,404570,404571,1788009001982032896,1788009001990366720,0.4328994421398942,8.333921432495117,3.6077499389648438,1369.734941605563,553.5506348948597,1,703.1536999743935,558.6172505719658,1
181,181,6.033333333333333,6.051379919052124,6.051379919052124,1788009001650867,1788009002019070720,404574,404575,1788009002015366144,1788009002023698688,0.44457796852646636,8.33272933959961,3.704547882080078,1369.456483453188,551.590122112753,1,702.1172671604302,556.6252407541899,1
182,182,6.066666666666666,6.084810018539429,6.084810018539429,1788009001684297,1788009002052502016,404578,404579,1788009002048698368,1788009002057031168,0.45645207439198854,8.33272933959961,3.8034915924072266,1369.5436725063673,547.4304984334543,1,700.8123465839112,554.0611369144922,1
183,183,6.1,6.118230819702148,6.118230819702148,1788009001717718,1788009002085923584,404582,404583,1788009002082030848,1788009002090364416,0.4671282256680208,8.333683013916016,3.8928985595703125,1369.43754416323,544.3318621954089,1,699.3749729962635,551.6048537971495,1
184,184,6.133333333333334,6.151660919189453,6.151660919189453,1788009001751148,1788009002119354880,404586,404587,1788009002115364096,1788009002123696896,0.4789413447782547,8.33272933959961,3.9908885955810547,1369.5559239899585,540.6938908173142,1,698.0524148502132,549.4937205377361,1
185,185,6.166666666666667,6.185089826583862,6.185089826583862,1788009001784577,1788009002152785152,404590,404591,1788009002148696064,1788009002157029120,0.49068696174644505,8.332967758178711,4.088878631591797,1369.8889787549356,537.3923238937817,1,696.7707761991934,547.9609106665152,1
186,186,6.2,6.218528985977173,6.218528985977173,1788009001818016,1788009002186225408,404594,404595,1788009002182028544,1788009002190362368,0.5035903304248319,8.333921432495117,4.1370391845703125,1370.1217725396382,536.3629675441925,1,695.3360586366383,547.0155403843663,1
187,187,6.233333333333333,6.251957893371582,6.251957893371582,1788009001851445,1788009002219655424,404598,404599,1788009002215361792,1788009002223694848,0.5152642270607422,8.332967758178711,4.039287567138672,1371.2991024392404,535.3598400127775,1,694.7436824361819,546.7912005582566,1
188,188,6.266666666666667,6.285393953323364,6.285393953323364,1788009001884881,1788009002253092864,404602,404603,1788009002248694272,1788009002257027840,0.5278079761972878,8.333683013916016,3.935098648071289,1372.0354078623811,532.9052414261894,1,694.1213164605733,546.2866299150672,1
189,189,6.3,6.318824052810669,6.318824052810669,1788009001918311,1788009002286523904,404606,404607,1788009002282027520,1788009002290360320,0.5395994277539342,8.33272933959961,3.836393356323242,1372.4860371263212,531.2743476392754,1,693.3056113332871,545.7974700088043,1
190,190,6.333333333333333,6.352254867553711,6.352254867553711,1788009001951742,1788009002319955712,404610,404611,1788009002315359744,1788009002323692544,0.5515593705293276,8.33272933959961,3.736734390258789,1372.8028836011072,531.4334519070527,1,692.9554694380518,546.2706416247153,1
191,191,6.366666666666666,6.385682821273804,6.385682821273804,1788009001985170,1788009002353384960,404614,404615,1788009002348691968,1788009002357025792,0.5631240165927621,8.333921432495117,3.640890121459961,1372.829776048428,532.5566846392436,1,692.7563600033791,547.0792010143686,1
192,192,6.4,6.419111967086792,6.419111967086792,1788009002018599,1788009002386815232,404618,404619,1788009002382025216,1788009002390358272,0.5748333381019141,8.332967758178711,3.5429000854492188,1372.8657274502068,534.5947343494913,1,692.6849117169195,547.6759046910942,1
193,193,6.433333333333334,6.452541828155518,6.452541828155518,1788009002052029,1788009002420246272,404622,404623,1788009002415357696,1788009002423690496,0.5866784927469887,8.332967758178711,3.444194793701172,1373.2657307303707,535.755483464905,1,692.5493010564239,548.1047326597005,1
194,194,6.466666666666667,6.485971927642822,6.485971927642822,1788009002085459,1788009002453677568,404626,404627,1788009002448689920,1788009002457023744,0.5984837648405092,8.333921432495117,3.3462047576904297,1373.3698394153466,535.9752110431347,1,692.2391772904696,548.2103312241793,1
195,195,6.5,6.519402980804443,6.519402980804443,1788009002118890,1788009002487109888,404630,404631,1788009002482023168,1788009002490355968,0.6104434907010015,8.33272933959961,3.2460689544677734,1373.434308908338,535.3593669135819,1,692.0591756330203,548.0516158106382,1
196,196,6.533333333333333,6.552830934524536,6.552830934524536,1788009002152318,1788009002520539136,404634,404635,1788009002515355648,1788009002523688192,0.6220600858369099,8.33272933959961,3.149271011352539,1373.2064620328747,535.1557599010503,1,691.8934652141063,547.2301503874994,1
197,197,6.566666666666666,6.586261034011841,6.586261034011841,1788009002185748,1788009002553970432,404638,404639,1788009002548687872,1788009002557021696,0.6338616467357098,8.333683013916016,3.051280975341797,1373.4136672528832,534.9390354861221,1,692.2697808635343,548.0636187677707,1
198,198,6.6,6.619690895080566,6.619690895080566,1788009002219178,1788009002587401216,404642,404643,1788009002582021120,1788009002590353920,0.6456467626105119,8.332967758178711,2.9528141021728516,1373.8188084459375,534.8938426494316,1,692.4080042227915,548.6289946198881,1
199,199,6.633333333333334,6.653110980987549,6.653110980987549,1788009002252598,1788009002620822528,404646,404647,1788009002615353344,1788009002623686400,0.6563188463849389,8.332967758178711,2.8638839721679688,1373.9506312593803,534.9517004929967,1,692.0470306931013,548.9708852945122,1
200,200,6.666666666666667,6.68654203414917,6.68654203414917,1788009002286029,1788009002654254592,404650,404651,1788009002648686592,1788009002657019648,0.6681926125146633,8.332967758178711,2.7649402618408203,1374.0081400526537,535.0563230656809,1,691.8172154256774,548.3222790464762,1
201,201,6.7,6.7199718952178955,6.7199718952178955,1788009002319459,1788009002687685376,404654,404655,1788009002682019072,1788009002690351616,0.6800286123032904,8.33272933959961,2.6662349700927734,1373.9602647408742,534.8397094369817,1,691.8154081087877,547.9729878983277,1
202,202,6.733333333333333,6.7534019947052,6.7534019947052,1788009002352889,1788009002721116416,404658,404659,1788009002715351296,1788009002723685120,0.6917949304800595,8.333683013916016,2.568483352661133,1374.417081805874,534.6069761609533,1,692.0515488990817,547.9544059530323,1
203,203,6.766666666666667,6.786830902099609,6.786830902099609,1788009002386318,1788009002754546688,404662,404663,1788009002748684544,1788009002757017344,0.7034907010014306,8.33272933959961,2.470731735229492,1375.0528737803356,534.6812382210177,1,692.3191486940049,548.1331194486976,1
204,204,6.8,6.8202619552612305,6.8202619552612305,1788009002419749,1788009002787979008,404666,404667,1788009002782017024,1788009002790349824,0.7154792560801144,8.33272933959961,2.3708343505859375,1375.8395914641299,535.9337720489882,1,693.0779231520467,549.5597811250902,1
205,205,6.833333333333333,6.853691816329956,6.853691816329956,1788009002453179,1788009002821410304,404670,404671,1788009002815348992,1788009002823683072,0.7272779287655557,8.333921432495117,2.2728443145751953,1376.8328235100655,539.3632503017375,1,694.1780275096546,552.239820050547,1
206,206,6.866666666666666,6.887120962142944,6.887120962142944,1788009002486608,1788009002854840576,404674,404675,1788009002848682496,1788009002857015296,0.7390060370232612,8.332967758178711,2.174854278564453,1376.1240557881374,546.7802508036011,1,696.729031514305,556.8421496597206,1
207,207,6.9,6.92055082321167,6.92055082321167,1788009002520038,1788009002888271616,404678,404679,1788009002882013696,1788009002890347776,0.7508797024746102,8.333921432495117,2.0761489868164062,1374.921476299363,553.6119232429382,1,700.463052156503,562.7297624903259,1
208,208,6.933333333333334,6.953979969024658,6.953979969024658,1788009002553467,1788009002921701632,404682,404683,1788009002915347200,1788009002923679744,0.7626037195994277,8.33272933959961,1.978158950805664,1374.7468075706065,558.0672400495471,1,703.1911491935696,566.6531945334561,1
209,209,6.966666666666667,6.987408876419067,6.987408876419067,1788009002586896,1788009002955131648,404686,404687,1788009002948679424,1788009002957012224,0.7743061516452074,8.33272933959961,1.880645751953125,1376.2326807143702,560.8523563298438,1,704.692990510367,568.2243170645069,1
210,210,7.0,7.020838022232056,7.020838022232056,1788009002620325,1788009002988561920,404690,404691,1788009002982011648,1788009002990345472,0.7859819768273495,8.333921432495117,1.783609390258789,1378.2859922408384,561.4618271534221,1,705.6410068859162,568.6332309379964,1
211,211,7.033333333333333,7.054268836975098,7.054268836975098,1788009002653756,1788009003021994240,404694,404695,1788009003015344896,1788009003023677952,0.7979456954021344,8.332967758178711,1.6837120056152344,1379.0045315080336,563.4897709194145,1,706.1077733136522,567.3440740715962,1
212,212,7.066666666666666,7.087698936462402,7.087698936462402,1788009002687186,1788009003055425280,404698,404699,1788009003048677120,1788009003057010176,0.8098194615318589,8.332967758178711,1.584768295288086,1378.4477978971995,564.3694914284556,1,705.4609753611799,565.1857749616806,1
213,213,7.1,7.121129989624023,7.121129989624023,1788009002720617,1788009003088857600,404702,404703,1788009003082009600,1788009003090343424,0.8217136318123301,8.333921432495117,1.4858245849609375,1377.6317181920535,563.6643296826244,1,705.2234023465171,564.1899351774483,1
214,214,7.133333333333334,7.154557943344116,7.154557943344116,1788009002754045,1788009003122286848,404706,404707,1788009003115342848,1788009003123675648,0.8333333333333334,8.33272933959961,1.3887882232666016,1376.6151810890437,564.7214462009478,1,706.020647051671,565.1290585401096,1
215,215,7.166666666666667,7.187988042831421,7.187988042831421,1788009002787475,1788009003155717632,404710,404711,1788009003148675328,1788009003157007872,0.8451502145922747,8.33272933959961,1.2903213500976562,1375.011451013564,565.7945185178257,1,706.5615550349853,565.5827012192759,1
216,216,7.2,7.221426010131836,7.221426010131836,1788009002820913,1788009003189156352,404714,404715,1788009003182007552,1788009003190341120,0.8578131258225096,8.333683013916016,1.1849403381347656,1373.473220338683,566.5966124432921,1,707.0972207230145,564.7511829169937,1
217,217,7.233333333333333,7.254854917526245,7.254854917526245,1788009002854342,1788009003222585856,404718,404719,1788009003215340800,1788009003223673600,0.8694706723891273,8.33272933959961,1.0876655578613281,1371.9413502858154,566.8271508536587,1,708.1502089738266,563.7691267769726,1
218,218,7.266666666666667,7.288282871246338,7.288282871246338,1788009002887770,1788009003256014848,404722,404723,1788009003248673024,1788009003257005824,0.8810620583102057,8.332967758178711,0.9911060333251953,1370.5807269990255,567.3453071509838,1,709.5691700850147,563.8350233889548,1
219,219,7.3,7.321712017059326,7.321712017059326,1788009002921199,1788009003289444864,404726,404727,1788009003282006272,1788009003290339328,0.8926783210780808,8.332967758178711,0.8943080902099609,1368.8816898844243,568.3131875673405,1,711.9334169116876,565.9423676028516,1
220,220,7.333333333333333,7.355150938034058,7.355150938034058,1788009002954638,1788009003322885376,404730,404731,1788009003315338496,1788009003323671296,0.9056652360515022,8.33272933959961,0.7860660552978516,1367.8476647434197,566.3953496228265,1,712.8976494660922,566.8723091776584,1
221,221,7.366666666666666,7.388579845428467,7.388579845428467,1788009002988067,1788009003356315392,404734,404735,1788009003348670976,1788009003357004544,0.9172912971333753,8.333683013916016,0.6892681121826172,1366.8219675901287,563.3299274199262,1,712.8358199118163,565.753552570089,1
222,222,7.4,7.4220099449157715,7.4220099449157715,1788009003021497,1788009003389746688,404738,404739,1788009003382004224,1788009003390337024,0.9291559370529328,8.33272933959961,0.5903244018554688,1365.7866133082682,560.4436206316127,1,712.2938755143325,564.7739414742667,1
223,223,7.433333333333334,7.455440044403076,7.455440044403076,1788009003054927,1788009003423177984,404742,404743,1788009003415336704,1788009003423669248,0.9410300429184549,8.33272933959961,0.4913806915283203,1365.325119479055,556.4382965803758,1,712.061676509223,563.3752874846884,1
224,224,7.466666666666667,7.488867998123169,7.488867998123169,1788009003088355,1788009003456606976,404746,404747,1788009003448668672,1788009003457002752,0.9525103704763267,8.333921432495117,0.39577484130859375,1364.9361435405222,552.0675743683734,1,711.4648525750922,562.1290006523265,1
225,225,7.5,7.52229905128479,7.52229905128479,1788009003121786,1788009003490039040,404750,404751,1788009003482001920,1788009003490334976,0.9644931475494264,8.332967758178711,0.29587745666503906,1364.7671749728015,548.6736227264786,1,711.1461355925202,561.6591939890196,1
226,226,7.533333333333333,7.555727958679199,7.555727958679199,1788009003155215,1788009003523469312,404754,404755,1788009003515334400,1788009003523667456,0.9762238562559011,8.332967758178711,0.19812583923339844,1363.6820644215354,547.1321082380481,1,710.7796906626697,561.0430092737877,1
227,227,7.566666666666666,7.5891640186309814,7.5891640186309814,1788009003188651,1788009003556906752,404758,404759,1788009003548666624,1788009003557000448,0.9887566515992448,8.333683013916016,0.09369850158691406,1363.0772430189134,546.7497045714131,1,709.9629606003409,560.6924266484637,1
228,228,7.6,7.622592926025391,7.622592926025391,1788009003222080,1788009003590336512,404763,404764,1788009003590332672,1788009003598665728,0.00045778375439901577,8.332967758178711,0.003814697265625,1362.5479692087129,546.6489533199125,1,709.7987898372355,559.3703328373978,1
229,229,7.633333333333334,7.656023979187012,7.656023979187012,1788009003255511,1788009003623768832,404767,404768,1788009003623665152,1788009003631998976,0.012444571592046918,8.333921432495117,0.10371208190917969,1362.0867430353867,546.8282534892265,1,709.6679272091689,558.45601304026,1
230,230,7.666666666666667,7.689452886581421,7.689452886581421,1788009003288940,1788009003657198592,404771,404772,1788009003656998400,1788009003665331200,0.0240343347639485,8.33272933959961,0.2002716064453125,1362.056925048808,546.1433328937029,1,709.4990064605715,558.6312397518972,1
231,231,7.7,7.722884893417358,7.722884893417358,1788009003322372,1788009003690631936,404775,404776,1788009003690330624,1788009003698664448,0.03613320363906849,8.333683013916016,0.30112266540527344,1362.098272094859,545.4819818477697,1,709.1274870650631,558.2816734379473,1
232,232,7.733333333333333,7.756311893463135,7.756311893463135,1788009003355799,1788009003724059904,404779,404780,1788009003723664128,1788009003731996672,0.0474964234620887,8.33272933959961,0.39577484130859375,1361.9980851535229,545.1107440912123,1,708.9613623701102,557.7032419205686,1
233,233,7.766666666666667,7.789742946624756,7.789742946624756,1788009003389230,1788009003757491968,404783,404784,1788009003756996352,1788009003765329152,0.05948497854077253,8.33272933959961,0.49567222595214844,1361.6096901155918,545.0208544658555,1,708.806898834503,557.6647805914457,1
234,234,7.8,7.823171854019165,7.823171854019165,1788009003422659,1788009003790922240,404787,404788,1788009003790328576,1788009003798662400,0.07123444428550994,8.333921432495117,0.5936622619628906,1361.647198188453,545.2056690959279,1,708.690742221672,557.455459435914,1
235,235,7.833333333333333,7.85660195350647,7.85660195350647,1788009003456089,1788009003824353536,404791,404792,1788009003823661824,1788009003831994880,0.08300191696947154,8.332967758178711,0.6916522979736328,1362.019394268725,545.4719500314718,1,708.5292171796918,557.170767434567,1
236,236,7.866666666666666,7.890038013458252,7.890038013458252,1788009003489525,1788009003857790720,404795,404796,1788009003856994048,1788009003865325824,0.0956046471699193,8.331775665283203,0.7965564727783203,1362.4013632156175,544.5387317059445,1,708.761729337052,557.348539162862,1
237,237,7.9,7.923475980758667,7.923475980758667,1788009003522963,1788009003891230208,404799,404800,1788009003890325504,1788009003898659328,0.10854265606225325,8.333683013916016,0.9045600891113281,1363.6078812206686,545.8961596831801,1,709.0356563979963,558.5403329896718,1
238,238,7.933333333333334,7.956905841827393,7.956905841827393,1788009003556393,1788009003924661248,404803,404804,1788009003923658752,1788009003931991552,0.12028612303290415,8.33272933959961,1.0023117065429688,1364.8212987932575,545.878806493679,1,709.1576900159748,558.9209983496801,1
239,239,7.966666666666667,7.990342855453491,7.990342855453491,1788009003589830,1788009003958099456,404807,404808,1788009003956990976,1788009003965324800,0.13299957087684167,8.333921432495117,1.108407974243164,1366.2800438584609,545.1814228024588,1,708.627493700214,558.3302415132296,1
240,240,8.0,8.023772954940796,8.023772954940796,1788009003623260,1788009003991530496,404811,404812,1788009003990324224,1788009003998657280,0.1447455008440388,8.332967758178711,1.2061595916748047,1368.6745802423347,543.8836199966389,1,707.6970223979688,557.5966682664341,1
241,241,8.033333333333333,8.057209968566895,8.057209968566895,1788009003656697,1788009004024968704,404815,404816,1788009004023656704,1788009004031989504,0.15744900002861148,8.332967758178711,1.3120174407958984,1372.027794319641,542.7590104869887,1,705.9035131259654,556.923125873053,1
242,242,8.066666666666666,8.090638875961304,8.090638875961304,1788009003690126,1788009004058398464,404819,404820,1788009004056988928,1788009004065322752,0.16913174080961235,8.333921432495117,1.4095306396484375,1376.6600491460754,540.7990081967774,1,702.8000693033823,556.0221188664619,1
243,243,8.1,8.124068975448608,8.124068975448608,1788009003723556,1788009004091829760,404823,404824,1788009004090322176,1788009004098654976,0.18091559370529328,8.33272933959961,1.5075206756591797,1381.7803512669436,539.4912697447174,1,700.0377101227783,555.6292213921502,1
244,244,8.133333333333333,8.15750503540039,8.15750503540039,1788009003756992,1788009004125266944,404827,404828,1788009004123654656,1788009004131987456,0.19350500715307584,8.33272933959961,1.6124248504638672,1387.6089038757038,539.4929868552415,1,698.4815984057959,555.6248250889021,1
245,245,8.166666666666666,8.190934896469116,8.190934896469116,1788009003790422,1788009004158697984,404831,404832,1788009004156986880,1788009004165320704,0.2053270012015792,8.333683013916016,1.711130142211914,1391.8579037548454,542.7981040675726,1,698.080761640248,556.9889218845287,1
246,246,8.2,8.224370956420898,8.224370956420898,1788009003823858,1788009004192135424,404835,404836,1788009004190320128,1788009004198652928,0.21782546494992847,8.33272933959961,1.8150806427001953,1392.874589530512,547.4028995887574,1,698.6600012238548,560.5441754935566,1
247,247,8.233333333333333,8.25780987739563,8.25780987739563,1788009003857297,1788009004225575424,404839,404840,1788009004223652352,1788009004231985408,0.2307802351864038,8.332967758178711,1.9230842590332031,1392.1961112697131,552.3619501707526,1,699.6871420610125,563.5899722691837,1
248,248,8.266666666666667,8.291245937347412,8.291245937347412,1788009003890733,1788009004259012096,404843,404844,1788009004256984832,1788009004265318656,0.24328422257187812,8.333921432495117,2.0275115966796875,1392.1046783049578,556.4154793686384,1,700.9098608419205,567.081060103205,1
249,249,8.3,8.324676990509033,8.324676990509033,1788009003924164,1788009004292444160,404847,404848,1788009004290318080,1788009004298650624,0.2551645207439199,8.33272933959961,2.1262168884277344,1391.731120983334,558.5142981466028,1,701.9020993221118,569.4964764247601,1
250,250,8.333333333333334,8.358113050460815,8.358113050460815,1788009003957600,1788009004325881088,404851,404852,1788009004323650304,1788009004331984128,0.2676660754134005,8.333683013916016,2.2306442260742188,1392.0708812754133,560.0817714811311,1,701.6953110336924,570.3936004899184,1
251,251,8.366666666666667,8.391549825668335,8.391549825668335,1788009003991037,1788009004359318784,404855,404856,1788009004356983552,1788009004365316352,0.2802288984263233,8.33272933959961,2.335071563720703,1392.0372825434197,560.9927387669794,1,701.1592065191144,571.0425464220883,1
252,252,8.4,8.424986839294434,8.424986839294434,1788009004024474,1788009004392756992,404859,404860,1788009004390316032,1788009004398648832,0.2929327610872675,8.33272933959961,2.440929412841797,1391.651475911494,562.9103844621161,1,699.798434234374,571.5274497463516,1
253,253,8.433333333333334,8.458415985107422,8.458415985107422,1788009004057903,1788009004426187264,404863,404864,1788009004423648000,1788009004431982080,0.3046774424259763,8.333921432495117,2.5391578674316406,1390.999004049013,565.7055184271758,1,698.6873486941201,572.4114048762249,1
254,254,8.466666666666667,8.491844892501831,8.491844892501831,1788009004091332,1788009004459617280,404867,404868,1788009004456981504,1788009004465314304,0.3163285742897199,8.332967758178711,2.635955810546875,1389.9452437271598,567.2743533868671,1,697.8032347031581,572.957606025634,1
255,255,8.5,8.525282859802246,8.525282859802246,1788009004124770,1788009004493056512,404871,404872,1788009004490313728,1788009004498646784,0.32914651941289236,8.332967758178711,2.742767333984375,1389.4556070338258,570.4251584071613,1,697.7664812428189,574.1803037979951,1
256,256,8.533333333333333,8.558712005615234,8.558712005615234,1788009004158199,1788009004526486784,404875,404876,1788009004523646208,1788009004531980032,0.3408668287798598,8.333921432495117,2.840757369995117,1389.3037889962961,573.1806465036381,1,698.2856401899155,576.0686885953833,1
257,257,8.566666666666666,8.59214997291565,8.59214997291565,1788009004191637,1788009004559926016,404879,404880,1788009004556979456,1788009004565312256,0.3536194563662375,8.33272933959961,2.946615219116211,1389.9845193640301,574.7410466483524,1,698.5409259877339,576.8032614017741,1
258,258,8.6,8.625578880310059,8.625578880310059,1788009004225066,1788009004593355776,404883,404884,1788009004590311680,1788009004598644480,0.3653218884120172,8.33272933959961,3.04412841796875,1389.8264169727272,576.4060894828189,1,699.1843920629364,576.4308295222365,1
259,259,8.633333333333333,8.659015893936157,8.659015893936157,1788009004258503,1788009004626793984,404887,404888,1788009004623643904,1788009004631977728,0.37800028608210556,8.333921432495117,3.1502246856689453,1389.8802233686772,577.4591963313505,1,699.3112760411186,577.5120019176378,1
260,260,8.666666666666666,8.692446947097778,8.692446947097778,1788009004291934,1788009004660226304,404891,404892,1788009004656977152,1788009004665310208,0.3899173128093617,8.332967758178711,3.2491683959960938,1390.072822229144,578.3319100678425,1,700.158008220262,579.978045778638,1
261,261,8.7,8.725883960723877,8.725883960723877,1788009004325371,1788009004693664512,404895,404896,1788009004690309632,1788009004698642432,0.40262081199393435,8.332967758178711,3.3550262451171875,1390.3043305693068,578.2807744094509,1,701.2709507533374,582.74842253525,1
262,262,8.733333333333333,8.759318828582764,8.759318828582764,1788009004358806,1788009004727100672,404899,404900,1788009004723641856,1788009004731975680,0.4150193105421256,8.333921432495117,3.458738327026367,1390.514790793949,577.7115870807717,1,700.9155395917055,585.5790232869706,1
263,263,8.766666666666667,8.792748928070068,8.792748928070068,1788009004392236,1788009004760531712,404903,404904,1788009004756975104,1788009004765307904,0.42680972818311874,8.33272933959961,3.556489944458008,1390.3786038788678,577.5576484967553,1,700.3376129807178,587.0874095579045,1
264,264,8.8,8.8261878490448,8.8261878490448,1788009004425675,1788009004793971712,404907,404908,1788009004790307584,1788009004798641152,0.43969216684785717,8.333683013916016,3.664255142211914,1390.292525620471,577.4206870795615,1,699.5199537298708,588.8678676522107,1
265,265,8.833333333333334,8.859614849090576,8.859614849090576,1788009004459102,1788009004827399936,404911,404912,1788009004823640832,1788009004831973632,0.4511301859799714,8.33272933959961,3.759145736694336,1390.5709992374325,577.4383646843128,1,699.4343017298413,589.8081952349335,1
266,266,8.866666666666667,8.893052816390991,8.893052816390991,1788009004492540,1788009004860839168,404915,404916,1788009004856973056,1788009004865304832,0.464001602472386,8.331775665283203,3.865957260131836,1391.3545257701269,577.8707951111797,1,699.4094222808037,591.10790600053,1
267,267,8.9,8.926486015319824,8.926486015319824,1788009004525973,1788009004894273280,404919,404920,1788009004890304256,1788009004898638336,0.47624088113288515,8.333921432495117,3.968954086303711,1391.2695604014991,578.1473736074105,1,699.4277368742432,592.2328091963636,1
268,268,8.933333333333334,8.959918975830078,8.959918975830078,1788009004559406,1788009004927707392,404923,404924,1788009004923637504,1788009004931970304,0.488412017167382,8.33272933959961,4.069805145263672,1390.337146172568,578.3109557768666,1,699.5153175692155,592.8929942774189,1
269,269,8.966666666666667,8.993348836898804,8.993348836898804,1788009004592836,1788009004961138432,404927,404928,1788009004956969984,1788009004965303552,0.5002002632030669,8.333683013916016,4.165172576904297,1389.800665855469,578.6441699578776,1,698.9271974275947,592.8095682596166,1
270,270,9.0,9.026787996292114,9.026787996292114,1788009004626275,1788009004994578944,404931,404932,1788009004990303232,1788009004998636032,0.51310443490701,8.33272933959961,4.057168960571289,1389.6044459955615,578.53127738279,1,698.814783286635,592.8961779518075,1
271,271,9.033333333333333,9.060216903686523,9.060216903686523,1788009004659704,1788009005028008960,404935,404936,1788009005023635712,1788009005031968256,0.5248354792560801,8.33272933959961,3.9594173431396484,1389.5829331607624,578.5926919248856,1,698.871213570096,593.3032644443675,1
272,272,9.066666666666666,9.093654870986938,9.093654870986938,1788009004693142,1788009005061448192,404939,404940,1788009005056967680,1788009005065301760,0.5376054927764269,8.333921432495117,3.8535594940185547,1389.753920321383,577.9754040575596,1,699.4242876080634,594.2618459110632,1
273,273,9.1,9.12709093093872,9.12709093093872,1788009004726578,1788009005094885376,404943,404944,1788009005090300928,1788009005098633984,0.5501416268490172,8.332967758178711,3.748655319213867,1389.716590421483,577.2509813999117,1,699.7712088621884,594.058667091445,1
274,274,9.133333333333333,9.160521030426025,9.160521030426025,1788009004760008,1788009005128316672,404947,404948,1788009005123633408,1788009005131966464,0.5620153929787417,8.332967758178711,3.6497116088867188,1389.619122003336,576.9037075519003,1,700.1126548833446,594.225290894741,1
275,275,9.166666666666666,9.193958044052124,9.193958044052124,1788009004793445,1788009005161754880,404951,404952,1788009005156965632,1788009005165299712,0.5746531254470033,8.333921432495117,3.5448074340820312,1389.4557872115874,576.7733425093251,1,700.5773662484597,594.4096908309278,1
276,276,9.2,9.22739291191101,9.22739291191101,1788009004826880,1788009005195190784,404955,404956,1788009005190299136,1788009005198631680,0.5870386266094421,8.33272933959961,3.4410953521728516,1389.4111790638024,576.8657937152432,1,701.1786726042554,594.5160363530747,1
277,277,9.233333333333333,9.26082181930542,9.26082181930542,1788009004860309,1788009005228620800,404959,404960,1788009005223631360,1788009005231964160,0.5987696709585122,8.33272933959961,3.343343734741211,1389.85603573077,576.4937526822256,1,701.4465258145882,594.8199685039526,1
278,278,9.266666666666667,9.294252872467041,9.294252872467041,1788009004893740,1788009005262053120,404963,404964,1788009005256963584,1788009005265297408,0.6106994707481047,8.333921432495117,3.2444000244140625,1389.7002299004089,576.2453278195244,1,701.4286172944312,595.2699270881943,1
279,279,9.3,9.32768988609314,9.32768988609314,1788009004927177,1788009005295491328,404967,404968,1788009005290296832,1788009005298629888,0.6233584160682097,8.332967758178711,3.1385421752929688,1389.875700914963,576.3935953406641,1,701.489399807085,595.0031867659762,1
280,280,9.333333333333334,9.361119985580444,9.361119985580444,1788009004960607,1788009005328922624,404971,404972,1788009005323629056,1788009005331962112,0.6352321821979342,8.332967758178711,3.0395984649658203,1389.9118285401198,576.2083427263656,1,702.0538815142428,595.0123437331181,1
281,281,9.366666666666667,9.39454984664917,9.39454984664917,1788009004994037,1788009005362353664,404975,404976,1788009005356961536,1788009005365295360,0.647003289944214,8.333921432495117,2.9418468475341797,1389.2462140236132,576.1404985346531,1,702.4932948924845,594.439317625781,1
282,282,9.4,9.427986860275269,9.427986860275269,1788009005027474,1788009005395791872,404979,404980,1788009005390294784,1788009005398627584,0.6596852646638054,8.33272933959961,2.8357505798339844,1388.9239516131547,575.2557283767229,1,702.5255680621246,594.0226435745057,1
283,283,9.433333333333334,9.461416959762573,9.461416959762573,1788009005060904,1788009005429222656,404983,404984,1788009005423627264,1788009005431960832,0.6714253018252561,8.333683013916016,2.7382373809814453,1389.0715976961549,574.0316025038779,1,701.9486822901213,592.5708601731202,1
284,284,9.466666666666667,9.494853973388672,9.494853973388672,1788009005094341,1788009005462660352,404987,404988,1788009005456960512,1788009005465293056,0.6840343347639485,8.33272933959961,2.6328563690185547,1389.0780837705106,572.7057141025422,1,701.1195627986003,589.8159681961772,1
285,285,9.5,9.528290033340454,9.528290033340454,1788009005127777,1788009005496097024,404991,404992,1788009005490292736,1788009005498625536,0.6965665236051503,8.33272933959961,2.5284290313720703,1388.9404332930314,571.2462072140208,1,701.176396296189,587.503464496256,1
286,286,9.533333333333333,9.561718940734863,9.561718940734863,1788009005161206,1788009005529527040,404995,404996,1788009005523624960,1788009005531958784,0.7081962523244171,8.333921432495117,2.4318695068359375,1388.5395747297566,567.7558233232971,1,701.3067642495986,585.6028946107784,1
287,287,9.566666666666666,9.595157861709595,9.595157861709595,1788009005194645,1788009005562967040,404999,405000,1788009005556958208,1788009005565291264,0.7210952476323996,8.332967758178711,2.3241043090820312,1388.3265316699935,565.4884760547095,1,701.8796390733569,584.6970789968847,1
288,288,9.6,9.6285879611969,9.6285879611969,1788009005228075,1788009005596398336,405003,405004,1788009005590290432,1788009005598623232,0.7329899856938483,8.33272933959961,2.2249221801757812,1388.218110096379,568.2213138484215,1,702.5088695492839,584.7024089137708,1
289,289,9.633333333333333,9.662016868591309,9.662016868591309,1788009005261504,1788009005629828352,405007,405008,1788009005623622912,1788009005631956480,0.7446358070607083,8.333683013916016,2.128124237060547,1387.2729112269365,568.5154070137264,1,702.8990896428019,584.8423982480161,1
290,290,9.666666666666666,9.695446968078613,9.695446968078613,1788009005294934,1788009005663259648,405011,405012,1788009005656956160,1788009005665288960,0.756480686695279,8.33272933959961,2.0291805267333984,1386.021920683388,569.6974063185913,1,703.0834038228713,585.379240283436,1
291,291,9.7,9.728876829147339,9.728876829147339,1788009005328364,1788009005696690688,405015,405016,1788009005690288640,1788009005698621184,0.7683261802575108,8.33272933959961,1.9304752349853516,1384.8520370497977,568.9709999075977,1,703.4350222668377,586.0956355694419,1
292,292,9.733333333333333,9.762305974960327,9.762305974960327,1788009005361793,1788009005730120960,405019,405020,1788009005723620608,1788009005731954688,0.7799742526104992,8.333921432495117,1.8336772918701172,1383.302353500079,569.1778219970581,1,704.0211310787565,586.1680901097142,1
293,293,9.766666666666667,9.795734882354736,9.795734882354736,1788009005395222,1788009005763550976,405023,405024,1788009005756953856,1788009005765286912,0.7916797802637979,8.332967758178711,1.7359256744384766,1381.6841874646138,570.6645516934577,1,704.7539945846894,585.9897531623724,1
294,294,9.8,9.829164028167725,9.829164028167725,1788009005428651,1788009005796981248,405027,405028,1788009005790286336,1788009005798620160,0.8033471606351023,8.333921432495117,1.6388893127441406,1379.8026071089314,571.5317431942426,1,705.6459696798039,585.8129541364073,1
295,295,9.833333333333334,9.862601041793823,9.862601041793823,1788009005462088,1788009005830419456,405031,405032,1788009005823619584,1788009005831952640,0.8160281537008955,8.332967758178711,1.5330314636230469,1378.8042919009197,572.314975394371,1,706.193058426145,585.8504569214105,1
296,296,9.866666666666667,9.896031856536865,9.896031856536865,1788009005495519,1788009005863851520,405035,405036,1788009005856952064,1788009005865283840,0.8281062210267269,8.331775665283203,1.432180404663086,1377.868427796489,572.3316837195024,1,706.6391049344558,585.5133987938866,1
297,297,9.9,9.929468870162964,9.929468870162964,1788009005528956,1788009005897289728,405039,405040,1788009005890283008,1788009005898617088,0.8407380918323559,8.333921432495117,1.3272762298583984,1376.921384657404,571.2010302444855,1,707.1088116810548,584.6830101888637,1
298,298,9.933333333333334,9.962898015975952,9.962898015975952,1788009005562385,1788009005930720000,405043,405044,1788009005923616512,1788009005931949312,0.8524791851449172,8.332967758178711,1.2292861938476562,1376.2392524948066,569.3305134949503,1,707.3812756303528,584.1266542176483,1
299,299,9.966666666666667,9.99633502960205,9.99633502960205,1788009005595822,1788009005964158208,405047,405048,1788009005956948736,1788009005965281792,0.8651826843294899,8.332967758178711,1.1234283447265625,1376.0856582505446,567.0929590162837,1,707.2285925089795,581.9867879389176,1
300,300,10.0,10.02977204322815,10.02977204322815,1788009005629259,1788009005997596160,405051,405052,1788009005990281216,1788009005998615040,0.877757116292376,8.333921432495117,1.0187625885009766,1376.4054637127701,564.1204738810229,1,705.9664323690542,577.4594678590189,1
301,301,10.033333333333333,10.063208818435669,10.063208818435669,1788009005662696,1788009006031034112,405055,405056,1788009006023614464,1788009006031947008,0.8904434907010015,8.33272933959961,0.9129047393798828,1377.95379512941,559.5635374292708,1,705.238246290684,573.1389055439844,1
302,302,10.066666666666666,10.096638917922974,10.096638917922974,1788009005696126,1788009006064465408,405059,405060,1788009006056946688,1788009006065280512,0.90218572981633,8.333683013916016,0.8151531219482422,1379.9256826346777,555.4220964444332,1,705.2513026822551,572.3023763775924,1
303,303,10.1,10.130074977874756,10.130074977874756,1788009005729562,1788009006097902592,405063,405064,1788009006090279936,1788009006098612736,0.914763948497854,8.33272933959961,0.7102489471435547,1380.5464179768069,555.1152621712763,1,705.7409529479721,572.1437786462552,1
304,304,10.133333333333333,10.163504838943481,10.163504838943481,1788009005762992,1788009006131333632,405067,405068,1788009006123612416,1788009006131945216,0.9266094420600859,8.33272933959961,0.6115436553955078,1380.7359321959445,556.3673641483664,1,705.6283512312824,572.4161772712249,1
305,305,10.166666666666666,10.196943044662476,10.196943044662476,1788009005796430,1788009006164772864,405071,405072,1788009006156944640,1788009006165278464,0.9393505936203691,8.333921432495117,0.5054473876953125,1380.291305658757,556.3887790764666,1,705.4614162997473,572.5559035566986,1
306,306,10.2,10.230371952056885,10.230371952056885,1788009005829859,1788009006198203136,405075,405076,1788009006190277888,1788009006198610688,0.9510743612486052,8.332967758178711,0.4076957702636719,1379.3792557868726,557.024695876182,1,705.5554149747139,573.1390255270024,1
307,307,10.233333333333333,10.2638099193573,10.2638099193573,1788009005863297,1788009006231642368,405079,405080,1788009006223610112,1788009006231942912,0.9639198855507869,8.33272933959961,0.3006458282470703,1379.0076023863307,556.8650390829594,1,705.5736165717644,572.8015818342028,1
308,308,10.266666666666667,10.297240018844604,10.297240018844604,1788009005896727,1788009006265073664,405083,405084,1788009006256942592,1788009006265276160,0.9756823253418779,8.333683013916016,0.20265579223632812,1378.6098194748654,556.5847872140787,1,705.8754305884366,572.7806256532399,1
309,309,10.3,10.330675840377808,10.330675840377808,1788009005930163,1788009006298510592,405087,405088,1788009006290275840,1788009006298608640,0.9882403433476394,8.33272933959961,0.09799003601074219,1378.9327905426235,555.9226663147891,1,706.4250662978748,573.9968485096172,1
310,310,10.333333333333334,10.364105939865112,10.364105939865112,1788009005963593,1788009006331941888,405092,405093,1788009006331940864,1788009006340274688,0.00011443284222571878,8.333921432495117,0.00095367431640625,1379.2709746017772,555.5020401859764,1,706.6346593149617,574.4351047411083,1
311,311,10.366666666666667,10.397534847259521,10.397534847259521,1788009005997022,1788009006365371648,405096,405097,1788009006365274112,1788009006373606912,0.011702432045779686,8.33272933959961,0.09751319885253906,1379.9304578120425,554.4976560847268,1,706.4247004669105,574.7486328936187,1
312,312,10.4,10.430970907211304,10.430970907211304,1788009006030458,1788009006398808832,405100,405101,1788009006398606592,1788009006406939392,0.024291845493562232,8.33272933959961,0.20241737365722656,1380.7454134265447,553.6621972123193,1,706.0453760573193,574.9600847266163,1
313,313,10.433333333333334,10.464408874511719,10.464408874511719,1788009006063896,1788009006432248064,405104,405105,1788009006431939840,1788009006440272640,0.03699570815450644,8.33272933959961,0.3082752227783203,1380.9607974461726,554.3249503418317,1,706.6751257083163,575.2092907038732,1
314,314,10.466666666666667,10.497838973999023,10.497838973999023,1788009006097326,1788009006465679360,405108,405109,1788009006465272064,1788009006473604864,0.048869814020028615,8.33272933959961,0.40721893310546875,1380.3478305378853,554.695883510937,1,708.6098261549654,577.3987261445957,1
315,315,10.5,10.531275987625122,10.531275987625122,1788009006130763,1788009006499117568,405112,405113,1788009006498604288,1788009006506938112,0.06159347732799313,8.333921432495117,0.5133152008056641,1379.823693060334,554.9186086789364,1,710.0163696128844,578.2321554061544,1
316,316,10.533333333333333,10.564705848693848,10.564705848693848,1788009006164193,1788009006532548608,405116,405117,1788009006531937536,1788009006540270592,0.07333123515779234,8.332967758178711,0.6110668182373047,1379.5339781940452,555.3258269771953,1,710.74303192018,578.3288787302434,1
317,317,10.566666666666666,10.598134994506836,10.598134994506836,1788009006197622,1788009006565978880,405120,405121,1788009006565270016,1788009006573602560,0.08509298998569385,8.33272933959961,0.7090568542480469,1379.319430038785,555.7980273457944,1,711.073926491582,578.3264516245483,1
318,318,10.6,10.631572961807251,10.631572961807251,1788009006231060,1788009006599418112,405124,405125,1788009006598602240,1788009006606936064,0.09790009727069864,8.333683013916016,0.8158683776855469,1379.2916760490266,555.9600257261607,1,711.3451178101184,577.5864870030542,1
319,319,10.633333333333333,10.665002822875977,10.665002822875977,1788009006264490,1788009006632848896,405128,405129,1788009006631935488,1788009006640268288,0.1096137339055794,8.33272933959961,0.9133815765380859,1379.2771421183443,555.9620044346227,1,711.3280134215571,576.5825834307523,1
320,320,10.666666666666666,10.698431968688965,10.698431968688965,1788009006297919,1788009006666278912,405132,405133,1788009006665267968,1788009006673600768,0.12131616595135908,8.33272933959961,1.010894775390625,1379.7529910023818,555.9898675410705,1,711.6123458899083,576.8003322560324,1
321,321,10.7,10.731859922409058,10.731859922409058,1788009006331347,1788009006699707392,405136,405137,1788009006698599936,1788009006706934016,0.13288513803461593,8.333921432495117,1.1074542999267578,1380.375264934841,555.9861951815599,1,711.7059813277549,576.8336301715631,1
322,322,10.733333333333333,10.765296936035156,10.765296936035156,1788009006364784,1788009006733145344,405140,405141,1788009006731933440,1788009006740266240,0.14543217647563733,8.332967758178711,1.2118816375732422,1381.626901302056,555.5852957868591,1,711.523618241101,577.6670236649736,1
323,323,10.766666666666667,10.798728942871094,10.798728942871094,1788009006398216,1788009006766578176,405144,405145,1788009006765265664,1788009006773598720,0.15750622299791137,8.332967758178711,1.3124942779541016,1382.0313264692097,555.4757703759361,1,711.3229851208555,577.4727909352017,1
324,324,10.8,10.832165002822876,10.832165002822876,1788009006431652,1788009006800015360,405148,405149,1788009006798598144,1788009006806931968,0.17007581175797454,8.333921432495117,1.417398452758789,1382.4538242209037,555.3055230075933,1,710.9570515235744,576.9982240939011,1
325,325,10.833333333333334,10.865594863891602,10.865594863891602,1788009006465082,1788009006833446400,405152,405153,1788009006831931392,1788009006840264192,0.18183118741058654,8.33272933959961,1.5151500701904297,1382.7776189091467,555.2275833175374,1,710.9352746632508,577.0122443327491,1
326,326,10.866666666666667,10.8990318775177,10.8990318775177,1788009006498519,1788009006866884864,405156,405157,1788009006865262592,1788009006873596416,0.19467887283650406,8.333921432495117,1.6224384307861328,1382.9851290620945,555.3173448528125,1,710.9260611796373,576.833017131623,1
327,327,10.9,10.932468891143799,10.932468891143799,1788009006531956,1788009006900323072,405160,405161,1788009006898595840,1788009006906928896,0.20729020628880432,8.332967758178711,1.7273426055908203,1382.9897490604876,555.4815862663525,1,710.8978797928913,576.8927143564306,1
328,328,10.933333333333334,10.96589994430542,10.96589994430542,1788009006565387,1788009006933755392,405164,405165,1788009006931928064,1788009006940261120,0.21927841835712855,8.332967758178711,1.827239990234375,1383.2433256493885,555.610546473068,1,711.2349080207009,576.5859027738094,1
329,329,10.966666666666667,10.999335050582886,10.999335050582886,1788009006598822,1788009006967191808,405168,405169,1788009006965260544,1788009006973594368,0.23172650550708054,8.333921432495117,1.9311904907226562,1383.1682429809653,555.5034857825125,1,711.9119016456985,576.9508387988643,1
330,330,11.0,11.032763957977295,11.032763957977295,1788009006632251,1788009007000621824,405172,405173,1788009006998593792,1788009007006926592,0.24337625178826897,8.33272933959961,2.0279884338378906,1382.796046260291,555.5144274559366,1,711.9100030034718,576.0293673160035,1
331,331,11.033333333333333,11.06620192527771,11.06620192527771,1788009006665689,1788009007034060800,405176,405177,1788009007031926272,1788009007040258816,0.25616595135908443,8.33272933959961,2.134561538696289,1382.0243669517017,555.9304982671739,1,711.8771081524503,576.0155820063845,1
332,332,11.066666666666666,11.099632024765015,11.099632024765015,1788009006699119,1788009007067491840,405180,405181,1788009007065259520,1788009007073592064,0.2678969957081545,8.33272933959961,2.2323131561279297,1381.5348231968271,555.9414499787931,1,711.6739515126096,575.8629018120976,1
333,333,11.1,11.133069038391113,11.133069038391113,1788009006732556,1788009007100930048,405184,405185,1788009007098591744,1788009007106924544,0.2806008583690987,8.33272933959961,2.3381710052490234,1380.9649058923596,556.0111132478389,1,711.955167398813,574.753309657877,1
334,334,11.133333333333333,11.166506052017212,11.166506052017212,1788009006765993,1788009007134368512,405188,405189,1788009007131923968,1788009007140257792,0.29331998283507366,8.333921432495117,2.4445056915283203,1380.2468281319448,556.1954965708503,1,711.9118162729164,574.3065244242318,1
335,335,11.166666666666666,11.199934959411621,11.199934959411621,1788009006799422,1788009007167798528,405192,405193,1788009007165257216,1788009007173590272,0.3049698148836943,8.332967758178711,2.5413036346435547,1379.5408356126968,557.0320693406219,1,711.7158212994223,574.1160637794749,1
336,336,11.2,11.233366966247559,11.233366966247559,1788009006832854,1788009007201231616,405196,405197,1788009007198589440,1788009007206922240,0.3170815450643777,8.33272933959961,2.6421546936035156,1378.6713238795633,558.2332322727177,1,711.6838630584017,574.2901430690166,1
337,337,11.233333333333333,11.26680302619934,11.26680302619934,1788009006866290,1788009007234668800,405200,405201,1788009007231921920,1788009007240255488,0.32960462321908796,8.333683013916016,2.7468204498291016,1377.8485285063607,560.6025826979939,1,712.06031254292,575.0316183578012,1
338,338,11.266666666666667,11.300238847732544,11.300238847732544,1788009006899726,1788009007268105472,405204,405205,1788009007265255168,1788009007273587968,0.3420600858369099,8.33272933959961,2.8502941131591797,1376.7843199930935,562.1090030608074,1,711.6239179008596,574.4808152179736,1
339,339,11.3,11.333668947219849,11.333668947219849,1788009006933156,1788009007301536768,405208,405209,1788009007298587648,1788009007306920192,0.35393419170243207,8.33272933959961,2.949237823486328,1375.2283203373486,564.2683755520173,1,711.2842377834584,573.9326251795478,1
340,340,11.333333333333334,11.36710500717163,11.36710500717163,1788009006966592,1788009007334974208,405212,405213,1788009007331919616,1788009007340253696,0.36652839364897727,8.333921432495117,3.0546188354492188,1373.5651198597131,566.3508362277496,1,710.8578603127777,574.4912360475037,1
341,341,11.366666666666667,11.400534868240356,11.400534868240356,1788009007000022,1788009007368405248,405216,405217,1788009007365252864,1788009007373585920,0.3783010500414867,8.332967758178711,3.1523704528808594,1372.0673151214999,568.4839036442922,1,711.4731419623924,575.5740407349372,1
342,342,11.4,11.433970928192139,11.433970928192139,1788009007033458,1788009007401842688,405220,405221,1788009007398585344,1788009007406918400,0.3908901032874596,8.332967758178711,3.257274627685547,1370.4033012091804,570.323557826021,1,711.9074889380921,576.6991967969018,1
343,343,11.433333333333334,11.467402935028076,11.467402935028076,1788009007066890,1788009007435275520,405224,405225,1788009007431917568,1788009007440251648,0.4029180374767558,8.333921432495117,3.3578872680664062,1368.9391845327068,571.8610553312278,1,711.9430040019072,576.8458133164424,1
344,344,11.466666666666667,11.500839948654175,11.500839948654175,1788009007100327,1788009007468713728,405228,405229,1788009007465251072,1788009007473583616,0.4155650929899857,8.33272933959961,3.4627914428710938,1366.646957221712,574.6654303566324,1,712.7776272273743,578.2602642462377,1
345,345,11.5,11.534276008605957,11.534276008605957,1788009007133763,1788009007502150912,405232,405233,1788009007498583296,1788009007506917120,0.42810551009898723,8.333683013916016,3.5676956176757812,1364.2741357545951,576.1915163125902,1,713.4760901985379,578.9871043532512,1
346,346,11.533333333333333,11.567705869674683,11.567705869674683,1788009007167193,1788009007535581952,405236,405237,1788009007531916544,1788009007540249344,0.4398569384835479,8.33272933959961,3.6652088165283203,1362.6521284748087,578.6586053936304,1,713.9877671778358,579.4328926910821,1
347,347,11.566666666666666,11.601135969161987,11.601135969161987,1788009007200623,1788009007569012992,405240,405241,1788009007565248768,1788009007573581568,0.4517467311378787,8.332967758178711,3.7643909454345703,1362.2367102074527,580.1951423415427,1,714.5980852248791,580.2124037567936,1
348,348,11.6,11.634572982788086,11.634572982788086,1788009007234060,1788009007602451200,405244,405245,1788009007598580992,1788009007606915072,0.4643970819625232,8.333921432495117,3.870248794555664,1361.831350978649,580.7915988399749,1,714.8734598069314,580.1398047163145,1
349,349,11.633333333333333,11.668000936508179,11.668000936508179,1788009007267488,1788009007635880448,405248,405249,1788009007631914496,1788009007640247296,0.4759520471517267,8.332967758178711,3.966093063354492,1361.721489220796,581.4522535073622,1,715.2841339430299,580.4652267970873,1
350,350,11.666666666666666,11.7014319896698,11.7014319896698,1788009007300919,1788009007669312768,405252,405253,1788009007665246720,1788009007673579520,0.48795422031473534,8.33272933959961,4.065990447998047,1361.7678190428953,581.8468762913037,1,715.2209464836311,580.4620344781913,1
351,351,11.7,11.734868049621582,11.734868049621582,1788009007334355,1788009007702749952,405256,405257,1788009007698579200,1788009007706912768,0.5004863534931624,8.333683013916016,4.162788391113281,1361.6406653959818,582.4571120558606,1,714.8352059929521,580.0852727531645,1
352,352,11.733333333333333,11.768297910690308,11.768297910690308,1788009007367785,1788009007736180992,405260,405261,1788009007731912448,1788009007740244992,0.512274678111588,8.33272933959961,4.064083099365234,1361.274699715319,583.5953873256694,1,714.2274617877275,579.0309036533096,1
353,353,11.766666666666667,11.801728010177612,11.801728010177612,1788009007401215,1788009007769612288,405264,405265,1788009007765244672,1788009007773577472,0.5241487839771102,8.33272933959961,3.965139389038086,1361.1985650004592,583.6253272809946,1,713.8220548815766,578.7966381425261,1
354,354,11.8,11.835158824920654,11.835158824920654,1788009007434646,1788009007803044352,405268,405269,1788009007798576896,1788009007806910720,0.5360606494063797,8.333921432495117,3.866434097290039,1361.9848120727302,584.9687516866124,1,713.6086916712272,579.5567547386219,1
355,355,11.833333333333334,11.868595838546753,11.868595838546753,1788009007468083,1788009007836482560,405272,405273,1788009007831910144,1788009007840243200,0.5487110526165203,8.332967758178711,3.7605762481689453,1362.7526700749568,585.8573662783936,1,713.5854805018644,580.1546464829086,1
356,356,11.866666666666667,11.902024984359741,11.902024984359741,1788009007501512,1788009007869912576,405276,405277,1788009007865241600,1788009007873575168,0.5605080963552097,8.333683013916016,3.662586212158203,1362.9950834470437,586.163900396505,1,713.7306316714569,580.1763792059413,1
357,357,11.9,11.93546199798584,11.93546199798584,1788009007534949,1788009007903350784,405280,405281,1788009007898574848,1788009007906907648,0.5731616595135909,8.33272933959961,3.5567283630371094,1363.4166607741267,586.2991825815884,1,713.7936267955282,580.7420904600851,1
358,358,11.933333333333334,11.968890905380249,11.968890905380249,1788009007568378,1788009007936780800,405284,405285,1788009007931907072,1788009007940239872,0.5848640915593706,8.33272933959961,3.4592151641845703,1363.2339528001655,586.3206351193156,1,713.7151375530239,580.8445523992824,1
359,359,11.966666666666667,12.002326965332031,12.002326965332031,1788009007601814,1788009007970217728,405288,405289,1788009007965239296,1788009007973573120,0.5973680446288084,8.333921432495117,3.3555030822753906,1363.2930265341524,586.2553603559207,1,713.7464701513129,580.8433332611521,1
360,360,12.0,12.035756826400757,12.035756826400757,1788009007635244,1788009008003648256,405292,405293,1788009007998572544,1788009008006905600,0.6091098967125405,8.332967758178711,3.257274627685547,1363.3989656217236,586.2519849137707,1,713.7812887113189,580.3133987535682,1
361,361,12.033333333333333,12.069195032119751,12.069195032119751,1788009007668682,1788009008037087488,405296,405297,1788009008031905024,1788009008040237824,0.6219278418357128,8.332967758178711,3.150463104248047,1363.5056541861713,585.8691870980945,1,713.8837107630734,580.3127331641447,1
362,362,12.066666666666666,12.102624893188477,12.102624893188477,1788009007702112,1788009008070518528,405300,405301,1788009008065237248,1788009008073571328,0.6337004720354742,8.333921432495117,3.0527114868164062,1363.6959759016358,585.4198551301131,1,713.9876209345799,580.4432357586973,1
363,363,12.1,12.136061906814575,12.136061906814575,1788009007735549,1788009008103956736,405304,405305,1788009008098570496,1788009008106903296,0.6463805436337625,8.33272933959961,2.946615219116211,1363.9925792560373,585.3535466890014,1,714.0679535729232,580.508024089853,1
364,364,12.133333333333333,12.16949200630188,12.16949200630188,1788009007768979,1788009008137387776,405308,405309,1788009008131902976,1788009008140236544,0.6581507123648224,8.333683013916016,2.8488636016845703,1364.0269618329578,585.043866858344,1,714.2998275432548,580.5337311999458,1
365,365,12.166666666666666,12.202921867370605,12.202921867370605,1788009007802409,1788009008170818816,405312,405313,1788009008165236224,1788009008173569024,0.6699570815450644,8.33272933959961,2.7501583099365234,1364.1211570484127,585.5197467372726,1,714.4926832738331,580.0611923534977,1
366,366,12.2,12.236351013183594,12.236351013183594,1788009007835838,1788009008204248832,405316,405317,1788009008198568448,1788009008206901248,0.6816972332694343,8.332967758178711,2.652406692504883,1363.6799367931358,585.4982331425357,1,714.8231935704728,580.0616598313061,1
367,367,12.233333333333333,12.26978588104248,12.26978588104248,1788009007869273,1788009008237684992,405320,405321,1788009008231900672,1788009008240234496,0.6940637963095408,8.333921432495117,2.5496482849121094,1363.5826310125883,585.2623255677074,1,714.9849219356105,579.9996184618068,1
368,368,12.266666666666667,12.303215980529785,12.303215980529785,1788009007902703,1788009008271116032,405324,405325,1788009008265233920,1788009008273566976,0.7058739377986324,8.332967758178711,2.4509429931640625,1363.1610497425402,585.1010596110262,1,713.9399716378763,579.6662794317775,1
369,369,12.3,12.3366539478302,12.3366539478302,1788009007936141,1788009008304555264,405328,405329,1788009008298566400,1788009008306898944,0.7187124463519313,8.33272933959961,2.343893051147461,1362.7477543513373,584.9063258665735,1,713.5546253342529,580.0654277983849,1
370,370,12.333333333333334,12.370084047317505,12.370084047317505,1788009007969571,1788009008337986560,405332,405333,1788009008331898624,1788009008340232448,0.730502946729988,8.333683013916016,2.2459030151367188,1362.1989601363316,584.7690434923716,1,713.5786662977853,580.3151008881661,1
371,371,12.366666666666667,12.403512954711914,12.403512954711914,1788009008003000,1788009008371416320,405336,405337,1788009008365231872,1788009008373564672,0.7421745350500716,8.33272933959961,2.1483898162841797,1361.7505972681292,585.2767699616368,1,713.8764203629873,581.219693762044,1
372,372,12.4,12.43694281578064,12.43694281578064,1788009008036430,1788009008404847360,405340,405341,1788009008398564352,1788009008406897152,0.7540200286123033,8.33272933959961,2.049684524536133,1362.0180899331108,585.8480667879006,1,714.4806623555993,581.8232121559411,1
373,373,12.433333333333334,12.47037386894226,12.47037386894226,1788009008069861,1788009008438279936,405344,405345,1788009008431896576,1788009008440230400,0.7659562294378487,8.333921432495117,1.9505023956298828,1362.5645925429353,586.0523019813746,1,715.1535380996521,582.522133895075,1
374,374,12.466666666666667,12.503801822662354,12.503801822662354,1788009008103289,1788009008471708672,405348,405349,1788009008465229824,1788009008473562624,0.7775170953620784,8.332967758178711,1.85394287109375,1362.5897479572486,586.1905484151403,1,715.4813812266722,582.3089978925856,1
375,375,12.5,12.537230968475342,12.537230968475342,1788009008136718,1788009008505139200,405352,405353,1788009008498562048,1788009008506894848,0.7892989985693848,8.33272933959961,1.7557144165039062,1362.007491125848,586.4797574150871,1,716.7048422282785,582.6136144763386,1
376,376,12.533333333333333,12.57066798210144,12.57066798210144,1788009008170155,1788009008538577664,405356,405357,1788009008531895296,1788009008540228096,0.8019170243204577,8.33272933959961,1.6505718231201172,1361.0069514252589,586.218135877014,1,718.1558811702988,583.8734493290367,1
377,377,12.566666666666666,12.604097843170166,12.604097843170166,1788009008203585,1788009008572008704,405360,405361,1788009008565227776,1788009008573560576,0.8137625178826896,8.33272933959961,1.5518665313720703,1359.802185479953,586.2438631522224,1,719.2881808064443,584.663477961958,1
378,378,12.6,12.63752794265747,12.63752794265747,1788009008237015,1788009008605440000,405364,405365,1788009008598560000,1788009008606893824,0.8255421410997311,8.333683013916016,1.4538764953613281,1358.792216733561,586.4791618151605,1,720.3308311271811,584.9180148556786,1
379,379,12.633333333333333,12.67096495628357,12.67096495628357,1788009008270452,1788009008638878208,405368,405369,1788009008631893504,1788009008640226048,0.8382260371959943,8.33272933959961,1.3480186462402344,1358.0435908759405,586.5676892551884,1,720.6440569150661,585.2227992817172,1
380,380,12.666666666666666,12.704392910003662,12.704392910003662,1788009008303880,1788009008672306944,405372,405373,1788009008665225472,1788009008673558528,0.8498183170724729,8.332967758178711,1.2514591217041016,1357.3523037181376,586.564029808254,1,721.1170937292273,584.6072696247284,1
381,381,12.7,12.737831830978394,12.737831830978394,1788009008337319,1788009008705747200,405376,405377,1788009008698557952,1788009008706891776,0.862651981118581,8.333921432495117,1.1446475982666016,1356.942829368689,586.4874753343299,1,721.6739077153496,584.6060325939566,1
382,382,12.733333333333333,12.771260976791382,12.771260976791382,1788009008370748,1788009008739177216,405380,405381,1788009008731891200,1788009008740224000,0.8743669709021201,8.332967758178711,1.046895980834961,1356.6810098316,586.3438373777739,1,722.313102413419,583.8152622295721,1
383,383,12.766666666666667,12.804698944091797,12.804698944091797,1788009008404186,1788009008772616448,405384,405385,1788009008765223424,1788009008773556224,0.8872103004291846,8.33272933959961,0.9398460388183594,1356.0010397355363,586.0195298176353,1,722.9268321221589,583.31321970202,1
384,384,12.8,12.83812689781189,12.83812689781189,1788009008437614,1788009008806045440,405388,405389,1788009008798555904,1788009008806889472,0.8987240373061738,8.333683013916016,0.8440017700195312,1355.701984452607,585.7339604886679,1,723.0305608142855,582.9666136726289,1
385,385,12.833333333333334,12.871563911437988,12.871563911437988,1788009008471051,1788009008839483648,405392,405393,1788009008831889152,1788009008840221952,0.9114163090128755,8.33272933959961,0.7381439208984375,1355.35058858516,585.7983500473041,1,723.1617147958075,583.1462000574891,1
386,386,12.866666666666667,12.905001878738403,12.905001878738403,1788009008504489,1788009008872923136,405396,405397,1788009008865220352,1788009008873554176,0.9242740666571306,8.333921432495117,0.6310939788818359,1354.8530024089794,585.2423327467097,1,723.3704530889347,583.7069946111811,1
387,387,12.9,12.938432931900024,12.938432931900024,1788009008537920,1788009008906355456,405400,405401,1788009008898553600,1788009008906886656,0.9362536121999371,8.332967758178711,0.5311965942382812,1354.8609354600171,584.9542399927878,1,723.1361078655041,583.8886059876916,1
388,388,12.933333333333334,12.971868991851807,12.971868991851807,1788009008571356,1788009008939792128,405404,405405,1788009008931886080,1788009008940218624,0.9488125894134478,8.33272933959961,0.4265308380126953,1354.5887726452117,585.3958556034199,1,723.029822910847,583.7066252393017,1
389,389,12.966666666666667,13.005306005477905,13.005306005477905,1788009008604793,1788009008973230080,405408,405409,1788009008965218304,1788009008973551872,0.9613778108371002,8.333683013916016,0.3218650817871094,1354.5714388288611,585.3404224713263,1,723.2742634501858,583.8918250808856,1
390,390,13.0,13.038743019104004,13.038743019104004,1788009008638230,1788009009006668544,405412,405413,1788009008998551552,1788009009006884352,0.9741058655221745,8.33272933959961,0.21576881408691406,1354.3843777712466,585.3629755867894,1,723.0582752847113,583.4505400945507,1
391,391,13.033333333333333,13.072171926498413,13.072171926498413,1788009008671659,1788009009040098560,405416,405417,1788009009031884032,1788009009040216576,0.9858369098712446,8.33272933959961,0.11801719665527344,1354.2277907171556,585.931453482655,1,722.5679040750002,582.8465294067634,1
392,392,13.066666666666666,13.105602979660034,13.105602979660034,1788009008705090,1788009009073530880,405420,405421,1788009009065216000,1788009009073550080,0.9977113431554856,8.333921432495117,0.019073486328125,1354.1446775868103,586.0001669435921,1,722.2201594046749,583.2118329197938,1
393,393,13.1,13.139039039611816,13.139039039611816,1788009008738526,1788009009106968064,405425,405426,1788009009106882304,1788009009115215104,0.010300429184549357,8.33272933959961,0.0858306884765625,1353.7563104181309,586.0167060340177,1,721.9250890083372,583.0204061752509,1
394,394,13.133333333333333,13.172467947006226,13.172467947006226,1788009008771955,1788009009140397824,405429,405430,1788009009140214528,1788009009148548352,0.021999713917894435,8.333921432495117,0.18334388732910156,1354.0737526363487,585.8203698889309,1,721.8583516131046,582.5464195278458,1
395,395,13.166666666666666,13.20589804649353,13.20589804649353,1788009008805385,1788009009173828864,405433,405434,1788009009173547776,1788009009181880832,0.03373294040227747,8.332967758178711,0.2810955047607422,1355.0499826149105,585.7801425561711,1,721.6552381779478,582.3562424416832,1
396,396,13.2,13.23933482170105,13.23933482170105,1788009008838822,1788009009207266304,405437,405438,1788009009206880000,1788009009215214080,0.0463453011014161,8.333921432495117,0.38623809814453125,1355.1909547972468,584.9399852972343,1,721.1129914904686,581.169109978289,1
397,397,13.233333333333333,13.272765874862671,13.272765874862671,1788009008872253,1788009009240699648,405441,405442,1788009009240213504,1788009009248546304,0.05836742868587451,8.332967758178711,0.4863739013671875,1355.0588343923446,586.4267510335196,1,720.7195323181295,581.1253144397587,1
398,398,13.266666666666667,13.306201934814453,13.306201934814453,1788009008905689,1788009009274136576,405445,405446,1788009009273545728,1788009009281878528,0.07090128755364807,8.33272933959961,0.5908012390136719,1354.9945959908828,585.4402550681802,1,720.2111257348975,581.4810727090176,1
399,399,13.3,13.339632987976074,13.339632987976074,1788009008939120,1788009009307568384,405449,405450,1788009009306878208,1788009009315211776,0.08282313898266293,8.333683013916016,0.6902217864990234,1354.856828220569,584.7533916726936,1,719.7610790956599,581.0465089768985,1
400,400,13.333333333333334,13.373070001602173,13.373070001602173,1788009008972557,1788009009341006080,405453,405454,1788009009340211456,1788009009348544000,0.09536480686695278,8.33272933959961,0.7946491241455078,1354.6019667315336,584.6281653416854,1,719.4880636468919,581.550255115464,1
401,401,13.366666666666667,13.406498908996582,13.406498908996582,1788009009005986,1788009009374435840,405457,405458,1788009009373543680,1788009009381876480,0.10706723891273247,8.33272933959961,0.8921623229980469,1355.1229189143753,584.2913461893123,1,719.5830194947994,582.6947666109583,1
402,402,13.4,13.439927816390991,13.439927816390991,1788009009039415,1788009009407866112,405461,405462,1788009009406875904,1788009009415209728,0.11880989844085252,8.333921432495117,0.9901523590087891,1354.8686901233696,583.3111681202204,1,719.8852799913783,582.6627454515415,1
403,403,13.433333333333334,13.473363876342773,13.473363876342773,1788009009072851,1788009009441303552,405465,405466,1788009009440209152,1788009009448542208,0.13132671454321765,8.332967758178711,1.0943412780761719,1353.6836228572445,583.2149714943982,1,720.1790647247891,583.647821060067,1
404,404,13.466666666666667,13.506793975830078,13.506793975830078,1788009009106281,1788009009474734848,405469,405470,1788009009473541376,1788009009481874176,0.14320457796852645,8.33272933959961,1.1932849884033203,1352.8060680565532,583.0339978772947,1,720.2013440275528,583.7971501606124,1
405,405,13.5,13.540223836898804,13.540223836898804,1788009009139711,1788009009508165888,405473,405474,1788009009506873856,1788009009515207424,0.1550323282027808,8.333683013916016,1.2919902801513672,1352.2310254224315,582.8672772406496,1,720.1339936235538,584.4538552219002,1
406,406,13.533333333333333,13.573660850524902,13.573660850524902,1788009009173148,1788009009541604096,405477,405478,1788009009540207104,1788009009548539904,0.16763948497854078,8.33272933959961,1.3968944549560547,1351.4869251799282,582.8755360934861,1,720.0912992403983,585.1788090803442,1
407,407,13.566666666666666,13.607090950012207,13.607090950012207,1788009009206578,1788009009575035136,405481,405482,1788009009573539584,1788009009581873152,0.17946443897694112,8.333683013916016,1.4955997467041016,1351.3066944131442,582.4890169118657,1,719.9937118782037,585.7417567344661,1
408,408,13.6,13.640528917312622,13.640528917312622,1788009009240016,1788009009608474368,405485,405486,1788009009606872832,1788009009615205632,0.19218884120171673,8.33272933959961,1.6014575958251953,1351.2830474715604,582.20938540192,1,719.7722105379208,586.4016027822823,1
409,409,13.633333333333333,13.673957824707031,13.673957824707031,1788009009273445,1788009009641904128,405489,405490,1788009009640204800,1788009009648537856,0.2039140511001116,8.332967758178711,1.699209213256836,1351.2057283802287,581.7611738070683,1,719.6449183208273,587.4089180454482,1
410,410,13.666666666666666,13.70738697052002,13.70738697052002,1788009009306874,1788009009675334144,405493,405494,1788009009673537280,1788009009681871104,0.2156200829638106,8.333921432495117,1.7969608306884766,1351.131935659863,581.996500557187,1,719.2191911085454,587.4726516088106,1
411,411,13.7,13.740823030471802,13.740823030471802,1788009009340310,1788009009708771584,405497,405498,1788009009706870528,1788009009715203584,0.22811936711395955,8.332967758178711,1.9009113311767578,1351.0314627617759,582.293570857126,1,718.910607227464,588.6010576861175,1
412,412,13.733333333333333,13.774245977401733,13.774245977401733,1788009009373733,1788009009742195712,405501,405502,1788009009740203008,1788009009748535552,0.23914163090128757,8.33272933959961,1.9927024841308594,1351.3121455602973,582.7704000024211,1,718.7858794200154,589.6205815715452,1
413,413,13.766666666666667,13.807673931121826,13.807673931121826,1788009009407161,1788009009775624704,405505,405506,1788009009773535232,1788009009781869056,0.25072953023974365,8.333683013916016,2.0895004272460938,1351.3766706827798,582.9528375680651,1,718.2704693013109,588.1185669865057,1
414,414,13.8,13.841105937957764,13.841105937957764,1788009009440593,1788009009809058304,405509,405510,1788009009806868480,1788009009815201280,0.2627753934191702,8.33272933959961,2.18963623046875,1351.9134667567043,584.4348057528058,1,717.9992533662247,587.7059541262739,1
415,415,13.833333333333334,13.874541997909546,13.874541997909546,1788009009474029,1788009009842495488,405513,405514,1788009009840200704,1788009009848533504,0.27538553975565794,8.332967758178711,2.294778823852539,1352.552010535939,584.3649209324636,1,717.832343069113,588.4736164631911,1
416,416,13.866666666666667,13.907971858978271,13.907971858978271,1788009009507459,1788009009875926272,405517,405518,1788009009873532928,1788009009881865984,0.2872020829160825,8.332967758178711,2.3932456970214844,1353.0367578297542,584.5605895420413,1,717.3558678067695,589.1775098646406,1
417,417,13.9,13.94140100479126,13.94140100479126,1788009009540888,1788009009909356288,405521,405522,1788009009906865408,1788009009915198208,0.2989413447782546,8.33272933959961,2.490997314453125,1353.699382962197,583.9965733290165,1,716.6190451500349,589.9873485200044,1
418,418,13.933333333333334,13.974831819534302,13.974831819534302,1788009009574319,1788009009942788352,405525,405526,1788009009940197632,1788009009948531456,0.31086570921782913,8.333683013916016,2.590656280517578,1354.1998582929225,584.8614305532094,1,716.0867324002364,591.4664598329002,1
419,419,13.966666666666667,14.008267879486084,14.008267879486084,1788009009607755,1788009009976225792,405529,405530,1788009009973530880,1788009009981863680,0.3234048640915594,8.33272933959961,2.694845199584961,1354.9592345780422,584.8297423573433,1,715.5467077100296,592.7552896415526,1
420,420,14.0,14.041697025299072,14.041697025299072,1788009009641184,1788009010009656064,405533,405534,1788009010006863360,1788009010015196160,0.3351645207439199,8.33272933959961,2.792835235595703,1355.2923170406502,585.034103164256,1,715.332609329711,594.5623425624402,1
421,421,14.033333333333333,14.075126886367798,14.075126886367798,1788009009674614,1788009010043087104,405537,405538,1788009010040195584,1788009010048529408,0.34696037762837934,8.333921432495117,2.89154052734375,1355.7151884681518,585.055524834097,1,714.8835208253256,595.2319037946725,1
422,422,14.066666666666666,14.108564853668213,14.108564853668213,1788009009708052,1788009010076526080,405541,405542,1788009010073528832,1788009010081861632,0.35970358501902666,8.332967758178711,2.9973983764648438,1355.9557389033748,585.303051456912,1,715.1536874517951,596.4603599542952,1
423,423,14.1,14.141994953155518,14.141994953155518,1788009009741482,1788009010109957376,405545,405546,1788009010106861056,1788009010115194112,0.3715773511487511,8.332967758178711,3.096342086791992,1356.024352570335,586.0893582634915,1,715.4646690961764,596.9898168769255,1
424,424,14.133333333333333,14.175431966781616,14.175431966781616,1788009009774919,1788009010143395584,405549,405550,1788009010140193536,1788009010148527104,0.3842478686273388,8.333683013916016,3.202199935913086,1356.6678602271045,586.62768867975,1,716.1996645935541,597.2334973343535,1
425,425,14.166666666666666,14.208861827850342,14.208861827850342,1788009009808349,1788009010176826624,405553,405554,1788009010173526784,1788009010181859584,0.39602288984263234,8.33272933959961,3.2999515533447266,1357.4408586488476,586.9401185049511,1,716.5893598941957,597.9577447343167,1
426,426,14.2,14.24229097366333,14.24229097366333,1788009009841778,1788009010210257152,405557,405558,1788009010206859008,1788009010215192832,0.40773588144418377,8.333683013916016,3.3979415893554688,1358.2073189192456,587.2448657193498,1,717.0936866859802,598.3755940236209,1
427,427,14.233333333333333,14.275727987289429,14.275727987289429,1788009009875215,1788009010243695104,405561,405562,1788009010240192512,1788009010248525056,0.420343347639485,8.33272933959961,3.5026073455810547,1358.7420843232512,587.4537636858614,1,717.4105559615253,598.5726396532935,1
428,428,14.266666666666667,14.309156894683838,14.309156894683838,1788009009908644,1788009010277124864,405565,405566,1788009010273524480,1788009010281857536,0.43206202969872104,8.332967758178711,3.6003589630126953,1359.0824937828484,587.5689928692462,1,717.5049300728842,598.9468788711362,1
429,429,14.3,14.342593908309937,14.342593908309937,1788009009942081,1788009010310562816,405569,405570,1788009010306856960,1788009010315190784,0.44468602488914316,8.333921432495117,3.7059783935546875,1359.4075499722412,587.3507691451911,1,717.7806723691194,599.1189260357157,1
430,430,14.333333333333334,14.376030921936035,14.376030921936035,1788009009975518,1788009010344000512,405573,405574,1788009010340190208,1788009010348523264,0.4572687476753169,8.332967758178711,3.810405731201172,1359.756780651107,587.0405786017213,1,718.4969278921321,599.5172907599668,1
431,431,14.366666666666667,14.40946102142334,14.40946102142334,1788009010008948,1788009010377431552,405577,405578,1788009010373522432,1788009010381855232,0.46912732474964236,8.33272933959961,3.9091110229492188,1359.8208386553606,586.9852016072508,1,719.5619875803588,600.2256735923584,1
432,432,14.4,14.442898988723755,14.442898988723755,1788009010042386,1788009010410870528,405581,405582,1788009010406854912,1788009010415188480,0.48186187560794186,8.333683013916016,4.015684127807617,1359.7208140581351,586.9052498589464,1,720.2272237250654,601.226502249067,1
433,433,14.433333333333334,14.476336002349854,14.476336002349854,1788009010075823,1788009010444308480,405585,405586,1788009010440188160,1788009010448520960,0.49447782546494995,8.33272933959961,4.120349884033203,1359.9778324491906,586.4904498145223,1,720.5627753864917,601.6500095956922,1
434,434,14.466666666666667,14.509764909744263,14.509764909744263,1788009010109252,1788009010477738496,405589,405590,1788009010473520384,1788009010481853184,0.5062229979113616,8.332967758178711,4.114627838134766,1359.9997312173352,586.324775126582,1,720.7046883509879,601.9549462722106,1
435,435,14.5,14.543201923370361,14.543201923370361,1788009010142689,1788009010511176960,405593,405594,1788009010506852608,1788009010515186432,0.5188957230725219,8.333921432495117,4.009485244750977,1360.1666412358547,586.5371255433324,1,721.1584231620033,602.398951045023,1
436,436,14.533333333333333,14.576633930206299,14.576633930206299,1788009010176121,1788009010544610304,405597,405598,1788009010540185856,1788009010548518912,0.5309433206489085,8.332967758178711,3.9086341857910156,1360.3783846949718,587.0544143141423,1,721.7837422240025,602.974852155707,1
437,437,14.566666666666666,14.61006784439087,14.61006784439087,1788009010209555,1788009010578045440,405601,405602,1788009010573518336,1788009010581850880,0.5432904148783977,8.33272933959961,3.8056373596191406,1360.4832098536608,587.5706613930944,1,722.528547455346,603.7100476451011,1
438,438,14.6,14.643497943878174,14.643497943878174,1788009010242985,1788009010611476736,405605,405606,1788009010606850560,1788009010615184384,0.5551009898724037,8.333683013916016,3.7076473236083984,1360.4247004244332,588.0741795411238,1,723.2114383599057,604.2349162615994,1
439,439,14.633333333333333,14.676935911178589,14.676935911178589,1788009010276423,1788009010644915712,405609,405610,1788009010640183808,1788009010648516608,0.5678683834048641,8.33272933959961,3.6008358001708984,1360.3371228895098,588.5244799478451,1,723.5047349674439,604.0463637451061,1
440,440,14.666666666666666,14.710366010665894,14.710366010665894,1788009010309853,1788009010678346752,405613,405614,1788009010673516288,1788009010681849856,0.5796475367626023,8.333683013916016,3.503084182739258,1360.1314189724753,589.1081567339227,1,723.4920092524494,603.7567579439915,1
441,441,14.7,14.743803024291992,14.743803024291992,1788009010343290,1788009010711784960,405617,405618,1788009010706849536,1788009010715182336,0.592274678111588,8.33272933959961,3.3974647521972656,1360.0676403678592,589.7468763838655,1,723.7201107113924,603.5322124492382,1
442,442,14.733333333333333,14.777238845825195,14.777238845825195,1788009010376726,1788009010745222144,405621,405622,1788009010740181760,1788009010748514560,0.6048753969843496,8.332967758178711,3.292560577392578,1359.7354808603884,589.7011609399615,1,724.1194024005191,603.2864104068356,1
443,443,14.766666666666667,14.810667991638184,14.810667991638184,1788009010410155,1788009010778652416,405625,405626,1788009010773513984,1788009010781848064,0.6165641539121728,8.333921432495117,3.195524215698242,1359.6173276710529,589.7950289222293,1,724.4974528107699,603.0065708370848,1
444,444,14.8,14.844105958938599,14.844105958938599,1788009010443593,1788009010812091392,405629,405630,1788009010806847232,1788009010815180032,0.6293276108726753,8.33272933959961,3.088712692260742,1359.3620784369934,589.8594223831012,1,724.6525182666163,602.5887258344403,1
445,445,14.833333333333334,14.87754201889038,14.87754201889038,1788009010477029,1788009010845528320,405633,405634,1788009010840179712,1788009010848512512,0.6418884120171674,8.33272933959961,2.9840469360351562,1359.1483896239629,589.7069525091991,1,725.1658094124139,602.0087803816572,1
446,446,14.866666666666667,14.91097903251648,14.91097903251648,1788009010510466,1788009010878966784,405637,405638,1788009010873511936,1788009010881844736,0.654620886981402,8.33272933959961,2.877950668334961,1359.0128346515794,589.4077201679409,1,725.1313216165272,601.0082616209645,1
447,447,14.9,14.944408893585205,14.944408893585205,1788009010543896,1788009010912397824,405641,405642,1788009010906844160,1788009010915177216,0.6664759234356671,8.332967758178711,2.779245376586914,1359.369629188932,589.1054335015905,1,725.0977580303626,599.6693455218391,1
448,448,14.933333333333334,14.97783899307251,14.97783899307251,1788009010577326,1788009010945829120,405645,405646,1788009010940176384,1788009010948510464,0.6782720640823916,8.333921432495117,2.681255340576172,1359.3760064477626,588.6040343748147,1,724.9412155513402,598.3172656194795,1
449,449,14.966666666666667,15.011276006698608,15.011276006698608,1788009010610763,1788009010979267328,405649,405650,1788009010973509888,1788009010981842688,0.6909387428113645,8.332967758178711,2.575397491455078,1359.71978207554,587.9599454428798,1,724.9938429365075,596.966426513273,1
450,450,15.0,15.044713020324707,15.044713020324707,1788009010644200,1788009011012705536,405653,405654,1788009011006842112,1788009011015174912,0.7036623748211731,8.33272933959961,2.469301223754883,1359.9103174683626,587.4081173621078,1,724.8335041975179,594.7980852588885,1
451,451,15.033333333333333,15.078142881393433,15.078142881393433,1788009010677630,1788009011046136576,405657,405658,1788009011040174592,1788009011048508160,0.7154259884419523,8.333683013916016,2.371549606323242,1360.0040922931007,586.7761724829834,1,724.4354440168702,593.1340615948171,1
452,452,15.066666666666666,15.111579895019531,15.111579895019531,1788009010711067,1788009011079574784,405661,405662,1788009011073507840,1788009011081840640,0.7280972818311874,8.33272933959961,2.2656917572021484,1359.2469147020845,586.2764241137502,1,723.9102805117592,592.8769437500247,1
453,453,15.1,15.145017862319946,15.145017862319946,1788009010744505,1788009011113014016,405665,405666,1788009011106839808,1788009011115172864,0.740923006494807,8.332967758178711,2.1588802337646484,1358.8891055567574,585.2315634405426,1,723.1957436606152,592.3286999011607,1
454,454,15.133333333333333,15.178444862365723,15.178444862365723,1788009010777932,1788009011146441984,405669,405670,1788009011140172288,1788009011148506112,0.7523101130024317,8.333921432495117,2.064228057861328,1358.8572668941654,583.6145663405933,1,722.7488249151202,591.8428869910834,1
455,455,15.166666666666666,15.211881875991821,15.211881875991821,1788009010811369,1788009011179880192,405673,405674,1788009011173505536,1788009011181838592,0.7649852650854053,8.332967758178711,1.9583702087402344,1358.2491023038901,582.3596074857613,1,722.4775684633172,591.3329162588393,1
456,456,15.2,15.245319843292236,15.245319843292236,1788009010844807,1788009011213319424,405677,405678,1788009011206838016,1788009011215170560,0.7778254649499284,8.33272933959961,1.8513202667236328,1357.920856963244,581.3511025393032,1,722.280560472089,589.9933101180508,1
457,457,15.233333333333333,15.278756856918335,15.278756856918335,1788009010878244,1788009011246757632,405681,405682,1788009011240170240,1788009011248503808,0.7904388625050066,8.333683013916016,1.7464160919189453,1357.7991882736144,581.5315132832662,1,722.1329780746909,588.3377856154293,1
458,458,15.266666666666667,15.31218695640564,15.31218695640564,1788009010911674,1788009011280188672,405685,405686,1788009011273503488,1788009011281836288,0.8022603719599428,8.33272933959961,1.6477108001708984,1358.1827854185938,579.683910900737,1,721.846005118654,587.1731314918214,1
459,459,15.3,15.345624923706055,15.345624923706055,1788009010945112,1788009011313627648,405689,405690,1788009011306835968,1788009011315169536,0.8149854093952051,8.333683013916016,1.5418529510498047,1358.2739902288367,575.3065373565628,1,721.4547099810134,586.3673723942427,1
460,460,15.333333333333334,15.379060983657837,15.379060983657837,1788009010978548,1788009011347065088,405693,405694,1788009011340169216,1788009011348502016,0.8275536480686695,8.33272933959961,1.4369487762451172,1358.3182230727368,573.9414687427468,1,720.9061569983338,585.2965337696053,1
461,461,15.366666666666667,15.412497997283936,15.412497997283936,1788009011011985,1788009011380503296,405697,405698,1788009011373501184,1788009011381834240,0.8402620811993934,8.332967758178711,1.3310909271240234,1358.7031883357608,577.6225207815188,1,720.3276688113723,584.3574901866959,1
462,462,15.4,15.44593596458435,15.44593596458435,1788009011045423,1788009011413942272,405701,405702,1788009011406833664,1788009011415167488,0.8529824059505078,8.333921432495117,1.2252330780029297,1358.7681976617732,578.8170818346059,1,719.4506008982976,583.3819865223211,1
463,463,15.433333333333334,15.479370832443237,15.479370832443237,1788009011078858,1788009011447378432,405705,405706,1788009011440166912,1788009011448499712,0.8654363376251788,8.33272933959961,1.1212825775146484,1358.3758029056671,577.0495089426444,1,718.7006060699496,582.6596599412944,1
464,464,15.466666666666667,15.512800931930542,15.512800931930542,1788009011112288,1788009011480809216,405709,405710,1788009011473499392,1788009011481831936,0.8772532188841202,8.33272933959961,1.0228157043457031,1358.0639202417478,575.8795655294878,1,718.220902955171,581.7967552264076,1
465,465,15.5,15.546238899230957,15.546238899230957,1788009011145726,1788009011514247936,405713,405714,1788009011506831616,1788009011515165440,0.8899124563712307,8.333683013916016,0.9174346923828125,1357.8302072821357,576.2810058668382,1,717.5581848305882,580.7570102862752,1
466,466,15.533333333333333,15.579668045043945,15.579668045043945,1788009011179155,1788009011547677696,405717,405718,1788009011540164864,1788009011548497664,0.9016022889842632,8.33272933959961,0.8199214935302734,1357.120554921253,576.4901201427961,1,717.3655347058311,580.3538909102226,1
467,467,15.566666666666666,15.613104820251465,15.613104820251465,1788009011212592,1788009011581115648,405721,405722,1788009011573497088,1788009011581830144,0.9142799919887843,8.332967758178711,0.7143020629882812,1356.1752102757473,577.7225379662125,1,717.3829095051044,580.3317859325994,1
468,468,15.6,15.646543025970459,15.646543025970459,1788009011246030,1788009011614555392,405725,405726,1788009011606829312,1788009011615163392,0.9270490630811042,8.333921432495117,0.6079673767089844,1356.0652960043285,580.055487383928,1,718.2425691356552,580.2878789865856,1
469,469,15.633333333333333,15.679971933364868,15.679971933364868,1788009011279459,1788009011647985152,405729,405730,1788009011640162816,1788009011648495616,0.9387428113644817,8.332967758178711,0.5104541778564453,1356.1154276421937,579.9218747744403,1,718.8938909409516,579.7468489754256,1
470,470,15.666666666666666,15.713409900665283,15.713409900665283,1788009011312897,1788009011681424128,405733,405734,1788009011673495040,1788009011681828864,0.9514232584751824,8.333921432495117,0.4048347473144531,1355.8368446910274,578.5407716476462,1,719.6624268062448,579.5955476080428,1
471,471,15.7,15.746837854385376,15.746837854385376,1788009011346325,1788009011714853376,405737,405738,1788009011706828288,1788009011715161088,0.9630615164520744,8.33272933959961,0.3077983856201172,1356.1261284385414,578.4596348719595,1,720.2526206431485,579.1334429722865,1
472,472,15.733333333333333,15.780274868011475,15.780274868011475,1788009011379762,1788009011748291840,405741,405742,1788009011740160768,1788009011748493312,0.975793991416309,8.33272933959961,0.20170211791992188,1356.3810490253559,578.4399844577472,1,720.7002729673594,578.5644291462456,1
473,473,15.766666666666667,15.813705921173096,15.813705921173096,1788009011413193,1788009011781723904,405745,405746,1788009011773492736,1788009011781826816,0.9876698612501787,8.333921432495117,0.10275840759277344,1356.3671895813268,577.8817374020573,1,721.0244003571698,578.9368742116221,1
474,474,15.8,15.847136974334717,15.847136974334717,1788009011446624,1788009011815155968,405749,405750,1788009011806826240,1788009011815159040,0.9996280506995509,8.332967758178711,0.0030994415283203125,1356.6001449678863,577.0944289974337,1,720.8188740562608,578.7025433682015,1
475,475,15.833333333333334,15.880571842193604,15.880571842193604,1788009011480059,1788009011848592128,405754,405755,1788009011848491520,1788009011856825088,0.012073010242032386,8.333683013916016,0.10061264038085938,1356.9765075089374,576.5352171991676,1,720.5629234993961,578.2240183474239,1
476,476,15.866666666666667,15.914001941680908,15.914001941680908,1788009011513489,1788009011882023424,405758,405759,1788009011881823488,1788009011890156544,0.02397642413664845,8.332967758178711,0.19979476928710938,1357.0039816059184,575.5513910020036,1,719.8125516970289,577.9088392721409,1
477,477,15.9,15.947438955307007,15.947438955307007,1788009011546926,1788009011915461632,405762,405763,1788009011915155968,1788009011923489792,0.03667572593334287,8.333921432495117,0.3056526184082031,1357.4556190275894,575.2788811401726,1,718.5506773746641,577.2147668310397,1
478,478,15.933333333333334,15.980868816375732,15.980868816375732,1788009011580356,1788009011948892672,405766,405767,1788009011948489216,1788009011956822272,0.04841063202769592,8.332967758178711,0.40340423583984375,1357.7291212897858,574.4372340948815,1,716.8145077379995,576.2793876942885,1
479,479,15.966666666666667,16.01430583000183,16.01430583000183,1788009011613793,1788009011982330880,405770,405771,1788009011981821440,1788009011990154240,0.06111587982832618,8.33272933959961,0.5092620849609375,1358.4873033005215,573.1987357301301,1,714.5872310940799,575.237961853426,1
480,480,16.0,16.047734022140503,16.047734022140503,1788009011647221,1788009012015759872,405774,405775,1788009012015153920,1788009012023487488,0.07272415174228987,8.333683013916016,0.6060600280761719,1360.0266378636068,572.2108685707494,1,712.0421061831534,574.219761072732,1
481,481,16.033333333333335,16.081162929534912,16.081162929534912,1788009011680650,1788009012049190144,405778,405779,1788009012048487168,1788009012056819968,0.08434907010014306,8.33272933959961,0.7028579711914062,1361.6154893099044,571.118623332043,1,710.3318562207327,574.1637473920082,1
482,482,16.066666666666666,16.114600896835327,16.114600896835327,1788009011714088,1788009012082629120,405782,405783,1788009012081819648,1788009012090152192,0.09716738197424893,8.33272933959961,0.8096694946289062,1363.0540616110673,569.8849978379567,1,708.4050890663959,574.3038784450561,1
483,483,16.1,16.14803194999695,16.14803194999695,1788009011747519,1788009012116061184,405786,405787,1788009012115151616,1788009012123485440,0.10914032327277928,8.333921432495117,0.9095668792724609,1364.132686480549,569.2114747908635,1,706.4259067024489,573.7021918835559,1
484,484,16.133333333333333,16.181468963623047,16.181468963623047,1788009011780956,1788009012149499392,405790,405791,1788009012148484864,1788009012156817920,0.12174186718548825,8.332967758178711,1.0144710540771484,1364.9330819472511,568.1995070211417,1,705.0375726869052,573.8515749323969,1
485,485,16.166666666666668,16.214898824691772,16.214898824691772,1788009011814386,1788009012182930176,405794,405795,1788009012181817344,1788009012190150144,0.13356223175965665,8.33272933959961,1.1129379272460938,1365.7765983662337,567.0930299139249,1,703.4740552070843,574.1489839065815,1
486,486,16.2,16.24833583831787,16.24833583831787,1788009011847823,1788009012216368384,405798,405799,1788009012215149568,1788009012223483392,0.1462493562968473,8.333683013916016,1.2187957763671875,1366.2554150048682,566.9243499412859,1,702.0998130156338,574.3348832101785,1
487,487,16.233333333333334,16.281764030456543,16.281764030456543,1788009011881251,1788009012249797888,405802,405803,1788009012248482816,1788009012256815616,0.15779685264663806,8.33272933959961,1.3148784637451172,1366.4660164699185,567.241848756312,1,701.1366982446846,574.8406843590878,1
488,488,16.266666666666666,16.315201997756958,16.315201997756958,1788009011914689,1788009012283237120,405806,405807,1788009012281815296,1788009012290148096,0.17064377682403434,8.33272933959961,1.4219284057617188,1366.8414783070662,567.0393132741377,1,699.6591367906757,574.127620531603,1
489,489,16.3,16.34862995147705,16.34862995147705,1788009011948117,1788009012316666368,405810,405811,1788009012315148544,1788009012323481344,0.18214592274678112,8.33272933959961,1.5177726745605469,1367.0947067362372,570.4114838872764,1,698.9958950960172,574.2860399939652,1
490,490,16.333333333333332,16.382067918777466,16.382067918777466,1788009011981555,1788009012350105600,405814,405815,1788009012348480768,1788009012356813568,0.19498726788933077,8.332967758178711,1.6248226165771484,1368.0369629683537,567.7586888696413,1,697.7266866459394,574.1704684306433,1
491,491,16.366666666666667,16.415504932403564,16.415504932403564,1788009012014992,1788009012383543552,405818,405819,1788009012381812992,1788009012390147072,0.20763839221856673,8.333921432495117,1.7304420471191406,1370.1467362305193,564.8585497298046,1,696.0491159899677,574.3508745004514,1
492,492,16.4,16.44894289970398,16.44894289970398,1788009012048430,1788009012416982528,405822,405823,1788009012415146240,1788009012423479040,0.2203719599427754,8.33272933959961,1.8362998962402344,1371.3797040107067,563.1560839918731,1,694.302403824498,574.0699338926242,1
493,493,16.433333333333334,16.482372045516968,16.482372045516968,1788009012081859,1788009012450412800,405826,405827,1788009012448478720,1788009012456811520,0.2321030042918455,8.33272933959961,1.934051513671875,1372.063348402859,564.5027700977164,1,692.9118863340788,574.1040690338918,1
494,494,16.466666666666665,16.515801906585693,16.515801906585693,1788009012115289,1788009012483843840,405830,405831,1788009012481810944,1788009012490144768,0.24392058133546948,8.333683013916016,2.032756805419922,1372.5601179877258,564.0795341759998,1,691.0562224333478,574.421973527002,1
495,495,16.5,16.54923987388611,16.54923987388611,1788009012148727,1788009012517283328,405834,405835,1788009012515144448,1788009012523476992,0.25668097281831187,8.33272933959961,2.138853073120117,1373.9447582844364,563.9275353370352,1,689.3737780007807,574.9752661008195,1
496,496,16.533333333333335,16.582669019699097,16.582669019699097,1788009012182156,1788009012550713600,405838,405839,1788009012548476416,1788009012556809472,0.2684615604703728,8.332967758178711,2.237081527709961,1375.0502536275278,563.0645380514885,1,688.3680759179454,575.3393289979198,1
497,497,16.566666666666666,16.616106033325195,16.616106033325195,1788009012215593,1788009012584151808,405842,405843,1788009012581808896,1788009012590142720,0.28113288513803464,8.333921432495117,2.3429393768310547,1376.8579973941805,563.1609076789408,1,686.862820088448,575.4221587775562,1
498,498,16.6,16.649536848068237,16.649536848068237,1788009012249024,1788009012617583616,405846,405847,1788009012615142144,1788009012623475200,0.2929816028153701,8.332967758178711,2.44140625,1378.9081732974876,562.9246511854507,1,685.8560068023398,575.7349117967159,1
499,499,16.633333333333333,16.68297290802002,16.68297290802002,1788009012282460,1788009012651020800,405850,405851,1788009012648474368,1788009012656807168,0.3055793991416309,8.33272933959961,2.5463104248046875,1380.8909201584017,561.7467450376419,1,685.0119843176876,575.8711346640694,1
500,500,16.666666666666668,16.71640181541443,16.71640181541443,1788009012315889,1788009012684450560,405854,405855,1788009012681806848,1788009012690140416,0.31724552268696,8.333683013916016,2.6438236236572266,1381.6173753777693,562.3676054147053,1,683.9988141792631,575.8582896294425,1
501,501,16.7,16.749838829040527,16.749838829040527,1788009012349326,1788009012717888256,405858,405859,1788009012715140096,1788009012723472896,0.3298140200286123,8.33272933959961,2.748250961303711,1382.4127417409838,562.423182164661,1,682.8331262756908,575.9112940470105,1
502,502,16.733333333333334,16.783267974853516,16.783267974853516,1788009012382755,1788009012751318528,405862,405863,1788009012748472320,1788009012756806144,0.3415248176226577,8.333921432495117,2.846240997314453,1382.5721088637458,560.9872629808506,1,681.2129619633087,576.0920733842954,1
503,503,16.766666666666666,16.81670594215393,16.81670594215393,1788009012416193,1788009012784757248,405866,405867,1788009012781805568,1788009012790138368,0.35421017996623844,8.332967758178711,2.9516220092773438,1382.8850762187626,561.154877865515,1,680.2218173363485,576.3842177810676,1
504,504,16.8,16.850136041641235,16.850136041641235,1788009012449623,1788009012818188544,405870,405871,1788009012815137792,1788009012823470848,0.3660839460959629,8.332967758178711,3.050565719604492,1382.950949686703,563.3392628879558,1,679.6816041229529,576.674353063365,1
505,505,16.833333333333332,16.883564949035645,16.883564949035645,1788009012483052,1788009012851618560,405874,405875,1788009012848470272,1788009012856804096,0.3777714203976541,8.333921432495117,3.148317337036133,1382.637047835941,566.009785174961,1,680.0309829695302,577.1375586721202,1
506,506,16.866666666666667,16.917001962661743,16.917001962661743,1788009012516489,1788009012885056768,405878,405879,1788009012881802496,1788009012890135296,0.39052932761087267,8.33272933959961,3.2541751861572266,1382.6478065678912,566.5905615838636,1,680.6225228801434,577.3469882710737,1
507,507,16.9,16.950430870056152,16.950430870056152,1788009012549918,1788009012918486528,405882,405883,1788009012915134976,1788009012923467520,0.40223175965665237,8.33272933959961,3.3516883850097656,1384.0578013487548,565.6419655635934,1,681.046118673107,577.14759793293,1
508,508,16.933333333333334,16.983860969543457,16.983860969543457,1788009012583348,1788009012951919360,405886,405887,1788009012948468224,1788009012956801024,0.41416309012875535,8.33272933959961,3.451108932495117,1384.6464434522845,565.3608396184253,1,681.1401377371692,577.4076859900836,1
509,509,16.966666666666665,17.017289876937866,17.017289876937866,1788009012616777,1788009012985348864,405890,405891,1788009012981800192,1788009012990133248,0.4258533375296844,8.332967758178711,3.5486221313476562,1385.2858893436744,565.3455201245107,1,681.1633976235529,577.6410299879017,1
510,510,17.0,17.05072784423828,17.05072784423828,1788009012650215,1788009013018787584,405894,405895,1788009013015132672,1788009013023466496,0.43856386783006723,8.333921432495117,3.654956817626953,1385.4216471804575,565.6717953616724,1,681.2098390082555,577.8501296504442,1
511,511,17.033333333333335,17.084156036376953,17.084156036376953,1788009012683643,1788009013052216576,405898,405899,1788009013048465920,1788009013056798976,0.4500872650281823,8.332967758178711,3.7505626678466797,1384.973811426067,566.0632848613499,1,681.935623080851,578.0277468263014,1
512,512,17.066666666666666,17.11758804321289,17.11758804321289,1788009012717075,1788009013085649664,405902,405903,1788009013081798400,1788009013090130944,0.46220314735336193,8.33272933959961,3.8514137268066406,1384.0390187440055,566.5886491585263,1,683.1837149337118,577.511541843281,1
513,513,17.1,17.1510169506073,17.1510169506073,1788009012750504,1788009013119079936,405906,405907,1788009013115130624,1788009013123464448,0.4738799565142759,8.333683013916016,3.9491653442382812,1383.0005689799202,566.7840346653534,1,684.9791731320074,577.1624859852886,1
514,514,17.133333333333333,17.18444585800171,17.18444585800171,1788009012783933,1788009013152509952,405910,405911,1788009013148463872,1788009013156796672,0.48555078683834046,8.33272933959961,4.045963287353516,1381.8861210128284,567.027020124612,1,686.3807426248472,576.940509878389,1
515,515,17.166666666666668,17.217883825302124,17.217883825302124,1788009012817371,1788009013185949184,405914,405915,1788009013181796096,1788009013190129152,0.4983834511172785,8.332967758178711,4.153013229370117,1380.6711992141604,567.4887702343239,1,687.8643680222955,576.5280966931438,1
516,516,17.2,17.25131392478943,17.25131392478943,1788009012850801,1788009013219380224,405918,405919,1788009013215128320,1788009013223462400,0.5101702188528108,8.333921432495117,4.082202911376953,1379.3263951941813,567.8374968207138,1,688.7042221434583,576.0891940267212,1
517,517,17.233333333333334,17.284740924835205,17.284740924835205,1788009012884228,1788009013252808192,405922,405923,1788009013248461824,1788009013256794624,0.5215873651683786,8.332967758178711,3.9865970611572266,1378.819466326307,568.1241121509322,1,689.4459563625658,576.2086146686896,1
518,518,17.266666666666666,17.318172931671143,17.318172931671143,1788009012917660,1788009013286241024,405926,405927,1788009013281794048,1788009013290126848,0.5336766809728183,8.33272933959961,3.8857460021972656,1377.8919786359372,568.2432753538408,1,690.2638146222425,576.2843091691091,1
519,519,17.3,17.35160994529724,17.35160994529724,1788009012951097,1788009013319679232,405930,405931,1788009013315126528,1788009013323460096,0.5463180179664702,8.333683013916016,3.780841827392578,1376.6258284634246,568.4068634711859,1,690.0041671878844,575.972125130896,1
520,520,17.333333333333332,17.385046005249023,17.385046005249023,1788009012984533,1788009013353116416,405934,405935,1788009013348459776,1788009013356792576,0.5588555078683834,8.33272933959961,3.6759376525878906,1376.1380065711921,568.258165037832,1,689.3586106583766,575.8572991599418,1
521,521,17.366666666666667,17.41848397254944,17.41848397254944,1788009013017971,1788009013386555904,405938,405939,1788009013381792000,1788009013390125824,0.5716370086399267,8.333683013916016,3.5698413848876953,1376.734116747304,567.538012695966,1,688.9017817639108,575.564087001031,1
522,522,17.4,17.451921939849854,17.451921939849854,1788009013051409,1788009013419995136,405942,405943,1788009013415125248,1788009013423458048,0.5844181854596435,8.332967758178711,3.4630298614501953,1375.9173035134286,567.278654168496,1,689.2553548502856,575.8164727615657,1
523,523,17.433333333333334,17.48535704612732,17.48535704612732,1788009013084844,1788009013453431040,405946,405947,1788009013448457472,1788009013456790528,0.5968641812823667,8.332967758178711,3.3593177795410156,1375.1039188114614,566.9312553122444,1,690.1310949699026,575.9119613124948,1
524,524,17.466666666666665,17.518786907196045,17.518786907196045,1788009013118274,1788009013486862080,405950,405951,1788009013481789952,1788009013490123776,0.6086396795880418,8.333921432495117,3.261566162109375,1373.6323951528548,566.8255297219778,1,691.2311534817359,576.1001312500327,1
525,525,17.5,17.552223920822144,17.552223920822144,1788009013151711,1788009013520300544,405954,405955,1788009013515123200,1788009013523455744,0.6213447782546495,8.33272933959961,3.155231475830078,1371.160805217812,568.2699160575105,1,692.7754053555158,576.3684382517451,1
526,526,17.533333333333335,17.585652828216553,17.585652828216553,1788009013185140,1788009013553730560,405958,405959,1788009013548455424,1788009013556788224,0.6330472103004292,8.33272933959961,3.057718276977539,1370.1012051900339,567.4071799338655,1,694.2875117919228,576.8668749014657,1
527,527,17.566666666666666,17.619091033935547,17.619091033935547,1788009013218578,1788009013587169792,405962,405963,1788009013581787904,1788009013590121472,0.645820220861704,8.333683013916016,2.9516220092773438,1369.314602953854,566.3764368268689,1,695.4472817852621,576.8593835766586,1
528,528,17.6,17.652518033981323,17.652518033981323,1788009013252005,1788009013620597760,405966,405967,1788009013615121152,1788009013623453952,0.6572532188841201,8.33272933959961,2.856016159057617,1367.4539382724283,564.9335350232323,1,696.0070194870386,576.5555429260971,1
529,529,17.633333333333333,17.685956954956055,17.685956954956055,1788009013285444,1788009013654038016,405970,405971,1788009013648453120,1788009013656786176,0.6701954164401591,8.332967758178711,2.748250961303711,1365.9613814693862,564.815823922304,1,696.562564490873,576.4088556775632,1
530,530,17.666666666666668,17.71939492225647,17.71939492225647,1788009013318882,1788009013687477248,405974,405975,1788009013681785600,1788009013690119424,0.6829638106136461,8.333921432495117,2.6421546936035156,1364.5860513134166,565.0224408761811,1,697.2839314538734,576.3067627185671,1
531,531,17.7,17.752825021743774,17.752825021743774,1788009013352312,1788009013720908544,405978,405979,1788009013715118848,1788009013723451904,0.6948012932391062,8.332967758178711,2.543210983276367,1363.4728200557183,565.490637197075,1,698.3864342949078,576.1377589104395,1
532,532,17.733333333333334,17.786260843276978,17.786260843276978,1788009013385748,1788009013754345728,405982,405983,1788009013748451328,1788009013756783872,0.707381974248927,8.33272933959961,2.4383068084716797,1362.1155723993716,566.029429015808,1,699.7743374740584,576.0761285840301,1
533,533,17.766666666666666,17.819697856903076,17.819697856903076,1788009013419185,1788009013787784192,405986,405987,1788009013781784576,1788009013790117376,0.72,8.33272933959961,2.3331642150878906,1361.376854392582,566.3247575217823,1,702.0252741058921,576.6621257677712,1
534,534,17.8,17.853134870529175,17.853134870529175,1788009013452622,1788009013821221888,405990,405991,1788009013815116800,1788009013823449600,0.7326466380543634,8.33272933959961,2.227783203125,1360.915196777664,567.1202286576677,1,704.290594558759,578.4233561248044,1
535,535,17.833333333333332,17.886571884155273,17.886571884155273,1788009013486059,1788009013854659584,405994,405995,1788009013848449024,1788009013856782848,0.7452152767844371,8.333921432495117,2.1233558654785156,1360.3510794844178,568.135714912667,1,705.6168196536393,579.0313231965268,1
536,536,17.866666666666667,17.92000985145569,17.92000985145569,1788009013519497,1788009013888098304,405998,405999,1788009013881781248,1788009013890114304,0.7580612858001202,8.332967758178711,2.0160675048828125,1360.1523631885843,569.3405201913984,1,706.5864813711704,579.5425364684535,1
537,537,17.9,17.953446865081787,17.953446865081787,1788009013552934,1788009013921536256,406002,406003,1788009013915113728,1788009013923446528,0.770758226037196,8.33272933959961,1.9102096557617188,1359.940235684262,570.2075673922186,1,707.2243581281593,580.0436074534321,1
538,538,17.933333333333334,17.986883878707886,17.986883878707886,1788009013586371,1788009013954974464,406006,406007,1788009013948445952,1788009013956779776,0.7833724323396464,8.333683013916016,1.8053054809570312,1359.5221997147996,571.2940828523439,1,708.1591905761936,580.8545792078138,1
539,539,17.966666666666665,18.020320892333984,18.020320892333984,1788009013619808,1788009013988412672,406010,406011,1788009013981779456,1788009013990112000,0.7960515021459228,8.33272933959961,1.6994476318359375,1359.4980870584368,572.3259950227493,1,709.0643652725607,581.1845194484814,1
540,540,18.0,18.053757905960083,18.053757905960083,1788009013653245,1788009014021851136,406014,406015,1788009014015111680,1788009014023445248,0.8086914230131029,8.333683013916016,1.5943050384521484,1358.7529477087494,572.948848314257,1,710.5596444455065,581.6772612657646,1
541,541,18.033333333333335,18.087193965911865,18.087193965911865,1788009013686681,1788009014055288064,406018,406019,1788009014048444928,1788009014056777728,0.8212303290414878,8.33272933959961,1.4896392822265625,1358.33020173789,572.7416800135335,1,712.2477024311428,582.3467496995893,1
542,542,18.066666666666666,18.120622873306274,18.120622873306274,1788009013720110,1788009014088717824,406022,406023,1788009014081777152,1788009014090109952,0.8329375411290092,8.332967758178711,1.3921260833740234,1357.7939856057415,573.0083306521683,1,713.7487541786775,583.0236055908139,1
543,543,18.1,18.15406084060669,18.15406084060669,1788009013753548,1788009014122157056,406026,406027,1788009014115109376,1788009014123443456,0.8456587040480618,8.333921432495117,1.2862682342529297,1357.0067816281196,573.4691307714601,1,715.6316393738051,583.7045062884811,1
544,544,18.133333333333333,18.187497854232788,18.187497854232788,1788009013786985,1788009014155595264,406030,406031,1788009014148442624,1788009014156775424,0.8583690987124464,8.33272933959961,1.1801719665527344,1356.30202145851,574.5781388384783,1,718.2419329157642,584.4582771615081,1
545,545,18.166666666666668,18.22092890739441,18.22092890739441,1788009013820416,1788009014189027584,406034,406035,1788009014181775104,1788009014190107904,0.8703576537911302,8.33272933959961,1.0802745819091797,1356.5004569555913,576.7920413838663,1,720.5064901565754,585.3922519596772,1
546,546,18.2,18.25435781478882,18.25435781478882,1788009013853845,1788009014222457600,406038,406039,1788009014215107328,1788009014223441152,0.8819877553355839,8.333683013916016,0.9834766387939453,1356.4380710747594,578.7020825227738,1,722.9853250841844,585.4945011001512,1
547,547,18.233333333333334,18.2877938747406,18.2877938747406,1788009013887281,1788009014255894784,406042,406043,1788009014248440832,1788009014256773376,0.8945636623748212,8.33272933959961,0.8785724639892578,1356.1355080019443,579.8658836653246,1,725.2787249830437,585.6040155815914,1
548,548,18.266666666666666,18.32122492790222,18.32122492790222,1788009013920712,1788009014289327104,406046,406047,1788009014281772800,1788009014290105856,0.9065548911333009,8.332967758178711,0.7786750793457031,1354.9543298131268,580.2783480953796,1,727.2379171128017,585.4869428333375,1
549,549,18.3,18.35466194152832,18.35466194152832,1788009013954149,1788009014322765312,406050,406051,1788009014315105280,1788009014323439104,0.9191531969675297,8.333921432495117,0.6737709045410156,1354.2437238142757,580.3188496471214,1,728.5009085258602,585.6525146003253,1
550,550,18.333333333333332,18.388088941574097,18.388088941574097,1788009013987576,1788009014356193280,406054,406055,1788009014348438528,1788009014356771584,0.9306171497238992,8.332967758178711,0.5781650543212891,1353.4504807784967,580.4082449217947,1,729.2954310388019,585.7405666870776,1
551,551,18.366666666666667,18.421519994735718,18.421519994735718,1788009014021007,1788009014389625600,406058,406059,1788009014381770752,1788009014390103552,0.9426323319027182,8.33272933959961,0.4780292510986328,1352.8804418596776,579.9048676439222,1,729.9862334991494,586.4085040795524,1
552,552,18.4,18.454949855804443,18.454949855804443,1788009014054437,1788009014423056640,406062,406063,1788009014415104256,1788009014423436800,0.9543633762517882,8.33272933959961,0.3802776336669922,1352.4836258640998,580.1767208010037,1,730.3239618952306,586.9452724383959,1
553,553,18.433333333333334,18.488379955291748,18.488379955291748,1788009014087867,1788009014456487936,406066,406067,1788009014448436480,1788009014456769280,0.9662374821173104,8.33272933959961,0.28133392333984375,1351.6150470913774,581.1513885825206,1,731.0833209737227,587.916327849674,1
554,554,18.466666666666665,18.521808862686157,18.521808862686157,1788009014121296,1788009014489917952,406070,406071,1788009014481768704,1788009014490102528,0.9778572450293234,8.333921432495117,0.18453598022460938,1350.496587105193,582.2323395195647,1,731.9617420290551,588.834433688577,1
555,555,18.5,18.555238962173462,18.555238962173462,1788009014154726,1788009014523348992,406074,406075,1788009014515101952,1788009014523434752,0.9896998655260222,8.332967758178711,0.0858306884765625,1349.6258357742702,582.9795518965907,1,732.5181706816711,589.8988511757842,1
556,556,18.533333333333335,18.58867597579956,18.58867597579956,1788009014188163,1788009014556787200,406079,406080,1788009014556767232,1788009014565100800,0.002403158436802655,8.333683013916016,0.02002716064453125,1348.9306773744152,583.548713412433,1,733.1153123349255,590.2655811081077,1
557,557,18.566666666666666,18.622105836868286,18.622105836868286,1788009014221593,1788009014590217984,406083,406084,1788009014590100480,1788009014598433280,0.014105865522174535,8.33272933959961,0.11754035949707031,1348.016824479463,583.9813846301885,1,734.0905691986478,590.1611741815076,1
558,558,18.6,18.65553593635559,18.65553593635559,1788009014255023,1788009014623649280,406087,406088,1788009014623432704,1788009014631765504,0.026007839546794084,8.332967758178711,0.2167224884033203,1347.2370609375794,584.1895354496878,1,734.8243692576362,590.5330969043082,1
559,559,18.633333333333333,18.688962936401367,18.688962936401367,1788009014288450,1788009014657077504,406091,406092,1788009014656764928,1788009014665099008,0.03750536403947933,8.333921432495117,0.31256675720214844,1346.649350619325,584.1962988327142,1,735.3627821491938,590.9706368810051,1
560,560,18.666666666666668,18.722400903701782,18.722400903701782,1788009014321888,1788009014690516992,406095,406096,1788009014690098176,1788009014698431232,0.05024176704529198,8.332967758178711,0.41866302490234375,1345.889868453983,584.354883514363,1,735.570767382658,591.2270939908027,1
561,561,18.7,18.75583004951477,18.75583004951477,1788009014355317,1788009014723947264,406099,406100,1788009014723430656,1788009014731763456,0.06200286123032904,8.33272933959961,0.5166530609130859,1345.6044931747688,584.7392077358089,1,735.5789877002017,591.5490685619137,1
562,562,18.733333333333334,18.789260864257812,18.789260864257812,1788009014388748,1788009014757379328,406103,406104,1788009014756762880,1788009014765096704,0.07395433998970075,8.333683013916016,0.6163120269775391,1345.0102971811614,584.9964353227633,1,735.5948270684049,591.5734839073274,1
563,563,18.766666666666666,18.822691917419434,18.822691917419434,1788009014422179,1788009014790811648,406107,406108,1788009014790096384,1788009014798428928,0.08583690987124463,8.33272933959961,0.7152557373046875,1344.4125960883275,584.9170276505241,1,735.4889378856037,591.3777257789793,1
564,564,18.8,18.856127977371216,18.856127977371216,1788009014455615,1788009014824248832,406111,406112,1788009014823428352,1788009014831762432,0.09844085252467458,8.333921432495117,0.8203983306884766,1343.799397213523,584.5008196820253,1,734.5693817620016,590.7252458978751,1
565,565,18.833333333333332,18.88955783843994,18.88955783843994,1788009014489045,1788009014857679360,406115,406116,1788009014856761600,1788009014865093632,0.11013820928835093,8.332014083862305,0.9176731109619141,1344.1616501746034,583.0337122753526,1,733.5501995434051,590.1685702786787,1
566,566,18.866666666666667,18.92298698425293,18.92298698425293,1788009014522474,1788009014891109120,406119,406120,1788009014890093056,1788009014898425856,0.12194563662374822,8.33272933959961,1.0161399841308594,1345.4298695590173,581.3529253472651,1,731.9535683421016,589.5297500398694,1
567,567,18.9,18.956424951553345,18.956424951553345,1788009014555912,1788009014924547840,406123,406124,1788009014923425536,1788009014931759104,0.13469130857698688,8.333683013916016,1.1224746704101562,1347.4133669340713,579.6137788819152,1,729.7120446915496,588.2984337397819,1
568,568,18.933333333333334,18.989852905273438,18.989852905273438,1788009014589340,1788009014957976832,406127,406128,1788009014956758784,1788009014965091584,0.1461802575107296,8.33272933959961,1.2180805206298828,1348.9262782266903,574.4440649221309,1,727.1948858833099,585.3880557990099,1
569,569,18.966666666666665,19.02328896522522,19.02328896522522,1788009014622776,1788009014991414016,406131,406132,1788009014990091008,1788009014998423808,0.15876967095851216,8.33272933959961,1.3229846954345703,1350.7599856851198,573.9418908366434,1,725.4392924390461,584.5734288352429,1
570,570,19.0,19.05672788619995,19.05672788619995,1788009014656215,1788009015024854528,406135,406136,1788009015023423232,1788009015031757056,0.17173508797024747,8.333921432495117,1.4312267303466797,1352.2007190941752,574.9121389687676,1,723.638613380567,582.9070410084088,1
571,571,19.033333333333335,19.090157985687256,19.090157985687256,1788009014689645,1788009015058285824,406139,406140,1788009015056756480,1788009015065089536,0.18351406254470545,8.332967758178711,1.5292167663574219,1353.4743496017634,573.951738695968,1,722.0224397230243,581.3556237767162,1
572,572,19.066666666666666,19.123586893081665,19.123586893081665,1788009014723074,1788009015091715584,406143,406144,1788009015090088960,1788009015098422784,0.1951938206265198,8.333921432495117,1.626729965209961,1354.3007585827731,572.6257150034636,1,720.6660376916004,580.082425229896,1
573,573,19.1,19.15702486038208,19.15702486038208,1788009014756512,1788009015125154816,406147,406148,1788009015123422208,1788009015131754752,0.2079256080114449,8.33272933959961,1.7325878143310547,1355.3964499651115,571.718858003954,1,719.7223092391433,578.8016535270391,1
574,574,19.133333333333333,19.190453052520752,19.190453052520752,1788009014789940,1788009015158583808,406151,406152,1788009015156754432,1788009015165087232,0.21954220314735337,8.33272933959961,1.829385757446289,1356.6951484769188,571.4298949142363,1,718.6749608570876,577.4474751504224,1
575,575,19.166666666666668,19.223891019821167,19.223891019821167,1788009014823378,1788009015192023040,406155,406156,1788009015190086912,1788009015198420480,0.23233392458659954,8.333683013916016,1.936197280883789,1356.6536845109256,569.68511896654,1,717.0352094144538,576.7358778651866,1
576,576,19.2,19.257319927215576,19.257319927215576,1788009014856807,1788009015225453056,406159,406160,1788009015223420160,1788009015231752960,0.24397711015736767,8.33272933959961,2.0329952239990234,1357.0692972352172,567.6708760095429,1,715.7364120899571,576.543386799635,1
577,577,19.233333333333334,19.29075598716736,19.29075598716736,1788009014890243,1788009015258890496,406163,406164,1788009015256752128,1788009015265085184,0.2565877943406483,8.332967758178711,2.1381378173828125,1357.529706695695,565.8811793042305,1,714.6306060120655,576.6616982506146,1
578,578,19.266666666666666,19.32418704032898,19.32418704032898,1788009014923674,1788009015292322560,406167,406168,1788009015290084608,1788009015298418432,0.26854527249320553,8.333921432495117,2.238035202026367,1358.3956255926666,565.0653053993125,1,713.1531814552911,576.3579478751615,1
579,579,19.3,19.357616901397705,19.357616901397705,1788009014957104,1788009015325753344,406171,406172,1788009015323417856,1788009015331750912,0.2802781036307974,8.332967758178711,2.3355484008789062,1359.5104709171721,564.2359037284931,1,712.0637677419415,575.9836478818472,1
580,580,19.333333333333332,19.391053915023804,19.391053915023804,1788009014990541,1788009015359191808,406175,406176,1788009015356750336,1788009015365082880,0.29301859799713875,8.33272933959961,2.4416446685791016,1360.7725459861322,564.1054871548963,1,711.044536414324,575.5629476569527,1
581,581,19.366666666666667,19.424482822418213,19.424482822418213,1788009015023970,1788009015392622080,406179,406180,1788009015390082560,1788009015398416384,0.30471476798077474,8.333683013916016,2.539396286010742,1362.3057719264248,563.6614733238507,1,709.7583519877078,575.0363605223658,1
582,582,19.4,19.45791983604431,19.45791983604431,1788009015057407,1788009015426060288,406183,406184,1788009015423415808,1788009015431748608,0.3173390557939914,8.33272933959961,2.6443004608154297,1363.9589672015036,562.4012534541384,1,707.8734559399794,574.6566848285208,1
583,583,19.433333333333334,19.491349935531616,19.491349935531616,1788009015090837,1788009015459491584,406187,406188,1788009015456748032,1788009015465081856,0.3291946788728365,8.333921432495117,2.7434825897216797,1365.707315999046,561.7527288241359,1,705.7373847954661,574.6707589409871,1
584,584,19.466666666666665,19.52478790283203,19.52478790283203,1788009015124275,1788009015492930560,406191,406192,1788009015490081280,1788009015498414336,0.34193585305141483,8.332967758178711,2.8493404388427734,1367.3654371622044,561.1159556873304,1,703.6954296651114,574.2903430468306,1
585,585,19.5,19.558215856552124,19.558215856552124,1788009015157703,1788009015526359552,406195,406196,1788009015523413760,1788009015531746560,0.3535235043346399,8.332967758178711,2.9458999633789062,1368.9101402948231,561.7678008979462,1,702.3247252160281,574.4396880240139,1
586,586,19.533333333333335,19.591652870178223,19.591652870178223,1788009015191140,1788009015559797504,406199,406200,1788009015556745984,1788009015565079808,0.3661564869117437,8.333921432495117,3.0515193939208984,1370.0229478499305,562.6863474851106,1,701.6469318267264,574.8440052913272,1
587,587,19.566666666666666,19.62508988380432,19.62508988380432,1788009015224577,1788009015593235712,406203,406204,1788009015590079232,1788009015598412032,0.3787982832618026,8.33272933959961,3.156423568725586,1371.3725607385109,563.7003332429513,1,700.3214994771032,574.7478680376862,1
588,588,19.6,19.658520936965942,19.658520936965942,1788009015258008,1788009015626668032,406207,406208,1788009015623411712,1788009015631744512,0.3907868383404864,8.33272933959961,3.2563209533691406,1372.5116533634346,564.2981496696867,1,699.1048449890885,575.0430394730977,1
589,589,19.633333333333333,19.69194984436035,19.69194984436035,1788009015291437,1788009015660098048,406211,406212,1788009015656743936,1788009015665077760,0.40247182010642557,8.333683013916016,3.3540725708007812,1373.8074301659617,564.963418096368,1,697.4881436732726,575.4902788256306,1
590,590,19.666666666666668,19.725379943847656,19.725379943847656,1788009015324867,1788009015693529344,406215,406216,1788009015690077184,1788009015698409984,0.414277539341917,8.33272933959961,3.4520626068115234,1374.9126704135292,564.859261934998,1,695.8319907762628,575.8701286018115,1
591,591,19.7,19.758816957473755,19.758816957473755,1788009015358304,1788009015726967552,406219,406220,1788009015723409408,1788009015731742464,0.42699779691568196,8.332967758178711,3.5581588745117188,1376.9460095107434,565.1843887427553,1,694.5801221038774,576.0197340484385,1
592,592,19.733333333333334,19.79224681854248,19.79224681854248,1788009015391734,1788009015760398592,406223,406224,1788009015756741888,1788009015765075712,0.43879273351451864,8.333921432495117,3.6568641662597656,1378.9167299898363,565.0711311542124,1,693.3342364785808,576.073761738821,1
593,593,19.766666666666666,19.82567596435547,19.82567596435547,1788009015425163,1788009015793828864,406227,406228,1788009015790075136,1788009015798407680,0.45050071530758223,8.33272933959961,3.7539005279541016,1381.9207820481315,563.3792525648525,1,690.9843968528703,575.5922421236842,1
594,594,19.8,19.859104871749878,19.859104871749878,1788009015458592,1788009015827258880,406231,406232,1788009015823407360,1788009015831740160,0.46220314735336193,8.33272933959961,3.8514137268066406,1383.881982175977,563.522937464634,1,688.1910928799034,575.0483303710218,1
595,595,19.833333333333332,19.892534017562866,19.892534017562866,1788009015492021,1788009015860689152,406235,406236,1788009015856739840,1788009015865072384,0.47396280400572244,8.33272933959961,3.949403762817383,1385.4567161080195,563.8342410457444,1,686.4261614876211,575.2641264470203,1
596,596,19.866666666666667,19.925963878631592,19.925963878631592,1788009015525451,1788009015894119936,406239,406240,1788009015890071808,1788009015898404864,0.4857943978713055,8.332967758178711,4.04810905456543,1387.0034359344888,563.6860915537295,1,684.3968579185625,575.3028807269405,1
597,597,19.9,19.959394931793213,19.959394931793213,1788009015558882,1788009015927552256,406243,406244,1788009015923404288,1788009015931738112,0.49772564726076385,8.333921432495117,4.148006439208984,1388.4344222384912,562.9645170664884,1,682.306395027382,574.9851706865174,1
598,598,19.933333333333334,19.992825031280518,19.992825031280518,1788009015592312,1788009015960983552,406247,406248,1788009015956737536,1788009015965070592,0.5095419301307544,8.332967758178711,4.086971282958984,1389.5360728844496,562.3559610713633,1,680.8281170572242,575.0717073906451,1
599,599,19.966666666666665,20.026253938674927,20.026253938674927,1788009015625741,1788009015994413312,406251,406252,1788009015990069760,1788009015998402560,0.5212589413447782,8.33272933959961,3.9892196655273438,1390.1546603704555,561.7195076492482,1,679.5820318616013,574.9882350468174,1
600,600,20.0,20.059682846069336,20.059682846069336,1788009015659170,1788009016027843584,406255,406256,1788009016023402240,1788009016031735808,0.5329289923899982,8.333683013916016,3.8924217224121094,1390.8964888480505,563.02934805291,1,678.6166439413537,574.9065746509164,1
601,601,20.033333333333335,20.093119859695435,20.093119859695435,1788009015692607,1788009016061281792,406259,406260,1788009016056735488,1788009016065068288,0.5456080114449213,8.33272933959961,3.786325454711914,1391.815681406492,563.7988813062494,1,678.0775047383526,575.0186869472238,1
602,602,20.066666666666666,20.12654995918274,20.12654995918274,1788009015726037,1788009016094713088,406263,406264,1788009016090067712,1788009016098401536,0.5574309826920326,8.333921432495117,3.688335418701172,1392.459843337375,563.9365872317417,1,677.8238494818011,575.2954014478157,1
603,603,20.1,20.159977912902832,20.159977912902832,1788009015759465,1788009016128142336,406267,406268,1788009016123400960,1788009016131734016,0.5689965952333267,8.332967758178711,3.5915374755859375,1392.5845067834239,563.890245847631,1,678.2860895269393,575.6163387211567,1
604,604,20.133333333333333,20.193415880203247,20.193415880203247,1788009015792903,1788009016161581056,406271,406272,1788009016156733184,1788009016165066240,0.5817573173871993,8.332967758178711,3.4852027893066406,1390.3266214773116,563.9545605178183,1,680.7242318301584,575.3642488578244,1
605,605,20.166666666666668,20.22684597969055,20.22684597969055,1788009015826333,1788009016195011840,406275,406276,1788009016190065664,1788009016198399488,0.5935059362036904,8.333921432495117,3.3876895904541016,1387.123066598937,564.168942470228,1,684.1821372513662,575.4225866931024,1
606,606,20.2,20.260275840759277,20.260275840759277,1788009015859763,1788009016228442368,406279,406280,1788009016223398912,1788009016231731712,0.6052646638054363,8.33272933959961,3.2892227172851562,1385.7165946843686,562.6564793034418,1,687.328655435965,575.4771016705917,1
607,607,20.233333333333334,20.293712854385376,20.293712854385376,1788009015893200,1788009016261880576,406283,406284,1788009016256731392,1788009016265063936,0.6179685264663806,8.33272933959961,3.1833648681640625,1383.1977957428153,562.1863268163464,1,689.725202282,574.9190520412467,1
608,608,20.266666666666666,20.32714295387268,20.32714295387268,1788009015926630,1788009016295311872,406287,406288,1788009016290063616,1788009016298397184,0.6297705555873434,8.333683013916016,3.0853748321533203,1381.2921646576187,562.1216836349308,1,691.6423162430204,575.0179969753602,1
609,609,20.3,20.360572814941406,20.360572814941406,1788009015960060,1788009016328742656,406291,406292,1788009016323396864,1788009016331729664,0.6415450643776824,8.33272933959961,2.986907958984375,1379.7351814450749,560.7676837203553,1,693.1592086814694,574.8416600023863,1
610,610,20.333333333333332,20.39400887489319,20.39400887489319,1788009015993496,1788009016362180096,406295,406296,1788009016356729088,1788009016365061888,0.6541443735515435,8.332967758178711,2.8820037841796875,1377.4869199713398,560.8297329007169,1,695.09432473385,575.6083728738611,1
611,611,20.366666666666667,20.427438020706177,20.427438020706177,1788009016026925,1788009016395610112,406299,406300,1788009016390061312,1788009016398395392,0.6657988842797883,8.333921432495117,2.785205841064453,1375.0025058888423,563.4056229033208,1,697.2403818289881,576.23417918125,1
612,612,20.4,20.460866928100586,20.460866928100586,1788009016060354,1788009016429040128,406303,406304,1788009016423394560,1788009016431727360,0.6775107296137339,8.33272933959961,2.687215805053711,1373.0645820924824,564.7984511645404,1,699.2601315655622,576.9849658510078,1
613,613,20.433333333333334,20.494304895401,20.494304895401,1788009016093792,1788009016462479616,406307,406308,1788009016456727040,1788009016465059840,0.6903576537911302,8.33272933959961,2.5801658630371094,1370.913132629908,565.5741637312047,1,701.504030225329,577.4765607387384,1
614,614,20.466666666666665,20.527734994888306,20.527734994888306,1788009016127222,1788009016495910912,406311,406312,1788009016490059264,1788009016498393088,0.7021513989815186,8.333683013916016,2.482175827026367,1369.546438256451,566.0119753377304,1,703.1217272886937,577.2952093923118,1
615,615,20.5,20.56116485595703,20.56116485595703,1788009016160652,1788009016529341696,406315,406316,1788009016523392768,1788009016531725312,0.713934191702432,8.33272933959961,2.383708953857422,1368.2560848040766,566.654286247671,1,704.8444959570161,576.829139282836,1
616,616,20.533333333333335,20.594595909118652,20.594595909118652,1788009016194083,1788009016562774016,406319,406320,1788009016556724736,1788009016565058816,0.7258475182377342,8.333921432495117,2.2847652435302734,1367.4573094891696,568.3554952643556,1,707.0922194164231,576.8372829076594,1
617,617,20.566666666666666,20.628031969070435,20.628031969070435,1788009016227519,1788009016596211200,406323,406324,1788009016590057984,1788009016598391040,0.7384051958456125,8.332967758178711,2.179861068725586,1366.3324938949413,568.9701522466481,1,708.8707077970582,577.0880538246323,1
618,618,20.6,20.661460876464844,20.661460876464844,1788009016260948,1788009016629641216,406327,406328,1788009016623390464,1788009016631723520,0.7501359045520872,8.332967758178711,2.0821094512939453,1365.8110116619985,569.0996894153915,1,710.8213089115555,577.3824613722308,1
619,619,20.633333333333333,20.69489097595215,20.69489097595215,1788009016294378,1788009016663072512,406331,406332,1788009016656722688,1788009016665056768,0.7619224717493921,8.333921432495117,1.9841194152832031,1365.4314954527986,569.8310598732066,1,712.999013367912,577.3972373662231,1
620,620,20.666666666666668,20.72832703590393,20.72832703590393,1788009016327814,1788009016696509952,406335,406336,1788009016690056192,1788009016698388736,0.7745064377682404,8.33272933959961,1.878976821899414,1364.8296193547876,571.2638202324862,1,715.8002099447723,576.5307153705363,1
621,621,20.7,20.761756896972656,20.761756896972656,1788009016361244,1788009016729940736,406339,406340,1788009016723388416,1788009016731721216,0.7863233190271817,8.33272933959961,1.7805099487304688,1363.7378849426807,572.3879063273585,1,719.0592789468725,575.7772716130855,1
622,622,20.733333333333334,20.79519295692444,20.79519295692444,1788009016394680,1788009016763377920,406343,406344,1788009016756720640,1788009016765054464,0.7988270633671863,8.333921432495117,1.6765594482421875,1363.1838908503937,573.9341213871814,1,722.5874005143512,576.0028644229296,1
623,623,20.766666666666666,20.828624963760376,20.828624963760376,1788009016428112,1788009016796811008,406347,406348,1788009016790053888,1788009016798386688,0.8109066979485565,8.332967758178711,1.5757083892822266,1362.1872825878554,574.7692493194986,1,725.8018637532441,576.294514441345,1
624,624,20.8,20.862061977386475,20.862061977386475,1788009016461549,1788009016830249216,406351,406352,1788009016823386112,1788009016831719168,0.8236101971331292,8.332967758178711,1.4698505401611328,1361.8501924746752,576.2407545817745,1,728.6563076495437,576.1088806309151,1
625,625,20.833333333333332,20.8954918384552,20.8954918384552,1788009016494979,1788009016863680256,406355,406356,1788009016856718592,1788009016865051392,0.8354792560801144,8.33272933959961,1.3709068298339844,1361.7105154078906,579.0002501934317,1,730.5995231420452,575.740355982217,1
626,626,20.866666666666667,20.928927898406982,20.928927898406982,1788009016528415,1788009016897117696,406359,406360,1788009016890050816,1788009016898383616,0.848068669527897,8.33272933959961,1.2660026550292969,1361.7907431553945,581.1320062674974,1,732.7443946743767,575.507554856513,1
627,627,20.9,20.96235704421997,20.96235704421997,1788009016561844,1788009016930547712,406363,406364,1788009016923383296,1788009016931716864,0.8597013217371402,8.333683013916016,1.1692047119140625,1361.0181668523699,581.8104497334637,1,734.8972283880355,575.7213164358219,1
628,628,20.933333333333334,20.995786905288696,20.995786905288696,1788009016595274,1788009016963978752,406367,406368,1788009016956716544,1788009016965049344,0.8715307582260372,8.33272933959961,1.0704994201660156,1360.0733997334846,581.6581368946754,1,736.8452758029979,576.265316607544,1
629,629,20.966666666666665,21.02922296524048,21.02922296524048,1788009016628710,1788009016997415936,406371,406372,1788009016990048768,1788009016998381568,0.8841234871677491,8.332967758178711,0.9655952453613281,1359.3868869261876,582.0315745999865,1,738.5328601953406,577.1154462923857,1
630,630,21.0,21.062652826309204,21.062652826309204,1788009016662140,1788009017030846976,406375,406376,1788009017023380992,1788009017031714816,0.8958661135745959,8.333921432495117,0.8678436279296875,1358.883609062898,582.0620088594727,1,739.4822749060652,578.0229799018371,1
631,631,21.033333333333335,21.09608292579651,21.09608292579651,1788009016695570,1788009017064278272,406379,406380,1788009017056714240,1788009017065047040,0.9077539341917025,8.33272933959961,0.7686614990234375,1359.0458504571832,582.6636717187341,1,740.084015010779,578.3872126825413,1
632,632,21.066666666666666,21.129511833190918,21.129511833190918,1788009016728999,1788009017097708544,406383,406384,1788009017090046720,1788009017098379264,0.9194849785407725,8.33272933959961,0.6709098815917969,1358.915686196847,582.9531928843896,1,740.3070184178902,578.4400553333512,1
633,633,21.1,21.16294288635254,21.16294288635254,1788009016762430,1788009017131140608,406387,406388,1788009017123378944,1788009017131712768,0.9313669394060765,8.333683013916016,0.5719661712646484,1358.8578781256342,582.877488357237,1,740.3983224335446,579.0822167057818,1
634,634,21.133333333333333,21.196379899978638,21.196379899978638,1788009016795867,1788009017164578816,406391,406392,1788009017156712192,1788009017165044992,0.9440629470672389,8.33272933959961,0.4661083221435547,1358.6744920236497,582.8113539849944,1,740.2551322079817,579.0608406661936,1
635,635,21.166666666666668,21.229809999465942,21.229809999465942,1788009016829297,1788009017198010112,406395,406396,1788009017190044416,1788009017198378240,0.9558289229008725,8.333921432495117,0.3681182861328125,1359.4812155888774,582.8033574436571,1,739.2844474332818,578.2118515929105,1
636,636,21.2,21.263239860534668,21.263239860534668,1788009016862727,1788009017231441152,406399,406400,1788009017223377664,1788009017231710720,0.9676690223455695,8.332967758178711,0.2694129943847656,1360.260928753054,581.7253775209876,1,737.9530174645138,577.447398189936,1
637,637,21.233333333333334,21.29667592048645,21.29667592048645,1788009016896163,1788009017264878336,406403,406404,1788009017256710144,1788009017265042944,0.9802294641068925,8.332967758178711,0.1647472381591797,1361.0734150464314,580.877554365317,1,736.1939024704919,576.6655649078058,1
638,638,21.266666666666666,21.33010482788086,21.33010482788086,1788009016929592,1788009017298308096,406407,406408,1788009017290042368,1788009017298376448,0.9918180517808611,8.333921432495117,0.06818771362304688,1361.939490834436,579.1041067361267,1,733.7882915601285,576.7365621624486,1
639,639,21.3,21.363534927368164,21.363534927368164,1788009016963022,1788009017331739392,406412,406413,1788009017331708416,1788009017340041472,0.003719493004492003,8.332967758178711,0.030994415283203125,1363.454008502165,577.5212642098563,1,730.8913991099664,575.6899263536696,1
640,640,21.333333333333332,21.396971940994263,21.396971940994263,1788009016996459,1788009017365177856,406416,406417,1788009017365040896,1788009017373374720,0.016449721069947076,8.333921432495117,0.13709068298339844,1365.7998844910876,575.4441485046956,1,727.5429877085949,574.4613074769021,1
641,641,21.366666666666667,21.430402040481567,21.430402040481567,1788009017029889,1788009017398608640,406420,406421,1788009017398374144,1788009017406706688,0.02815450643776824,8.33272933959961,0.2346038818359375,1368.2755686507128,572.3235684761464,1,724.0444670220439,572.58884466826,1
642,642,21.4,21.463838815689087,21.463838815689087,1788009017063326,1788009017432046336,406424,406425,1788009017431706368,1788009017440039168,0.04080114449213162,8.33272933959961,0.3399848937988281,1370.521147565908,568.7035377839231,1,720.2617856651596,570.4925021623224,1
643,643,21.433333333333334,21.497267961502075,21.497267961502075,1788009017096755,1788009017465476352,406428,406429,1788009017465038848,1788009017473372416,0.05249756823253419,8.333683013916016,0.4374980926513672,1373.7821841838356,565.815685439362,1,716.936186781043,568.925122523864,1
644,644,21.466666666666665,21.53070592880249,21.53070592880249,1788009017130193,1788009017498915328,406432,406433,1788009017498372096,1788009017506704896,0.06520743919885551,8.33272933959961,0.5433559417724609,1376.416966810164,564.1659242145045,1,715.2138716777761,567.6115967723531,1
645,645,21.5,21.564136028289795,21.564136028289795,1788009017163623,1788009017532346368,406436,406437,1788009017531704064,1788009017540037120,0.07707933964693428,8.332967758178711,0.6422996520996094,1378.2702659873298,562.4652588851026,1,713.9672761383866,567.5916616523008,1
646,646,21.533333333333335,21.597571849822998,21.597571849822998,1788009017197059,1788009017565783296,406440,406441,1788009017565037568,1788009017573370368,0.08949672398500758,8.332967758178711,0.7457733154296875,1379.7140821631187,561.9977026744585,1,712.6043694058815,567.586310454144,1
647,647,21.566666666666666,21.631008863449097,21.631008863449097,1788009017230496,1788009017599221504,406444,406445,1788009017598369792,1788009017606702848,0.10220022316958027,8.332967758178711,0.8516311645507812,1380.9505006166614,560.5577516489601,1,711.1278316329531,567.1625283335026,1
648,648,21.6,21.664439916610718,21.664439916610718,1788009017263927,1788009017632653824,406448,406449,1788009017631702272,1788009017640036096,0.11417536833071092,8.333921432495117,0.9515285491943359,1381.1266396536091,560.0411430065028,1,709.5606685849255,566.8569051214002,1
649,649,21.633333333333333,21.6978759765625,21.6978759765625,1788009017297363,1788009017666091264,406452,406453,1788009017665035520,1788009017673368320,0.12669527896995708,8.33272933959961,1.0557174682617188,1380.821116365842,560.5693076039396,1,709.2996736795583,567.7587271886433,1
650,650,21.666666666666668,21.731312036514282,21.731312036514282,1788009017330799,1788009017699528192,406456,406457,1788009017698367744,1788009017706700544,0.1392560801144492,8.33272933959961,1.1603832244873047,1379.8282989401232,560.8320126363355,1,710.3461880755727,568.9360888528341,1
651,651,21.7,21.76474905014038,21.76474905014038,1788009017364236,1788009017732966144,406460,406461,1788009017731699968,1788009017740033792,0.1519382062651981,8.333921432495117,1.2662410736083984,1378.7843949272055,560.9953187612067,1,711.7303285813522,568.5240850829425,1
652,652,21.733333333333334,21.798179864883423,21.798179864883423,1788009017397667,1788009017766398208,406464,406465,1788009017765033216,1788009017773366272,0.16380074962089783,8.332967758178711,1.3649463653564453,1377.7318350098533,560.9841915589668,1,712.9259937739414,568.0349944695546,1
653,653,21.766666666666666,21.83161687850952,21.83161687850952,1788009017431104,1788009017799836416,406468,406469,1788009017798365696,1788009017806698496,0.17650424880547053,8.332967758178711,1.470804214477539,1377.1376682742307,561.2787833740315,1,713.3303683953243,568.0892290424338,1
654,654,21.8,21.865046977996826,21.865046977996826,1788009017464534,1788009017833267712,406472,406473,1788009017831697920,1788009017840031744,0.18835645830353312,8.333921432495117,1.5697479248046875,1376.757693035449,561.2530298387811,1,713.3729969620584,568.1158987442046,1
655,655,21.833333333333332,21.89847683906555,21.89847683906555,1788009017497964,1788009017866698752,406476,406477,1788009017865030400,1788009017873362944,0.20022889842632333,8.33272933959961,1.6684532165527344,1376.5876292993296,560.9470977419471,1,712.2800605452189,568.562336624145,1
656,656,21.866666666666667,21.931912899017334,21.931912899017334,1788009017531400,1788009017900135936,406480,406481,1788009017898362624,1788009017906696192,0.2127939577730732,8.333683013916016,1.7733573913574219,1376.542708046035,560.5438284682662,1,710.5940611448235,568.8365408356085,1
657,657,21.9,21.96534299850464,21.96534299850464,1788009017564830,1788009017933567232,406484,406485,1788009017931695872,1788009017940028672,0.2245779685264664,8.33272933959961,1.871347427368164,1376.9265800319006,560.8316207051035,1,708.4340568153174,568.2989114611452,1
658,658,21.933333333333334,21.998769998550415,21.998769998550415,1788009017598257,1788009017966995456,406488,406489,1788009017965028096,1788009017973360896,0.23610197133129238,8.332967758178711,1.9674301147460938,1377.9614039015978,560.1563479150462,1,706.3263699045214,567.4599966120488,1
659,659,21.966666666666665,22.032208919525146,22.032208919525146,1788009017631696,1788009018000435712,406492,406493,1788009017998360320,1788009018006694400,0.24900586468316407,8.333921432495117,2.0751953125,1379.8599977900435,558.3968760849212,1,705.708947458051,568.4787768629177,1
660,660,22.0,22.06564688682556,22.06564688682556,1788009017665134,1788009018033874432,406496,406497,1788009018031693824,1788009018040026368,0.2617167381974249,8.33272933959961,2.180814743041992,1381.7712000258634,555.1450980019196,1,705.126403456201,568.7934677952463,1
661,661,22.033333333333335,22.09908390045166,22.09908390045166,1788009017698571,1788009018067312384,406500,406501,1788009018065026048,1788009018073358848,0.2743919885550787,8.33272933959961,2.2864341735839844,1384.5200742505958,552.4514070544983,1,704.013732179525,568.2949245770782,1
662,662,22.066666666666666,22.13252091407776,22.13252091407776,1788009017732008,1788009018100750848,406504,406505,1788009018098358272,1788009018106692096,0.2870916061108886,8.333683013916016,2.3925304412841797,1386.660377844213,550.863791841676,1,702.373062085447,567.2499098595257,1
663,663,22.1,22.165949821472168,22.165949821472168,1788009017765437,1788009018134181120,406508,406509,1788009018131691776,1788009018140024320,0.29874105865522177,8.33272933959961,2.489328384399414,1389.5626615940748,550.7285855843153,1,699.3851701125254,565.7119466485752,1
664,664,22.133333333333333,22.199386835098267,22.199386835098267,1788009017798874,1788009018167619328,406512,406513,1788009018165023744,1788009018173356800,0.31146462189923035,8.332967758178711,2.5954246520996094,1391.6640852657365,548.9643449974109,1,696.3385745487819,565.7041319571007,1
665,665,22.166666666666668,22.232815980911255,22.232815980911255,1788009017832303,1788009018201049344,406516,406517,1788009018198356992,1788009018206690048,0.3230808846671054,8.332967758178711,2.6922225952148438,1393.1011114134267,549.5719343600513,1,693.0162248316533,566.773266578567,1
666,666,22.2,22.266254901885986,22.266254901885986,1788009017865742,1788009018234489344,406520,406521,1788009018231689472,1788009018240022528,0.33601327572887757,8.332967758178711,2.79998779296875,1395.8531679612877,548.9048807012578,1,689.3512735382069,567.8951464426061,1
667,667,22.233333333333334,22.299688816070557,22.299688816070557,1788009017899176,1788009018267924224,406524,406525,1788009018265021696,1788009018273355776,0.3482763553139751,8.333921432495117,2.902507781982422,1398.0234945481009,548.1641194411428,1,686.0828976843691,569.8338694914852,1
668,668,22.266666666666666,22.33312702178955,22.33312702178955,1788009017932614,1788009018301363712,406528,406529,1788009018298355200,1788009018306687744,0.36105865522174535,8.33272933959961,3.008604049682617,1401.221556158251,546.7061462689841,1,682.9889465778155,571.9497617634389,1
669,669,22.3,22.366564989089966,22.366564989089966,1788009017966052,1788009018334802944,406532,406533,1788009018331687424,1788009018340020224,0.3738769670958512,8.33272933959961,3.115415573120117,1404.7836553699947,546.142438990502,1,679.3504951777456,574.1210005246387,1
670,670,22.333333333333332,22.400002002716064,22.400002002716064,1788009017999489,1788009018368241152,406536,406537,1788009018365019648,1788009018373353472,0.386554141038478,8.333921432495117,3.2215118408203125,1408.5844776030967,546.4204035685949,1,675.1790542005934,576.1916402066853,1
671,671,22.366666666666667,22.433439016342163,22.433439016342163,1788009018032926,1788009018401679360,406540,406541,1788009018398352896,1788009018406685952,0.39918743383594174,8.332967758178711,3.326416015625,1411.8099351354433,546.7500294843561,1,670.3915014832885,577.9781633731609,1
672,672,22.4,22.466876983642578,22.466876983642578,1788009018066364,1788009018435118336,406544,406545,1788009018431685120,1788009018440018176,0.4120053789591142,8.332967758178711,3.4332275390625,1413.3072270811858,546.9521353284637,1,666.4140309207176,579.1198981036616,1
673,673,22.433333333333334,22.50031304359436,22.50031304359436,1788009018099800,1788009018468555776,406548,406549,1788009018465017600,1788009018473351424,0.4245458446574167,8.333921432495117,3.5381317138671875,1415.7099445650863,546.2576595845901,1,663.2498894913665,580.0320976546627,1
674,674,22.466666666666665,22.53374981880188,22.53374981880188,1788009018133237,1788009018501993728,406552,406553,1788009018498350848,1788009018506683648,0.4371673819742489,8.33272933959961,3.6427974700927734,1417.851155880952,545.823435820832,1,658.8509307753488,580.5353829901591,1
675,675,22.5,22.567178964614868,22.567178964614868,1788009018166666,1788009018535423744,406556,406557,1788009018531683328,1788009018540015872,0.448898426323319,8.33272933959961,3.740549087524414,1419.895284391185,546.7119704401795,1,653.946854547273,581.3299930591787,1
676,676,22.533333333333335,22.60061502456665,22.60061502456665,1788009018200102,1788009018568860672,406560,406561,1788009018565015552,1788009018573349120,0.46140641986610975,8.333683013916016,3.84521484375,1424.4141460658238,547.9807699847483,1,650.7525717577862,582.5141553789201,1
677,677,22.566666666666666,22.634052991867065,22.634052991867065,1788009018233540,1788009018602299904,406564,406565,1788009018598348800,1788009018606681600,0.47416309012875535,8.33272933959961,3.9510726928710938,1427.6320709769125,549.9959920197339,1,647.71557010535,584.2755198493065,1
678,678,22.6,22.667484045028687,22.667484045028687,1788009018266971,1788009018635732224,406568,406569,1788009018631681024,1788009018640014848,0.4861107137748534,8.333921432495117,4.05120849609375,1430.5700210850594,551.5862596346807,1,645.9644005221717,586.0752403624066,1
679,679,22.633333333333333,22.700920820236206,22.700920820236206,1788009018300408,1788009018669170432,406572,406573,1788009018665014272,1788009018673347328,0.4987554004177277,8.332967758178711,4.1561126708984375,1432.6047919172174,553.7780156216057,1,644.1321883647722,587.9618346663581,1
680,680,22.666666666666668,22.734349966049194,22.734349966049194,1788009018333837,1788009018702600448,406576,406577,1788009018698346496,1788009018706679296,0.5105007153075822,8.33272933959961,4.078865051269531,1434.552090732585,555.6558033857838,1,643.2174741597723,590.0597995277686,1
681,681,22.7,22.76777982711792,22.76777982711792,1788009018367267,1788009018736031488,406580,406581,1788009018731678976,1788009018740012544,0.5222864335984436,8.333683013916016,3.9811134338378906,1435.6464250273766,557.8525855811978,1,642.7938990121033,591.6805997768072,1
682,682,22.733333333333334,22.801218032836914,22.801218032836914,1788009018400705,1788009018769470464,406584,406585,1788009018765012224,1788009018773345024,0.5350214592274678,8.33272933959961,3.874540328979492,1436.6747113697384,559.6695190623,1,642.1118991189986,593.4299758096187,1
683,683,22.766666666666666,22.834645986557007,22.834645986557007,1788009018434133,1788009018802899200,406588,406589,1788009018798344704,1788009018806677248,0.5465808297567954,8.33272933959961,3.778219223022461,1438.285359327161,561.0380762644961,1,641.1661095243965,595.1449781901515,1
684,684,22.8,22.868074893951416,22.868074893951416,1788009018467562,1788009018836328704,406592,406593,1788009018831676672,1788009018840010752,0.5582034043770562,8.333921432495117,3.6818981170654297,1439.9742795549164,562.8918777807719,1,640.7829296326013,596.0217855632899,1
685,685,22.833333333333332,22.90150499343872,22.90150499343872,1788009018500992,1788009018869760000,406596,406597,1788009018865009152,1788009018873341952,0.5701410546193242,8.332967758178711,3.582000732421875,1442.8289794254765,566.217618407992,1,639.8486606499439,596.7346446567865,1
686,686,22.866666666666667,22.93494200706482,22.93494200706482,1788009018534429,1788009018903198208,406600,406601,1788009018898341376,1788009018906675456,0.5827778572450293,8.333921432495117,3.4770965576171875,1445.780725823745,570.3233649112536,1,638.8179397011195,597.7412105940155,1
687,687,22.9,22.96837282180786,22.96837282180786,1788009018567860,1788009018936630528,406604,406605,1788009018931674624,1788009018940007424,0.5947353361945636,8.33272933959961,3.3769607543945312,1449.5335843168211,575.8965574758681,1,638.5952450961593,598.9578458282729,1
688,688,22.933333333333334,23.001802921295166,23.001802921295166,1788009018601290,1788009018970061824,406608,406609,1788009018965007104,1788009018973339904,0.6066094420600858,8.33272933959961,3.278017044067383,1454.1523083511222,582.0567722122021,1,638.920842894451,600.3733343674662,1
689,689,22.966666666666665,23.035231828689575,23.035231828689575,1788009018634719,1788009019003491584,406612,406613,1788009018998339072,1788009019006673152,0.6182520383350022,8.333921432495117,3.18145751953125,1457.7358877142274,588.2806305705899,1,639.3129080164149,603.1147588013198,1
690,690,23.0,23.06866192817688,23.06866192817688,1788009018668149,1788009019036922880,406616,406617,1788009019031672576,1788009019040005376,0.6300821149609453,8.332967758178711,3.0825138092041016,1460.6515365024889,592.8320447339095,1,639.8908896548828,606.7229117388204,1
691,691,23.033333333333335,23.102092027664185,23.102092027664185,1788009018701579,1788009019070354176,406620,406621,1788009019065004800,1788009019073337856,0.6419558810906698,8.332967758178711,2.983570098876953,1462.7277430922763,595.3125031451157,1,639.7932549205294,610.1315064641916,1
692,692,23.066666666666666,23.135527849197388,23.135527849197388,1788009018735015,1788009019103791360,406624,406625,1788009019098337280,1788009019106671104,0.6544414246888857,8.333921432495117,2.8798580169677734,1463.0877677718438,595.7418790715242,1,640.5144286593122,611.4575692483864,1
693,693,23.1,23.168956995010376,23.168956995010376,1788009018768444,1788009019137221632,406628,406629,1788009019131670528,1788009019140003328,0.6661802575107296,8.33272933959961,2.7816295623779297,1462.8691376452437,595.3019076455317,1,642.4198768969485,611.2418530921823,1
694,694,23.133333333333333,23.2023868560791,23.2023868560791,1788009018801874,1788009019170652672,406632,406633,1788009019165002752,1788009019173335552,0.6780257510729614,8.33272933959961,2.682924270629883,1462.5978622823766,594.7804760897586,1,643.5570634316475,609.9074152265896,1
695,695,23.166666666666668,23.23581600189209,23.23581600189209,1788009018835303,1788009019204082688,406636,406637,1788009019198335232,1788009019206668800,0.6896778623333524,8.333683013916016,2.5861263275146484,1462.6195498177344,594.3359585449854,1,644.0698045012753,608.9221083582255,1
696,696,23.2,23.269246816635132,23.269246816635132,1788009018868734,1788009019237514752,406640,406641,1788009019231668480,1788009019240001280,0.7016022889842632,8.33272933959961,2.4864673614501953,1463.0161541835103,593.7582586667887,1,644.0615774475157,608.4745809921095,1
697,697,23.233333333333334,23.30268383026123,23.30268383026123,1788009018902171,1788009019270954240,406644,406645,1788009019265000704,1788009019273334528,0.7143756258046059,8.333921432495117,2.38037109375,1463.687288145325,593.150837650227,1,643.7857018888058,608.1042628818782,1
698,698,23.266666666666666,23.336113929748535,23.336113929748535,1788009018935601,1788009019304385024,406648,406649,1788009019298333952,1788009019306666752,0.7261594804154388,8.332967758178711,2.2819042205810547,1465.0025279615343,592.5559156942654,1,643.6710345847209,607.7993385931616,1
699,699,23.3,23.369542837142944,23.369542837142944,1788009018969030,1788009019337814528,406652,406653,1788009019331666176,1788009019339998976,0.7378540772532188,8.33272933959961,2.1843910217285156,1465.1171366950953,592.1921594745764,1,643.4457413558637,607.368593623115,1
700,700,23.333333333333332,23.402966022491455,23.402966022491455,1788009019002453,1788009019371238400,406656,406657,1788009019364998656,1788009019373332224,0.7487555072380844,8.333683013916016,2.093791961669922,1465.140975028603,591.6487216310359,1,643.4653666165202,606.7872837588128,1
701,701,23.366666666666667,23.436393976211548,23.436393976211548,1788009019035881,1788009019404667648,406660,406661,1788009019398331904,1788009019406664704,0.760343347639485,8.33272933959961,1.9969940185546875,1465.3005438062755,590.9086824435292,1,643.5207878551263,606.0668335809182,1
702,702,23.4,23.469830989837646,23.469830989837646,1788009019069318,1788009019438105856,406664,406665,1788009019431664128,1788009019439996928,0.7730472103004292,8.33272933959961,1.8911361694335938,1464.905826109294,590.4122547316884,1,643.6427579056813,605.510536949234,1
703,703,23.433333333333334,23.503259897232056,23.503259897232056,1788009019102747,1788009019471535616,406668,406669,1788009019464996352,1788009019473330176,0.7846659991417537,8.333921432495117,1.794576644897461,1464.7016336959948,589.9761410072291,1,643.5896978206581,604.864563940761,1
704,704,23.466666666666665,23.53668999671936,23.53668999671936,1788009019136177,1788009019504966912,406672,406673,1788009019498329600,1788009019506662656,0.7965151211696375,8.332967758178711,1.6956329345703125,1464.2784908576837,590.6545928204283,1,644.0942433908153,603.5093736351165,1
705,705,23.5,23.570122003555298,23.570122003555298,1788009019169609,1788009019538400000,406676,406677,1788009019531662080,1788009019539994880,0.8085891676919116,8.332967758178711,1.5950202941894531,1463.8606946674602,591.4531401346322,1,645.3942242737312,600.9501722543314,1
706,706,23.533333333333335,23.6035578250885,23.6035578250885,1788009019203045,1788009019571836928,406680,406681,1788009019564994304,1788009019573328384,0.8210556429695323,8.333921432495117,1.4913082122802734,1463.9315452307217,591.996005235309,1,647.0050663275615,597.8449985701153,1
707,707,23.566666666666666,23.63698697090149,23.63698697090149,1788009019236474,1788009019605267200,406684,406685,1788009019598327552,1788009019606660352,0.8328183118741058,8.33272933959961,1.3930797576904297,1463.1688489886392,591.4254054778148,1,649.0946660380531,593.6591687801808,1
708,708,23.6,23.670416831970215,23.670416831970215,1788009019269904,1788009019638698496,406688,406689,1788009019631660032,1788009019639992832,0.844692417739628,8.33272933959961,1.2941360473632812,1460.1120535470623,588.7323606016721,1,654.3907652408396,588.337208101726,1
709,709,23.633333333333333,23.703845024108887,23.703845024108887,1788009019303332,1788009019672127744,406692,406693,1788009019664993280,1788009019673326080,0.8561945636623748,8.33272933959961,1.1982917785644531,1450.5989774200996,585.4535352180769,1,660.5249889041529,584.1135555333422,1
710,710,23.666666666666668,23.7372829914093,23.7372829914093,1788009019336770,1788009019705566976,406696,406697,1788009019698325504,1788009019706658304,0.8690166232725817,8.332967758178711,1.0914802551269531,1442.615638699295,581.6388315003059,1,664.8850092019823,581.2394800701658,1
711,711,23.7,23.770714044570923,23.770714044570923,1788009019370201,1788009019738999040,406700,406701,1788009019731657728,1788009019739991552,0.8809040194535832,8.333921432495117,0.9925365447998047,1435.6609346581918,577.3013140335424,1,670.0929686302154,579.4687521929873,1
712,712,23.733333333333334,23.80414390563965,23.80414390563965,1788009019403631,1788009019772429824,406704,406705,1788009019764990976,1788009019773324032,0.8927069325627307,8.332967758178711,0.8940696716308594,1427.3351693623636,574.1828660503236,1,671.9807734826502,578.1940115495024,1
713,713,23.766666666666666,23.83757185935974,23.83757185935974,1788009019437059,1788009019805859072,406708,406709,1788009019798323456,1788009019806656000,0.9043490701001431,8.33272933959961,0.7970333099365234,1420.0428216174278,571.6656709457618,1,675.3588789562726,577.0171291034875,1
714,714,23.8,23.871002912521362,23.871002912521362,1788009019470490,1788009019839291392,406712,406713,1788009019831655680,1788009019839989504,0.9162327630600218,8.333683013916016,0.698089599609375,1412.7340462678162,569.9552491214866,1,676.5558655461244,575.3147318609571,1
715,715,23.833333333333332,23.90443992614746,23.90443992614746,1788009019503927,1788009019872729600,406716,406717,1788009019864988160,1788009019873320704,0.9290414878397711,8.33272933959961,0.591278076171875,1404.926205329461,569.0342701944251,1,679.2661188708182,573.8338850796482,1
716,716,23.866666666666667,23.937867879867554,23.937867879867554,1788009019537355,1788009019906158336,406720,406721,1788009019898320128,1788009019906654208,0.9405235302531827,8.333921432495117,0.49567222595214844,1395.6172206708952,568.4780728898097,1,682.3847934669818,571.9658078163149,1
717,717,23.9,23.971297025680542,23.971297025680542,1788009019570784,1788009019939588864,406724,406725,1788009019931653376,1788009019939986432,0.9522760436039026,8.332967758178711,0.39768218994140625,1388.518076791519,566.8603466336139,1,685.2221080084175,569.7889798020315,1
718,718,23.933333333333334,24.004734992980957,24.004734992980957,1788009019604222,1788009019973027840,406728,406729,1788009019964985856,1788009019973318656,0.9651216022889842,8.33272933959961,0.2906322479248047,1382.8958865439674,561.3531844152352,1,687.2622997903264,568.2261160945463,1
719,719,23.966666666666665,24.038164854049683,24.038164854049683,1788009019637652,1788009020006458880,406732,406733,1788009019998318080,1788009020006651904,0.9768552955312697,8.333683013916016,0.19288063049316406,1377.4526212583335,563.3971236143326,1,689.5898984195095,566.8992255137542,1
720,720,24.0,24.071594953536987,24.071594953536987,1788009019671082,1788009020039890176,406736,406737,1788009020031651584,1788009020039984128,0.9887267525035766,8.33272933959961,0.09393692016601562,1371.7428058460193,563.1111561628595,1,693.1727346675308,565.8113009483176,1
721,721,24.033333333333335,24.105023860931396,24.105023860931396,1788009019704511,1788009020073320192,406741,406742,1788009020073316608,1788009020081650432,0.00042912315834644544,8.333921432495117,0.0035762786865234375,1366.3240635508826,564.0079092720262,1,697.496885492252,564.5718409793109,1
722,722,24.066666666666666,24.138453006744385,24.138453006744385,1788009019737940,1788009020106750464,406745,406746,1788009020106649856,1788009020114982656,0.012074391988555078,8.33272933959961,0.10061264038085938,1362.0996132631167,562.3711084248115,1,702.0162082752515,564.323854799795,1
723,723,24.1,24.171883821487427,24.171883821487427,1788009019771371,1788009020140182016,406749,406750,1788009020139982336,1788009020148314880,0.023977110157367667,8.33272933959961,0.19979476928710938,1357.7653883406424,559.5759329824614,1,705.6364420982177,564.2294126165255,1
724,724,24.133333333333333,24.205312967300415,24.205312967300415,1788009019804800,1788009020173612032,406753,406754,1788009020173314560,1788009020181648128,0.03570406820392516,8.333683013916016,0.29754638671875,1353.8623683682151,558.8997854330122,1,708.8968641631916,564.7500951749142,1
725,725,24.166666666666668,24.238740921020508,24.238740921020508,1788009019838228,1788009020207040768,406757,406758,1788009020206647808,1788009020214980608,0.04715307582260372,8.33272933959961,0.392913818359375,1350.3212443298407,559.5701895029581,1,712.5962091699355,566.5765677986967,1
726,726,24.2,24.272178888320923,24.272178888320923,1788009019871666,1788009020240480000,406761,406762,1788009020239980032,1788009020248312832,0.059998283310921004,8.332967758178711,0.49996376037597656,1347.3039336947597,560.2433774266823,1,716.4150392495917,570.1199131532148,1
727,727,24.233333333333334,24.305608987808228,24.305608987808228,1788009019905096,1788009020273911296,406765,406766,1788009020273312256,1788009020281646336,0.0718638249177514,8.333921432495117,0.598907470703125,1345.7556241036862,561.8495452232255,1,719.6914678504685,573.8849291451317,1
728,728,24.266666666666666,24.339038848876953,24.339038848876953,1788009019938526,1788009020307342080,406769,406770,1788009020306645504,1788009020314978304,0.08357653791130186,8.33272933959961,0.6964206695556641,1345.2909298813859,564.4678069143004,1,721.5914587545759,576.7089885471374,1
729,729,24.3,24.372476816177368,24.372476816177368,1788009019971964,1788009020340781312,406773,406774,1788009020339977984,1788009020348311552,0.0963838187331922,8.333683013916016,0.8032321929931641,1345.341511451087,569.0763844386317,1,723.2827678153451,580.6198179318442,1
730,730,24.333333333333332,24.40590500831604,24.40590500831604,1788009020005392,1788009020374210560,406777,406778,1788009020373311232,1788009020381644032,0.10792560801144492,8.33272933959961,0.8993148803710938,1346.2181092248711,571.9488054059506,1,724.1803756989226,584.0146077939661,1
731,731,24.366666666666667,24.439342975616455,24.439342975616455,1788009020038830,1788009020407649792,406781,406782,1788009020406643712,1788009020414976256,0.12074391988555079,8.33272933959961,1.0061264038085938,1347.3700135956083,574.5402030686644,1,724.8980541603439,587.3258600168606,1
732,732,24.4,24.47277283668518,24.47277283668518,1788009020072260,1788009020441080576,406785,406786,1788009020439975680,1788009020448309760,0.13257044771849522,8.333921432495117,1.1048316955566406,1347.9263972975812,576.6776483803117,1,725.5220671999757,590.1469893742992,1
733,733,24.433333333333334,24.506208896636963,24.506208896636963,1788009020105696,1788009020474517760,406789,406790,1788009020473308928,1788009020481641984,0.14506022717518813,8.332967758178711,1.2087821960449219,1348.894226981904,577.6219098858226,1,725.3741592029347,591.7745277638825,1
734,734,24.466666666666665,24.53963804244995,24.53963804244995,1788009020139125,1788009020507948288,406793,406794,1788009020506641408,1788009020514974464,0.15681954736631284,8.332967758178711,1.306772232055664,1349.4996289509625,578.2070637177628,1,724.8521551037736,592.0970966244955,1
735,735,24.5,24.57307481765747,24.57307481765747,1788009020172562,1788009020541386240,406797,406798,1788009020539973632,1788009020548307712,0.16947503933628952,8.333921432495117,1.4123916625976562,1350.33317821859,578.8539830082275,1,723.7448121488806,591.4439447308157,1
736,736,24.533333333333335,24.60650396347046,24.60650396347046,1788009020205991,1788009020574816512,406801,406802,1788009020573307136,1788009020581639680,0.1811444921316166,8.33272933959961,1.5094280242919922,1351.1860771858985,579.2114439074115,1,722.9922631786882,590.8226297302225,1
737,737,24.566666666666666,24.639941930770874,24.639941930770874,1788009020239429,1788009020608255744,406805,406806,1788009020606639360,1788009020614972160,0.19396280400572247,8.33272933959961,1.6162395477294922,1351.8169240663271,578.9659935425019,1,722.3707721434971,590.6582746941054,1
738,738,24.6,24.67337203025818,24.67337203025818,1788009020272859,1788009020641686784,406809,406810,1788009020639971584,1788009020648305408,0.20580746674295522,8.333921432495117,1.7151832580566406,1352.0780384259951,578.0080228205011,1,721.5917307913152,589.6669062119669,1
739,739,24.633333333333333,24.70680284500122,24.70680284500122,1788009020306290,1788009020675118592,406813,406814,1788009020673304832,1788009020681637888,0.217676175216732,8.332967758178711,1.8138885498046875,1352.3020238770737,577.1436617852722,1,721.3080778083838,588.5000961422443,1
740,740,24.666666666666668,24.740238904953003,24.740238904953003,1788009020339726,1788009020708556032,406817,406818,1788009020706637056,1788009020714971136,0.23023887855814618,8.333921432495117,1.918792724609375,1352.1964902396535,575.8938275062025,1,721.1706086436619,587.8475626704357,1
741,741,24.7,24.773676872253418,24.773676872253418,1788009020373164,1788009020741995008,406821,406822,1788009020739970560,1788009020748303360,0.24296872764727762,8.332967758178711,2.0246505737304688,1352.333137509785,575.0409953289849,1,721.4061227759199,586.8689245489192,1
742,742,24.733333333333334,24.807103872299194,24.807103872299194,1788009020406591,1788009020775423232,406825,406826,1788009020773302784,1788009020781635584,0.2544778254649499,8.33272933959961,2.120494842529297,1352.2492476031755,574.9610206442321,1,722.1304808027943,586.2528216630283,1
743,743,24.766666666666666,24.84054183959961,24.84054183959961,1788009020440029,1788009020808862464,406829,406830,1788009020806635264,1788009020814968832,0.2672655490072667,8.333683013916016,2.227306365966797,1352.1349244381286,575.7711881957846,1,722.6557689841927,585.6726389590447,1
744,744,24.8,24.873971939086914,24.873971939086914,1788009020473459,1788009020842293504,406833,406834,1788009020839968512,1788009020848301056,0.2790271816881259,8.33272933959961,2.3250579833984375,1350.9770448474187,576.5907076195163,1,722.9476316636792,585.1195774524631,1
745,745,24.833333333333332,24.907408952713013,24.907408952713013,1788009020506896,1788009020875731712,406837,406838,1788009020873299712,1788009020881632512,0.2918657549140225,8.332967758178711,2.432107925415039,1350.4246805315183,577.2133929769162,1,723.0792752829013,584.7826840093959,1
746,746,24.866666666666667,24.940839052200317,24.940839052200317,1788009020540326,1788009020909162752,406841,406842,1788009020906631936,1788009020914965760,0.3036761550565012,8.333921432495117,2.530813217163086,1349.9986670843946,577.1679234459256,1,723.1233532106888,584.417579370961,1
747,747,24.9,24.974277019500732,24.974277019500732,1788009020573764,1788009020942601984,406845,406846,1788009020939965184,1788009020948298240,0.3164144087436697,8.332967758178711,2.6366710662841797,1349.8114223415841,576.9525984812389,1,722.9794860004563,583.7432956101597,1
748,748,24.933333333333334,25.00770592689514,25.00770592689514,1788009020607193,1788009020976031744,406849,406850,1788009020973297664,1788009020981631232,0.3280883446815815,8.333683013916016,2.7341842651367188,1349.6570847030443,576.8665914615899,1,723.0434695793334,583.7943988475606,1
749,749,24.966666666666665,25.041136026382446,25.041136026382446,1788009020640623,1788009021009463040,406853,406854,1788009021006630912,1788009021014963712,0.33988555078683835,8.33272933959961,2.832174301147461,1349.5448352245307,576.9658180188131,1,723.03341659093,583.8198014079321,1
750,750,25.0,25.074573040008545,25.074573040008545,1788009020674060,1788009021042901504,406857,406858,1788009021039963136,1788009021048295936,0.352618025751073,8.33272933959961,2.9382705688476562,1348.957553610926,576.6669343709009,1,723.1371065006953,583.7818784747644,1
751,751,25.033333333333335,25.108001947402954,25.108001947402954,1788009020707489,1788009021076331520,406861,406862,1788009021073295360,1788009021081629184,0.36432556143613215,8.333921432495117,3.0362606048583984,1348.3525934193913,578.8908169307362,1,723.8865178355654,583.932527012833,1
752,752,25.066666666666666,25.141429901123047,25.141429901123047,1788009020740917,1788009021109760768,406865,406866,1788009021106628608,1788009021114961664,0.3758690738462419,8.332967758178711,3.1321048736572266,1347.5918252197484,582.0061864763948,1,724.8361186514937,585.582946722473,1
753,753,25.1,25.174860954284668,25.174860954284668,1788009020774348,1788009021143193088,406869,406870,1788009021139961088,1788009021148293888,0.3878572859145661,8.332967758178711,3.2320022583007812,1347.3380266776828,585.2775814457301,1,726.0000400803444,587.5468157664887,1
754,754,25.133333333333333,25.2082839012146,25.2082839012146,1788009020807771,1788009021176616960,406873,406874,1788009021173293312,1788009021181627392,0.3987984551566299,8.333921432495117,3.3235549926757812,1347.1014549224824,586.9413189942502,1,727.2178446228344,590.261828328403,1
755,755,25.166666666666668,25.241719961166382,25.241719961166382,1788009020841207,1788009021210054144,406877,406878,1788009021206626560,1788009021214959360,0.4113304721030043,8.33272933959961,3.4275054931640625,1346.989018786646,588.1072569457301,1,727.4882909451694,592.2642986114072,1
756,756,25.2,25.275149822235107,25.275149822235107,1788009020874637,1788009021243485184,406881,406882,1788009021239959040,1788009021248291840,0.4231759656652361,8.33272933959961,3.5262107849121094,1347.8762781171015,588.2394516678378,1,727.0198085234696,592.7435517913882,1
757,757,25.233333333333334,25.308586835861206,25.308586835861206,1788009020908074,1788009021276923392,406885,406886,1788009021273291264,1788009021281625088,0.4358299479315672,8.333683013916016,3.632068634033203,1349.2301037170982,586.6818956269334,1,726.5959415956942,593.6011342746029,1
758,758,25.266666666666666,25.34201693534851,25.34201693534851,1788009020941504,1788009021310354688,406889,406890,1788009021306624512,1788009021314957312,0.44765528883293754,8.332967758178711,3.730297088623047,1351.3356586228301,582.8915848486243,1,725.6716777830692,593.363719987733,1
759,759,25.3,25.375447034835815,25.375447034835815,1788009020974934,1788009021343785984,406893,406894,1788009021339956736,1788009021348290560,0.45947646974681733,8.333921432495117,3.8292407989501953,1353.1023941012197,579.8141561756526,1,723.8449942859522,591.7708217316433,1
760,760,25.333333333333332,25.408881902694702,25.408881902694702,1788009021008369,1788009021377222144,406897,406898,1788009021373289984,1788009021381623040,0.4718606048467855,8.332967758178711,3.9319992065429688,1355.0683101629245,576.0993086404385,1,722.4968695279555,590.7548753267847,1
761,761,25.366666666666667,25.44231390953064,25.44231390953064,1788009021041801,1788009021410655232,406901,406902,1788009021406622464,1788009021414955264,0.48397711015736766,8.33272933959961,4.03285026550293,1356.4783761988579,572.6067317151352,1,721.4054668930949,589.0557700101648,1
762,762,25.4,25.475749969482422,25.475749969482422,1788009021075237,1788009021444092160,406905,406906,1788009021439954688,1788009021448288512,0.4964810894318247,8.333683013916016,4.137516021728516,1357.6238904274874,569.3835338019817,1,720.5575556172839,588.0532249660649,1
763,763,25.433333333333334,25.509177923202515,25.509177923202515,1788009021108665,1788009021477521152,406909,406910,1788009021473287936,1788009021481620736,0.5080114449213161,8.33272933959961,4.099607467651367,1357.9766471874225,566.0525308634105,1,720.2810647024552,587.0745563866226,1
764,764,25.466666666666665,25.542614936828613,25.542614936828613,1788009021142102,1788009021510959104,406913,406914,1788009021506620416,1788009021514953216,0.5206866952789699,8.33272933959961,3.993988037109375,1358.0025013917207,563.2083981871584,1,720.1428050454962,584.5795706247227,1
765,765,25.5,25.576045989990234,25.576045989990234,1788009021175533,1788009021544391168,406917,406918,1788009021539952640,1788009021548286464,0.5325990559290517,8.333921432495117,3.895282745361328,1357.9784416642722,561.6554669921971,1,720.0696780828368,583.7065842315602,1
766,766,25.533333333333335,25.60948395729065,25.60948395729065,1788009021208971,1788009021577830144,406921,406922,1788009021573285888,1788009021581618688,0.5453348974278275,8.332967758178711,3.7887096405029297,1358.3622506376603,560.3974687318284,1,720.4194988539958,584.2665035552366,1
767,767,25.566666666666666,25.642920970916748,25.642920970916748,1788009021242408,1788009021611268352,406925,406926,1788009021606618112,1788009021614950912,0.5580543633762518,8.33272933959961,3.6826133728027344,1358.2739184365207,559.1949135303586,1,720.7146999292304,583.8250948032135,1
768,768,25.6,25.676349878311157,25.676349878311157,1788009021275837,1788009021644698112,406929,406930,1788009021639950592,1788009021648284160,0.569691594667277,8.333683013916016,3.5860538482666016,1357.8163832810474,559.0175799381144,1,721.0669925570829,582.999682541033,1
769,769,25.633333333333333,25.709787845611572,25.709787845611572,1788009021309275,1788009021678137344,406933,406934,1788009021673283840,1788009021681616640,0.5824606580829756,8.33272933959961,3.4792423248291016,1357.4904921018724,558.4805863040226,1,721.3405141664643,582.5204381073063,1
770,770,25.666666666666668,25.74322485923767,25.74322485923767,1788009021342712,1788009021711575296,406937,406938,1788009021706616064,1788009021714948864,0.5951359084406295,8.33272933959961,3.3736228942871094,1358.5422896229043,557.9372819217807,1,722.8461065713099,583.7856964419103,1
771,771,25.7,25.776655912399292,25.776655912399292,1788009021376143,1788009021745007616,406941,406942,1788009021739948288,1788009021748282112,0.6070662280074381,8.333921432495117,3.274679183959961,1359.7229346496053,557.0022505537089,1,722.6041724204612,584.3283187617881,1
772,772,25.733333333333334,25.810089826583862,25.810089826583862,1788009021409577,1788009021778442496,406945,406946,1788009021773281536,1788009021781614592,0.6193528082172184,8.332967758178711,3.1719207763671875,1360.7176541842532,559.4290424267001,1,721.543692015867,584.9089360865487,1
773,773,25.766666666666666,25.843519926071167,25.843519926071167,1788009021443007,1788009021811873792,406949,406950,1788009021806614016,1788009021814947840,0.6311257330853955,8.333921432495117,3.074169158935547,1361.5392469376543,560.2609456284513,1,720.9689518999397,585.0651350216776,1
774,774,25.8,25.876950979232788,25.876950979232788,1788009021476438,1788009021845305856,406953,406954,1788009021839947264,1788009021848280064,0.6430717289920174,8.332967758178711,2.974271774291992,1360.7110401075686,563.5253321386577,1,720.1328840528518,585.7502030750968,1
775,775,25.833333333333332,25.910377979278564,25.910377979278564,1788009021509865,1788009021878734080,406957,406958,1788009021873278720,1788009021881611264,0.6547067238912733,8.33272933959961,2.8772354125976562,1358.842736727663,565.874960753217,1,719.570226405994,587.475448108707,1
776,776,25.866666666666667,25.943816900253296,25.943816900253296,1788009021543304,1788009021912174336,406961,406962,1788009021906610944,1788009021914944768,0.6675916919379756,8.333683013916016,2.7701854705810547,1357.3176175443195,567.7781731468477,1,718.4613500572542,589.0375187220493,1
777,777,25.9,25.9772469997406,25.9772469997406,1788009021576734,1788009021945605632,406965,406966,1788009021939943936,1788009021948276992,0.6794369259820892,8.332967758178711,2.6712417602539062,1355.7164123999949,568.3144292235669,1,717.2534242070672,590.5752784680935,1
778,778,25.933333333333334,26.01067590713501,26.01067590713501,1788009021610163,1788009021979035904,406969,406970,1788009021973276416,1788009021981610240,0.6910885424116722,8.333921432495117,2.574443817138672,1355.0723793511838,569.6533050453342,1,716.2640479914547,591.1839830083298,1
779,779,25.966666666666665,26.04411292076111,26.04411292076111,1788009021643600,1788009022012473856,406973,406974,1788009022006609664,1788009022014942720,0.703728076449887,8.332967758178711,2.4688243865966797,1354.448333405714,570.1352548159075,1,716.2859778910954,591.3799393245449,1
780,780,26.0,26.077541828155518,26.077541828155518,1788009021677029,1788009022045903616,406977,406978,1788009022039942144,1788009022048274688,0.715450643776824,8.33272933959961,2.371072769165039,1354.6112906413377,570.9267159584965,1,716.3868767849332,592.0162023298278,1
781,781,26.033333333333335,26.110970973968506,26.110970973968506,1788009021710458,1788009022079334144,406981,406982,1788009022073274368,1788009022081607936,0.7271270813068604,8.333683013916016,2.274036407470703,1354.821366461426,570.5507842168898,1,717.9785940691319,592.7759118349381,1
782,782,26.066666666666666,26.14440083503723,26.14440083503723,1788009021743888,1788009022112765440,406985,406986,1788009022106607616,1788009022114940416,0.7389699570815451,8.33272933959961,2.1750926971435547,1355.0312930699001,568.9397973838231,1,718.3852690209009,593.0327852908631,1
783,783,26.1,26.177830934524536,26.177830934524536,1788009021777318,1788009022146196480,406989,406990,1788009022139940096,1788009022148272640,0.7508154506437769,8.33272933959961,2.076387405395508,1355.2311652233302,568.1843473936825,1,718.9080814139583,592.8843881410163,1
784,784,26.133333333333333,26.21126890182495,26.21126890182495,1788009021810756,1788009022179635200,406993,406994,1788009022173272064,1788009022181606144,0.7635245315405521,8.333921432495117,1.9707679748535156,1355.4889815532188,568.8025572933493,1,719.2115797602962,592.7810407689423,1
785,785,26.166666666666668,26.24469804763794,26.24469804763794,1788009021844185,1788009022213065728,406997,406998,1788009022206605312,1788009022214938368,0.7752567880747332,8.332967758178711,1.8727779388427734,1356.1931298258096,568.9009870178955,1,718.8559264854218,591.8697483101317,1
786,786,26.2,26.27812886238098,26.27812886238098,1788009021877616,1788009022246497536,407001,407002,1788009022239937792,1788009022248270848,0.7872163886584075,8.332967758178711,1.7731189727783203,1356.5969062260372,569.1750746669153,1,718.4928501664515,591.4311326699594,1
787,787,26.233333333333334,26.31155800819397,26.31155800819397,1788009021911045,1788009022279928064,407005,407006,1788009022273270016,1788009022281603840,0.798907135091835,8.333683013916016,1.6758441925048828,1356.6695077496915,568.8211490704925,1,718.1610749909686,591.4757471132933,1
788,788,26.266666666666666,26.34498691558838,26.34498691558838,1788009021944474,1788009022313358080,407009,407010,1788009022306603520,1788009022314936064,0.8106151645207439,8.33272933959961,1.5780925750732422,1357.6981574009387,568.935277762674,1,717.9170798162081,591.9151767642918,1
789,789,26.3,26.378415822982788,26.378415822982788,1788009021977903,1788009022346787840,407013,407014,1788009022339935744,1788009022348268544,0.8223175965665236,8.33272933959961,1.4805793762207031,1358.3059324235426,568.4743651857675,1,717.5388428756723,591.7155842195777,1
790,790,26.333333333333332,26.411845922470093,26.411845922470093,1788009022011333,1788009022380219136,407017,407018,1788009022373267968,1788009022381601792,0.8341009869832642,8.333921432495117,1.382589340209961,1358.8209594696086,568.3848481655377,1,717.3174577809963,591.63740461647,1
791,791,26.366666666666667,26.445274829864502,26.445274829864502,1788009022044762,1788009022413649408,407021,407022,1788009022406601216,1788009022414934272,0.8458127092214816,8.332967758178711,1.2848377227783203,1359.713610651766,567.5297797093442,1,717.0396185233178,591.1992584194028,1
792,792,26.4,26.478705883026123,26.478705883026123,1788009022078193,1788009022447081728,407025,407026,1788009022439933440,1788009022448267520,0.8577313689028752,8.333921432495117,1.1856555938720703,1361.072680841178,566.0277784922267,1,716.3929372040892,590.4449553735113,1
793,793,26.433333333333334,26.51213502883911,26.51213502883911,1788009022111622,1788009022480512000,407029,407030,1788009022473266944,1788009022481599744,0.8694457955423307,8.332967758178711,1.0879039764404297,1362.0582491901323,567.6348762392716,1,716.6461246709489,591.6038281777923,1
794,794,26.466666666666665,26.545565843582153,26.545565843582153,1788009022145053,1788009022513943808,407033,407034,1788009022506599168,1788009022514931968,0.8814306151645207,8.33272933959961,0.988006591796875,1362.6765652291654,568.2316783846877,1,716.5535836124955,591.3389509286735,1
795,795,26.5,26.578994035720825,26.578994035720825,1788009022178481,1788009022547373312,407037,407038,1788009022539931648,1788009022548265216,0.8929736224752531,8.333683013916016,0.8919239044189453,1363.3023489751447,567.6594323899636,1,716.826493673107,591.0581019548752,1
796,796,26.533333333333335,26.612416982650757,26.612416982650757,1788009022211904,1788009022580797184,407041,407042,1788009022573264896,1788009022581597440,0.9039484978540773,8.33272933959961,0.8003711700439453,1363.9222515018491,567.3000776643222,1,717.3762001254122,590.9653666575268,1
797,797,26.566666666666666,26.645845890045166,26.645845890045166,1788009022245333,1788009022614227200,407045,407046,1788009022606596864,1788009022614929920,0.9156819547366313,8.332967758178711,0.7026195526123047,1363.9532357882717,567.207086510409,1,718.3525900456668,591.7142869435527,1
798,798,26.6,26.67927384376526,26.67927384376526,1788009022278761,1788009022647656192,407049,407050,1788009022639929344,1788009022648263168,0.92716349592333,8.333921432495117,0.6070137023925781,1363.9516056147577,567.1102365998164,1,718.9135108666396,591.4823715692564,1
799,799,26.633333333333333,26.71270489692688,26.71270489692688,1788009022312192,1788009022681088768,407053,407054,1788009022673262592,1788009022681595648,0.9391719836342308,8.332967758178711,0.5068778991699219,1364.3485769466038,566.7348695394479,1,719.2512644955325,590.8307582440175,1
800,800,26.666666666666668,26.746134996414185,26.746134996414185,1788009022345622,1788009022714520064,407057,407058,1788009022706595072,1788009022714927616,0.9510729613733906,8.33272933959961,0.4076957702636719,1364.7592654625867,566.3490378478577,1,719.3689784266611,590.6482410580837,1
801,801,26.7,26.779557943344116,26.779557943344116,1788009022379045,1788009022747943936,407061,407062,1788009022739927296,1788009022748260864,0.9619499914172913,8.333683013916016,0.3170967102050781,1364.7759186399137,565.5545409805502,1,719.6106455729645,590.7578508788117,1
802,802,26.733333333333334,26.812986850738525,26.812986850738525,1788009022412474,1788009022781373952,407065,407066,1788009022773260544,1788009022781593344,0.9736766809728183,8.33272933959961,0.2193450927734375,1365.9881480731785,564.0034881074282,1,720.0005287304712,590.7466869181363,1
803,803,26.766666666666666,26.84641695022583,26.84641695022583,1788009022445904,1788009022814805248,407069,407070,1788009022806593024,1788009022814926592,0.9854380042341363,8.333683013916016,0.12135505676269531,1366.8327154259377,562.7440701903615,1,721.1835134301075,590.6229297995585,1
804,804,26.8,26.879838943481445,26.879838943481445,1788009022479326,1788009022848228352,407073,407074,1788009022839926272,1788009022848259072,0.9963376251788268,8.33272933959961,0.030517578125,1367.9728046189766,562.7109364286197,1,722.8206206771165,591.232993819633,1
805,805,26.833333333333332,26.91326904296875,26.91326904296875,1788009022512756,1788009022881659392,407078,407079,1788009022881590272,1788009022889924096,0.008268009383761515,8.333683013916016,0.06890296936035156,1369.2541307289077,562.4300797707091,1,724.1710047998416,591.5408355337295,1
806,806,26.866666666666667,26.94669795036316,26.94669795036316,1788009022546185,1788009022915088896,407082,407083,1788009022914923776,1788009022923256320,0.01982832618025751,8.33272933959961,0.1652240753173828,1370.0636988218878,563.4077241524263,1,725.8949458338732,591.9078657208231,1
807,807,26.9,26.98012685775757,26.98012685775757,1788009022579614,1788009022948518400,407086,407087,1788009022948255744,1788009022956588800,0.03152985608423221,8.332967758178711,0.2627372741699219,1370.4963821737103,563.8416416358327,1,728.0938957877091,592.2541639556431,1
808,808,26.933333333333334,27.013548851013184,27.013548851013184,1788009022613036,1788009022981941760,407090,407091,1788009022981588224,1788009022989922048,0.04242597625518524,8.333921432495117,0.3535747528076172,1369.7407345354382,563.9021892017352,1,730.0915173343205,592.1791176182974,1
809,809,26.966666666666665,27.046979904174805,27.046979904174805,1788009022646467,1788009023015373824,407094,407095,1788009023014921472,1788009023023254272,0.05430615164520744,8.33272933959961,0.4525184631347656,1367.8538072661017,565.3145002888501,1,732.3000512280282,593.0412268209415,1
810,810,27.0,27.08041000366211,27.08041000366211,1788009022679897,1788009023048805120,407098,407099,1788009023048253696,1788009023056587520,0.06617268409910168,8.333683013916016,0.5514621734619141,1365.020589892401,568.5294440700619,1,734.6170182359793,594.0822320055568,1
811,811,27.033333333333335,27.11383891105652,27.11383891105652,1788009022713326,1788009023082235392,407102,407103,1788009023081587200,1788009023089919744,0.07779685264663805,8.33272933959961,0.6482601165771484,1361.0938960121068,572.6000828191601,1,736.217843729624,594.6571455532501,1
812,812,27.066666666666666,27.14726185798645,27.14726185798645,1788009022746749,1788009023115659264,407106,407107,1788009023114919424,1788009023123252224,0.08878397711015737,8.33272933959961,0.7398128509521484,1357.966234306136,575.599334048708,1,737.9955854290255,594.937734036986,1
813,813,27.1,27.18069100379944,27.18069100379944,1788009022780178,1788009023149089536,407110,407111,1788009023148251648,1788009023156585472,0.10055786010585038,8.333921432495117,0.8380413055419922,1355.9679724211717,577.5134657364682,1,739.5283579174618,595.6110657231694,1
814,814,27.133333333333333,27.21412181854248,27.21412181854248,1788009022813609,1788009023182521600,407114,407115,1788009023181584896,1788009023189917696,0.1124145231896083,8.332967758178711,0.9367465972900391,1353.627247371283,578.7073378569403,1,741.1846439814981,595.5243297178788,1
815,815,27.166666666666668,27.247548818588257,27.247548818588257,1788009022847036,1788009023215949824,407118,407119,1788009023214917120,1788009023223250176,0.12391634001888358,8.332967758178711,1.0325908660888672,1350.7065633087236,577.3767096138502,1,742.2573693751038,594.7756348863242,1
816,816,27.2,27.28097105026245,27.28097105026245,1788009022880458,1788009023249372928,407122,407123,1788009023248249600,1788009023256583168,0.13480574469302511,8.333683013916016,1.1234283447265625,1348.5370271312586,577.0490131533776,1,743.0531618949096,593.2857069365115,1
817,817,27.233333333333334,27.314400911331177,27.314400911331177,1788009022913888,1788009023282803968,407126,407127,1788009023281582848,1788009023289915648,0.146552217453505,8.33272933959961,1.2211799621582031,1347.4281290227946,575.5016699535281,1,743.9523110411849,592.3148400333174,1
818,818,27.266666666666666,27.347825050354004,27.347825050354004,1788009022947312,1788009023316229120,407130,407131,1788009023314915072,1788009023323247872,0.1576824034334764,8.33272933959961,1.313924789428711,1346.6082178119093,573.8737806528615,1,744.4651794332804,591.3035022789593,1
819,819,27.3,27.381253957748413,27.381253957748413,1788009022980741,1788009023349659136,407134,407135,1788009023348247296,1788009023356581120,0.16941782291517665,8.333921432495117,1.4119148254394531,1345.9272795927586,572.3581262804724,1,744.8772465665782,590.9898056827121,1
820,820,27.333333333333332,27.41467595100403,27.41467595100403,1788009023014163,1788009023383082496,407138,407139,1788009023381580544,1788009023389913600,0.1802237418099625,8.332967758178711,1.5017986297607422,1344.7544237374445,569.7586335396043,1,745.4512565108525,590.0974818677255,1
821,821,27.366666666666667,27.44810700416565,27.44810700416565,1788009023047594,1788009023416514816,407142,407143,1788009023414913024,1788009023423245824,0.19224056536293668,8.332967758178711,1.6019344329833984,1343.4432704883234,566.9198135252216,1,746.1126558762547,590.2177226805234,1
822,822,27.4,27.48152804374695,27.48152804374695,1788009023081015,1788009023449937152,407146,407147,1788009023448246272,1788009023456579328,0.20291264913736373,8.332967758178711,1.6908645629882812,1342.2429596600266,564.7171205600356,1,746.7373431918195,590.4326733195808,1
823,823,27.433333333333334,27.51495099067688,27.51495099067688,1788009023114438,1788009023483361280,407150,407151,1788009023481578496,1788009023489911296,0.21393419170243205,8.33272933959961,1.7826557159423828,1340.957232171117,560.7017325170273,1,747.140895765319,589.1553682615644,1
824,824,27.466666666666665,27.548378944396973,27.548378944396973,1788009023147866,1788009023516790272,407154,407155,1788009023514910976,1788009023523244544,0.22552497568232535,8.333683013916016,1.8794536590576172,1339.273712653564,558.9198416332771,1,747.2073462223915,587.8049549443854,1
825,825,27.5,27.581800937652588,27.581800937652588,1788009023181288,1788009023550213632,407158,407159,1788009023548244224,1788009023556577024,0.2363376251788269,8.33272933959961,1.9693374633789062,1338.0356083471263,558.3595067505441,1,747.7912485570694,586.2710154520837,1
826,826,27.533333333333335,27.615222930908203,27.615222930908203,1788009023214710,1788009023583636480,407162,407163,1788009023581576448,1788009023589909248,0.24723183886011846,8.332967758178711,2.0601749420166016,1337.547879012908,556.3478137912891,1,748.1727618873265,585.2806572202691,1
827,827,27.566666666666666,27.64865493774414,27.64865493774414,1788009023248142,1788009023617069824,407166,407167,1788009023614908672,1788009023623242496,0.25930482048347875,8.333921432495117,2.1610260009765625,1335.3818807649468,555.4870239174178,1,748.6109306869133,584.7463559696427,1
828,828,27.6,27.682076930999756,27.682076930999756,1788009023281564,1788009023650492928,407170,407171,1788009023648241920,1788009023656574976,0.27012102658006926,8.332967758178711,2.2509098052978516,1335.0080776673956,555.5472179252264,1,748.7739995804507,584.6136188495337,1
829,829,27.633333333333333,27.71549892425537,27.71549892425537,1788009023314986,1788009023683916032,407174,407175,1788009023681574400,1788009023689907200,0.28103004291845496,8.33272933959961,2.341747283935547,1333.9067483287497,554.9376384853241,1,749.1644802476944,584.5618549704996,1
830,830,27.666666666666668,27.74892783164978,27.74892783164978,1788009023348415,1788009023717346304,407178,407179,1788009023714906624,1788009023723240448,0.292727584825771,8.333683013916016,2.4394989013671875,1332.9368009053815,553.8928381698706,1,749.8140569751254,584.4516422931918,1
831,831,27.7,27.78235101699829,27.78235101699829,1788009023381838,1788009023750770688,407182,407183,1788009023748239872,1788009023756572672,0.3036909871244635,8.33272933959961,2.5305747985839844,1332.1368012547089,554.1981638426372,1,750.7113518023972,584.3193145920613,1
832,832,27.733333333333334,27.815773010253906,27.815773010253906,1788009023415260,1788009023784193536,407186,407187,1788009023781572352,1788009023789905152,0.3145636623748212,8.33272933959961,2.621173858642578,1331.54907109495,553.9964852706084,1,751.5996323266659,584.9227143738602,1
833,833,27.766666666666666,27.849201917648315,27.849201917648315,1788009023448689,1788009023817623552,407190,407191,1788009023814904576,1788009023823238400,0.3262766413960807,8.333921432495117,2.7191638946533203,1331.306472686617,554.0250187400051,1,752.1178680019012,585.4779676861808,1
834,834,27.8,27.88262391090393,27.88262391090393,1788009023482111,1788009023851046912,407194,407195,1788009023848237824,1788009023856570624,0.33710051214557524,8.332967758178711,2.8090476989746094,1330.4011202892445,554.2251093552126,1,752.495560113118,586.0466433550098,1
835,835,27.833333333333332,27.916045904159546,27.916045904159546,1788009023515533,1788009023884470016,407198,407199,1788009023881569024,1788009023889903104,0.3480760978400801,8.333921432495117,2.900838851928711,1330.621140498562,554.2518745840583,1,752.8050261011024,586.4426755181692,1
836,836,27.866666666666667,27.94947600364685,27.94947600364685,1788009023548963,1788009023917901312,407202,407203,1788009023914902528,1788009023923235072,0.3598855507868383,8.33272933959961,2.998828887939453,1331.1349681539064,553.8196162554575,1,752.7544962533573,586.3566085762579,1
837,837,27.9,27.982898950576782,27.982898950576782,1788009023582386,1788009023951325184,407206,407207,1788009023948234752,1788009023956567552,0.37087267525035766,8.33272933959961,3.090381622314453,1331.5171388980589,553.8813469350422,1,752.455240724533,586.0137544524096,1
838,838,27.933333333333334,28.016320943832397,28.016320943832397,1788009023615808,1788009023984748288,407210,407211,1788009023981566976,1788009023989900800,0.38174796166499786,8.333921432495117,3.18145751953125,1332.0938222339903,553.6792614810981,1,752.11600233121,585.3671351221999,1
839,839,27.966666666666665,28.049751043319702,28.049751043319702,1788009023649238,1788009024018179584,407214,407215,1788009024014900224,1788009024023233280,0.39355097135990386,8.332967758178711,3.279447555541992,1332.5772990793826,553.9072708112589,1,751.9699024569663,584.8933960919253,1
840,840,28.0,28.083173036575317,28.083173036575317,1788009023682660,1788009024051602688,407218,407219,1788009024048232448,1788009024056565504,0.4044233355268805,8.332967758178711,3.370046615600586,1333.0594907870843,554.8559762148869,1,751.9492175243804,585.1363626677404,1
841,841,28.033333333333335,28.116602897644043,28.116602897644043,1788009023716090,1788009024085033728,407222,407223,1788009024081565952,1788009024089898752,0.4161540442333553,8.332967758178711,3.4677982330322266,1333.288557233228,555.3889872048942,1,752.0618124963158,585.3970332828328,1
842,842,28.066666666666666,28.150022983551025,28.150022983551025,1788009023749510,1788009024118455040,407226,407227,1788009024114898176,1788009024123230976,0.4268383404864092,8.33272933959961,3.5567283630371094,1333.2253592355398,556.1033973744344,1,752.0303397005941,585.2322044461093,1
843,843,28.1,28.18345284461975,28.18345284461975,1788009023782940,1788009024151886336,407230,407231,1788009024148230656,1788009024156564224,0.4386622418035132,8.333683013916016,3.655672073364258,1333.3008508779421,556.4285952296291,1,751.9752940425049,585.2715170059956,1
844,844,28.133333333333333,28.216876983642578,28.216876983642578,1788009023816364,1788009024185310976,407234,407235,1788009024181563904,1788009024189896704,0.44969957081545064,8.33272933959961,3.747224807739258,1333.1441614713701,556.7215626172176,1,752.0477634499458,585.4414694890214,1
845,845,28.166666666666668,28.250305891036987,28.250305891036987,1788009023849793,1788009024218740480,407238,407239,1788009024214896128,1788009024223228928,0.4613447782546495,8.33272933959961,3.8442611694335938,1333.0116207540623,556.7581429619365,1,752.2513787248749,585.4406518000449,1
846,846,28.2,28.283727884292603,28.283727884292603,1788009023883215,1788009024252163072,407242,407243,1788009024248228352,1788009024256562176,0.4721499070233157,8.333921432495117,3.9348602294921875,1332.9276105569356,556.6558876177535,1,752.329966630837,584.9455782060693,1
847,847,28.233333333333334,28.317150831222534,28.317150831222534,1788009023916638,1788009024285587200,407246,407247,1788009024281561600,1788009024289894656,0.4831049183142113,8.332967758178711,4.025697708129883,1332.9432805243896,556.7401056604974,1,752.156946441733,584.1973849840339,1
848,848,28.266666666666666,28.35058093070984,28.35058093070984,1788009023950068,1788009024319018752,407250,407251,1788009024314894080,1788009024323226624,0.4950214592274678,8.33272933959961,4.124879837036133,1332.9835726351039,557.0108575182846,1,751.9238510554055,583.754442001413,1
849,849,28.3,28.384001970291138,28.384001970291138,1788009023983489,1788009024352440832,407254,407255,1788009024348226304,1788009024356559872,0.5057218058019111,8.333683013916016,4.119157791137695,1333.2227460848196,557.3230929953718,1,751.2281111156133,583.558714089279,1
850,850,28.333333333333332,28.417423963546753,28.417423963546753,1788009024016911,1788009024385863680,407258,407259,1788009024381559552,1788009024389892352,0.5165379113018598,8.33272933959961,4.028558731079102,1333.4630267876903,557.5339432537834,1,750.3568620706275,583.3266266093473,1
851,851,28.366666666666667,28.450852870941162,28.450852870941162,1788009024050340,1788009024419293952,407262,407263,1788009024414892032,1788009024423224576,0.5282689556509299,8.33272933959961,3.930807113647461,1333.3832033072679,557.3388997714408,1,749.3655343811959,582.9462168120576,1
852,852,28.4,28.484282970428467,28.484282970428467,1788009024083770,1788009024452725248,407266,407267,1788009024448224000,1788009024456558080,0.5400944070948362,8.333921432495117,3.8328170776367188,1334.450531742119,556.4392978767671,1,748.2117987100887,582.5941105765879,1
853,853,28.433333333333334,28.517714023590088,28.517714023590088,1788009024117201,1788009024486157568,407270,407271,1788009024481557248,1788009024489890304,0.5520585963205631,8.332967758178711,3.7326812744140625,1335.4241699427657,556.090708776277,1,746.7382462121775,582.2912445540092,1
854,854,28.466666666666665,28.551142930984497,28.551142930984497,1788009024150630,1788009024519587840,407274,407275,1788009024514889728,1788009024523223552,0.5637247890144471,8.333921432495117,3.635883331298828,1336.185246992376,556.5767955054206,1,744.7803171813226,581.9689072738997,1
855,855,28.5,28.584571838378906,28.584571838378906,1788009024184059,1788009024553017856,407278,407279,1788009024548222976,1788009024556556032,0.5754055677949129,8.332967758178711,3.5381317138671875,1337.4148565414418,557.0611044330376,1,742.9087211200456,582.4893066823795,1
856,856,28.533333333333335,28.618002891540527,28.618002891540527,1788009024217490,1788009024586450176,407282,407283,1788009024581555456,1788009024589888000,0.5874105865522175,8.33272933959961,3.4379959106445312,1338.9795188076127,557.9278124202157,1,741.1909971130677,582.6725486612506,1
857,857,28.566666666666666,28.651424884796143,28.651424884796143,1788009024250912,1788009024619873024,407286,407287,1788009024614887680,1788009024623221504,0.5982147965898037,8.333683013916016,3.3483505249023438,1340.54488108513,558.7416789646962,1,739.6913479774694,583.1344857443283,1
858,858,28.6,28.684860944747925,28.684860944747925,1788009024284348,1788009024653310208,407290,407291,1788009024648220928,1788009024656553728,0.610758226037196,8.33272933959961,3.2434463500976562,1341.9904427381032,559.7772292066887,1,738.4309162602499,583.7731087917866,1
859,859,28.633333333333333,28.718289852142334,28.718289852142334,1788009024317777,1788009024686740480,407294,407295,1788009024681553152,1788009024689886208,0.6225000715287117,8.332967758178711,3.1456947326660156,1342.5553357817914,560.9308530153886,1,736.8887787483384,584.3451371384659,1
860,860,28.666666666666668,28.75171995162964,28.75171995162964,1788009024351207,1788009024720171776,407298,407299,1788009024714885376,1788009024723219456,0.6343012444571592,8.333921432495117,3.0477046966552734,1343.0278911500216,561.2355128737996,1,735.3665535036321,584.4151148943037,1
861,861,28.7,28.785150051116943,28.785150051116943,1788009024384637,1788009024753603072,407302,407303,1788009024748218880,1788009024756551680,0.6461331578495608,8.332967758178711,2.948760986328125,1343.4785006703905,560.6510824302276,1,734.0413969927074,583.8630334242177,1
862,862,28.733333333333334,28.81857991218567,28.81857991218567,1788009024418067,1788009024787034112,407306,407307,1788009024781551104,1788009024789883904,0.6579971387696709,8.33272933959961,2.8498172760009766,1343.4951430256954,560.6807632263542,1,733.1555075607278,583.0380334740811,1
863,863,28.766666666666666,28.852008819580078,28.852008819580078,1788009024451496,1788009024820463872,407310,407311,1788009024814883584,1788009024823217152,0.6696229329976541,8.333683013916016,2.7532577514648438,1343.7191606643214,560.0201504062009,1,732.774827154357,582.0666528429275,1
864,864,28.8,28.8854398727417,28.8854398727417,1788009024484927,1788009024853896192,407314,407315,1788009024848216832,1788009024856549376,0.6815736766809728,8.33272933959961,2.653360366821289,1343.563803976349,559.168126256078,1,732.5599284721727,581.1362248630097,1
865,865,28.833333333333332,28.918861865997314,28.918861865997314,1788009024518349,1788009024887319040,407318,407319,1788009024881548032,1788009024889881856,0.6924903447289372,8.333921432495117,2.5627613067626953,1343.598181339434,559.1545157650311,1,732.9885959305948,581.7291056132589,1
866,866,28.866666666666667,28.95229196548462,28.95229196548462,1788009024551779,1788009024920750080,407322,407323,1788009024914881280,1788009024923214080,0.7043003061428857,8.332967758178711,2.4640560150146484,1343.4121501018049,559.7899275012842,1,734.0884119775844,582.5186841852222,1
867,867,28.9,28.98572087287903,28.98572087287903,1788009024585208,1788009024954180352,407326,407327,1788009024948213504,1788009024956546304,0.7160801144492132,8.33272933959961,2.3658275604248047,1343.4572349971354,559.3533823312803,1,734.705951706691,582.018818897172,1
868,868,28.933333333333334,29.01914882659912,29.01914882659912,1788009024618636,1788009024987609600,407330,407331,1788009024981545984,1788009024989879552,0.7276134348000229,8.333683013916016,2.2699832916259766,1343.4628174916065,559.5987330066453,1,735.080967267012,582.0363461051359,1
869,869,28.966666666666665,29.052578926086426,29.052578926086426,1788009024652066,1788009025021041920,407334,407335,1788009025014879232,1788009025023212032,0.7395708154506437,8.33272933959961,2.170085906982422,1344.0094138603154,559.9272898552639,1,734.6826500637626,581.6875697358868,1
870,870,29.0,29.08600902557373,29.08600902557373,1788009024685496,1788009025054472704,407338,407339,1788009025048211456,1788009025056544256,0.7513876967095852,8.33272933959961,2.0716190338134766,1344.555453493202,559.7217448858978,1,733.6409626015387,581.2107487363153,1
871,871,29.033333333333335,29.119439840316772,29.119439840316772,1788009024718927,1788009025087904512,407342,407343,1788009025081543680,1788009025089877504,0.7632384494349879,8.333921432495117,1.9731521606445312,1345.2546870577344,560.3572343843756,1,732.8989402634751,581.7607682503125,1
872,872,29.066666666666666,29.15287685394287,29.15287685394287,1788009024752364,1788009025121342208,407346,407347,1788009025114876928,1788009025123209984,0.7758576292523819,8.332967758178711,1.8677711486816406,1346.0193807367134,561.4771887138604,1,731.7306069240906,582.2398215564504,1
873,873,29.1,29.186306953430176,29.186306953430176,1788009024785794,1788009025154773504,407350,407351,1788009025148209408,1788009025156543232,0.7876412530396224,8.333921432495117,1.7697811126708984,1346.8067620100803,563.2615856700221,1,731.306530057814,583.384424656379,1
874,874,29.133333333333333,29.219727993011475,29.219727993011475,1788009024819215,1788009025188195584,407354,407355,1788009025181542656,1788009025189875712,0.7983748676718835,8.332967758178711,1.680135726928711,1347.165616129682,565.7962928539653,1,731.009187680849,584.1289086692369,1
875,875,29.166666666666668,29.253156900405884,29.253156900405884,1788009024852644,1788009025221625600,407358,407359,1788009025214874880,1788009025223207680,0.8101287553648069,8.33272933959961,1.5821456909179688,1347.6579376178304,568.0193483983002,1,730.579690572929,584.5756329459299,1
876,876,29.2,29.28658699989319,29.28658699989319,1788009024886074,1788009025255056896,407362,407363,1788009025248207360,1788009025256540928,0.8219087944155176,8.333683013916016,1.4841556549072266,1348.1930162227768,569.9633356894923,1,730.7426382982401,585.6597000543311,1
877,877,29.233333333333334,29.320015907287598,29.320015907287598,1788009024919503,1788009025288486912,407366,407367,1788009025281540608,1788009025289873408,0.8336194563662375,8.33272933959961,1.386404037475586,1348.2323581964347,572.4101100759116,1,730.9556235514536,586.6178210091958,1
878,878,29.266666666666666,29.353453874588013,29.353453874588013,1788009024952941,1788009025321926144,407370,407371,1788009025314872832,1788009025323205632,0.8464421618837802,8.332967758178711,1.279592514038086,1347.7963111365111,574.7932589257837,1,730.8965728863309,587.1923251171295,1
879,879,29.3,29.386884927749634,29.386884927749634,1788009024986372,1788009025355358208,407374,407375,1788009025348205056,1788009025356539136,0.8583035331140038,8.333921432495117,1.180887222290039,1347.7400819075726,576.1420479923931,1,731.1432045360659,588.4949715752248,1
880,880,29.333333333333332,29.4203200340271,29.4203200340271,1788009025019807,1788009025388794368,407378,407379,1788009025381538304,1788009025389871360,0.8707619238362279,8.332967758178711,1.0769367218017578,1348.0131612952728,578.1207086865759,1,730.7334652084371,587.5591348445107,1
881,881,29.366666666666667,29.45375084877014,29.45375084877014,1788009025053238,1788009025422225920,407382,407383,1788009025414870784,1788009025423203584,0.882689556509299,8.33272933959961,0.9775161743164062,1348.024435551867,578.6825476532741,1,730.6926652186377,587.8697268323367,1
882,882,29.4,29.487180948257446,29.487180948257446,1788009025086668,1788009025455656960,407386,407387,1788009025448203008,1788009025456536832,0.8944326829547405,8.333683013916016,0.8797645568847656,1348.1043858673513,578.8368672049425,1,730.9313446933095,588.510929910892,1
883,883,29.433333333333334,29.520609855651855,29.520609855651855,1788009025120097,1788009025489086720,407390,407391,1788009025481536512,1788009025489869056,0.9060944206008583,8.33272933959961,0.7824897766113281,1348.4710302905123,580.2420352209182,1,730.8663873135961,589.0931228454965,1
884,884,29.466666666666665,29.55403995513916,29.55403995513916,1788009025153527,1788009025522518016,407394,407395,1788009025514868736,1788009025523201536,0.9179685264663805,8.33272933959961,0.6835460662841797,1349.1630535183278,581.3949849394667,1,730.8955500558627,589.7432953269245,1
885,885,29.5,29.587474822998047,29.587474822998047,1788009025186962,1788009025555953920,407398,407399,1788009025548201728,1788009025556534784,0.9303024233927498,8.332967758178711,0.5807876586914062,1349.9160019105952,580.9305443324916,1,730.7206831669597,589.2030867361598,1
886,886,29.533333333333335,29.62090492248535,29.62090492248535,1788009025220392,1788009025589384960,407402,407403,1788009025581534208,1788009025589867008,0.9421475780378243,8.332967758178711,0.4820823669433594,1349.7298411764914,579.5192287282355,1,730.3688282503497,588.7449918113501,1
887,887,29.566666666666666,29.654335021972656,29.654335021972656,1788009025253822,1788009025622816256,407406,407407,1788009025614866432,1788009025623200512,0.9539121727935918,8.333921432495117,0.3840923309326172,1349.3820345465028,578.4554639746782,1,730.5582649262205,589.2352778352505,1
888,888,29.6,29.687764883041382,29.687764883041382,1788009025287252,1788009025656247296,407410,407411,1788009025648199680,1788009025656532480,0.9657796852646638,8.33272933959961,0.28514862060546875,1349.7020675912402,579.2116215935142,1,730.4771329422016,589.3411309577671,1
889,889,29.633333333333333,29.721194982528687,29.721194982528687,1788009025320682,1788009025689678592,407414,407415,1788009025681532160,1788009025689864960,0.977653791130186,8.33272933959961,0.1862049102783203,1350.1154821201087,579.939082581615,1,730.4394084415685,588.9365152773739,1
890,890,29.666666666666668,29.75461483001709,29.75461483001709,1788009025354102,1788009025723099648,407418,407419,1788009025714864384,1788009025723198208,0.9881844710190536,8.333683013916016,0.09846687316894531,1350.523266294555,580.5311985951114,1,730.4928048566514,588.8117778382222,1
891,891,29.7,29.78804588317871,29.78804588317871,1788009025387533,1788009025756531968,407423,407424,1788009025756530432,1788009025764863232,0.00017167381974248928,8.33272933959961,0.001430511474609375,1350.5228709024427,580.9743752240498,1,730.4733270752175,588.7825628722278,1
892,892,29.733333333333334,29.821476936340332,29.821476936340332,1788009025420964,1788009025789964288,407427,407428,1788009025789862912,1788009025798196480,0.012158837329061051,8.333683013916016,0.10132789611816406,1350.4467695684023,581.2368498427952,1,730.459711416423,588.9163033355463,1
893,893,29.766666666666666,29.85490584373474,29.85490584373474,1788009025454393,1788009025823394048,407431,407432,1788009025823196160,1788009025831528960,0.02374821173104435,8.33272933959961,0.19788742065429688,1350.6330315536768,581.706952394963,1,730.274923181419,589.5350234442548,1
894,894,29.8,29.888334035873413,29.888334035873413,1788009025487821,1788009025856823552,407435,407436,1788009025856528640,1788009025864861184,0.035393419170243204,8.33272933959961,0.2949237823486328,1350.594097650116,581.4111396170258,1,729.7178108556107,588.9837316633386,1
895,895,29.833333333333332,29.921762943267822,29.921762943267822,1788009025521250,1788009025890253568,407439,407440,1788009025889860608,1788009025898193664,0.047151726703098626,8.332967758178711,0.392913818359375,1350.6802615279635,581.0540431812967,1,729.49722385853,588.9101541262804,1
896,896,29.866666666666667,29.955193996429443,29.955193996429443,1788009025554681,1788009025923685888,407443,407444,1788009025923193088,1788009025931525632,0.05914163090128755,8.33272933959961,0.4928112030029297,1350.7778857458215,581.259274558541,1,729.6330244373801,590.4323297953918,1
897,897,29.9,29.98862385749817,29.98862385749817,1788009025588111,1788009025957116928,407447,407448,1788009025956525312,1788009025964859136,0.07097900097270698,8.333683013916016,0.5915164947509766,1350.8920919912089,581.0741221274153,1,729.4562454213618,590.7915980734629,1
898,898,29.933333333333334,30.022045850753784,30.022045850753784,1788009025621533,1788009025990539776,407451,407452,1788009025989858560,1788009025998191360,0.08174535050071531,8.33272933959961,0.6811618804931641,1351.0808019484434,580.6828065772401,1,728.912186332474,591.1340118463913,1
899,899,29.966666666666665,30.05547595024109,30.05547595024109,1788009025654963,1788009026023971072,407455,407456,1788009026023191040,1788009026031523584,0.09361945636623749,8.33272933959961,0.7801055908203125,1350.9508402229997,581.3475917269856,1,728.3315939324344,590.5670756777477,1
900,900,30.0,30.088906049728394,30.088906049728394,1788009025688393,1788009026057402368,407459,407460,1788009026056523008,1788009026064857088,0.10550708053211272,8.333921432495117,0.8792877197265625,1350.9226627335293,581.8620964255042,1,727.9430015025483,590.1150515404062,1
901,901,30.033333333333335,30.12233591079712,30.12233591079712,1788009025721823,1788009026090833408,407463,407464,1788009026089856512,1788009026098189312,0.11724986409544791,8.332967758178711,0.9770393371582031,1350.678141731412,582.1165468334217,1,727.6285185154092,589.9313608363523,1
902,902,30.066666666666666,30.15576481819153,30.15576481819153,1788009025755252,1788009026124263424,407467,407468,1788009026123188736,1788009026131521792,0.12898057280192268,8.332967758178711,1.0747909545898438,1350.5423898860604,581.5412379362175,1,727.4066198418295,589.3718810768127,1
903,903,30.1,30.189193964004517,30.189193964004517,1788009025788681,1788009026157693952,407471,407472,1788009026156520960,1788009026164855040,0.14072378772707766,8.333921432495117,1.172780990600586,1350.237528563324,580.8862762229653,1,727.1140667765524,588.8700571176774,1
904,904,30.133333333333333,30.222622871398926,30.222622871398926,1788009025822110,1788009026191123712,407475,407476,1788009026189854464,1788009026198187008,0.15233190271816882,8.33272933959961,1.2693405151367188,1350.1405589626852,580.1564236884572,1,726.7538635217176,587.8083685085861,1
905,905,30.166666666666668,30.25605297088623,30.25605297088623,1788009025855540,1788009026224555008,407479,407480,1788009026223186688,1788009026231520512,0.16418721748583853,8.333683013916016,1.3682842254638672,1349.93688830875,579.7674148162317,1,726.4818509170327,587.0761492837888,1
906,906,30.2,30.28948402404785,30.28948402404785,1788009025888971,1788009026257987328,407483,407484,1788009026256519936,1788009026264852736,0.17608011444921315,8.33272933959961,1.4672279357910156,1349.7256161572961,578.7085618414433,1,726.3203266010275,585.7492251396092,1
907,907,30.233333333333334,30.322906017303467,30.322906017303467,1788009025922393,1788009026291410432,407487,407488,1788009026289852160,1788009026298185216,0.18700466367199794,8.332967758178711,1.5583038330078125,1349.2811021981297,578.2128930540966,1,727.020665494069,585.2473744848744,1
908,908,30.266666666666666,30.356343030929565,30.356343030929565,1788009025955830,1788009026324848640,407491,407492,1788009026323184384,1788009026331518464,0.19968530968387926,8.333921432495117,1.6641616821289062,1348.2317734837295,578.8142467255067,1,728.1100473941467,582.8248742759431,1
909,909,30.3,30.38977289199829,30.38977289199829,1788009025989260,1788009026358279424,407495,407496,1788009026356517888,1788009026364850688,0.21141026007839547,8.332967758178711,1.7616748809814453,1346.5850006558162,578.7873823709533,1,728.50136624819,582.8893700230078,1
910,910,30.333333333333332,30.42320203781128,30.42320203781128,1788009026022689,1788009026391709696,407499,407500,1788009026389850112,1788009026398182912,0.22317596566523606,8.33272933959961,1.8596649169921875,1345.268951848785,579.7484443710841,1,729.3090751019919,582.9310699104238,1
911,911,30.366666666666667,30.456634044647217,30.456634044647217,1788009026056121,1788009026425143296,407503,407504,1788009026423182592,1788009026431516160,0.23528065457458375,8.333683013916016,1.96075439453125,1344.142466650802,580.4095328078552,1,729.790709024629,583.0435453774496,1
912,912,30.4,30.490067958831787,30.490067958831787,1788009026089555,1788009026458578432,407507,407508,1788009026456515840,1788009026464848640,0.24752503576537913,8.33272933959961,2.062559127807617,1343.1728907005356,580.2896046917016,1,730.2792556030233,585.0099987180943,1
913,913,30.433333333333334,30.523497819900513,30.523497819900513,1788009026122985,1788009026492009216,407511,407512,1788009026489848064,1788009026498180864,0.25934191702432047,8.33272933959961,2.1610260009765625,1341.7915569718787,579.533198396056,1,730.690757950068,586.3927970061593,1
914,914,30.466666666666665,30.556927919387817,30.556927919387817,1788009026156415,1788009026525440512,407515,407516,1788009026523180288,1788009026531514112,0.2712058360749535,8.333921432495117,2.2602081298828125,1340.7130755991893,579.8768150934665,1,730.8441164905042,586.4611931487406,1
915,915,30.5,30.590365886688232,30.590365886688232,1788009026189853,1788009026558879488,407519,407520,1788009026556513536,1788009026564846592,0.2839403736659895,8.332967758178711,2.3660659790039062,1339.5631322683903,579.1778242452489,1,730.8277718340867,586.4553424168147,1
916,916,30.533333333333335,30.62379503250122,30.62379503250122,1788009026223282,1788009026592310016,407523,407524,1788009026589846016,1788009026598179840,0.2956658561007009,8.333921432495117,2.4640560150146484,1338.2207805923592,578.9719874993918,1,731.0141261412547,587.0122665180862,1
917,917,30.566666666666666,30.657224893569946,30.657224893569946,1788009026256712,1788009026625741056,407527,407528,1788009026623179264,1788009026631511808,0.30743919885550786,8.33272933959961,2.561807632446289,1337.456778618583,579.8219705529989,1,730.8907465190575,586.8726048060001,1
918,918,30.6,30.690654039382935,30.690654039382935,1788009026290141,1788009026659171072,407531,407532,1788009026656511488,1788009026664844288,0.319170243204578,8.33272933959961,2.6595592498779297,1336.781786314458,580.3469885558127,1,730.5941696928514,586.8313611170563,1
919,919,30.633333333333333,30.72408390045166,30.72408390045166,1788009026323571,1788009026692602112,407535,407536,1788009026689843968,1788009026698177536,0.3309778566115466,8.333683013916016,2.7582645416259766,1336.2492462849982,580.596289317511,1,730.8020486395299,587.1723232030407,1
920,920,30.666666666666668,30.757513999938965,30.757513999938965,1788009026357001,1788009026726033408,407539,407540,1788009026723177216,1788009026731510016,0.34277539341917024,8.33272933959961,2.8562545776367188,1335.8086327328908,581.2697136797015,1,731.5187564415907,588.8661729991933,1
921,921,30.7,30.790942907333374,30.790942907333374,1788009026390430,1788009026759463424,407543,407544,1788009026756509184,1788009026764842240,0.35452490629738775,8.332967758178711,2.954244613647461,1335.3447815693316,582.5280808634229,1,731.9343094981074,589.8139831754752,1
922,922,30.733333333333334,30.82437300682068,30.82437300682068,1788009026423860,1788009026792894464,407547,407548,1788009026789841664,1788009026798175488,0.3662995279645258,8.333921432495117,3.0527114868164062,1334.6532181458629,583.5603339693284,1,732.1675238972172,590.3387223744621,1
923,923,30.766666666666666,30.857800006866455,30.857800006866455,1788009026457287,1788009026826322432,407551,407552,1788009026823174912,1788009026831507968,0.3777002088638379,8.332967758178711,3.1473636627197266,1334.245089223219,583.962782344372,1,732.136215198385,591.5095604434628,1
924,924,30.8,30.891222953796387,30.891222953796387,1788009026490710,1788009026859746048,407555,407556,1788009026856507392,1788009026864839936,0.3886695278969957,8.33272933959961,3.238677978515625,1333.9584658653052,583.7793830350154,1,732.160755547653,591.7657052054215,1
925,925,30.833333333333332,30.924652814865112,30.924652814865112,1788009026524140,1788009026893176832,407559,407560,1788009026889839616,1788009026898172416,0.40048640915593703,8.33272933959961,3.3371448516845703,1334.4272177430987,584.4546891263465,1,732.1356544248639,592.705904680524,1
926,926,30.866666666666667,30.95808482170105,30.95808482170105,1788009026557572,1788009026926609920,407563,407564,1788009026923171840,1788009026931504640,0.4126062201367629,8.332967758178711,3.438234329223633,1334.5473142500477,584.7370845726313,1,731.8777281825926,593.5127153554337,1
927,927,30.9,30.99151301383972,30.99151301383972,1788009026591000,1788009026960039424,407567,407568,1788009026956504064,1788009026964838144,0.42420254613073954,8.333921432495117,3.5352706909179688,1335.1647694021563,585.2239715049451,1,731.570569536075,593.3641077235795,1
928,928,30.933333333333334,31.024950981140137,31.024950981140137,1788009026624438,1788009026993478656,407571,407572,1788009026989837312,1788009026998170368,0.4369545935738606,8.332967758178711,3.6411285400390625,1335.384685606392,584.9926644229755,1,731.3838543102577,593.3615420476335,1
929,929,30.966666666666665,31.058379888534546,31.058379888534546,1788009026657867,1788009027026908672,407575,407576,1788009027023169792,1788009027031502592,0.44869814020028614,8.33272933959961,3.738880157470703,1335.6973660265542,584.1499323012282,1,731.2485924228456,593.0742165929307,1
930,930,31.0,31.09180998802185,31.09180998802185,1788009026691297,1788009027060339968,407579,407580,1788009027056502016,1788009027064835840,0.46051953996681355,8.333683013916016,3.8378238677978516,1336.4240490520097,583.1970221778538,1,731.1972449848995,592.6221779595203,1
931,931,31.033333333333335,31.125239849090576,31.125239849090576,1788009026724727,1788009027093771008,407583,407584,1788009027089835520,1788009027098168064,0.4723032904148784,8.33272933959961,3.935575485229492,1337.0766446144846,583.1893964704328,1,731.2705872530116,591.9933764800475,1
932,932,31.066666666666666,31.158668041229248,31.158668041229248,1788009026758155,1788009027127200000,407587,407588,1788009027123167744,1788009027131500544,0.48391988555078685,8.33272933959961,4.032373428344727,1337.3104102845828,584.1013316154374,1,731.1372052935376,591.5848250633682,1
933,933,31.1,31.192097902297974,31.192097902297974,1788009026791585,1788009027160631296,407591,407592,1788009027156499968,1788009027164833792,0.49572307252181375,8.333921432495117,4.131317138671875,1337.5962650990318,584.9554277213165,1,731.2026440224254,591.8925685511532,1
934,934,31.133333333333333,31.22552800178528,31.22552800178528,1788009026825015,1788009027194062592,407595,407596,1788009027189833216,1788009027198166016,0.5075391262052588,8.332967758178711,4.103660583496094,1337.763904293347,584.8210707220906,1,731.159559414634,591.661714375939,1
935,935,31.166666666666668,31.258956909179688,31.258956909179688,1788009026858444,1788009027227492608,407599,407600,1788009027223165440,1788009027231499520,0.5192104133886425,8.333921432495117,4.006862640380859,1338.1187355174284,584.3829571144605,1,731.5193592260135,591.6419092040618,1
936,936,31.2,31.292387008666992,31.292387008666992,1788009026891874,1788009027260923904,407603,407604,1788009027256498688,1788009027264831488,0.5310443490701001,8.33272933959961,3.9076805114746094,1338.3043997777474,583.3965654552026,1,731.72938677114,591.429161090353,1
937,937,31.233333333333334,31.3258159160614,31.3258159160614,1788009026925303,1788009027294353664,407607,407608,1788009027289831168,1788009027298163968,0.5427467811158798,8.33272933959961,3.8101673126220703,1338.5338180136137,582.8868664595255,1,731.8788277880577,591.3200080638667,1
938,938,31.266666666666666,31.359254837036133,31.359254837036133,1788009026958742,1788009027327793920,407611,407612,1788009027323163392,1788009027331497216,0.5556159523945757,8.333683013916016,3.7033557891845703,1338.9963489725176,582.4130017777479,1,731.9143334530941,591.0357577143212,1
939,939,31.3,31.392683029174805,31.392683029174805,1788009026992170,1788009027361222912,407615,407616,1788009027356496896,1788009027364829440,0.5671816881258941,8.33272933959961,3.606557846069336,1339.228046097241,582.3297210427589,1,731.8500163647134,590.6629309397213,1
940,940,31.333333333333332,31.42611289024353,31.42611289024353,1788009027025600,1788009027394653952,407619,407620,1788009027389828864,1788009027398161920,0.579039226345455,8.332967758178711,3.507852554321289,1339.3937934855642,582.4057381386863,1,731.8462682871169,590.5809849968036,1
941,941,31.366666666666667,31.459534883499146,31.459534883499146,1788009027059022,1788009027428077056,407623,407624,1788009027423161344,1788009027431495168,0.5898440852524675,8.333921432495117,3.4182071685791016,1339.457810432395,582.3245989459282,1,732.0600346855533,590.0186439056669,1
942,942,31.4,31.49296498298645,31.49296498298645,1788009027092452,1788009027461508352,407627,407628,1788009027456494592,1788009027464827648,0.6016709107035564,8.332967758178711,3.319263458251953,1339.6627184877993,582.5260689179389,1,732.1588728174912,589.2482504035247,1
943,943,31.433333333333334,31.526402950286865,31.526402950286865,1788009027125890,1788009027494947584,407631,407632,1788009027489826816,1788009027498159616,0.6145350500715308,8.33272933959961,3.21197509765625,1339.5629179909192,582.784262475129,1,732.2471522514825,588.4640748666889,1
944,944,31.466666666666665,31.559831857681274,31.559831857681274,1788009027159319,1788009027528377856,407635,407636,1788009027523159296,1788009027531492864,0.6261944269611489,8.333683013916016,3.1151771545410156,1339.3856484538057,583.5522327271597,1,732.4490717981158,587.6504313366679,1
945,945,31.5,31.59326195716858,31.59326195716858,1788009027192749,1788009027561808896,407639,407640,1788009027556492544,1788009027564825344,0.637997138769671,8.33272933959961,3.0164718627929688,1339.1361968497386,583.2028453046735,1,732.7330666190535,586.9564072259283,1
946,946,31.533333333333335,31.62670087814331,31.62670087814331,1788009027226188,1788009027595248896,407643,407644,1788009027589824768,1788009027598157568,0.6509398872707505,8.332967758178711,2.9087066650390625,1338.5222234885441,582.3082122046987,1,732.8778307723206,585.8554687424348,1
947,947,31.566666666666666,31.66011881828308,31.66011881828308,1788009027259606,1788009027628668160,407647,407648,1788009027623156992,1788009027631491072,0.6612787870118724,8.333921432495117,2.8228759765625,1338.3995421486832,581.4866974374917,1,732.8938875851454,584.9221796303674,1
948,948,31.6,31.693548917770386,31.693548917770386,1788009027293036,1788009027662099456,407651,407652,1788009027656490240,1788009027664823296,0.6731137878744528,8.332967758178711,2.7239322662353516,1339.050452733121,581.473005662643,1,732.7571716263534,584.0800450790916,1
949,949,31.633333333333333,31.7269868850708,31.7269868850708,1788009027326474,1788009027695538432,407655,407656,1788009027689822720,1788009027698156544,0.6858532398798455,8.333921432495117,2.618074417114258,1339.0463348146343,581.5197768108712,1,732.5058213252203,583.0444135324539,1
950,950,31.666666666666668,31.76041603088379,31.76041603088379,1788009027359903,1788009027728968960,407659,407660,1788009027723155968,1788009027731488768,0.6975965665236051,8.33272933959961,2.519845962524414,1338.7346005824522,580.9738029287148,1,732.18116081967,581.9851891602417,1
951,951,31.7,31.79384684562683,31.79384684562683,1788009027393334,1788009027762400768,407663,407664,1788009027756488448,1788009027764820992,0.7095565092989986,8.33272933959961,2.420186996459961,1338.3228013277972,580.8707523532798,1,732.2229622945517,581.3083147216105,1
952,952,31.733333333333334,31.82727599143982,31.82727599143982,1788009027426763,1788009027795831296,407667,407668,1788009027789820672,1788009027798154240,0.7212336213308921,8.333683013916016,2.323150634765625,1337.8125229381408,579.7649384495169,1,732.431906693685,580.5147003466515,1
953,953,31.766666666666666,31.860705852508545,31.860705852508545,1788009027460193,1788009027829262080,407671,407672,1788009027823153920,1788009027831486720,0.7330185979971388,8.33272933959961,2.2246837615966797,1337.0239587418898,578.8075127831846,1,732.1793638528385,581.373949433169,1
954,954,31.8,31.89413595199585,31.89413595199585,1788009027493623,1788009027862693376,407675,407676,1788009027856486144,1788009027864818944,0.7449000028611484,8.332967758178711,2.1257400512695312,1336.216430410622,577.8154584390298,1,731.2458897729757,581.0841010468009,1
955,955,31.833333333333332,31.92756485939026,31.92756485939026,1788009027527052,1788009027896123392,407679,407680,1788009027889818368,1788009027898151168,0.7566523605150215,8.33272933959961,2.027750015258789,1335.5481857300044,576.8329526574269,1,730.7662749946263,580.8171599911722,1
956,956,31.866666666666667,31.960999965667725,31.960999965667725,1788009027560487,1788009027929559808,407683,407684,1788009027923150848,1788009027931483392,0.7691273247496423,8.33272933959961,1.9237995147705078,1334.925305601,576.3083332671939,1,730.7467961014924,580.3589770386416,1
957,957,31.9,31.99443292617798,31.99443292617798,1788009027593920,1788009027962993408,407687,407688,1788009027956483072,1788009027964816896,0.7811981461349202,8.333683013916016,1.82342529296875,1334.3696676123013,576.5713222425318,1,730.6593868592561,579.9715800247062,1
958,958,31.933333333333334,32.02786087989807,32.02786087989807,1788009027627348,1788009027996422400,407691,407692,1788009027989816320,1788009027998149120,0.792761087267525,8.33272933959961,1.7268657684326172,1333.5311939599599,577.0035608651966,1,730.8620058326293,580.0163316274877,1
959,959,31.966666666666665,32.061290979385376,32.061290979385376,1788009027660778,1788009028029853184,407695,407696,1788009028023148544,1788009028031481600,0.8045835598409201,8.332967758178711,1.6283988952636719,1332.887121411946,576.880829474204,1,731.1664920155821,579.9015767016897,1
960,960,32.0,32.0947208404541,32.0947208404541,1788009027694208,1788009028063284224,407699,407700,1788009028056480768,1788009028064814848,0.8163352882277214,8.333921432495117,1.5306472778320312,1332.8321055386743,576.95850271205,1,731.5960152656005,580.5285155223964,1
961,961,32.03333333333333,32.1281578540802,32.1281578540802,1788009027727645,1788009028096722432,407703,407704,1788009028089814272,1788009028098147072,0.8290177677319676,8.332967758178711,1.4247894287109375,1332.198343829771,577.6413217868641,1,732.1681387154805,581.6102030905984,1
962,962,32.06666666666667,32.161587953567505,32.161587953567505,1788009027761075,1788009028130153728,407707,407708,1788009028123146496,1788009028131479296,0.8409155937052932,8.33272933959961,1.3256072998046875,1331.8753091919075,578.3764002832769,1,732.6618360558602,582.6374855371569,1
963,963,32.1,32.1950159072876,32.1950159072876,1788009027794503,1788009028163582464,407711,407712,1788009028156478976,1788009028164812544,0.8524060193397036,8.333683013916016,1.230001449584961,1331.7049126428244,578.9575472739245,1,732.7844588295845,582.817137904553,1
964,964,32.13333333333333,32.22843790054321,32.22843790054321,1788009027827925,1788009028197005824,407715,407716,1788009028189812224,1788009028198145024,0.8632904148783977,8.33272933959961,1.1391639709472656,1331.0997036634985,579.6798430400726,1,733.0740716457022,583.7126363709469,1
965,965,32.166666666666664,32.26186800003052,32.26186800003052,1788009027861355,1788009028230437120,407719,407720,1788009028223144192,1788009028231477248,0.8751680924723184,8.332967758178711,1.0402202606201172,1330.7125619998424,579.8471814430166,1,733.3545721056943,584.4548318641182,1
966,966,32.2,32.29529690742493,32.29529690742493,1788009027894784,1788009028263866880,407723,407724,1788009028256476672,1788009028264810496,0.8867687026176513,8.333921432495117,0.9436607360839844,1330.604187672721,579.6987216381901,1,733.5506134089721,584.6475735278848,1
967,967,32.233333333333334,32.32872796058655,32.32872796058655,1788009027928215,1788009028297299200,407727,407728,1788009028289809920,1788009028298142976,0.8987439558238677,8.332967758178711,0.8437633514404297,1330.5804124970473,580.5238968098444,1,733.3054267497214,584.870499926827,1
968,968,32.266666666666666,32.36215090751648,32.36215090751648,1788009027961638,1788009028330723328,407731,407732,1788009028323142400,1788009028331476224,0.909655271062795,8.333921432495117,0.7529258728027344,1330.4507515981436,581.0033447580515,1,733.0445017476857,585.0136960500104,1
969,969,32.3,32.39557981491089,32.39557981491089,1788009027995067,1788009028364153600,407735,407736,1788009028356475648,1788009028364808448,0.9214306151645207,8.33272933959961,0.6546974182128906,1330.984379336558,581.0903616964284,1,732.7626098886998,584.9698009019323,1
970,970,32.333333333333336,32.42900896072388,32.42900896072388,1788009028028496,1788009028397583616,407739,407740,1788009028389807872,1788009028398140672,0.9331616595135909,8.33272933959961,0.55694580078125,1331.4917298132832,581.1817384870486,1,732.6571118326168,584.8072027230318,1
971,971,32.36666666666667,32.4624388217926,32.4624388217926,1788009028061926,1788009028431014656,407743,407744,1788009028423140352,1788009028431473920,0.9448990101275963,8.333683013916016,0.4591941833496094,1331.9633711432252,580.8172532102511,1,732.6777026523334,584.7464220610897,1
972,972,32.4,32.4958770275116,32.4958770275116,1788009028095364,1788009028464454144,407747,407748,1788009028456473600,1788009028464806400,0.9577396280400572,8.33272933959961,0.3521442413330078,1332.4215235668157,580.3416426221492,1,732.5248824503893,584.3402309246962,1
973,973,32.43333333333333,32.52930498123169,32.52930498123169,1788009028128792,1788009028497883136,407751,407752,1788009028489805824,1788009028498138624,0.969328488455266,8.332967758178711,0.255584716796875,1332.7614999075554,579.9757899953876,1,732.4365515602295,584.1458989620062,1
974,974,32.46666666666667,32.562734842300415,32.562734842300415,1788009028162222,1788009028531314176,407755,407756,1788009028523138048,1788009028531471872,0.9810613646116435,8.333921432495117,0.15783309936523438,1332.8513083951327,579.5573705796502,1,732.407275662133,584.1216068312909,1
975,975,32.5,32.5961639881134,32.5961639881134,1788009028195651,1788009028564744192,407759,407760,1788009028556471296,1788009028564804096,0.9928183118741059,8.33272933959961,0.05984306335449219,1333.1885971527417,579.4239260889814,1,732.4031473997345,583.8204658681219,1
976,976,32.53333333333333,32.629595041275024,32.629595041275024,1788009028229082,1788009028598176512,407764,407765,1788009028598136320,1788009028606470400,0.0048061793734801884,8.333921432495117,0.0400543212890625,1333.476064942346,579.3847149636954,1,732.4423581158022,583.7881355498101,1
977,977,32.56666666666667,32.663023948669434,32.663023948669434,1788009028262511,1788009028631606528,407768,407769,1788009028631469824,1788009028639802624,0.016422992189064692,8.332967758178711,0.13685226440429688,1333.7449215933498,579.13149631867,1,732.4746427302537,584.1086957401443,1
978,978,32.6,32.696455001831055,32.696455001831055,1788009028295942,1788009028665039104,407772,407773,1788009028664802048,1788009028673134848,0.02844062947067239,8.33272933959961,0.23698806762695312,1333.924492296841,578.8287253357972,1,732.345381680384,584.5807663585855,1
979,979,32.63333333333333,32.729883909225464,32.729883909225464,1788009028329371,1788009028698469120,407776,407777,1788009028698135296,1788009028706468096,0.04005722460658083,8.33272933959961,0.3337860107421875,1334.1321604055288,578.6071592859603,1,732.1228982307846,584.5767962539413,1
980,980,32.666666666666664,32.76331400871277,32.76331400871277,1788009028362801,1788009028731900416,407780,407781,1788009028731467776,1788009028739800576,0.05193133047210301,8.33272933959961,0.43272972106933594,1334.4424465998625,578.6691427018615,1,731.9390688268908,584.4784287265776,1
981,981,32.7,32.79674196243286,32.79674196243286,1788009028396229,1788009028765329408,407784,407785,1788009028764800000,1788009028773133824,0.06351204440121302,8.333683013916016,0.5292892456054688,1335.016745265781,578.4796369395832,1,731.629119757807,583.8949667454883,1
982,982,32.733333333333334,32.83017086982727,32.83017086982727,1788009028429658,1788009028798759168,407788,407789,1788009028798133248,1788009028806466048,0.07510729613733906,8.33272933959961,0.6258487701416016,1335.65614409179,578.0059139246029,1,731.2382217503377,583.2453358471402,1
983,983,32.766666666666666,32.86360788345337,32.86360788345337,1788009028463095,1788009028832197376,407792,407793,1788009028831465472,1788009028839798528,0.08783725787531114,8.332967758178711,0.7319450378417969,1336.2516070718661,577.3371431011702,1,730.6994986905819,582.3269757559385,1
984,984,32.8,32.89703989028931,32.89703989028931,1788009028496527,1788009028865630976,407796,407797,1788009028864796928,1788009028873130496,0.10007438347542484,8.333683013916016,0.8339881896972656,1336.8624679571037,576.3546834688331,1,729.8944651512196,581.6756742340876,1
985,985,32.833333333333336,32.930469036102295,32.930469036102295,1788009028529956,1788009028899061248,407800,407801,1788009028898130176,1788009028906462976,0.1117310443490701,8.33272933959961,0.9310245513916016,1337.8315039763581,575.4515982210565,1,728.9311442434737,580.8077625280532,1
986,986,32.86666666666667,32.96389889717102,32.96389889717102,1788009028563386,1788009028932492288,407804,407805,1788009028931462400,1788009028939796224,0.12356239629226984,8.333683013916016,1.0297298431396484,1338.6344099624766,575.0268623016314,1,727.9749186422509,580.1767459711969,1
987,987,32.9,32.99732804298401,32.99732804298401,1788009028596815,1788009028965922304,407808,407809,1788009028964795904,1788009028973128448,0.1351931330472103,8.33272933959961,1.1265277862548828,1339.3707810992084,574.79500346539,1,727.5245189734409,579.806917399638,1
988,988,32.93333333333333,33.03075695037842,33.03075695037842,1788009028630244,1788009028999352320,407812,407813,1788009028998127872,1788009029006460928,0.14691997367743412,8.332967758178711,1.2242794036865234,1339.1206760941247,573.209506017106,1,727.3973728265383,579.3896564963625,1
989,989,32.96666666666667,33.06419491767883,33.06419491767883,1788009028663682,1788009029032791296,407816,407817,1788009029031460352,1788009029039794176,0.159719639536547,8.333921432495117,1.3310909271240234,1339.059189614353,571.0679180587016,1,726.91578116204,579.0971792020273,1
990,990,33.0,33.097622871398926,33.097622871398926,1788009028697110,1788009029066220544,407820,407821,1788009029064793600,1788009029073126656,0.17123973562988185,8.332967758178711,1.4269351959228516,1339.5504312293087,570.7228214740072,1,726.5908316568473,579.0436729018078,1
991,991,33.03333333333333,33.13105297088623,33.13105297088623,1788009028730540,1788009029099652096,407824,407825,1788009029098125824,1788009029106458624,0.18314735336194563,8.33272933959961,1.5261173248291016,1339.8485800990268,571.6650354291321,1,726.4523380497295,579.1284099423374,1
992,992,33.06666666666667,33.164482831954956,33.164482831954956,1788009028763970,1788009029133082624,407828,407829,1788009029131458304,1788009029139791872,0.19491331464210104,8.333683013916016,1.6243457794189453,1340.7347376177281,571.9970363241218,1,725.7948377221676,578.8093719687176,1
993,993,33.1,33.19791293144226,33.19791293144226,1788009028797400,1788009029166513408,407832,407833,1788009029164791552,1788009029173124352,0.20663805436337626,8.33272933959961,1.7218589782714844,1341.857475963161,572.4839862546265,1,725.1062071777665,578.4572226984408,1
994,994,33.13333333333333,33.231343030929565,33.231343030929565,1788009028830830,1788009029199944192,407836,407837,1788009029198123776,1788009029206456576,0.2184772967869303,8.332967758178711,1.8205642700195312,1342.689070459181,572.9741229378842,1,724.4987698162994,578.2081843312641,1
995,995,33.166666666666664,33.264771938323975,33.264771938323975,1788009028864259,1788009029233374464,407840,407841,1788009029231456000,1788009029239790080,0.23018166213703334,8.333921432495117,1.9183158874511719,1343.7059352768601,573.4416034241744,1,723.329300581355,577.9022430091177,1
996,996,33.2,33.29820203781128,33.29820203781128,1788009028897689,1788009029266805760,407844,407845,1788009029264789248,1788009029273122304,0.24196732568452978,8.332967758178711,2.016305923461914,1344.75732193468,573.9841593120541,1,722.4830729499589,577.368803743921,1
997,997,33.233333333333334,33.33163094520569,33.33163094520569,1788009028931118,1788009029300235520,407848,407849,1788009029298121728,1788009029306454528,0.2536766809728183,8.33272933959961,2.113819122314453,1345.412530530171,574.1477190313773,1,721.3289615182275,577.3771444381401,1
998,998,33.266666666666666,33.3650689125061,33.3650689125061,1788009028964556,1788009029333674752,407852,407853,1788009029331454976,1788009029339787776,0.2663805436337625,8.33272933959961,2.219676971435547,1345.92966340647,576.3204461768627,1,720.5877999818016,577.3459314324567,1
999,999,33.3,33.398496866226196,33.398496866226196,1788009028997984,1788009029367103744,407856,407857,1788009029364787456,1788009029373120000,0.27799713876967097,8.33272933959961,2.3164749145507812,1345.8467459657322,576.8892185116309,1,720.596774758119,578.0400968932332,1
1000,1000,33.333333333333336,33.4319269657135,33.4319269657135,1788009029031414,1788009029400535040,407860,407861,1788009029398119680,1788009029406453248,0.28983807289580593,8.333683013916016,2.4154186248779297,1345.6491603751226,575.9758374213599,1,720.1150164936896,578.0850865532402,1
1001,1001,33.36666666666667,33.46535682678223,33.46535682678223,1788009029064844,1788009029433965824,407864,407865,1788009029431452928,1788009029439785728,0.3015736766809728,8.33272933959961,2.5129318237304688,1345.4444071738433,575.198503083289,1,720.0674462740324,577.8772373879594,1
1002,1002,33.4,33.49878787994385,33.49878787994385,1788009029098275,1788009029467398144,407868,407869,1788009029464785152,1788009029473117952,0.3135818717633258,8.332967758178711,2.613067626953125,1345.334539451694,575.1816586327927,1,720.2527729744256,578.345749398049,1
1003,1003,33.43333333333333,33.532217025756836,33.532217025756836,1788009029131704,1788009029500828416,407872,407873,1788009029498117376,1788009029506451456,0.32530396223716207,8.333921432495117,2.711057662963867,1345.498282431193,575.693042147042,1,720.6280794285422,578.475954128137,1
1004,1004,33.46666666666667,33.56564688682556,33.56564688682556,1788009029165134,1788009029534259456,407876,407877,1788009029531450624,1788009029539783424,0.3370815450643777,8.33272933959961,2.808809280395508,1345.4865401648576,575.8339278097747,1,721.0752467138575,578.2586590358716,1
1005,1005,33.5,33.599082946777344,33.599082946777344,1788009029198570,1788009029567696896,407880,407881,1788009029564783104,1788009029573115904,0.34967095851216023,8.33272933959961,2.9137134552001953,1345.659268040179,575.5444176691909,1,721.4761846849143,578.2258691963307,1
1006,1006,33.53333333333333,33.63251185417175,33.63251185417175,1788009029231999,1788009029601126656,407884,407885,1788009029598115328,1788009029606449152,0.3613320363906849,8.333683013916016,3.0112266540527344,1345.900315984115,576.1805732845794,1,721.9544927699608,577.8437540611701,1
1007,1007,33.56666666666667,33.665935039520264,33.665935039520264,1788009029265422,1788009029634551040,407888,407889,1788009029631448832,1788009029639781376,0.3723032904148784,8.33272933959961,3.1023025512695312,1345.8061205048734,576.1055522718758,1,722.4815784332081,578.4490293862433,1
1008,1008,33.6,33.699362993240356,33.699362993240356,1788009029298850,1788009029667980544,407892,407893,1788009029664780800,1788009029673113856,0.38396612400217445,8.332967758178711,3.1995773315429688,1346.1770481514804,575.849789417395,1,722.9407960212252,578.8053185516834,1
1009,1009,33.63333333333333,33.73279285430908,33.73279285430908,1788009029332280,1788009029701411328,407896,407897,1788009029698113280,1788009029706447104,0.39573737662709196,8.333921432495117,3.298044204711914,1346.231219096614,575.2798156711872,1,723.20864364494,579.0142872096079,1
1010,1010,33.666666666666664,33.76622295379639,33.76622295379639,1788009029365710,1788009029734842624,407900,407901,1788009029731446528,1788009029739779584,0.40754198735372377,8.332967758178711,3.3960342407226562,1346.3344128711208,575.0306331725928,1,723.370100272385,578.9230249005122,1
1011,1011,33.7,33.79965281486511,33.79965281486511,1788009029399140,1788009029768273408,407904,407905,1788009029764778752,1788009029773112832,0.41931054212559005,8.333921432495117,3.4945011138916016,1346.840052512152,575.3009712727114,1,723.520137512138,579.2142919656726,1
1012,1012,33.733333333333334,33.83308291435242,33.83308291435242,1788009029432570,1788009029801704704,407908,407909,1788009029798112256,1788009029806444800,0.4311301859799714,8.33272933959961,3.5924911499023438,1346.9075053818817,575.4997411730664,1,723.6002748735028,579.513767053886,1
1013,1013,33.766666666666666,33.86651301383972,33.86651301383972,1788009029466000,1788009029835135744,407912,407913,1788009029831444480,1788009029839777280,0.4429756795422031,8.33272933959961,3.6911964416503906,1346.882615259618,575.5435953188585,1,723.7047959355361,579.7294996536475,1
1014,1014,33.8,33.89995098114014,33.89995098114014,1788009029499438,1788009029868574976,407916,407917,1788009029864775680,1788009029873109504,0.4558718352167072,8.333921432495117,3.7992000579833984,1346.5848749843026,575.0864882443261,1,723.9366983121479,580.1807095825516,1
1015,1015,33.833333333333336,33.933379888534546,33.933379888534546,1788009029532867,1788009029902004992,407920,407921,1788009029898108928,1788009029906441984,0.46754027066464476,8.332967758178711,3.895998001098633,1346.5607403890144,574.5739019170451,1,724.0387589718011,580.4859406945425,1
1016,1016,33.86666666666667,33.966809034347534,33.966809034347534,1788009029566296,1788009029935435520,407924,407925,1788009029931441408,1788009029939773952,0.47934191702432044,8.33272933959961,3.9942264556884766,1346.588611379556,574.3535994350603,1,724.2079600994846,580.54075111847,1
1017,1017,33.9,34.00023794174194,34.00023794174194,1788009029599725,1788009029968865536,407928,407929,1788009029964774656,1788009029973107456,0.4909585121602289,8.33272933959961,4.091024398803711,1346.83081822572,574.3673701168667,1,724.232775601869,580.0947830923764,1
1018,1018,33.93333333333333,34.033674001693726,34.033674001693726,1788009029633161,1788009030002302976,407932,407933,1788009029998106880,1788009030006439680,0.5035479256080114,8.33272933959961,4.136800765991211,1347.2378837047,574.7012604732151,1,724.237525656108,579.79832556374,1
1019,1019,33.96666666666667,34.06710600852966,34.06710600852966,1788009029666593,1788009030035735808,407936,407937,1788009030031439360,1788009030039772928,0.5155633117811982,8.333683013916016,4.037141799926758,1347.4600108488064,574.6952584957105,1,724.235613486104,579.4635749225112,1
1020,1020,34.0,34.100541830062866,34.100541830062866,1788009029700029,1788009030069172736,407940,407941,1788009030064772608,1788009030073105408,0.528068669527897,8.33272933959961,3.932476043701172,1347.6698030063283,574.8375290671802,1,724.1271227875125,579.0272193202027,1
1021,1021,34.03333333333333,34.13397192955017,34.13397192955017,1788009029733459,1788009030102604032,407944,407945,1788009030098104832,1788009030106437632,0.5399559383136391,8.332967758178711,3.8335323333740234,1347.413813422328,572.7745539134603,1,723.870925602476,578.4769095100297,1
1022,1022,34.06666666666667,34.167409896850586,34.167409896850586,1788009029766897,1788009030136043264,407948,407949,1788009030131437056,1788009030139770880,0.5527106279502217,8.333921432495117,3.7276744842529297,1346.801023015586,571.5566525284337,1,723.2887513691181,577.1190322611187,1
1023,1023,34.1,34.200846910476685,34.200846910476685,1788009029800334,1788009030169481472,407952,407953,1788009030164770304,1788009030173103104,0.565379113018598,8.33272933959961,3.6215782165527344,1346.5138883773616,570.8353295641339,1,722.5461987848544,575.6550932186998,1
1024,1024,34.13333333333333,34.234275817871094,34.234275817871094,1788009029833763,1788009030202911488,407956,407957,1788009030198102784,1788009030206435328,0.5770815450643777,8.33272933959961,3.5240650177001953,1346.1407017623258,569.2091240051029,1,721.9702165386697,574.1948930568338,1
1025,1025,34.166666666666664,34.267704010009766,34.267704010009766,1788009029867191,1788009030236340736,407960,407961,1788009030231435008,1788009030239768832,0.5886593809006122,8.333683013916016,3.4279823303222656,1345.8424162635533,567.0299361525219,1,721.3249041091193,572.8753765849177,1
1026,1026,34.2,34.30114197731018,34.30114197731018,1788009029900629,1788009030269780224,407964,407965,1788009030264768256,1788009030273101056,0.6014592274678111,8.33272933959961,3.320932388305664,1345.6756561006137,563.5014095919078,1,720.474217408029,571.3183879015727,1
1027,1027,34.233333333333334,34.33457088470459,34.33457088470459,1788009029934058,1788009030303209984,407968,407969,1788009030298100480,1788009030306433536,0.6131727275328317,8.332967758178711,3.223419189453125,1345.0598267114633,560.4699076393172,1,720.1066522660417,570.4239271848019,1
1028,1028,34.266666666666666,34.3680100440979,34.3680100440979,1788009029967497,1788009030336650496,407972,407973,1788009030331432704,1788009030339766784,0.6260620798169074,8.333921432495117,3.1163692474365234,1344.8067148836835,558.029253551295,1,718.9988192235971,569.3502421594395,1
1029,1029,34.3,34.40143895149231,34.40143895149231,1788009030000926,1788009030370080512,407976,407977,1788009030364766208,1788009030373099008,0.6377499928471289,8.332967758178711,3.018617630004883,1344.423226012576,555.860437518582,1,718.0801881280531,567.2888217961643,1
1030,1030,34.333333333333336,34.43487596511841,34.43487596511841,1788009030034363,1788009030403518720,407980,407981,1788009030398098432,1788009030406432512,0.6503790587898727,8.333921432495117,2.9137134552001953,1344.3744196205469,553.4091925609102,1,717.477146974674,565.1050978530062,1
1031,1031,34.36666666666667,34.46831393241882,34.46831393241882,1788009030067801,1788009030436957952,407984,407985,1788009030431431680,1788009030439764480,0.6631759656652361,8.33272933959961,2.8066635131835938,1344.0072911374223,551.651882319179,1,716.8408199724422,563.3706449561896,1
1032,1032,34.4,34.50174283981323,34.50174283981323,1788009030101230,1788009030470387712,407988,407989,1788009030464764160,1788009030473096960,0.6748783977110158,8.33272933959961,2.7091503143310547,1344.0753640330715,549.856619013042,1,716.4097458029509,561.8784967048472,1
1033,1033,34.43333333333333,34.53517985343933,34.53517985343933,1788009030134667,1788009030503825920,407992,407993,1788009030498096128,1788009030506430208,0.6875125160921184,8.333921432495117,2.604246139526367,1344.3499084764858,548.3526744024143,1,715.9269217507527,560.6016043362413,1
1034,1034,34.46666666666667,34.56860899925232,34.56860899925232,1788009030168096,1788009030537256192,407996,407997,1788009030531429632,1788009030539762432,0.6992360733598466,8.332967758178711,2.506256103515625,1344.5224708047235,547.5983673859879,1,715.096131206525,559.4087907572648,1
1035,1035,34.5,34.60204601287842,34.60204601287842,1788009030201533,1788009030570693888,408000,408001,1788009030564761856,1788009030573094912,0.7118823495751194,8.332967758178711,2.4008750915527344,1344.6589615367805,546.1352008293882,1,714.2127189596174,557.7944564988135,1
1036,1036,34.53333333333333,34.63548183441162,34.63548183441162,1788009030234969,1788009030604130560,408004,408005,1788009030598094336,1788009030606428160,0.7243026748676871,8.333921432495117,2.297639846801758,1344.788450333215,544.20129409703,1,713.0349194692841,555.6359228299638,1
1037,1037,34.56666666666667,34.668911933898926,34.668911933898926,1788009030268399,1788009030637561344,408008,408009,1788009030631427584,1788009030639760128,0.7361087267525036,8.33272933959961,2.198934555053711,1345.207765572033,540.9730125484596,1,711.9507287715855,553.715178566086,1
1038,1038,34.6,34.70234799385071,34.70234799385071,1788009030301835,1788009030670998528,408012,408013,1788009030664759808,1788009030673092608,0.7486981402002861,8.33272933959961,2.0940303802490234,1345.8860898610294,538.4416189856144,1,710.7146243382992,551.9707598331393,1
1039,1039,34.63333333333333,34.735787868499756,34.735787868499756,1788009030335275,1788009030704439552,408016,408017,1788009030698092288,1788009030706425856,0.7616581793213938,8.333683013916016,1.9862651824951172,1346.4855316881017,536.0659731817576,1,709.5151492815838,550.3332599689173,1
1040,1040,34.666666666666664,34.76921796798706,34.76921796798706,1788009030368705,1788009030737870848,408020,408021,1788009030731425536,1788009030739758336,0.7735050071530758,8.33272933959961,1.8873214721679688,1346.98979778999,535.2515494023435,1,709.0226633962089,549.5077988507957,1
1041,1041,34.7,34.80264687538147,34.80264687538147,1788009030402134,1788009030771301120,408024,408025,1788009030764757760,1788009030773090560,0.7852421962175617,8.332967758178711,1.7895698547363281,1346.805853482145,534.7241959303552,1,708.6996803410146,549.1555431323368,1
1042,1042,34.733333333333334,34.83608293533325,34.83608293533325,1788009030435570,1788009030804738304,408028,408029,1788009030798091008,1788009030806423808,0.7977168035249349,8.332967758178711,1.6856193542480469,1347.0266657924853,533.6789704949168,1,708.6144487651823,549.3418621217079,1
1043,1043,34.766666666666666,34.86951184272766,34.86951184272766,1788009030468999,1788009030838168320,408032,408033,1788009030831423232,1788009030839756032,0.8094706723891273,8.33272933959961,1.5876293182373047,1346.9905288426721,533.7481826734474,1,709.1927312346265,550.3017682035709,1
1044,1044,34.8,34.902950048446655,34.902950048446655,1788009030502437,1788009030871607808,408036,408037,1788009030864754688,1788009030873088256,0.8223379298506609,8.333683013916016,1.4805793762207031,1347.1066511459312,533.6256428077414,1,709.5649700507498,550.6666041730924,1
1045,1045,34.833333333333336,34.936378955841064,34.936378955841064,1788009030535866,1788009030905037568,408040,408041,1788009030898087936,1788009030906420736,0.8340200286123033,8.33272933959961,1.383066177368164,1347.5234325059712,532.8961468463299,1,709.7098174100283,550.7836377009471,1
1046,1046,34.86666666666667,34.969817876815796,34.969817876815796,1788009030569305,1788009030938477824,408044,408045,1788009030931420160,1788009030939752960,0.846957168607479,8.332967758178711,1.2753009796142578,1347.5850389054376,532.5647299244033,1,709.8274360125258,551.0049207384247,1
1047,1047,34.9,35.00325298309326,35.00325298309326,1788009030602740,1788009030971913984,408048,408049,1788009030964752384,1788009030973086464,0.8593334286940352,8.333921432495117,1.1723041534423828,1348.6611068314037,531.1637411896454,1,710.0104528982149,551.3850381275265,1
1048,1048,34.93333333333333,35.0366849899292,35.0366849899292,1788009030636172,1788009031005347328,408052,408053,1788009030998085632,1788009031006418688,0.8714199879831764,8.332967758178711,1.0714530944824219,1349.7130206126792,530.4422232598479,1,710.134527809902,551.3443673944395,1
1049,1049,34.96666666666667,35.07012104988098,35.07012104988098,1788009030669608,1788009031038784768,408056,408057,1788009031031418112,1788009031039751936,0.8839364897725647,8.333921432495117,0.9672641754150391,1350.8171199373462,530.3230650794814,1,709.9641740455547,550.8485584173179,1
1050,1050,35.0,35.10354995727539,35.10354995727539,1788009030703037,1788009031072214528,408060,408061,1788009031064751360,1788009031073084160,0.895650929899857,8.33272933959961,0.8695125579833984,1351.6672785926314,530.4904010155186,1,709.9289617677599,550.4200712744858,1
1051,1051,35.03333333333333,35.13698601722717,35.13698601722717,1788009030736473,1788009031105651968,408064,408065,1788009031098083840,1788009031106416384,0.9082403433476395,8.33272933959961,0.7646083831787109,1352.11884721993,530.112126333175,1,709.7670800577692,551.0670753597333,1
1052,1052,35.06666666666667,35.1704158782959,35.1704158782959,1788009030769903,1788009031139082752,408068,408069,1788009031131416064,1788009031139749888,0.919951936831264,8.333683013916016,0.6670951843261719,1352.2652056226461,530.0993939688439,1,709.1179712627502,550.7842113163731,1
1053,1053,35.1,35.2038459777832,35.2038459777832,1788009030803333,1788009031172514048,408072,408073,1788009031164749056,1788009031173082112,0.9318188320791966,8.332967758178711,0.5681514739990234,1352.314639226814,529.9800282185514,1,709.1021852513546,550.9119902441212,1
1054,1054,35.13333333333333,35.23727583885193,35.23727583885193,1788009030836763,1788009031205945088,408076,408077,1788009031198081536,1788009031206414336,0.9436639867242711,8.332967758178711,0.46944618225097656,1352.2149855341002,530.2926613437195,1,709.0681276431367,550.7830923433664,1
1055,1055,35.166666666666664,35.27071285247803,35.27071285247803,1788009030870200,1788009031239383296,408080,408081,1788009031231413760,1788009031239747840,0.956258046059219,8.333921432495117,0.36454200744628906,1352.1850171324118,530.5653582672626,1,708.8965954029663,550.7586200289929,1
1056,1056,35.2,35.30414390563965,35.30414390563965,1788009030903631,1788009031272815360,408084,408085,1788009031264747264,1788009031273079808,0.9682689556509299,8.33272933959961,0.2644062042236328,1352.3042435346993,530.6031389463833,1,708.9826371815659,551.3927710798912,1
1057,1057,35.233333333333334,35.33757996559143,35.33757996559143,1788009030937067,1788009031306252800,408088,408089,1788009031298079488,1788009031306412288,0.9808583690987125,8.33272933959961,0.1595020294189453,1352.797304874625,530.815486510029,1,709.1973352915018,551.4688787776648,1
1058,1058,35.266666666666666,35.37100887298584,35.37100887298584,1788009030970496,1788009031339682560,408092,408093,1788009031331411712,1788009031339745536,0.9924472163414774,8.333683013916016,0.0629425048828125,1353.0246859772203,531.6724252890483,1,709.2600392920288,551.4134617773863,1
1059,1059,35.3,35.404446840286255,35.404446840286255,1788009031003934,1788009031373121792,408097,408098,1788009031373077760,1788009031381410560,0.005264663805436338,8.33272933959961,0.0438690185546875,1353.0267267622028,532.4566823052126,1,709.7980535003901,551.7345407463781,1
1060,1060,35.333333333333336,35.43787598609924,35.43787598609924,1788009031037363,1788009031406551808,408101,408102,1788009031406410240,1788009031414743808,0.016993763231675917,8.333683013916016,0.14162063598632812,1352.8243345414687,534.2432234956408,1,710.5650166496309,552.7962436213874,1
1061,1061,35.36666666666667,35.47130584716797,35.47130584716797,1788009031070793,1788009031439982848,408105,408106,1788009031439743488,1788009031448076288,0.02872675250357654,8.33272933959961,0.23937225341796875,1352.406677606665,538.3928204077703,1,711.9682313588523,554.9046901903342,1
1062,1062,35.4,35.50474286079407,35.50474286079407,1788009031104230,1788009031473420544,408109,408110,1788009031473075712,1788009031481409536,0.04139608067515377,8.333921432495117,0.34499168395996094,1351.8043148922739,543.4926216661156,1,714.1183346406794,558.3512068694349,1
1063,1063,35.43333333333333,35.538172006607056,35.538172006607056,1788009031137659,1788009031506850816,408113,408114,1788009031506408960,1788009031514742016,0.05301708105633601,8.332967758178711,0.4417896270751953,1351.061449613168,548.3207434590352,1,716.0255153577891,561.0034742417399,1
1064,1064,35.46666666666667,35.57160997390747,35.57160997390747,1788009031171097,1788009031540289280,408117,408118,1788009031539741184,1788009031548074240,0.06577780321020858,8.332967758178711,0.5481243133544922,1350.8425321271811,553.8422732176639,1,717.7988754745194,563.7974768539085,1
1065,1065,35.5,35.605047941207886,35.605047941207886,1788009031204535,1788009031573728512,408121,408122,1788009031573073664,1788009031581407488,0.07858675439851237,8.333921432495117,0.6549358367919922,1350.2538508924474,557.2985245052596,1,719.1515357752706,566.9356021334811,1
1066,1066,35.53333333333333,35.63847589492798,35.63847589492798,1788009031237963,1788009031607157760,408125,408126,1788009031606406912,1788009031614739712,0.09010014306151645,8.33272933959961,0.7507801055908203,1349.2451323814937,560.8398941143294,1,721.0815139349126,571.0265004244895,1
1067,1067,35.56666666666667,35.671913862228394,35.671913862228394,1788009031271401,1788009031640596992,408129,408130,1788009031639739392,1788009031648071936,0.10291845493562232,8.33272933959961,0.8575916290283203,1348.2411090384785,564.4194320947772,1,722.5899905704616,574.4880046291872,1
1068,1068,35.6,35.7053439617157,35.7053439617157,1788009031304831,1788009031674028032,408133,408134,1788009031673071616,1788009031681405184,0.11477942438633633,8.333683013916016,0.9565353393554688,1347.7778955178533,565.8137146069635,1,724.1361264092076,577.1772560639384,1
1069,1069,35.63333333333333,35.738770961761475,35.738770961761475,1788009031338258,1788009031707456000,408137,408138,1788009031706404864,1788009031714737664,0.1261516452074392,8.33272933959961,1.051187515258789,1346.9925785189164,567.1134519301759,1,724.8038779560768,577.3843337352802,1
1070,1070,35.666666666666664,35.77220892906189,35.77220892906189,1788009031371696,1788009031740895232,408141,408142,1788009031739737088,1788009031748069888,0.13899459242940115,8.332967758178711,1.1582374572753906,1345.7409400644474,569.7924420381971,1,724.5010398809943,577.2263172847075,1
1071,1071,35.7,35.8056378364563,35.8056378364563,1788009031405125,1788009031774325248,408145,408146,1788009031773069312,1788009031781403392,0.15070805321127165,8.333921432495117,1.2559890747070312,1344.4822772088964,571.1626952594288,1,724.809820998524,577.3686958791452,1
1072,1072,35.733333333333334,35.83907604217529,35.83907604217529,1788009031438563,1788009031807764736,408149,408150,1788009031806402560,1788009031814735360,0.1634620886981402,8.33272933959961,1.3620853424072266,1343.4358236022645,571.4964932468843,1,725.0298669795341,577.6794173050644,1
1073,1073,35.766666666666666,35.87250590324402,35.87250590324402,1788009031471993,1788009031841195776,408153,408154,1788009031839735040,1788009031848068608,0.17528752074154602,8.333683013916016,1.4607906341552734,1342.5556465736693,571.1783607318931,1,724.9797026206883,577.1651776896219,1
1074,1074,35.8,35.90593504905701,35.90593504905701,1788009031505422,1788009031874626048,408157,408158,1788009031873067264,1788009031881400064,0.18706723891273247,8.33272933959961,1.5587806701660156,1341.5686249820756,570.2128771078529,1,724.509651222892,575.548904041682,1
1075,1075,35.833333333333336,35.939371824264526,35.939371824264526,1788009031538859,1788009031908064000,408161,408162,1788009031906399488,1788009031914732544,0.1997653858258705,8.332967758178711,1.6646385192871094,1340.9367270942098,566.5140685585496,1,723.8510094143704,574.0761183879811,1
1076,1076,35.86666666666667,35.97280192375183,35.97280192375183,1788009031572289,1788009031941495296,408165,408166,1788009031939731712,1788009031948065792,0.21158632527535404,8.333921432495117,1.7633438110351562,1340.8062844175856,562.0353334848351,1,722.8743604742145,571.3464151243786,1
1077,1077,35.9,36.00623297691345,36.00623297691345,1788009031605720,1788009031974927360,408169,408170,1788009031973065216,1788009031981398016,0.2234843066006695,8.332967758178711,1.8622875213623047,1340.6021441616263,556.4948895507752,1,722.0864670318382,569.3714936512168,1
1078,1078,35.93333333333333,36.03966784477234,36.03966784477234,1788009031639155,1788009032008363776,408173,408174,1788009032006397440,1788009032014730240,0.2359656652360515,8.33272933959961,1.966238021850586,1341.0323488855183,551.1031145295393,1,721.254284132586,567.5971116974774,1
1079,1079,35.96666666666667,36.073097944259644,36.073097944259644,1788009031672585,1788009032041795072,408177,408178,1788009032039729920,1788009032048063488,0.247811409280769,8.333683013916016,2.0651817321777344,1340.7171883597123,546.7896808722048,1,721.1671108523155,566.5574858208115,1
1080,1080,36.0,36.10653591156006,36.10653591156006,1788009031706023,1788009032075234048,408181,408182,1788009032073063168,1788009032081395968,0.2605436337625179,8.33272933959961,2.171039581298828,1339.9946324987518,546.7458370612254,1,721.4175066852928,565.2834575440769,1
1081,1081,36.03333333333333,36.13996386528015,36.13996386528015,1788009031739451,1788009032108663296,408185,408186,1788009032106395392,1788009032114729216,0.2721290839388911,8.333683013916016,2.2678375244140625,1339.2267753549495,547.2250725677593,1,721.1791683876975,564.5857426160354,1
1082,1082,36.06666666666667,36.17339491844177,36.17339491844177,1788009031772882,1788009032142095616,408189,408190,1788009032139728640,1788009032148061440,0.2840548196045893,8.332967758178711,2.3670196533203125,1339.3305278324651,547.3697334514895,1,721.1908971212935,563.9801794323541,1
1083,1083,36.1,36.20683193206787,36.20683193206787,1788009031806319,1788009032175533568,408193,408194,1788009032173060864,1788009032181393920,0.29672970730451204,8.332967758178711,2.4726390838623047,1339.264260149298,547.5446274610734,1,721.0100805024235,563.7426917921538,1
1084,1084,36.13333333333333,36.24026083946228,36.24026083946228,1788009031839748,1788009032208963328,408197,408198,1788009032206393344,1788009032214727168,0.3083965097983121,8.333921432495117,2.5701522827148438,1339.2396703919355,545.704951317984,1,720.6554276651707,563.6150377745707,1
1085,1085,36.166666666666664,36.273699045181274,36.273699045181274,1788009031873186,1788009032242402816,408201,408202,1788009032239726592,1788009032248059392,0.321173104434907,8.33272933959961,2.676248550415039,1339.4840747663393,545.2651070500317,1,720.3959986038262,563.081759884897,1
1086,1086,36.2,36.30713486671448,36.30713486671448,1788009031906622,1788009032275839744,408205,408206,1788009032273058816,1788009032281391616,0.33373390557939914,8.33272933959961,2.780914306640625,1339.9363936576315,545.13166861614,1,720.1982633354573,562.4559566172843,1
1087,1087,36.233333333333334,36.340564012527466,36.340564012527466,1788009031940051,1788009032309270016,408209,408210,1788009032306391296,1788009032314724864,0.3454254162613721,8.333683013916016,2.8786659240722656,1340.2416946493909,544.4169238128896,1,720.0002160315157,562.6368082160902,1
1088,1088,36.266666666666666,36.374001026153564,36.374001026153564,1788009031973488,1788009032342708224,408213,408214,1788009032339724544,1788009032348057344,0.3580543633762518,8.33272933959961,2.983570098876953,1340.4038648892683,544.2693893038568,1,719.9700162983293,563.1139735004951,1
1089,1089,36.3,36.407431840896606,36.407431840896606,1788009032006919,1788009032376140032,408217,408218,1788009032373056768,1788009032381389568,0.3700323309776544,8.332967758178711,3.083467483520508,1340.3075313503082,544.1802552171258,1,719.9230427663736,563.2509981688706,1
1090,1090,36.333333333333336,36.44086790084839,36.44086790084839,1788009032040355,1788009032409577472,408221,408222,1788009032406388992,1788009032414722816,0.3825775997711343,8.333921432495117,3.1883716583251953,1340.2179715407603,544.1077445720618,1,719.7453295495354,563.3180638902754,1
1091,1091,36.36666666666667,36.47429800033569,36.47429800033569,1788009032073785,1788009032443008768,408225,408226,1788009032439722240,1788009032448055040,0.3943919885550787,8.33272933959961,3.2863616943359375,1340.0616914045181,544.1358042642172,1,719.3717323319881,563.2934602860814,1
1092,1092,36.4,36.50773596763611,36.50773596763611,1788009032107223,1788009032476447744,408229,408230,1788009032473054720,1788009032481388288,0.4071637008639927,8.333683013916016,3.3931732177734375,1340.2239418208108,545.1010036412277,1,718.8433668977261,563.5951732084005,1
1093,1093,36.43333333333333,36.54116487503052,36.54116487503052,1788009032140652,1788009032509878016,408233,408234,1788009032506387968,1788009032514720768,0.418826895565093,8.33272933959961,3.489971160888672,1340.0499328781527,545.7198686904634,1,718.0778162325686,564.064718457246,1
1094,1094,36.46666666666667,36.574601888656616,36.574601888656616,1788009032174089,1788009032543316224,408237,408238,1788009032539720192,1788009032548052992,0.4315307582260372,8.33272933959961,3.5958290100097656,1341.110888243856,546.6791589730414,1,717.0952648111388,565.0776480782288,1
1095,1095,36.5,36.608038902282715,36.608038902282715,1788009032207526,1788009032576754688,408241,408242,1788009032573052416,1788009032581386240,0.4442282935202403,8.333921432495117,3.7021636962890625,1342.598704799369,546.9499858790864,1,715.7477228862685,565.8405367518462,1
1096,1096,36.53333333333333,36.6414680480957,36.6414680480957,1788009032240955,1788009032610184960,408245,408246,1788009032606385664,1788009032614718720,0.4559240078967698,8.332967758178711,3.7992000579833984,1343.8684614636877,549.9137804961717,1,714.7060399440536,566.5951116713005,1
1097,1097,36.56666666666667,36.67489695549011,36.67489695549011,1788009032274384,1788009032643614464,408249,408250,1788009032639718144,1788009032648050944,0.46759749363394465,8.332967758178711,3.896474838256836,1345.4048076939112,553.1686361613099,1,713.7813059544326,567.8403891235025,1
1098,1098,36.6,36.70833492279053,36.70833492279053,1788009032307822,1788009032677053440,408253,408254,1788009032673050368,1788009032681384448,0.4803318552424546,8.333921432495117,4.003047943115234,1347.0355791514667,555.9839372950257,1,713.1252847051142,569.2259631302085,1
1099,1099,36.63333333333333,36.74176502227783,36.74176502227783,1788009032341252,1788009032710484224,408257,408258,1788009032706383616,1788009032714716416,0.4921030042918455,8.33272933959961,4.100561141967773,1348.5923424461562,558.2926466993549,1,713.0155559531229,570.3193947452347,1
1100,1100,36.666666666666664,36.77519488334656,36.77519488334656,1788009032374682,1788009032743915008,408261,408262,1788009032739716096,1788009032748048896,0.5039198855507868,8.33272933959961,4.133701324462891,1349.0206792767167,559.1803047760029,1,713.0899827514772,571.4650538622842,1
1101,1101,36.7,36.80862498283386,36.80862498283386,1788009032408112,1788009032777345792,408265,408266,1788009032773048064,1788009032781382144,0.5156916034902017,8.333921432495117,4.036188125610352,1349.5678566246174,559.5391021371751,1,713.5619096292395,573.1513255136456,1
1102,1102,36.733333333333334,36.84206199645996,36.84206199645996,1788009032441549,1788009032810785280,408269,408270,1788009032806381568,1788009032814714368,0.5284827329690137,8.332967758178711,3.92913818359375,1349.583117468514,559.3781293509476,1,713.7219723983719,574.5646435033992,1
1103,1103,36.766666666666666,36.875497817993164,36.875497817993164,1788009032474985,1788009032844221952,408273,408274,1788009032839713792,1788009032848046848,0.5409859517610369,8.332967758178711,3.824949264526367,1350.0232093620996,560.7102920063772,1,715.0653653502952,576.7254536649436,1
1104,1104,36.8,36.90892696380615,36.90892696380615,1788009032508414,1788009032877651968,408277,408278,1788009032873046272,1788009032881378816,0.5527324749642346,8.33272933959961,3.726959228515625,1350.5180633483571,562.7005377872688,1,716.1402524568197,577.8114392428384,1
1105,1105,36.833333333333336,36.94236493110657,36.94236493110657,1788009032541852,1788009032911090688,408281,408282,1788009032906378496,1788009032914711296,0.5654935622317596,8.33272933959961,3.620624542236328,1350.9450285811456,564.2561518800138,1,716.5123580792588,577.691055903648,1
1106,1106,36.86666666666667,36.97579383850098,36.97579383850098,1788009032575281,1788009032944520448,408285,408286,1788009032939710976,1788009032948044544,0.5771299422097614,8.333683013916016,3.5240650177001953,1351.0837216148307,566.4314534378296,1,716.4677165882456,578.9949658330214,1
1107,1107,36.9,37.00922393798828,37.00922393798828,1788009032608711,1788009032977951744,408289,408290,1788009032973044224,1788009032981376768,0.5889556509298999,8.33272933959961,3.425121307373047,1351.0565621636706,567.9925586854282,1,716.4857541585203,579.9992329851389,1
1108,1108,36.93333333333333,37.04266095161438,37.04266095161438,1788009032642148,1788009033011389952,408293,408294,1788009033006376192,1788009033014709248,0.6016709107035564,8.332967758178711,3.319263458251953,1350.7309350658322,569.4415850196866,1,716.5192173878088,581.2031327889085,1
1109,1109,36.96666666666667,37.07608985900879,37.07608985900879,1788009032675577,1788009033044819968,408297,408298,1788009033039708672,1788009033048042496,0.6133314261192963,8.333921432495117,3.2224655151367188,1350.8778881312833,570.2343972140324,1,716.5892982828984,582.5951370737394,1
1110,1110,37.0,37.10952091217041,37.10952091217041,1788009032709008,1788009033078252032,408301,408302,1788009033073041920,1788009033081374976,0.6252467740551058,8.332967758178711,3.1228065490722656,1350.9987360238301,571.0046583475718,1,716.3205777900342,583.7770109317387,1
1111,1111,37.03333333333333,37.14295792579651,37.14295792579651,1788009032742445,1788009033111690240,408305,408306,1788009033106374144,1788009033114707968,0.6378955198260571,8.333683013916016,3.0176639556884766,1351.3654923330928,572.3334020446355,1,716.2965420548862,584.8971803432785,1
1112,1112,37.06666666666667,37.17638802528381,37.17638802528381,1788009032775875,1788009033145121536,408309,408310,1788009033139707648,1788009033148040192,0.649728183118741,8.33272933959961,2.918720245361328,1351.570754789255,574.3352121806538,1,716.4201525346427,585.6669960086367,1
1113,1113,37.1,37.20982384681702,37.20982384681702,1788009032809311,1788009033178558464,408313,408314,1788009033173039872,1788009033181372672,0.6622889842632332,8.33272933959961,2.814054489135742,1352.0152124745746,575.068287648613,1,716.9752635659431,586.8203176883803,1
1114,1114,37.13333333333333,37.2432599067688,37.2432599067688,1788009032842747,1788009033211996160,408317,408318,1788009033206372096,1788009033214705920,0.6748390788156201,8.333921432495117,2.7098655700683594,1352.2072271607383,575.0698128319169,1,717.4195757870222,587.9249751733663,1
1115,1115,37.166666666666664,37.27668905258179,37.27668905258179,1788009032876176,1788009033245426432,408321,408322,1788009033239705344,1788009033248038400,0.6865611856599239,8.332967758178711,2.611875534057617,1352.5908337187934,575.9835060177398,1,717.8014967280376,588.7466916627053,1
1116,1116,37.2,37.310128927230835,37.310128927230835,1788009032909616,1788009033278867456,408325,408326,1788009033273037568,1788009033281370624,0.6996080226602959,8.332967758178711,2.5031566619873047,1352.892575781031,576.4080797567301,1,718.1463144734639,590.2819598175859,1
1117,1117,37.233333333333334,37.34355688095093,37.34355688095093,1788009032943044,1788009033312296448,408329,408330,1788009033306370048,1788009033314703872,0.711114289801173,8.333921432495117,2.407550811767578,1352.9935228711079,576.3397799440348,1,718.4264318125777,591.177194807343,1
1118,1118,37.266666666666666,37.376993894577026,37.376993894577026,1788009032976481,1788009033345734656,408333,408334,1788009033339703296,1788009033348036096,0.7238054363376252,8.33272933959961,2.301454544067383,1352.4195041315184,576.9675064620315,1,718.7704798643761,591.7123632819715,1
1119,1119,37.3,37.41042494773865,37.41042494773865,1788009033009912,1788009033379166720,408337,408338,1788009033373035776,1788009033381368320,0.7357653791130186,8.33272933959961,2.2017955780029297,1351.9660484686885,577.4367853052886,1,718.3129267550648,591.573933589802,1
1120,1120,37.333333333333336,37.443861961364746,37.443861961364746,1788009033043349,1788009033412604928,408341,408342,1788009033406368000,1788009033414701824,0.7483835898609601,8.333683013916016,2.096891403198242,1352.2121297054887,577.0084959233102,1,717.9013823092849,591.7524994514107,1
1121,1121,37.36666666666667,37.47728991508484,37.47728991508484,1788009033076777,1788009033446033920,408345,408346,1788009033439700992,1788009033448034048,0.7599782552716661,8.332967758178711,2.000093460083008,1351.9967983504262,576.5693077864224,1,717.6873971076263,592.4254474581126,1
1122,1122,37.4,37.51072692871094,37.51072692871094,1788009033110214,1788009033479472384,408349,408350,1788009033473033472,1788009033481366272,0.7727103659408887,8.332967758178711,1.8939971923828125,1351.9101227519488,576.6457364965595,1,717.3082704663186,592.4223749011903,1
1123,1123,37.43333333333333,37.54415583610535,37.54415583610535,1788009033143643,1788009033512902400,408353,408354,1788009033506365696,1788009033514699776,0.784351308825633,8.333921432495117,1.7971992492675781,1351.5522858794614,577.2898881053922,1,717.1797473115953,591.9132993010705,1
1124,1124,37.46666666666667,37.57759404182434,37.57759404182434,1788009033177081,1788009033546341632,408357,408358,1788009033539699200,1788009033548031744,0.797167381974249,8.33272933959961,1.6901493072509766,1351.2405519752476,577.1037435176816,1,717.1898757879673,592.4917612524602,1
1125,1125,37.5,37.611023902893066,37.611023902893066,1788009033210511,1788009033579772416,408361,408362,1788009033573031424,1788009033581364992,0.8088916862161698,8.333683013916016,1.5926361083984375,1351.2744965433235,577.0632763699422,1,717.4867953522951,593.2456190002451,1
1126,1126,37.53333333333333,37.64446187019348,37.64446187019348,1788009033243949,1788009033613211648,408365,408366,1788009033606364672,1788009033614697472,0.8216881258941344,8.33272933959961,1.4858245849609375,1351.3616639224647,578.2860588129267,1,717.6796515204844,593.9810450456973,1
1127,1127,37.56666666666667,37.677891969680786,37.677891969680786,1788009033277379,1788009033646642944,408369,408370,1788009033639697152,1788009033648029696,0.8335622317596566,8.33272933959961,1.386880874633789,1351.9309982103505,578.7134560108594,1,717.5025416952824,594.0491433213905,1
1128,1128,37.6,37.711320877075195,37.711320877075195,1788009033310808,1788009033680072704,408373,408374,1788009033673029120,1788009033681363200,0.8451723644686024,8.333921432495117,1.2903213500976562,1351.9908106702037,578.7566464910841,1,717.1493934694578,594.0359774338924,1
1129,1129,37.63333333333333,37.7447509765625,37.7447509765625,1788009033344238,1788009033713504000,408377,408378,1788009033706362368,1788009033714695424,0.8570284112042574,8.332967758178711,1.1913776397705078,1352.4700434786728,578.0444515496706,1,716.488084157796,593.6214159277569,1
1130,1130,37.666666666666664,37.77818584442139,37.77818584442139,1788009033377673,1788009033746940416,408381,408382,1788009033739694848,1788009033748027904,0.8695030185116306,8.332967758178711,1.0874271392822266,1352.768465055927,577.0965382017091,1,715.4455875997728,592.0446126452291,1
1131,1131,37.7,37.81161594390869,37.81161594390869,1788009033411103,1788009033780371712,408385,408386,1788009033773027072,1788009033781360896,0.8813011386393546,8.333683013916016,0.9891986846923828,1353.3292583402842,575.7114336406798,1,714.2543276610176,590.4547446695655,1
1132,1132,37.733333333333334,37.845046043395996,37.845046043395996,1788009033444533,1788009033813802752,408389,408390,1788009033806360576,1788009033814693120,0.8931330472103004,8.33272933959961,0.8904933929443359,1354.055698627449,574.3251446021355,1,713.1424753990417,588.9874953807755,1
1133,1133,37.766666666666666,37.87847590446472,37.87847590446472,1788009033477963,1788009033847233792,408393,408394,1788009033839692800,1788009033848025600,0.9049785407725321,8.33272933959961,0.7917881011962891,1354.5138324149527,572.9382523945055,1,712.0543860919673,587.9282856175902,1
1134,1134,37.8,37.91191291809082,37.91191291809082,1788009033511400,1788009033880671488,408397,408398,1788009033873025024,1788009033881357824,0.9176275356928271,8.332967758178711,0.6864070892333984,1354.6642955305717,571.3332171520605,1,711.2111391753806,586.6037031168755,1
1135,1135,37.833333333333336,37.94534182548523,37.94534182548523,1788009033544829,1788009033914101248,408401,408402,1788009033906357248,1788009033914690304,0.929329632914652,8.332967758178711,0.5888938903808594,1354.8613365187337,570.2977552433264,1,710.3796923650798,585.9929417754005,1
1136,1136,37.86666666666667,37.978780031204224,37.978780031204224,1788009033578267,1788009033947540224,408405,408406,1788009033939689728,1788009033948023552,0.942011157202117,8.333921432495117,0.4832744598388672,1354.4305160158196,569.2418723760875,1,709.9949302769348,585.0260191136891,1
1137,1137,37.9,38.012207984924316,38.012207984924316,1788009033611695,1788009033980969216,408409,408410,1788009033973022976,1788009033981355776,0.9536194563662375,8.33272933959961,0.3864765167236328,1353.9908905446928,568.8160764918507,1,710.3965463547697,584.4209846616334,1
1138,1138,37.93333333333333,38.04564690589905,38.04564690589905,1788009033645134,1788009034014409216,408413,408414,1788009034006355200,1788009034014688000,0.9665522174535051,8.33272933959961,0.27871131896972656,1352.8746765768753,566.9220441231946,1,710.6746082586787,583.8528600305216,1
1139,1139,37.96666666666667,38.079076051712036,38.079076051712036,1788009033678563,1788009034047840768,408417,408418,1788009034039687680,1788009034048021248,0.9783429650397666,8.333683013916016,0.1804828643798828,1352.377047115117,565.7885826909848,1,711.4435297748155,584.7308266190281,1
1140,1140,38.0,38.11250591278076,38.11250591278076,1788009033711993,1788009034081271296,408421,408422,1788009034073020928,1788009034081353728,0.9901287553648068,8.33272933959961,0.08225440979003906,1351.7992838548437,565.4191916254968,1,712.0351257632515,583.9320919122347,1
1141,1141,38.03333333333333,38.14594292640686,38.14594292640686,1788009033745430,1788009034114709504,408426,408427,1788009034114685952,1788009034123019776,0.0028036848429364306,8.333683013916016,0.023365020751953125,1351.0796915712679,565.6490962514949,1,712.9093996690242,584.0727271456801,1
1142,1142,38.06666666666667,38.179373025894165,38.179373025894165,1788009033778860,1788009034148140288,408430,408431,1788009034148019200,1788009034156352000,0.014506437768240343,8.33272933959961,0.12087821960449219,1350.7093923586879,565.3908206786588,1,714.016917120875,584.467862057775,1
1143,1143,38.1,38.21280288696289,38.21280288696289,1788009033812290,1788009034181571328,408434,408435,1788009034181351424,1788009034189685248,0.02637677013302818,8.333921432495117,0.21982192993164062,1349.3557035168722,565.4193318796819,1,715.1487979809904,583.7397409664623,1
1144,1144,38.13333333333333,38.24623203277588,38.24623203277588,1788009033845719,1788009034215001344,408438,408439,1788009034214684672,1788009034223017728,0.037996051615118306,8.332967758178711,0.316619873046875,1348.3661687547315,565.5772864360446,1,715.6043510459226,584.2902164842891,1
1145,1145,38.166666666666664,38.27966094017029,38.27966094017029,1788009033879148,1788009034248431360,408442,408443,1788009034248017152,1788009034256349952,0.04972676032159309,8.332967758178711,0.4143714904785156,1347.7381548298383,566.0576611589347,1,715.1355776415875,584.4803371726957,1
1146,1146,38.2,38.31309700012207,38.31309700012207,1788009033912584,1788009034281869056,408446,408447,1788009034281349376,1788009034289683456,0.0623372908024603,8.333921432495117,0.5195140838623047,1347.1291485810134,564.5647698290389,1,714.9924462221277,584.4549945464136,1
1147,1147,38.233333333333334,38.346526861190796,38.346526861190796,1788009033946014,1788009034315299840,408450,408451,1788009034314682624,1788009034323015424,0.07404864091559371,8.33272933959961,0.6170272827148438,1346.4873047919652,563.0501403514289,1,715.0187850726348,584.3252941829802,1
1148,1148,38.266666666666666,38.37996482849121,38.37996482849121,1788009033979452,1788009034348738816,408454,408455,1788009034348015104,1788009034356347904,0.08686695278969957,8.33272933959961,0.7238388061523438,1345.9501693114205,560.6923431192215,1,715.0029640714333,584.9268434773697,1
1149,1149,38.3,38.413394927978516,38.413394927978516,1788009034012882,1788009034382169856,408458,408459,1788009034381347328,1788009034389681152,0.09870115008296619,8.333683013916016,0.8225440979003906,1345.2335776575242,560.0873371479856,1,715.412763054434,585.5411225131867,1
1150,1150,38.333333333333336,38.44683289527893,38.44683289527893,1788009034046320,1788009034415609088,408462,408463,1788009034414680576,1788009034423013376,0.1114417327115104,8.332967758178711,0.9286403656005859,1344.5821176543648,559.455073335456,1,716.2083440140641,586.0964775450308,1
1151,1151,38.36666666666667,38.4802680015564,38.4802680015564,1788009034079755,1788009034449045504,408466,408467,1788009034448012800,1788009034456345856,0.12391634001888358,8.332967758178711,1.0325908660888672,1344.3280061594432,558.7122221061097,1,716.5888913861752,586.2544456830935,1
1152,1152,38.4,38.513700008392334,38.513700008392334,1788009034113187,1788009034482478592,408470,408471,1788009034481345280,1788009034489679104,0.13600343298526676,8.333921432495117,1.1334419250488281,1344.8569551012677,557.9061699709363,1,716.7981574340998,585.6261260120126,1
1153,1153,38.43333333333333,38.547133922576904,38.547133922576904,1788009034146621,1788009034515913728,408474,408475,1788009034514678528,1788009034523011328,0.1482403433476395,8.33272933959961,1.2352466583251953,1344.2933644611007,558.2063575586631,1,716.9794962855472,585.2728519372423,1
1154,1154,38.46666666666667,38.58057188987732,38.58057188987732,1788009034180059,1788009034549353216,408478,408479,1788009034548010752,1788009034556343552,0.16108726752503577,8.33272933959961,1.3422966003417969,1343.9130102973465,558.6008773575941,1,717.1078000063816,584.6586806545967,1
1155,1155,38.5,38.614009857177734,38.614009857177734,1788009034213497,1788009034582791936,408482,408483,1788009034581344000,1788009034589676800,0.17376251788268957,8.33272933959961,1.447916030883789,1343.966032740174,559.0406758882846,1,717.2763063957389,584.7651492010858,1
1156,1156,38.53333333333333,38.64744687080383,38.64744687080383,1788009034246934,1788009034616229888,408486,408487,1788009034614676480,1788009034623009280,0.18643776824034336,8.33272933959961,1.5535354614257812,1343.8461325482353,559.6720869790948,1,717.3771561781537,584.7628393506754,1
1157,1157,38.56666666666667,38.680882930755615,38.680882930755615,1788009034280370,1788009034649667328,408490,408491,1788009034648008704,1788009034656342528,0.19902732084108138,8.333921432495117,1.6586780548095703,1344.0063965344689,560.3193728548492,1,717.464913167071,584.6942767228642,1
1158,1158,38.6,38.714313983917236,38.714313983917236,1788009034313801,1788009034683099392,408494,408495,1788009034681341952,1788009034689674752,0.21092386483934653,8.332967758178711,1.7576217651367188,1343.4388314188573,560.8403418408354,1,717.5716996461695,584.9894173481994,1
1159,1159,38.63333333333333,38.747750997543335,38.747750997543335,1788009034347238,1788009034716537600,408498,408499,1788009034714674176,1788009034723007232,0.2236273640239192,8.332967758178711,1.8634796142578125,1342.8767339776848,560.8270900416264,1,717.4672687258577,585.1458205308086,1
1160,1160,38.666666666666664,38.78117895126343,38.78117895126343,1788009034380666,1788009034749966592,408502,408503,1788009034748006656,1788009034756340224,0.23519482748755507,8.333683013916016,1.9600391387939453,1342.9821300533856,560.6256411838001,1,717.4424555095984,585.3132604670429,1
1161,1161,38.7,38.81461691856384,38.81461691856384,1788009034414104,1788009034783405824,408506,408507,1788009034781339904,1788009034789672704,0.24792560801144492,8.33272933959961,2.065896987915039,1342.601081404774,560.1235392249605,1,717.6329394581578,585.6322280208941,1
1162,1162,38.733333333333334,38.848052978515625,38.848052978515625,1788009034447540,1788009034816843008,408510,408511,1788009034814672128,1788009034823004928,0.26051502145922745,8.33272933959961,2.1708011627197266,1343.0325936313452,560.25783982707,1,717.6154354637018,586.0684575027223,1
1163,1163,38.766666666666666,38.881489992141724,38.881489992141724,1788009034480977,1788009034850281216,408514,408515,1788009034848004352,1788009034856338176,0.27320841081390357,8.333921432495117,2.276897430419922,1343.7309280006677,560.6316458023229,1,717.4699812723296,586.1388381703957,1
1164,1164,38.8,38.914921045303345,38.914921045303345,1788009034514408,1788009034883713536,408518,408519,1788009034881336576,1788009034889669632,0.2852278904752368,8.332967758178711,2.3767948150634766,1344.2313798546093,560.1552493920128,1,717.1539587420677,585.6664632348711,1
1165,1165,38.833333333333336,38.948357820510864,38.948357820510864,1788009034547845,1788009034917151488,408522,408523,1788009034914669056,1788009034923002880,0.297868688313546,8.333921432495117,2.4824142456054688,1344.8734176128564,559.0191216256452,1,717.0843844607855,585.7104003351586,1
1166,1166,38.86666666666667,38.98179483413696,38.98179483413696,1788009034581282,1788009034950589696,408526,408527,1788009034948002304,1788009034956335104,0.3105007153075823,8.33272933959961,2.5873184204101562,1344.786182019763,557.979534702077,1,716.9277771944386,584.7851586932493,1
1167,1167,38.9,39.01522493362427,39.01522493362427,1788009034614712,1788009034984020736,408530,408531,1788009034981334784,1788009034989667328,0.322346208869814,8.33272933959961,2.686023712158203,1344.9485457514338,557.0813214600262,1,716.7714484198599,583.7787601858348,1
1168,1168,38.93333333333333,39.04866290092468,39.04866290092468,1788009034648150,1788009035017459968,408534,408535,1788009035014667008,1788009035023000832,0.33512616581793214,8.333683013916016,2.792835235595703,1345.0039773193707,557.5530488968631,1,716.754820600638,582.9301739877991,1
1169,1169,38.96666666666667,39.082090854644775,39.082090854644775,1788009034681578,1788009035050888960,408538,408539,1788009035048000256,1788009035056333056,0.3466666666666667,8.33272933959961,2.8886795043945312,1345.2200781479553,558.6078895746599,1,716.976574822116,583.4878859991534,1
1170,1170,39.0,39.115527868270874,39.115527868270874,1788009034715015,1788009035084327168,408542,408543,1788009035081332480,1788009035089665536,0.3593888586878773,8.332967758178711,2.9947757720947266,1345.4235002153027,557.7724403288519,1,716.9099968231919,583.1191166473258,1
1171,1171,39.03333333333333,39.14895582199097,39.14895582199097,1788009034748443,1788009035117756160,408546,408547,1788009035114664704,1788009035122998784,0.37093405807466745,8.333921432495117,3.0913352966308594,1345.6167433844066,556.7679872999373,1,717.1314155664799,583.3649243954231,1
1172,1172,39.06666666666667,39.18239402770996,39.18239402770996,1788009034781881,1788009035151195648,408550,408551,1788009035147998208,1788009035156330752,0.3837195994277539,8.33272933959961,3.1974315643310547,1345.4511600327623,556.1886867844448,1,717.4465455858375,582.8087051532195,1
1173,1173,39.1,39.215831995010376,39.215831995010376,1788009034815319,1788009035184634624,408554,408555,1788009035181330432,1788009035189663232,0.3965379113018598,8.33272933959961,3.3042430877685547,1345.2797816017476,555.1555947875736,1,717.5287824071361,582.2473108212214,1
1174,1174,39.13333333333333,39.2492618560791,39.2492618560791,1788009034848749,1788009035218065664,408558,408559,1788009035214663680,1788009035222996480,0.4082689556509299,8.33272933959961,3.4019947052001953,1345.06073306388,555.3489176972998,1,717.5639677908445,581.9781454005289,1
1175,1175,39.166666666666664,39.282697916030884,39.282697916030884,1788009034882185,1788009035251502592,408562,408563,1788009035247996160,1788009035256328704,0.42080114449213163,8.33272933959961,3.5064220428466797,1344.852625883179,555.8608142985225,1,717.0725064128787,580.8448538248712,1
1176,1176,39.2,39.316128969192505,39.316128969192505,1788009034915616,1788009035284934400,408566,408567,1788009035281328128,1788009035289662208,0.43272779287655555,8.333921432495117,3.6063194274902344,1344.9951976019304,556.4166584473741,1,716.3571457596952,579.4429651716312,1
1177,1177,39.233333333333334,39.34956502914429,39.34956502914429,1788009034949052,1788009035318371328,408570,408571,1788009035314661376,1788009035322994432,0.4451947011530428,8.332967758178711,3.7097930908203125,1344.8601314225632,556.2535413138968,1,716.1368201788371,578.4137885208792,1
1178,1178,39.266666666666666,39.38299489021301,39.38299489021301,1788009034982482,1788009035351803648,408574,408575,1788009035347993856,1788009035356326912,0.45718291322136706,8.332967758178711,3.809690475463867,1344.6996456832358,555.8464729765814,1,716.1654013956635,577.5752615759585,1
1179,1179,39.3,39.41643190383911,39.41643190383911,1788009035015919,1788009035385241344,408578,408579,1788009035381326080,1788009035389660160,0.46977542554713203,8.333921432495117,3.915071487426758,1344.7046420992929,554.790383295721,1,716.0296620355455,576.9412174823565,1
1180,1180,39.333333333333336,39.449859857559204,39.449859857559204,1788009035049347,1788009035418669824,408582,408583,1788009035414659584,1788009035422992128,0.48125894134477826,8.33272933959961,4.010200500488281,1344.6859489709689,554.2807925549333,1,715.6450906387067,576.4780688637297,1
1181,1181,39.36666666666667,39.48328995704651,39.48328995704651,1788009035082777,1788009035452100608,408586,408587,1788009035447991808,1788009035456324608,0.4930758226037196,8.33272933959961,4.108667373657227,1344.643571009883,553.9674352579887,1,715.5315794251936,576.5500694219489,1
1182,1182,39.4,39.51672887802124,39.51672887802124,1788009035116216,1788009035485540864,408590,408591,1788009035481324032,1788009035489657856,0.505993420111572,8.333921432495117,4.117012023925781,1344.39572249351,554.5902983439648,1,715.5833637855662,576.7202217576329,1
1183,1183,39.43333333333333,39.55016493797302,39.55016493797302,1788009035149652,1788009035518978048,408594,408595,1788009035514657280,1788009035522990336,0.5185259363108352,8.332967758178711,4.012107849121094,1344.0869975464695,554.868672444388,1,715.8549874317019,577.1101636313765,1
1184,1184,39.46666666666667,39.58359503746033,39.58359503746033,1788009035183082,1788009035552409088,408598,408599,1788009035547989504,1788009035556322560,0.5303710909559097,8.332967758178711,3.913402557373047,1343.5380559520083,555.1970272591327,1,716.129712663095,577.4400185928021,1
1185,1185,39.5,39.61703300476074,39.61703300476074,1788009035216520,1788009035585848320,408602,408603,1788009035581321984,1788009035589655808,0.5431268774138177,8.333921432495117,3.807544708251953,1342.926157669297,555.7534455771353,1,716.1132490197098,578.0010655858108,1
1186,1186,39.53333333333333,39.65046191215515,39.65046191215515,1788009035249949,1788009035619278336,408606,408607,1788009035614655232,1788009035622988032,0.5548211731044349,8.33272933959961,3.709554672241211,1342.6778455684366,556.2898543710023,1,716.1846528503711,578.2108586639313,1
1187,1187,39.56666666666667,39.68389701843262,39.68389701843262,1788009035283384,1788009035652715008,408610,408611,1788009035647987712,1788009035656321280,0.5672598272014647,8.333683013916016,3.6063194274902344,1342.6358449962052,557.3131522092239,1,716.4466228678292,578.4239752546013,1
1188,1188,39.6,39.71732687950134,39.71732687950134,1788009035316814,1788009035686145792,408614,408615,1788009035681320960,1788009035689653760,0.579027181688126,8.33272933959961,3.507852554321289,1342.3252924539022,558.0572624150224,1,716.6520810708321,578.616413658046,1
1189,1189,39.63333333333333,39.75076389312744,39.75076389312744,1788009035350251,1788009035719584000,408618,408619,1788009035714653184,1788009035722985984,0.5917310443490701,8.33272933959961,3.4019947052001953,1341.9437971435243,558.8076385646008,1,716.6119848291899,578.7537503604466,1
1190,1190,39.666666666666664,39.784199953079224,39.784199953079224,1788009035383687,1788009035753021184,408622,408623,1788009035747985408,1788009035756319232,0.604262623372908,8.333921432495117,3.298044204711914,1341.5245312984794,559.4973319709643,1,716.5372608816158,578.9961173299498,1
1191,1191,39.7,39.81763291358948,39.81763291358948,1788009035417120,1788009035786455040,408626,408627,1788009035781318656,1788009035789651712,0.6164058252982747,8.332967758178711,3.1964778900146484,1341.3329421627586,560.0327656021303,1,716.5664088356577,579.0744919797506,1
1192,1192,39.733333333333334,39.85106801986694,39.85106801986694,1788009035450555,1788009035819891456,408630,408631,1788009035814651136,1788009035822983680,0.628898426323319,8.33272933959961,3.0922889709472656,1341.3093608075899,559.9291986677084,1,716.6371904384725,579.0824406999632,1
1193,1193,39.766666666666666,39.88449788093567,39.88449788093567,1788009035483985,1788009035853322496,408634,408635,1788009035847983360,1788009035856316928,0.640670595639984,8.333683013916016,2.994537353515625,1341.2131122570859,560.4499837237304,1,716.6823428051781,578.8028199611591,1
1194,1194,39.8,39.917927980422974,39.917927980422974,1788009035517415,1788009035886753536,408638,408639,1788009035881315584,1788009035889648384,0.6525894134477825,8.33272933959961,2.894878387451172,1341.0133571419242,561.7311902029281,1,716.8806020180376,578.9806703361457,1
1195,1195,39.833333333333336,39.95136499404907,39.95136499404907,1788009035550852,1788009035920191488,408642,408643,1788009035914647808,1788009035922981632,0.6651981118581033,8.333921432495117,2.790212631225586,1340.7427180002364,562.5684296949846,1,717.1458464721683,579.5134480730029,1
1196,1196,39.86666666666667,39.98479390144348,39.98479390144348,1788009035584281,1788009035953621504,408646,408647,1788009035947981056,1788009035956314112,0.6768905038482447,8.332967758178711,2.6924610137939453,1340.3339581726896,563.412467025052,1,717.7115496090692,580.1285239342177,1
1197,1197,39.9,40.0182318687439,40.0182318687439,1788009035617719,1788009035987060992,408650,408651,1788009035981313536,1788009035989646336,0.6897370604560671,8.332967758178711,2.5854110717773438,1339.6952074301594,564.0977163210925,1,718.3376368378002,580.8138707537312,1
1198,1198,39.93333333333333,40.051661014556885,40.051661014556885,1788009035651148,1788009036020491264,408654,408655,1788009036014645760,1788009036022979840,0.7014161064225433,8.333921432495117,2.488374710083008,1339.1113504034777,563.4611025669383,1,718.4372505134555,580.8048462311639,1
1199,1199,39.96666666666667,40.085089921951294,40.085089921951294,1788009035684577,1788009036053921536,408658,408659,1788009036047979008,1788009036056311808,0.7131330472103005,8.33272933959961,2.3903846740722656,1338.902507428682,563.9434832988035,1,718.9739519017947,580.731075349141,1
1200,1200,40.0,40.118528842926025,40.118528842926025,1788009035718016,1788009036087361536,408662,408663,1788009036081311488,1788009036089644288,0.726065808297568,8.33272933959961,2.2826194763183594,1338.5654303010892,566.0414728892516,1,719.8593245549332,581.4023463017389,1
1201,1201,40.03333333333333,40.15195894241333,40.15195894241333,1788009035751446,1788009036120792832,408666,408667,1788009036114643456,1788009036122977536,0.7378629666714347,8.333921432495117,2.184629440307617,1337.9223067627777,569.9532657026426,1,720.4370186676326,581.6498111244814,1
1202,1202,40.06666666666667,40.18539500236511,40.18539500236511,1788009035784882,1788009036154230016,408670,408671,1788009036147976960,1788009036156309760,0.7504220193985865,8.332967758178711,2.0797252655029297,1337.3154869640753,572.1558783446999,1,721.0242732331117,581.203281955793,1
1203,1203,40.1,40.218825817108154,40.218825817108154,1788009035818313,1788009036187661824,408674,408675,1788009036181309184,1788009036189642240,0.7623530084976109,8.332967758178711,1.9803047180175781,1336.8672047888213,573.3452597374817,1,721.2751343542488,579.6855281819678,1
1204,1204,40.13333333333333,40.252254009246826,40.252254009246826,1788009035851741,1788009036221091328,408678,408679,1788009036214641664,1788009036222975488,0.7739093119725361,8.333921432495117,1.8842220306396484,1336.4714490947288,574.5538414989742,1,721.6473226562978,579.2932997874495,1
1205,1205,40.166666666666664,40.285682916641235,40.285682916641235,1788009035885170,1788009036254521344,408682,408683,1788009036247974912,1788009036256307712,0.7856366237482117,8.33272933959961,1.7862319946289062,1336.268018613433,575.7775137775678,1,721.7577573230186,579.4426351204588,1
1206,1206,40.2,40.319119930267334,40.319119930267334,1788009035918607,1788009036287959552,408686,408687,1788009036281307136,1788009036289640960,0.7982491274246152,8.333683013916016,1.6813278198242188,1335.8683554756653,577.2628851357896,1,721.607462782954,579.3345909026298,1
1207,1207,40.233333333333334,40.35254883766174,40.35254883766174,1788009035952036,1788009036321389312,408690,408691,1788009036314640640,1788009036322973184,0.809928469241774,8.33272933959961,1.5838146209716797,1335.6572950839281,578.2094623351577,1,721.643792694171,579.9851270655292,1
1208,1208,40.266666666666666,40.385979890823364,40.385979890823364,1788009035985467,1788009036354821632,408694,408695,1788009036347972864,1788009036356305664,0.8219170243204578,8.33272933959961,1.483917236328125,1335.5032531004044,578.8744520700089,1,721.8972456428571,580.7183728050558,1
1209,1209,40.3,40.41941785812378,40.41941785812378,1788009036018905,1788009036388260864,408698,408699,1788009036381305088,1788009036389638912,0.8346445429838364,8.333921432495117,1.3780593872070312,1335.8290547661086,579.3983328824204,1,721.8293467291014,580.6887199071248,1
1210,1210,40.333333333333336,40.45284605026245,40.45284605026245,1788009036052333,1788009036421691136,408702,408703,1788009036414638336,1788009036422971136,0.8463849389144803,8.332967758178711,1.280069351196289,1336.1174709613051,579.6232114270664,1,722.373072181824,581.7653823379659,1
1211,1211,40.36666666666667,40.48627591133118,40.48627591133118,1788009036085763,1788009036455121920,408706,408707,1788009036447970560,1788009036456303360,0.8582260371959943,8.33272933959961,1.1813640594482422,1336.6248769867575,580.5446469586409,1,722.733828214944,582.1506917176677,1
1212,1212,40.4,40.51970601081848,40.51970601081848,1788009036119193,1788009036488552704,408710,408711,1788009036481303040,1788009036489636608,0.8699433541225611,8.333683013916016,1.0838508605957031,1337.437796204909,580.9181693913952,1,722.9219286883673,582.5449963065039,1
1213,1213,40.43333333333333,40.55314302444458,40.55314302444458,1788009036152630,1788009036521990656,408714,408715,1788009036514636288,1788009036522969088,0.8826037195994277,8.33272933959961,0.9782314300537109,1337.663581024909,580.6704508291485,1,723.3573557483887,583.0909519427304,1
1214,1214,40.46666666666667,40.58657193183899,40.58657193183899,1788009036186059,1788009036555420416,408718,408719,1788009036547968512,1788009036556301312,0.894277539341917,8.33272933959961,0.8809566497802734,1338.0251891738676,581.3808220239571,1,723.3897966997804,583.4235311191001,1
1215,1215,40.5,40.62000894546509,40.62000894546509,1788009036219496,1788009036588858112,408722,408723,1788009036581300736,1788009036589634560,0.9068230582177085,8.333921432495117,0.7765293121337891,1338.5145179226702,581.9563666073034,1,723.1394625085582,583.282847777961,1
1216,1216,40.53333333333333,40.65343904495239,40.65343904495239,1788009036252926,1788009036622288896,408726,408727,1788009036614633984,1788009036622967040,0.918628937655575,8.332967758178711,0.6780624389648438,1339.1914371201956,582.9199357783206,1,722.8798321135189,583.011444976835,1
1217,1217,40.56666666666667,40.686874866485596,40.686874866485596,1788009036286362,1788009036655726080,408730,408731,1788009036647966464,1788009036656299264,0.9311893794168979,8.332967758178711,0.5733966827392578,1339.834964219377,583.4430260062516,1,722.4325132762524,582.0592459513762,1
1218,1218,40.6,40.72030591964722,40.72030591964722,1788009036319793,1788009036689158144,408734,408735,1788009036681299712,1788009036689632768,0.9430631455466224,8.332967758178711,0.4744529724121094,1340.3111343964506,583.6506566136208,1,722.1901445707267,581.2774571574699,1
1219,1219,40.63333333333333,40.753741979599,40.753741979599,1788009036353229,1788009036722595328,408738,408739,1788009036714631936,1788009036722964736,0.9556795422031473,8.33272933959961,0.3693103790283203,1340.2756990431199,584.4297648732146,1,721.7821084639271,581.3771996896369,1
1220,1220,40.666666666666664,40.78717303276062,40.78717303276062,1788009036386660,1788009036756027392,408742,408743,1788009036747964416,1788009036756297984,0.9675287520741546,8.333683013916016,0.27060508728027344,1339.199235716324,584.153141645623,1,721.6105171772625,580.0126696395196,1
1221,1221,40.7,40.82060384750366,40.82060384750366,1788009036420091,1788009036789459456,408746,408747,1788009036781297664,1788009036789630464,0.9794849785407725,8.33272933959961,0.1709461212158203,1338.0589805665861,583.7394133930785,1,721.8825342132203,579.2540133802629,1
1222,1222,40.733333333333334,40.85403895378113,40.85403895378113,1788009036453526,1788009036822896128,408750,408751,1788009036814629888,1788009036822962688,0.9919887842980172,8.332967758178711,0.0667572021484375,1337.590901195138,583.488166329078,1,722.377756162759,580.1834811634892,1
1223,1223,40.766666666666666,40.88746786117554,40.88746786117554,1788009036486955,1788009036856325888,408755,408756,1788009036856295936,1788009036864627712,0.0035769472901047332,8.331775665283203,0.029802322387695312,1337.532510057405,583.5085200622442,1,722.7084256179718,581.0821737269242,1
1224,1224,40.8,40.920897006988525,40.920897006988525,1788009036520384,1788009036889756160,408759,408760,1788009036889627136,1788009036897961216,0.015477041911028465,8.333921432495117,0.1289844512939453,1337.8291124815466,583.1628378457511,1,722.4809223713047,581.4467817053827,1
1225,1225,40.833333333333336,40.954334020614624,40.954334020614624,1788009036553821,1788009036923194368,408763,408764,1788009036922960640,1788009036931293440,0.028067866441589654,8.332967758178711,0.2338886260986328,1338.1275945811403,582.7108861910024,1,722.293137227246,581.8308174924244,1
1226,1226,40.86666666666667,40.98776388168335,40.98776388168335,1788009036587251,1788009036956625408,408767,408768,1788009036956292864,1788009036964625920,0.03991302108666419,8.332967758178711,0.3325939178466797,1338.1105087802453,583.139453901119,1,722.14944795775,581.9509951968871,1
1227,1227,40.9,41.021201848983765,41.021201848983765,1788009036620689,1788009036990064640,408771,408772,1788009036989625088,1788009036997959168,0.052724932055499926,8.333921432495117,0.4394054412841797,1337.9806124263077,583.7590001596412,1,722.1708361329083,581.8445532383081,1
1228,1228,40.93333333333333,41.05463194847107,41.05463194847107,1788009036654119,1788009037023495680,408775,408776,1788009037022958592,1788009037031291136,0.06446351931330473,8.33272933959961,0.5371570587158203,1337.7674410442633,583.8125290067392,1,722.016344597502,581.9138516007175,1
1229,1229,40.96666666666667,41.088062047958374,41.088062047958374,1788009036687549,1788009037056926976,408779,408780,1788009037056290816,1788009037064623616,0.07633762517882689,8.33272933959961,0.6361007690429688,1337.6192493957778,583.8556440422095,1,721.6411731581327,581.6604616643631,1
1230,1230,41.0,41.12149095535278,41.12149095535278,1788009036720978,1788009037090356992,408783,408784,1788009037089623040,1788009037097956864,0.08808468030324704,8.333921432495117,0.7340908050537109,1337.5527452389897,584.0184516179238,1,721.6400355284709,581.3621676178713,1
1231,1231,41.03333333333333,41.15492081642151,41.15492081642151,1788009036754408,1788009037123788032,408787,408788,1788009037122956288,1788009037131289344,0.09982546994363538,8.332967758178711,0.8318424224853516,1337.2631546309287,584.2033759044936,1,721.8611050356714,582.1913383649284,1
1232,1232,41.06666666666667,41.18834900856018,41.18834900856018,1788009036787836,1788009037157217536,408791,408792,1788009037156288512,1788009037164621568,0.11147034419616034,8.332967758178711,0.9288787841796875,1337.1045410390407,584.4738207119508,1,721.870910156238,582.6468434093813,1
1233,1233,41.1,41.221778869628906,41.221778869628906,1788009036821266,1788009037190648320,408795,408796,1788009037189620992,1788009037197954816,0.12327277928765555,8.333921432495117,1.0273456573486328,1337.2158230921,584.5710733557777,1,721.8559296148279,582.3692596775023,1
1234,1234,41.13333333333333,41.25520896911621,41.25520896911621,1788009036854696,1788009037224079616,408799,408800,1788009037222954240,1788009037231287040,0.13505007153075824,8.33272933959961,1.125335693359375,1337.2784984754205,584.5641553926442,1,721.8071245004143,581.9995557923808,1
1235,1235,41.166666666666664,41.28863883018494,41.28863883018494,1788009036888126,1788009037257510656,408803,408804,1788009037256286720,1788009037264619264,0.14689556509298998,8.33272933959961,1.2240409851074219,1337.2746357606225,584.5873018644056,1,721.8838014006047,581.9470354466782,1
1236,1236,41.2,41.32206892967224,41.32206892967224,1788009036921556,1788009037290941952,408807,408808,1788009037289618944,1788009037297952768,0.158751501974023,8.333683013916016,1.3229846954345703,1337.111003353713,584.8214994068427,1,722.3113292586287,582.4275704786317,1
1237,1237,41.233333333333334,41.35549783706665,41.35549783706665,1788009036954985,1788009037324371968,408811,408812,1788009037322952192,1788009037331284992,0.1703862660944206,8.33272933959961,1.4197826385498047,1337.0061310302617,584.279829367257,1,722.217174102382,582.3170662740187,1
1238,1238,41.266666666666666,41.38892698287964,41.38892698287964,1788009036988414,1788009037357802496,408815,408816,1788009037356284416,1788009037364618240,0.18214847661278788,8.333921432495117,1.5180110931396484,1337.4338890769488,583.4123159648426,1,722.014410364734,582.4019714389764,1
1239,1239,41.3,41.42235088348389,41.42235088348389,1788009037021838,1788009037391227136,408819,408820,1788009037389617664,1788009037397950720,0.19315613287173472,8.332967758178711,1.6095638275146484,1337.5926495332112,582.3598816020392,1,722.0788668962354,581.5193955282812,1
1240,1240,41.333333333333336,41.455780029296875,41.455780029296875,1788009037055267,1788009037424657664,408823,408824,1788009037422950144,1788009037431282688,0.20492131616595136,8.33272933959961,1.7075538635253906,1337.4688696167564,581.1969857845339,1,723.0463599541304,580.4228231579555,1
1241,1241,41.36666666666667,41.489208936691284,41.489208936691284,1788009037088696,1788009037458087680,408827,408828,1788009037456282368,1788009037464615936,0.2166275676603536,8.333683013916016,1.8053054809570312,1337.4557089475743,580.4727418101198,1,723.5726711779852,579.0336624647584,1
1242,1242,41.4,41.5226309299469,41.5226309299469,1788009037122118,1788009037491510784,408831,408832,1788009037489615616,1788009037497948416,0.22743919885550787,8.33272933959961,1.8951892852783203,1337.3565853306216,579.3449354129309,1,723.7629393727063,578.280363023486,1
1243,1243,41.43333333333333,41.55605983734131,41.55605983734131,1788009037155547,1788009037524941056,408835,408836,1788009037522948096,1788009037531280640,0.23917024320457797,8.33272933959961,1.992940902709961,1336.3447992842064,578.4713040562037,1,723.7107750236135,577.5484216393763,1
1244,1244,41.46666666666667,41.58948993682861,41.58948993682861,1788009037188977,1788009037558372352,408839,408840,1788009037556280064,1788009037564614144,0.2510370476326706,8.333921432495117,2.092123031616211,1336.0408115371754,578.0389633261883,1,724.320757154431,576.6825988082051,1
1245,1245,41.5,41.622920989990234,41.622920989990234,1788009037222408,1788009037591804416,408843,408844,1788009037589613312,1788009037597946368,0.26293954393293467,8.332967758178711,2.1910667419433594,1335.3429241697463,579.0101679628145,1,725.3661080790154,576.5708067315356,1
1246,1246,41.53333333333333,41.65634298324585,41.65634298324585,1788009037255830,1788009037625227776,408847,408848,1788009037622945792,1788009037631278848,0.27384051958456124,8.332967758178711,2.2819042205810547,1335.1052062995195,579.4093837094842,1,726.2576027200555,576.0803761976111,1
1247,1247,41.56666666666667,41.689772844314575,41.689772844314575,1788009037289260,1788009037658658816,408851,408852,1788009037656278016,1788009037664612096,0.2856529824059505,8.333921432495117,2.3806095123291016,1334.6500198214449,580.0707203485454,1,727.376278446661,576.1080980974388,1
1248,1248,41.6,41.72320199012756,41.72320199012756,1788009037322689,1788009037692088832,408855,408856,1788009037689611520,1788009037697944064,0.297310443490701,8.33272933959961,2.477407455444336,1333.7122478301073,580.3511179324048,1,728.5352794157479,576.7570368037336,1
1249,1249,41.63333333333333,41.75662398338318,41.75662398338318,1788009037356111,1788009037725511424,408859,408860,1788009037722943744,1788009037731277568,0.30811924243291183,8.333683013916016,2.567768096923828,1332.467382164416,580.2183648276363,1,729.3846155998131,577.000056116172,1
1250,1250,41.666666666666664,41.79005289077759,41.79005289077759,1788009037389540,1788009037758940928,408863,408864,1788009037756276992,1788009037764609792,0.3196852646638054,8.33272933959961,2.663850784301758,1331.5715085053814,580.280582817916,1,729.8830427283738,576.4704540091075,1
1251,1251,41.7,41.82348299026489,41.82348299026489,1788009037422970,1788009037792371712,408867,408868,1788009037789609216,1788009037797942272,0.33152127263883724,8.332967758178711,2.7625560760498047,1330.962339072791,580.3696193363669,1,730.2102078737505,576.2540202580029,1
1252,1252,41.733333333333334,41.8569118976593,41.8569118976593,1788009037456399,1788009037825801984,408871,408872,1788009037822941440,1788009037831275520,0.3432413102560435,8.333921432495117,2.860546112060547,1330.670611371062,579.3938210777897,1,730.3072480558917,576.544212279992,1
1253,1253,41.766666666666666,41.89033484458923,41.89033484458923,1788009037489822,1788009037859226112,408875,408876,1788009037856274944,1788009037864606720,0.35423224403365194,8.331775665283203,2.951383590698242,1330.5192985280514,580.0541433201487,1,730.3037897745037,576.8443808976554,1
1254,1254,41.8,41.92376494407654,41.92376494407654,1788009037523252,1788009037892657408,408879,408880,1788009037889606144,1788009037897938944,0.36618025751072963,8.33272933959961,3.051280975341797,1330.5005222298769,581.0925632776737,1,730.1851170735431,576.7569235486473,1
1255,1255,41.833333333333336,41.95718693733215,41.95718693733215,1788009037556674,1788009037926080512,408883,408884,1788009037922938624,1788009037931272192,0.37700978428792126,8.333683013916016,3.1418800354003906,1330.7570735382237,580.8608090500494,1,729.6353438351698,575.9350911434442,1
1256,1256,41.86666666666667,41.99061703681946,41.99061703681946,1788009037590104,1788009037959512064,408887,408888,1788009037956271872,1788009037964604672,0.3888412017167382,8.33272933959961,3.2401084899902344,1331.195014617996,580.7542891917911,1,729.3038086736998,575.5374833999426,1
1257,1257,41.9,42.02403998374939,42.02403998374939,1788009037623527,1788009037992936192,408891,408892,1788009037989604096,1788009037997937920,0.3998283507366614,8.333921432495117,3.3321380615234375,1331.6192718049406,580.7565882441265,1,728.7151333033315,575.2887410435306,1
1258,1258,41.93333333333333,42.05746793746948,42.05746793746948,1788009037656955,1788009038026365184,408895,408896,1788009038022937344,1788009038031270144,0.4113759262968155,8.332967758178711,3.4279823303222656,1331.7271455914204,580.6924120872616,1,728.0452479243932,575.7549032302124,1
1259,1259,41.96666666666667,42.0908899307251,42.0908899307251,1788009037690377,1788009038059788544,408899,408900,1788009038056269568,1788009038064602368,0.4222889842632332,8.33272933959961,3.518819808959961,1331.9740392169272,581.5602917839938,1,727.6683557664209,575.7969215918367,1
1260,1260,42.0,42.12431883811951,42.12431883811951,1788009037723806,1788009038093218304,408903,408904,1788009038089602048,1788009038097935616,0.4339417520169365,8.333683013916016,3.6163330078125,1332.2543983901805,582.7007686312799,1,727.2605343376547,575.670195427316,1
1261,1261,42.03333333333333,42.15774989128113,42.15774989128113,1788009037757237,1788009038126650624,408907,408908,1788009038122935296,1788009038131268096,0.44586552217453507,8.33272933959961,3.7152767181396484,1332.14834705484,582.8757834408957,1,727.0655199238207,576.1774925143558,1
1262,1262,42.06666666666667,42.19117283821106,42.19117283821106,1788009037790660,1788009038160074496,408911,408912,1788009038156267520,1788009038164600320,0.45685264663805436,8.33272933959961,3.8068294525146484,1332.2499679204225,583.3790609601858,1,726.8772960262318,577.158609496069,1
1263,1263,42.1,42.224602937698364,42.224602937698364,1788009037824090,1788009038193505792,408915,408916,1788009038189599744,1788009038197933568,0.4686883135459877,8.333921432495117,3.9060115814208984,1332.4228491091576,583.9242883087164,1,726.9162565119324,578.6514793206973,1
1264,1264,42.13333333333333,42.25803184509277,42.25803184509277,1788009037857519,1788009038226936064,408919,408920,1788009038222932992,1788009038231266048,0.4803868272724672,8.332967758178711,4.003047943115234,1332.9994027778994,584.1601827926958,1,727.6400007228619,581.6956374240498,1
1265,1265,42.166666666666664,42.29145288467407,42.29145288467407,1788009037890940,1788009038260358400,408923,408924,1788009038256265472,1788009038264598272,0.49117335698549397,8.332967758178711,4.092931747436523,1332.9029510352557,584.2532105595718,1,728.3661751228578,583.7955267622779,1
1266,1266,42.2,42.32488393783569,42.32488393783569,1788009037924371,1788009038293790464,408927,408928,1788009038289597696,1788009038297931776,0.5031039908453726,8.333921432495117,4.141092300415039,1332.8603635618958,583.2961846527461,1,728.9766350194482,585.2042895417363,1
1267,1267,42.233333333333334,42.3583128452301,42.3583128452301,1788009037957800,1788009038327220480,408931,408932,1788009038322930944,1788009038331263744,0.5147639484978541,8.33272933959961,4.043340682983398,1332.4249351383207,583.4225160280904,1,729.349571688642,585.9755757898649,1
1268,1268,42.266666666666666,42.391741037368774,42.391741037368774,1788009037991228,1788009038360649472,408935,408936,1788009038356263424,1788009038364596992,0.5263203066887909,8.333683013916016,3.9474964141845703,1332.3893336936019,584.0737640324195,1,729.5558980485835,586.8477938253901,1
1269,1269,42.3,42.425171852111816,42.425171852111816,1788009038024659,1788009038394081536,408939,408940,1788009038389596672,1788009038397929472,0.5382260371959943,8.33272933959961,3.847837448120117,1332.9763350823766,584.055134558724,1,729.6455598574607,586.6871029870279,1
1270,1270,42.333333333333336,42.458603858947754,42.458603858947754,1788009038058091,1788009038427514880,408943,408944,1788009038422928896,1788009038431261696,0.5503419072415667,8.332967758178711,3.7469863891601562,1333.6628856303018,583.8916646269724,1,729.6799374956847,586.9800213090521,1
1271,1271,42.36666666666667,42.492032051086426,42.492032051086426,1788009038091519,1788009038460944128,408947,408948,1788009038456261120,1788009038464595200,0.561922471749392,8.333921432495117,3.6509037017822266,1333.9629943545096,583.7477429881807,1,729.7474868987199,586.3280388287283,1
1272,1272,42.4,42.52545499801636,42.52545499801636,1788009038124942,1788009038494368000,408951,408952,1788009038489594368,1788009038497927424,0.5728591456610683,8.332967758178711,3.5593509674072266,1334.3473946750605,583.7107275650285,1,729.2626430814312,586.3805413465327,1
1273,1273,42.43333333333333,42.55888390541077,42.55888390541077,1788009038158371,1788009038527798272,408955,408956,1788009038522926848,1788009038531259648,0.5846065808297568,8.33272933959961,3.4613609313964844,1334.7609887957674,584.2144252925709,1,729.1196533136379,587.671584102974,1
1274,1274,42.46666666666667,42.5923068523407,42.5923068523407,1788009038191794,1788009038561222400,408959,408960,1788009038556259072,1788009038564592896,0.595554156891915,8.333683013916016,3.370523452758789,1335.1561924316823,583.8885957333939,1,728.6415503574856,588.5680574567926,1
1275,1275,42.5,42.62573599815369,42.62573599815369,1788009038225223,1788009038594652928,408963,408964,1788009038589592576,1788009038597925120,0.6072961373390557,8.33272933959961,3.2722949981689453,1335.7472534596411,584.0247113467028,1,728.666312195291,589.0104730990146,1
1276,1276,42.53333333333333,42.65916395187378,42.65916395187378,1788009038258651,1788009038628081920,408967,408968,1788009038622924800,1788009038631257600,0.6188841201716738,8.33272933959961,3.1757354736328125,1335.943345772969,584.5510031328953,1,728.5609204602184,589.7845678410303,1
1277,1277,42.56666666666667,42.692594051361084,42.692594051361084,1788009038292081,1788009038661513216,408971,408972,1788009038656257024,1788009038664590848,0.630696609927049,8.333921432495117,3.0777454376220703,1336.477711106704,585.3970061716051,1,728.5044185069858,590.2094433355995,1
1278,1278,42.6,42.72602295875549,42.72602295875549,1788009038325510,1788009038694943232,408975,408976,1788009038689590272,1788009038697923072,0.6423850533604188,8.332967758178711,2.9799938201904297,1336.547736461769,586.075965487045,1,728.9786580883272,591.2759156054701,1
1279,1279,42.63333333333333,42.759454011917114,42.759454011917114,1788009038358941,1788009038728375552,408979,408980,1788009038722922496,1788009038731255296,0.6543919885550786,8.33272933959961,2.8798580169677734,1336.4530713185916,586.8199372866591,1,729.2488489142158,592.6358610666215,1
1280,1280,42.666666666666664,42.79288291931152,42.79288291931152,1788009038392370,1788009038761805568,408983,408984,1788009038756254976,1788009038764588544,0.6660468043714596,8.333683013916016,2.783060073852539,1336.553241169856,588.3194649333905,1,729.2804334789698,593.3211217955132,1
1281,1281,42.7,42.826313972473145,42.826313972473145,1788009038425801,1788009038795237888,408987,408988,1788009038789588224,1788009038797921024,0.6779971387696709,8.33272933959961,2.6831626892089844,1336.7810389941585,589.012226191208,1,728.8861808004931,593.3775708057996,1
1282,1282,42.733333333333334,42.859742879867554,42.859742879867554,1788009038459230,1788009038828667648,408991,408992,1788009038822920448,1788009038831254272,0.6896206442753333,8.333683013916016,2.5866031646728516,1336.6029648699655,589.3070538110733,1,728.5883300200912,593.3572588129032,1
1283,1283,42.766666666666666,42.89317202568054,42.89317202568054,1788009038492659,1788009038862097920,408995,408996,1788009038856253952,1788009038864585728,0.7014250558003777,8.331775665283203,2.487659454345703,1336.406436888266,589.4790753395908,1,728.5269284820204,593.8137810931191,1
1284,1284,42.8,42.92660188674927,42.92660188674927,1788009038526089,1788009038895528960,408999,409000,1788009038889584896,1788009038897917952,0.7133129238076164,8.332967758178711,2.3889541625976562,1336.2540981610941,589.0771872694799,1,728.6157909645785,594.1154709004294,1
1285,1285,42.833333333333336,42.96002984046936,42.96002984046936,1788009038559517,1788009038928958208,409003,409004,1788009038922917376,1788009038931251200,0.7248462308682592,8.333921432495117,2.293109893798828,1336.147351102202,589.8832056239337,1,728.9941811862095,594.3690302867204,1
1286,1286,42.86666666666667,42.993459939956665,42.993459939956665,1788009038592947,1788009038962388992,409007,409008,1788009038956250624,1788009038964583424,0.7366523605150215,8.33272933959961,2.1944046020507812,1336.7782190692121,589.7651233983344,1,728.9612891727513,594.4340692644662,1
1287,1287,42.9,43.026890993118286,43.026890993118286,1788009038626378,1788009038995820800,409011,409012,1788009038989583104,1788009038997916672,0.7484980259769983,8.333683013916016,2.095937728881836,1336.8353408397725,589.2332867532101,1,728.4346109768012,594.6531858752434,1
1288,1288,42.93333333333333,43.06032204627991,43.06032204627991,1788009038659809,1788009039029252608,409015,409016,1788009039022916352,1788009039031249152,0.7604005722460658,8.33272933959961,1.9965171813964844,1336.2802997988338,589.0570547312566,1,728.4185690613801,595.0490114160177,1
1289,1289,42.96666666666667,43.09374284744263,43.09374284744263,1788009038693230,1788009039062674176,409019,409020,1788009039056248320,1788009039064581376,0.7711367342851421,8.332967758178711,1.9071102142333984,1335.7960788240566,589.7418497821909,1,728.7819704380016,595.4293937396822,1
1290,1290,43.0,43.12717294692993,43.12717294692993,1788009038726660,1788009039096105472,409023,409024,1788009039089580800,1788009039097914624,0.7829208982978114,8.333921432495117,1.8091201782226562,1335.2964841234937,589.6541514606128,1,729.3373265677546,595.8119429119972,1
1291,1291,43.03333333333333,43.160603046417236,43.160603046417236,1788009038760090,1788009039129536768,409027,409028,1788009039122914048,1788009039131247104,0.7947698206059912,8.332967758178711,1.7101764678955078,1335.060692847353,590.6683304679908,1,729.7721044802546,595.9106504405707,1
1292,1292,43.06666666666667,43.194031953811646,43.194031953811646,1788009038793519,1788009039162967040,409031,409032,1788009039156246528,1788009039164579072,0.8065236051502146,8.33272933959961,1.6121864318847656,1334.875039424515,590.5840724829541,1,729.854741843893,595.7352555303953,1
1293,1293,43.1,43.22745990753174,43.22745990753174,1788009038826947,1788009039196396288,409035,409036,1788009039189578752,1788009039197912576,0.8180751845282371,8.333683013916016,1.516103744506836,1334.683138361338,589.8640231487957,1,730.1244155189756,595.1496748866575,1
1294,1294,43.13333333333333,43.26088285446167,43.26088285446167,1788009038860370,1788009039229820416,409039,409040,1788009039222912000,1788009039231244800,0.8290701001430615,8.33272933959961,1.4243125915527344,1334.5730442558067,589.1149981764019,1,730.4629444216838,593.8429902066008,1
1295,1295,43.166666666666664,43.294312953948975,43.294312953948975,1788009038893800,1788009039263251712,409043,409044,1788009039256244480,1788009039264577024,0.8409442060085837,8.33272933959961,1.325368881225586,1334.620719017975,588.9442222579362,1,730.7697889774125,592.8819920476241,1
1296,1296,43.2,43.3277428150177,43.3277428150177,1788009038927230,1788009039296682496,409047,409048,1788009039289576448,1788009039297910528,0.852667715634387,8.333921432495117,1.2278556823730469,1334.6721623550884,588.4407498632345,1,731.2693603511235,591.7723317292788,1
1297,1297,43.233333333333334,43.361172914505005,43.361172914505005,1788009038960660,1788009039330113792,409051,409052,1788009039322909952,1788009039331242752,0.8645246201825413,8.332967758178711,1.1289119720458984,1334.6852333239394,588.389631068982,1,731.7790733068359,591.7576795187492,1
1298,1298,43.266666666666666,43.394601821899414,43.394601821899414,1788009038994089,1788009039363544064,409055,409056,1788009039356242176,1788009039364574976,0.8762804005722461,8.33272933959961,1.0309219360351562,1334.8829951339956,588.3733971346109,1,731.4573645654372,591.5482551766938,1
1299,1299,43.3,43.42802381515503,43.42802381515503,1788009039027511,1788009039396966912,409059,409060,1788009039389574400,1788009039397908224,0.8870515534702752,8.333683013916016,0.9412765502929688,1335.3491415249264,588.0281763219837,1,731.2722400737141,591.1961747108357,1
1300,1300,43.333333333333336,43.461453914642334,43.461453914642334,1788009039060941,1788009039430397952,409063,409064,1788009039422907904,1788009039431240448,0.8988841201716739,8.33272933959961,0.8425712585449219,1335.2526357916922,588.372314529047,1,731.1901128376595,591.6104256955226,1
1301,1301,43.36666666666667,43.49488401412964,43.49488401412964,1788009039094371,1788009039463829504,409067,409068,1788009039456240128,1788009039464573952,0.910682611432168,8.333683013916016,0.7443428039550781,1335.6206424227507,588.1933529142398,1,731.0237680968046,591.6722890668091,1
1302,1302,43.4,43.52831196784973,43.52831196784973,1788009039127799,1788009039497258752,409071,409072,1788009039489573376,1788009039497906176,0.9222889842632331,8.33272933959961,0.6475448608398438,1335.8426280505594,587.9000115176832,1,730.880607515722,592.0403701220529,1
1303,1303,43.43333333333333,43.56174182891846,43.56174182891846,1788009039161229,1788009039530689792,409075,409076,1788009039522905600,1788009039531238656,0.9341363623358416,8.332967758178711,0.5488395690917969,1335.9750698392097,587.9593031123346,1,730.7908993211324,592.8314031968423,1
1304,1304,43.46666666666667,43.595170974731445,43.595170974731445,1788009039194658,1788009039564119808,409079,409080,1788009039556237824,1788009039564571904,0.9457588327850093,8.333921432495117,0.4520416259765625,1336.0089042702275,587.9547757265269,1,731.098064033564,593.3323819349755,1
1305,1305,43.5,43.628602027893066,43.628602027893066,1788009039228089,1788009039597552384,409083,409084,1788009039589571328,1788009039597904128,0.9577694486566908,8.332967758178711,0.35190582275390625,1335.9581593316882,587.8064235881852,1,731.2364307249709,593.4801701123635,1
1306,1306,43.53333333333333,43.662024974823,43.662024974823,1788009039261512,1788009039630976512,409087,409088,1788009039622903552,1788009039631236352,0.9688125894134478,8.33272933959961,0.2598762512207031,1335.6823828155007,586.8982753056458,1,731.1625644609961,593.7851228225621,1
1307,1307,43.56666666666667,43.69545292854309,43.69545292854309,1788009039294940,1788009039664405248,409091,409092,1788009039656236032,1788009039664569600,0.9802883790124163,8.333683013916016,0.16427040100097656,1335.9897882446085,586.4927018707848,1,730.5567651255096,593.4961045425671,1
1308,1308,43.6,43.72887682914734,43.72887682914734,1788009039328364,1788009039697830144,409095,409096,1788009039689569280,1788009039697902080,0.9913876967095852,8.33272933959961,0.07176399230957031,1335.660779832733,585.8251548747402,1,730.2215922090331,593.8545062930946,1
1309,1309,43.63333333333333,43.76230597496033,43.76230597496033,1788009039361793,1788009039731260416,409100,409101,1788009039731234304,1788009039739567872,0.003146993191051096,8.333683013916016,0.026226043701171875,1335.8019206787187,584.8709194671741,1,730.2111915005611,593.6619592067997,1
1310,1310,43.666666666666664,43.79572796821594,43.79572796821594,1788009039395215,1788009039764683776,409104,409105,1788009039764567552,1788009039772900352,0.013934191702432045,8.33272933959961,0.11610984802246094,1335.567676378591,584.3591301981882,1,729.9501223648799,593.477083238722,1
1311,1311,43.7,43.829155921936035,43.829155921936035,1788009039428643,1788009039798112512,409108,409109,1788009039797900032,1788009039806232576,0.025522174535050072,8.33272933959961,0.21266937255859375,1335.5908022705767,584.5319363044055,1,729.4847459844016,593.8471717915942,1
1312,1312,43.733333333333334,43.862586975097656,43.862586975097656,1788009039462074,1788009039831544832,409112,409113,1788009039831233280,1788009039839566080,0.037396280400572246,8.33272933959961,0.3116130828857422,1335.831234108447,584.192907376946,1,728.5110295427367,593.7709054160605,1
1313,1313,43.766666666666666,43.89601683616638,43.89601683616638,1788009039495504,1788009039864975872,409116,409117,1788009039864564480,1788009039872897280,0.04938342250579383,8.332967758178711,0.4115104675292969,1335.6521280800935,582.8229616214057,1,727.7337737634963,594.1694597865628,1
1314,1314,43.8,43.92944598197937,43.92944598197937,1788009039528933,1788009039898406144,409120,409121,1788009039897896704,1788009039906230784,0.06113574595909026,8.333921432495117,0.5095005035400391,1335.4540556977627,582.9052170300616,1,726.7731842472717,594.0229981096365,1
1315,1315,43.833333333333336,43.9628689289093,43.9628689289093,1788009039562356,1788009039931830528,409124,409125,1788009039931229952,1788009039939562752,0.07204577968526467,8.33272933959961,0.6003379821777344,1335.4035546422026,581.9284037307751,1,726.1073613133838,593.4199488310111,1
1316,1316,43.86666666666667,43.99629783630371,43.99629783630371,1788009039595785,1788009039965260800,409128,409129,1788009039964562432,1788009039972895232,0.08380543633762517,8.33272933959961,0.6983280181884766,1334.7176707113704,580.2102416925351,1,725.5270634563353,590.8664309696669,1
1317,1317,43.9,44.02972888946533,44.02972888946533,1788009039629216,1788009039998692864,409132,409133,1788009039997894656,1788009040006228480,0.09578302912399153,8.333683013916016,0.7982254028320312,1333.620025901095,578.5107843402014,1,724.9853393288503,591.5563213860937,1
1318,1318,43.93333333333333,44.06315898895264,44.06315898895264,1788009039662646,1788009040032124160,409136,409137,1788009040031227904,1788009040039560704,0.1075791822837687,8.332967758178711,0.896453857421875,1333.463992554145,576.8065107348325,1,724.4942657730946,592.0526530177798,1
1319,1319,43.96666666666667,44.09658694267273,44.09658694267273,1788009039696074,1788009040065553152,409140,409141,1788009040064560128,1788009040072894208,0.11915319696752968,8.333921432495117,0.9930133819580078,1333.7807524556915,575.0933268090085,1,723.905602023234,590.6010745591714,1
1320,1320,44.0,44.13001585006714,44.13001585006714,1788009039729503,1788009040098983168,409144,409145,1788009040097893376,1788009040106226432,0.13078309633486881,8.332967758178711,1.0898113250732422,1334.2419868010338,576.4853961390814,1,723.6605270859678,591.6817401147608,1
1321,1321,44.03333333333333,44.16344499588013,44.16344499588013,1788009039762932,1788009040132413696,409148,409149,1788009040131225856,1788009040139558656,0.1425464949928469,8.33272933959961,1.1878013610839844,1335.1347924461852,577.9393165053519,1,722.7557743872266,591.6410170752852,1
1322,1322,44.06666666666667,44.19687604904175,44.19687604904175,1788009039796363,1788009040165845760,409152,409153,1788009040164558080,1788009040172891904,0.1545173656806088,8.333683013916016,1.287698745727539,1334.9905493726305,578.8160893636413,1,721.740273297763,591.8871613305225,1
1323,1323,44.1,44.23031401634216,44.23031401634216,1788009039829801,1788009040199284480,409156,409157,1788009040197891584,1788009040206224128,0.16718168812589412,8.33272933959961,1.3930797576904297,1334.5842239852288,579.6708619382795,1,721.3945197700713,593.9658411409623,1
1324,1324,44.13333333333333,44.26374292373657,44.26374292373657,1788009039863230,1788009040232714496,409160,409161,1788009040231223808,1788009040239556608,0.17888412017167382,8.33272933959961,1.4905929565429688,1334.7769076806735,583.2876791475533,1,721.1717547063283,594.6559169503836,1
1325,1325,44.166666666666664,44.29717302322388,44.29717302322388,1788009039896660,1788009040266145280,409164,409165,1788009040264556032,1788009040272889856,0.19070233156916036,8.333921432495117,1.5892982482910156,1335.31491281079,585.6846378538977,1,720.9539728598613,596.1299152423471,1
1326,1326,44.2,44.330601930618286,44.330601930618286,1788009039930089,1788009040299575040,409168,409169,1788009040297889280,1788009040306222080,0.20231180795971504,8.332967758178711,1.6858577728271484,1335.462037365282,588.0208804861857,1,721.0747486019649,597.8759368020095,1
1327,1327,44.233333333333334,44.36403203010559,44.36403203010559,1788009039963519,1788009040333006336,409172,409173,1788009040331221504,1788009040339554304,0.21419170243204577,8.33272933959961,1.7848014831542969,1335.5670939191439,588.4675353636289,1,720.6836686834445,598.424669809697,1
1328,1328,44.266666666666666,44.3974609375,44.3974609375,1788009039996948,1788009040366436608,409176,409177,1788009040364553984,1788009040372887552,0.22589689305944957,8.333683013916016,1.8825531005859375,1335.813870220437,588.8628193663868,1,720.6598375115109,598.7953711537031,1
1329,1329,44.3,44.43088984489441,44.43088984489441,1788009040030377,1788009040399866624,409180,409181,1788009040397887232,1788009040406220032,0.23753934191702433,8.33272933959961,1.9793510437011719,1336.323743475294,589.4545375633998,1,720.4024796398968,598.9759812446891,1
1330,1330,44.333333333333336,44.46432685852051,44.46432685852051,1788009040063814,1788009040433304832,409184,409185,1788009040431219456,1788009040439552256,0.2502432045779685,8.33272933959961,2.0852088928222656,1336.9360857496831,589.6784574431535,1,719.9533987293671,598.9259027720071,1
1331,1331,44.36666666666667,44.49775791168213,44.49775791168213,1788009040097245,1788009040466737152,409188,409189,1788009040464552960,1788009040472885504,0.2621173104434907,8.33272933959961,2.184152603149414,1338.0197444397513,590.2267394244121,1,719.3116083309011,598.9066973602219,1
1332,1332,44.4,44.531188011169434,44.531188011169434,1788009040130675,1788009040500168448,409192,409193,1788009040497884928,1788009040506217984,0.2740121884924609,8.332967758178711,2.283334732055664,1338.7754398398024,589.8809236030158,1,718.7762943769918,598.9836960292322,1
1333,1333,44.43333333333333,44.56461787223816,44.56461787223816,1788009040164105,1788009040533599232,409196,409197,1788009040531217408,1788009040539551232,0.2857960234587327,8.333921432495117,2.3818016052246094,1339.2548131668295,589.1049677719293,1,718.254362576242,599.7624753377236,1
1334,1334,44.46666666666667,44.59805393218994,44.59805393218994,1788009040197541,1788009040567036416,409200,409201,1788009040564550656,1788009040572883712,0.2983033389602586,8.332967758178711,2.4857521057128906,1340.8167439395293,589.3091098406535,1,717.9265738012971,600.4454473164598,1
1335,1335,44.5,44.63148283958435,44.63148283958435,1788009040230970,1788009040600466176,409204,409205,1788009040597882880,1788009040606215680,0.3100143061516452,8.33272933959961,2.5832653045654297,1341.3727188224489,591.1045391425653,1,717.4095439021137,600.7281394076449,1
1336,1336,44.53333333333333,44.664912939071655,44.664912939071655,1788009040264400,1788009040633897472,409208,409209,1788009040631215360,1788009040639548928,0.32185157635749845,8.333683013916016,2.682209014892578,1341.8277746685249,592.0423421952339,1,717.9462172381081,601.7181334334712,1
1337,1337,44.56666666666667,44.69834089279175,44.69834089279175,1788009040297828,1788009040667326720,409212,409213,1788009040664548608,1788009040672881408,0.3333905579399142,8.33272933959961,2.7780532836914062,1342.2763086865652,592.728583738422,1,718.4716624655251,602.3312034664376,1
1338,1338,44.6,44.73177194595337,44.73177194595337,1788009040331259,1788009040700759296,409216,409217,1788009040697880832,1788009040706213632,0.3454264541787073,8.332967758178711,2.878427505493164,1342.6275728835571,593.8588184264877,1,718.7355960451854,602.9995903445929,1
1339,1339,44.63333333333333,44.76520085334778,44.76520085334778,1788009040364688,1788009040734189312,409220,409221,1788009040731213056,1788009040739547136,0.35711629237591186,8.333921432495117,2.9761791229248047,1343.2393211528276,594.4837062545463,1,719.0020722974289,603.9062360009355,1
1340,1340,44.666666666666664,44.79863095283508,44.79863095283508,1788009040398118,1788009040767620608,409224,409225,1788009040764546304,1788009040772879360,0.3689164830763068,8.332967758178711,3.074169158935547,1343.3504857072357,595.0347151161296,1,720.1801955229456,604.7159356583921,1
1341,1341,44.7,44.83206105232239,44.83206105232239,1788009040431548,1788009040801051648,409228,409229,1788009040797878784,1788009040806211584,0.3807725321888412,8.33272933959961,3.1728744506835938,1343.8373931825217,595.7354447061949,1,721.1747374912316,605.1809181105666,1
1342,1342,44.733333333333334,44.86549091339111,44.86549091339111,1788009040464978,1788009040834482432,409232,409233,1788009040831211008,1788009040839544832,0.39254448704010986,8.333683013916016,3.271341323852539,1343.968241803408,596.3377486005563,1,721.7450449170427,605.790694291945,1
1343,1343,44.766666666666666,44.89892101287842,44.89892101287842,1788009040498408,1788009040867913728,409236,409237,1788009040864543488,1788009040872876288,0.4044635193133047,8.33272933959961,3.3702850341796875,1343.4346290767685,596.6348283923952,1,722.5425740884889,606.1687155994427,1
1344,1344,44.8,44.932350873947144,44.932350873947144,1788009040531838,1788009040901344768,409240,409241,1788009040897875456,1788009040906209536,0.4162780718066085,8.333921432495117,3.469228744506836,1343.7364388525966,596.8066287633864,1,723.2599023660895,606.5184292507622,1
1345,1345,44.833333333333336,44.96578001976013,44.96578001976013,1788009040565267,1788009040934775040,409244,409245,1788009040931208960,1788009040939541760,0.42797058739377986,8.332967758178711,3.566265106201172,1343.8314065318893,597.4413366321854,1,723.5554071517101,606.4038395862582,1
1346,1346,44.86666666666667,44.99920892715454,44.99920892715454,1788009040598696,1788009040968205312,409248,409249,1788009040964541184,1788009040972874240,0.43970129610025466,8.332967758178711,3.6640167236328125,1343.8005878804552,596.6688085189967,1,723.4776962286628,605.7783605831828,1
1347,1347,44.9,45.03263783454895,45.03263783454895,1788009040632125,1788009041001635328,409252,409253,1788009040997873664,1788009041006207232,0.45139325971276534,8.333683013916016,3.761768341064453,1343.7536077972115,596.3836366245072,1,723.8152783046143,605.0244771356857,1
1348,1348,44.93333333333333,45.066076040267944,45.066076040267944,1788009040665563,1788009041035074816,409256,409257,1788009041031206912,1788009041039539456,0.46417739628040056,8.33272933959961,3.8678646087646484,1343.7726738877614,595.2679729560604,1,723.8160967621354,604.1699683935781,1
1349,1349,44.96666666666667,45.09950590133667,45.09950590133667,1788009040698993,1788009041068505856,409260,409261,1788009041064539136,1788009041072871936,0.47602288984263236,8.33272933959961,3.9665699005126953,1343.4765251442216,594.2153883954767,1,723.9114322696205,602.875415616141,1
1350,1350,45.0,45.132936000823975,45.132936000823975,1788009040732423,1788009041101937152,409264,409265,1788009041097872384,1788009041106205184,0.48778254649499286,8.33272933959961,4.0645599365234375,1343.2568622254976,592.9727998494,1,724.0531809068657,601.905248292189,1
1351,1351,45.03333333333333,45.1663658618927,45.1663658618927,1788009040765853,1788009041135368192,409268,409269,1788009041131204608,1788009041139537664,0.49964235644187577,8.332967758178711,4.163503646850586,1342.7707652078789,592.0298458320276,1,724.1001742645208,601.0614852359507,1
1352,1352,45.06666666666667,45.19979381561279,45.19979381561279,1788009040799281,1788009041168796928,409272,409273,1788009041164536832,1788009041172870912,0.5111715062222858,8.333921432495117,4.073858261108398,1342.1718905436326,591.546782618158,1,724.304511436682,600.0493365356109,1
1353,1353,45.1,45.233224868774414,45.233224868774414,1788009040832712,1788009041202229248,409276,409277,1788009041197870336,1788009041206203136,0.5231037738548253,8.332967758178711,3.9739608764648438,1341.8380931605059,591.003579291982,1,724.2550330194715,598.6898584974259,1
1354,1354,45.13333333333333,45.26666593551636,45.26666593551636,1788009040866153,1788009041235671552,409280,409281,1788009041231202560,1788009041239535360,0.5363090128755365,8.33272933959961,3.863811492919922,1341.2646088010315,590.0494830886416,1,724.3417653063731,597.5861138717754,1
1355,1355,45.166666666666664,45.30008292198181,45.30008292198181,1788009040899570,1788009041269089792,409284,409285,1788009041264535040,1788009041272868608,0.5465468901985466,8.333683013916016,3.7789344787597656,1340.6912737823384,589.4214301391107,1,724.0182576240446,596.077588573447,1
1356,1356,45.2,45.333513021469116,45.333513021469116,1788009040933000,1788009041302520832,409288,409289,1788009041297868288,1788009041306201088,0.5583404864091559,8.33272933959961,3.6802291870117188,1340.1179012647858,589.2714574124801,1,724.1056492238587,593.36102465038,1
1357,1357,45.233333333333334,45.36694383621216,45.36694383621216,1788009040966431,1788009041335952640,409292,409293,1788009041331200256,1788009041339533312,0.5703127235272238,8.332967758178711,3.5805702209472656,1339.3167853708228,588.8225506147747,1,723.5919557424658,592.563749439677,1
1358,1358,45.266666666666666,45.40037298202515,45.40037298202515,1788009040999860,1788009041369382656,409296,409297,1788009041364532736,1788009041372866560,0.5819482191388928,8.333921432495117,3.484010696411133,1338.4588323930354,587.6538830648975,1,722.5980114392211,590.519847140338,1
1359,1359,45.3,45.433801889419556,45.433801889419556,1788009041033289,1788009041402812416,409300,409301,1788009041397865984,1788009041406199040,0.5936024720322738,8.332967758178711,3.3864974975585938,1338.0548996590971,586.9910885604729,1,722.4593621247793,590.7842028761343,1
1360,1360,45.333333333333336,45.46723198890686,45.46723198890686,1788009041066719,1788009041436243200,409304,409305,1788009041431198464,1788009041439531008,0.6054363376251788,8.33272933959961,3.287792205810547,1337.4639854972697,586.3210336876128,1,721.7742568122142,590.584951643901,1
1361,1361,45.36666666666667,45.50066089630127,45.50066089630127,1788009041100148,1788009041469673216,409308,409309,1788009041464530688,1788009041472864512,0.6170681467071008,8.333683013916016,3.191232681274414,1337.5257506413361,585.0607620477913,1,720.8989033874691,589.6144332828718,1
1362,1362,45.4,45.53409194946289,45.53409194946289,1788009041133579,1788009041503105280,409312,409313,1788009041497863936,1788009041506196736,0.6290128755364807,8.33272933959961,3.0913352966308594,1337.754594267883,583.56434188369,1,720.0497346821414,589.0633330197845,1
1363,1363,45.43333333333333,45.56751203536987,45.56751203536987,1788009041166999,1788009041536526592,409316,409317,1788009041531196416,1788009041539529984,0.6396120615666304,8.333683013916016,3.003358840942383,1338.1492031431642,582.3640787971898,1,719.0994346845346,588.2553692712111,1
1364,1364,45.46666666666667,45.60094904899597,45.60094904899597,1788009041200436,1788009041569964800,409320,409321,1788009041564529664,1788009041572862464,0.652274678111588,8.33272933959961,2.897500991821289,1339.3395597467431,581.7117878304524,1,717.9253578929694,586.5549840577539,1
1365,1365,45.5,45.634379863739014,45.634379863739014,1788009041233867,1788009041603396608,409324,409325,1788009041597861888,1788009041606194688,0.6642156161483219,8.332967758178711,2.7980804443359375,1340.417430710142,581.2344614975516,1,716.7649325457127,585.7315778871742,1
1366,1366,45.53333333333333,45.667810916900635,45.667810916900635,1788009041267298,1788009041636828928,409328,409329,1788009041631194112,1788009041639527936,0.6761264482906594,8.333921432495117,2.699136734008789,1341.8559501285881,580.506035887236,1,715.3297204051618,584.7937511171806,1
1367,1367,45.56666666666667,45.70123887062073,45.70123887062073,1788009041300726,1788009041670257920,409332,409333,1788009041664527360,1788009041672860160,0.6877253218884121,8.33272933959961,2.602100372314453,1344.2803880435267,578.4655717402399,1,713.0770304415886,584.0184616653798,1
1368,1368,45.6,45.73466181755066,45.73466181755066,1788009041334149,1788009041703682304,409336,409337,1788009041697859840,1788009041706192384,0.6987410586552217,8.33272933959961,2.5103092193603516,1345.869770411386,575.9622217422566,1,710.272149240159,583.437156651203,1
1369,1369,45.63333333333333,45.76809096336365,45.76809096336365,1788009041367578,1788009041737112576,409340,409341,1788009041731192064,1788009041739525888,0.7104194083652801,8.333683013916016,2.4132728576660156,1347.3346743490224,574.4567671129853,1,707.1585195301515,582.7295727765561,1
1370,1370,45.666666666666664,45.80152082443237,45.80152082443237,1788009041401008,1788009041770543616,409344,409345,1788009041764525312,1788009041772858112,0.7222317596566523,8.33272933959961,2.3145675659179688,1348.3039530679982,573.4237256317829,1,704.6130828010785,583.2986203243827,1
1371,1371,45.7,45.83495092391968,45.83495092391968,1788009041434438,1788009041803974912,409348,409349,1788009041797857536,1788009041806190592,0.7341134731481217,8.332967758178711,2.2156238555908203,1350.022811770717,571.9410344887468,1,701.9945249314331,583.524232411926,1
1372,1372,45.733333333333334,45.86837983131409,45.86837983131409,1788009041467867,1788009041837404928,409352,409353,1788009041831189760,1788009041839523840,0.7457588327850093,8.333921432495117,2.118825912475586,1351.6431242726003,571.0099106522947,1,699.2593941573948,583.3079535569881,1
1373,1373,45.766666666666666,45.90180993080139,45.90180993080139,1788009041501297,1788009041870835968,409356,409357,1788009041864522240,1788009041872855040,0.7577110157367668,8.33272933959961,2.0189285278320312,1353.5881456489685,569.6886431482005,1,697.0663545876221,583.3438767551762,1
1374,1374,45.8,45.93524503707886,45.93524503707886,1788009041534732,1788009041904272384,409360,409361,1788009041897854464,1788009041906188288,0.7700978428792127,8.333683013916016,1.9159317016601562,1355.8807314119772,569.0836328647539,1,694.5168184085474,583.1237498465911,1
1375,1375,45.833333333333336,45.968677043914795,45.968677043914795,1788009041568164,1788009041937705472,409364,409365,1788009041931187968,1788009041939520512,0.7821745350500715,8.33272933959961,1.8150806427001953,1358.2960212929327,567.9663634586695,1,692.4169688715579,583.6543084113708,1
1376,1376,45.86666666666667,46.002105951309204,46.002105951309204,1788009041601593,1788009041971135488,409368,409369,1788009041964520192,1788009041972852992,0.7938769670958512,8.33272933959961,1.7175674438476562,1359.8556246620608,566.0585522088288,1,690.850776727257,584.1079450115269,1
1377,1377,45.9,46.03553605079651,46.03553605079651,1788009041635023,1788009042004566784,409372,409373,1788009041997852416,1788009042006186240,0.805664425690173,8.333921432495117,1.619577407836914,1361.5895142989393,565.6847329854303,1,689.2707228541096,584.7104709223792,1
1378,1378,45.93333333333333,46.068965911865234,46.068965911865234,1788009041668453,1788009042037997824,409376,409377,1788009042031185664,1788009042039518720,0.8174873394180424,8.332967758178711,1.5208721160888672,1363.1118625935028,566.8085499797784,1,687.529062380743,585.2138871841629,1
1379,1379,45.96666666666667,46.102394819259644,46.102394819259644,1788009041701882,1788009042071427584,409380,409381,1788009042064517888,1788009042072850688,0.8292131616595136,8.33272933959961,1.4231204986572266,1366.2096291369194,565.333715876801,1,685.1401056125718,585.5779922683108,1
1380,1380,46.0,46.13582396507263,46.13582396507263,1788009041735311,1788009042104857856,409384,409385,1788009042097850368,1788009042106183936,0.8408765806488527,8.333683013916016,1.3260841369628906,1367.3373350351535,564.5778544210548,1,682.862631842896,585.9009255566523,1
1381,1381,46.03333333333333,46.16925287246704,46.16925287246704,1788009041768740,1788009042138288128,409388,409389,1788009042131183616,1788009042139516416,0.8525894134477825,8.33272933959961,1.22833251953125,1368.3001795389248,564.0314342063385,1,681.2794078974457,586.1965521746378,1
1382,1382,46.06666666666667,46.202682971954346,46.202682971954346,1788009041802170,1788009042171719424,409392,409393,1788009042164516096,1788009042172849664,0.8643645934656978,8.333683013916016,1.1303424835205078,1367.8583124766187,565.179930357853,1,679.6545275366063,586.2688160282012,1
1383,1383,46.1,46.236111879348755,46.236111879348755,1788009041835599,1788009042205149440,409396,409397,1788009042197849344,1788009042206181888,0.8760801144492132,8.33272933959961,1.0325908660888672,1370.6110371896214,564.9111279088493,1,678.498620060932,586.5954811704075,1
1384,1384,46.13333333333333,46.2695369720459,46.2695369720459,1788009041869024,1788009042238575616,409400,409401,1788009042231181312,1788009042239514368,0.8873565849331921,8.332967758178711,0.9386539459228516,1370.7841052233039,565.5418713754585,1,677.6202588631822,586.7006965569661,1
1385,1385,46.166666666666664,46.30296587944031,46.30296587944031,1788009041902453,1788009042272005888,409404,409405,1788009042264513792,1788009042272847616,0.8989844085252467,8.333921432495117,0.8418560028076172,1370.248711411617,566.740977665226,1,677.9305901885643,586.7551480726924,1
1386,1386,46.2,46.3363938331604,46.3363938331604,1788009041935881,1788009042305434880,409408,409409,1788009042297847040,1788009042306179840,0.9106151645207439,8.33272933959961,0.7448196411132812,1369.970122907791,567.2919876313878,1,678.4953952041376,586.2033050929634,1
1387,1387,46.233333333333334,46.36981701850891,46.36981701850891,1788009041969304,1788009042338859008,409412,409413,1788009042331179264,1788009042339512064,0.9216309012875536,8.33272933959961,0.6530284881591797,1368.7344957395644,567.3837463917981,1,679.8007326300271,585.7089653834537,1
1388,1388,46.266666666666666,46.403254985809326,46.403254985809326,1788009042002742,1788009042372298240,409416,409417,1788009042364511744,1788009042372845312,0.9343422784230703,8.333683013916016,0.5471706390380859,1367.6671130933469,567.6222603648994,1,681.2802188612453,585.3748115279295,1
1389,1389,46.3,46.436676025390625,46.436676025390625,1788009042036163,1788009042405720576,409420,409421,1788009042397844992,1788009042406177792,0.9451216022889842,8.33272933959961,0.4572868347167969,1366.2130906020216,568.6756988109175,1,682.4427812335807,584.9906941270168,1
1390,1390,46.333333333333336,46.470104932785034,46.470104932785034,1788009042069592,1788009042439150592,409424,409425,1788009042431177216,1788009042439510016,0.9568538811478927,8.332967758178711,0.35953521728515625,1364.9277008513982,567.8949278232999,1,683.35706499519,584.5991733652195,1
1391,1391,46.36666666666667,46.50353384017944,46.50353384017944,1788009042103021,1788009042472580608,409428,409429,1788009042464509440,1788009042472843520,0.9684737519668145,8.333921432495117,0.2627372741699219,1364.2733968223895,567.5780842535091,1,685.5928134163313,584.3200805243569,1
1392,1392,46.4,46.536964893341064,46.536964893341064,1788009042136452,1788009042506012928,409432,409433,1788009042497842688,1788009042506175744,0.980458355984092,8.332967758178711,0.1628398895263672,1364.803676339824,567.6626745332754,1,687.7151265020514,583.4628127634925,1
1393,1393,46.43333333333333,46.57039499282837,46.57039499282837,1788009042169882,1788009042539444224,409436,409437,1788009042531175168,1788009042539507968,0.9923605150214593,8.33272933959961,0.06365776062011719,1363.0562263592094,565.7858824762355,1,689.4647356685512,582.6865617683897,1
1394,1394,46.46666666666667,46.6038179397583,46.6038179397583,1788009042203305,1788009042572868352,409441,409442,1788009042572841216,1788009042581174016,0.0032617092500929873,8.332967758178711,0.027179718017578125,1362.6496361982668,565.6753445520313,1,692.4784743217749,583.1022486383772,1
1395,1395,46.5,46.63725399971008,46.63725399971008,1788009042236741,1788009042606305536,409445,409446,1788009042606173440,1788009042614507520,0.01584894864826205,8.333921432495117,0.13208389282226562,1359.9182159832876,569.4545437751907,1,694.6300744175192,583.1432300446509,1
1396,1396,46.53333333333333,46.67068386077881,46.67068386077881,1788009042270171,1788009042639736576,409449,409450,1788009042639506944,1788009042647839488,0.027582260371959943,8.33272933959961,0.22983551025390625,1358.9358225125038,569.4156313314317,1,696.155215019319,583.0912574857069,1
1397,1397,46.56666666666667,46.7041130065918,46.7041130065918,1788009042303600,1788009042673166592,409453,409454,1788009042672839168,1788009042681171968,0.03928469241773963,8.33272933959961,0.3273487091064453,1357.9506278504496,568.9709774668471,1,697.5267712300868,582.8904044828718,1
1398,1398,46.6,46.737541913986206,46.737541913986206,1788009042337029,1788009042706596096,409457,409458,1788009042706171392,1788009042714505216,0.05095268066601819,8.333683013916016,0.4246234893798828,1357.1529046598982,570.0082111382106,1,699.1295493323682,583.5024195035369,1
1399,1399,46.63333333333333,46.77097201347351,46.77097201347351,1788009042370459,1788009042740026880,409461,409462,1788009042739504896,1788009042747837440,0.06266094420600858,8.33272933959961,0.5221366882324219,1355.5977299341607,570.6201030369101,1,700.0376042037115,583.8715828787487,1
1400,1400,46.666666666666664,46.80440092086792,46.80440092086792,1788009042403888,1788009042773457152,409465,409466,1788009042772836864,1788009042781169920,0.07441847157449,8.332967758178711,0.6201267242431641,1354.24601167826,571.44027255419,1,700.977341653757,583.2081837230276,1
1401,1401,46.7,46.83783197402954,46.83783197402954,1788009042437319,1788009042806889216,409469,409470,1788009042806169344,1788009042814503168,0.08639679588041768,8.333921432495117,0.7200241088867188,1351.7526321565533,571.9966959769877,1,702.7324235839951,583.8663832462844,1
1402,1402,46.733333333333334,46.87126088142395,46.87126088142395,1788009042470748,1788009042840319488,409473,409474,1788009042839502592,1788009042847835648,0.09802294641068925,8.332967758178711,0.8168220520019531,1349.4697771702731,572.171356759123,1,704.5342730220534,585.1417205181061,1
1403,1403,46.766666666666666,46.90469002723694,46.90469002723694,1788009042504177,1788009042873749760,409477,409478,1788009042872834048,1788009042881167616,0.10988728042570235,8.333683013916016,0.9157657623291016,1347.4824217601106,572.1852617284842,1,706.3179883778952,585.4514955506393,1
1404,1404,46.8,46.93812084197998,46.93812084197998,1788009042537608,1788009042907181568,409481,409482,1788009042906167296,1788009042914500096,0.12171673819742489,8.33272933959961,1.0142326354980469,1346.038579431737,573.0847403525638,1,707.80948938169,585.354737332418,1
1405,1405,46.833333333333336,46.971559047698975,46.971559047698975,1788009042571046,1788009042940620800,409485,409486,1788009042939499520,1788009042947832320,0.13456366237482117,8.33272933959961,1.1212825775146484,1344.9506276350137,574.4804700230114,1,708.4303999759586,584.4280493477877,1
1406,1406,46.86666666666667,47.004987955093384,47.004987955093384,1788009042604475,1788009042974051072,409489,409490,1788009042972831744,1788009042981165568,0.14630238878558147,8.333921432495117,1.2192726135253906,1343.4945859540112,575.6623023523146,1,708.91393179139,584.3685496432242,1
1407,1407,46.9,47.03841590881348,47.03841590881348,1788009042637903,1788009043007479808,409493,409494,1788009043006164992,1788009043014498048,0.15779233784441074,8.332967758178711,1.3148784637451172,1342.6022730882542,577.1811036094329,1,710.2147814698349,584.5655980846497,1
1408,1408,46.93333333333333,47.07184600830078,47.07184600830078,1788009042671333,1788009043040911104,409497,409498,1788009043039497472,1788009043047830016,0.16967095851216024,8.33272933959961,1.4138221740722656,1341.9800647562251,577.7295305200402,1,711.4222906592565,584.9096753295668,1
1409,1409,46.96666666666667,47.10526895523071,47.10526895523071,1788009042704756,1788009043074335232,409501,409502,1788009043072829696,1788009043081163520,0.18066601819534245,8.333683013916016,1.5056133270263672,1341.2214391932557,578.0756071707109,1,712.9832788689806,585.0124615713914,1
1410,1410,47.0,47.13869881629944,47.13869881629944,1788009042738186,1788009043107766272,409505,409506,1788009043106162944,1788009043114495744,0.19241773962804007,8.33272933959961,1.6033649444580078,1341.3545563129417,579.7623421902067,1,714.8883937176819,585.1276015295907,1
1411,1411,47.03333333333333,47.17212796211243,47.17212796211243,1788009042771615,1788009043141196800,409509,409510,1788009043139495424,1788009043147828224,0.20417739628040057,8.33272933959961,1.70135498046875,1341.202508898992,580.5775149918554,1,716.5607033895968,585.4912059314646,1
1412,1412,47.06666666666667,47.205564975738525,47.205564975738525,1788009042805052,1788009043174635008,409513,409514,1788009043172827392,1788009043181161472,0.2168788442282935,8.333921432495117,1.8074512481689453,1340.7669019817,580.9666405428018,1,718.5463595299657,585.8867609255047,1
1413,1413,47.1,47.23899483680725,47.23899483680725,1788009042838482,1788009043208066048,409517,409518,1788009043206160896,1788009043214493696,0.22863437383765844,8.332967758178711,1.905202865600586,1340.3806520319006,581.5556690234594,1,720.6666389990382,586.4355629710201,1
1414,1414,47.13333333333333,47.27242398262024,47.27242398262024,1788009042871911,1788009043241496064,409521,409522,1788009043239493120,1788009043247826944,0.24033757688456586,8.333921432495117,2.0029544830322266,1340.1808844494658,581.7051400876077,1,723.2012448743496,586.8786522213393,1
1415,1415,47.166666666666664,47.30585503578186,47.30585503578186,1788009042905342,1788009043274928384,409525,409526,1788009043272826368,1788009043281159168,0.25224606580829756,8.33272933959961,2.101898193359375,1339.6963973307675,581.4374065249787,1,725.7157171252569,586.8279978416889,1
1416,1416,47.2,47.33928203582764,47.33928203582764,1788009042938769,1788009043308356608,409529,409530,1788009043306158848,1788009043314491392,0.26374821173104435,8.33272933959961,2.197742462158203,1339.336467759303,581.8893924740678,1,727.9052288399395,586.8207221471595,1
1417,1417,47.233333333333334,47.37270498275757,47.37270498275757,1788009042972192,1788009043341780736,409533,409534,1788009043339491072,1788009043347824896,0.27473250557876067,8.333683013916016,2.2895336151123047,1338.9476696717525,582.7754148036432,1,729.8207937724897,587.3842051358657,1
1418,1418,47.266666666666666,47.40614104270935,47.40614104270935,1788009043005628,1788009043375217920,409537,409538,1788009043372824320,1788009043381157120,0.287238912732475,8.33272933959961,2.393484115600586,1338.3243619451073,583.6538486075365,1,731.4127870767408,588.3737096639328,1
1419,1419,47.3,47.43957185745239,47.43957185745239,1788009043039059,1788009043408649728,409541,409542,1788009043406156544,1788009043414489600,0.29919029498440675,8.332967758178711,2.493143081665039,1337.387958322606,584.6553390168478,1,732.6976779670296,589.2204604296909,1
1420,1420,47.333333333333336,47.4730019569397,47.4730019569397,1788009043072489,1788009043442081024,409545,409546,1788009043439488768,1788009043447822848,0.31102846516950367,8.333921432495117,2.5920867919921875,1336.0504058052784,585.3125190177437,1,733.3861380620824,590.01127570289,1
1421,1421,47.36666666666667,47.50643181800842,47.50643181800842,1788009043105919,1788009043475512064,409549,409550,1788009043472822272,1788009043481155072,0.322794769820606,8.332967758178711,2.689838409423828,1334.4532462993895,585.9208239976622,1,734.3165431444282,590.6907447883541,1
1422,1422,47.4,47.53986096382141,47.53986096382141,1788009043139348,1788009043508942080,409553,409554,1788009043506154496,1788009043514487296,0.3345350500715308,8.33272933959961,2.7875900268554688,1332.65976767186,586.3459012021533,1,735.1891908755931,591.7950418352345,1
1423,1423,47.43333333333333,47.57329082489014,47.57329082489014,1788009043172778,1788009043542373120,409557,409558,1788009043539486976,1788009043547820544,0.34634090518967786,8.333683013916016,2.8862953186035156,1331.4088491975078,587.1637190121065,1,736.3596750335975,592.5016129693129,1
1424,1424,47.46666666666667,47.60671401023865,47.60671401023865,1788009043206201,1788009043575797504,409561,409562,1788009043572820224,1788009043581153024,0.357310443490701,8.33272933959961,2.9773712158203125,1330.4214257338804,588.0550651074886,1,737.6140239654421,592.8992497767994,1
1425,1425,47.5,47.640148878097534,47.640148878097534,1788009043239636,1788009043609233664,409565,409566,1788009043606152192,1788009043614486272,0.36973251323129736,8.333921432495117,3.0813217163085938,1329.746477501872,588.9747117179893,1,738.3092813479162,592.9481483681257,1
1426,1426,47.53333333333333,47.67357897758484,47.67357897758484,1788009043273066,1788009043642664960,409569,409570,1788009043639485696,1788009043647818496,0.3815341478069297,8.332967758178711,3.179311752319336,1329.1419350434735,589.6446033824827,1,738.1972727835273,593.5259332798033,1
1427,1427,47.56666666666667,47.70700192451477,47.70700192451477,1788009043306489,1788009043676089088,409573,409574,1788009043672817920,1788009043681150976,0.392549569397156,8.332967758178711,3.2711029052734375,1329.1379129532581,589.5181644753533,1,736.8963868879915,593.8743767927564,1
1428,1428,47.6,47.74043083190918,47.74043083190918,1788009043339918,1788009043709518848,409577,409578,1788009043706150400,1788009043714484224,0.4042054069517952,8.333921432495117,3.3686161041259766,1329.5705171109394,589.081681911894,1,735.1361689182418,594.1189902705295,1
1429,1429,47.63333333333333,47.773860931396484,47.773860931396484,1788009043373348,1788009043742950144,409581,409582,1788009043739483648,1788009043747816448,0.41602288984263236,8.33272933959961,3.4666061401367188,1330.1295133930826,587.6973376677844,1,733.2690913263332,593.4249026072499,1
1430,1430,47.666666666666664,47.807291984558105,47.807291984558105,1788009043406779,1788009043776382464,409585,409586,1788009043772815872,1788009043781148672,0.42801144492131615,8.33272933959961,3.5665035247802734,1330.9081577864636,586.5645878851549,1,731.3756152321067,592.2688671385343,1
1431,1431,47.7,47.840720891952515,47.840720891952515,1788009043440208,1788009043809812480,409589,409590,1788009043806148352,1788009043814481920,0.43969216684785717,8.333683013916016,3.664255142211914,1332.0806681725467,585.5985424538022,1,729.5439048962653,590.5152322714598,1
1432,1432,47.733333333333334,47.8741500377655,47.8741500377655,1788009043473637,1788009043843243008,409593,409594,1788009043839481600,1788009043847814400,0.4513876967095851,8.33272933959961,3.76129150390625,1332.8073451313496,583.9566726736261,1,728.6983316183487,588.9921061917034,1
1433,1433,47.766666666666666,47.907569885253906,47.907569885253906,1788009043507057,1788009043876663808,409597,409598,1788009043872812800,1788009043881146624,0.46210842511800887,8.333921432495117,3.851175308227539,1334.0005208790353,582.6255261630034,1,727.6857390021606,587.5744289969439,1
1434,1434,47.8,47.94100093841553,47.94100093841553,1788009043540488,1788009043910095616,409601,409602,1788009043906146048,1788009043914479104,0.47397785471088094,8.332967758178711,3.9496421813964844,1335.0010941412759,581.5757128263384,1,726.206304188911,586.0849516063422,1
1435,1435,47.833333333333336,47.97443103790283,47.97443103790283,1788009043573918,1788009043943526656,409605,409606,1788009043939478272,1788009043947811072,0.4858369098712446,8.33272933959961,4.048347473144531,1336.4081641902105,580.4861738809449,1,724.4371525283865,584.7426391288209,1
1436,1436,47.86666666666667,48.00786089897156,48.00786089897156,1788009043607348,1788009043976957440,409609,409610,1788009043972810752,1788009043981144320,0.4975682325341878,8.333683013916016,4.146575927734375,1337.5697013372703,578.846288179752,1,722.5629569274126,583.830435781658,1
1437,1437,47.9,48.041290044784546,48.041290044784546,1788009043640777,1788009044010387712,409613,409614,1788009044006144000,1788009044014476800,0.5092703862660944,8.33272933959961,4.089117050170898,1338.5819944078542,577.4217856020942,1,720.0873930848664,583.0085347381976,1
1438,1438,47.93333333333333,48.07471990585327,48.07471990585327,1788009043674207,1788009044043818752,409617,409618,1788009044039476224,1788009044047809024,0.5211295814139796,8.332967758178711,3.9904117584228516,1339.6313764243096,576.5832881075478,1,717.3543646838214,582.1387774682195,1
1439,1439,47.96666666666667,48.108150005340576,48.108150005340576,1788009043707637,1788009044077250048,409621,409622,1788009044072808448,1788009044081142528,0.5329423544557288,8.333921432495117,3.8924217224121094,1340.201779089734,575.5928034777157,1,714.9499887021831,581.667891626892,1
1440,1440,48.0,48.141578912734985,48.141578912734985,1788009043741066,1788009044110679808,409625,409626,1788009044106141696,1788009044114474752,0.5445909988269292,8.332967758178711,3.7949085235595703,1340.7958144231516,574.9525111939467,1,713.6369684456454,581.3379155543005,1
1441,1441,48.03333333333333,48.175009965896606,48.175009965896606,1788009043774497,1788009044144112128,409629,409630,1788009044139474176,1788009044147806976,0.5565951359084407,8.33272933959961,3.694772720336914,1341.9818896936256,574.396047621651,1,712.3737608221959,581.0191927725076,1
1442,1442,48.06666666666667,48.208438873291016,48.208438873291016,1788009043807926,1788009044177541888,409633,409634,1788009044172806400,1788009044181140224,0.5682325341877896,8.333683013916016,3.5982131958007812,1343.0392743284988,573.1813078445355,1,710.9621239542898,580.7067983001454,1
1443,1443,48.1,48.241868019104004,48.241868019104004,1788009043841355,1788009044210972416,409637,409638,1788009044206139904,1788009044214472448,0.5799427753934192,8.33272933959961,3.500223159790039,1343.9642146518868,571.7479485598031,1,709.2999878911642,580.1252895056493,1
1444,1444,48.13333333333333,48.27529788017273,48.27529788017273,1788009043874785,1788009044244403456,409641,409642,1788009044239472128,1788009044247805952,0.5917205470046346,8.333683013916016,3.4024715423583984,1345.756415720276,570.4777834377727,1,707.069985624847,579.7420169246622,1
1445,1445,48.166666666666664,48.30872893333435,48.30872893333435,1788009043908216,1788009044277835520,409645,409646,1788009044272805120,1788009044281138176,0.6036737146290521,8.332967758178711,3.3025741577148438,1347.2915442639437,570.2526606595923,1,704.5401917593675,579.4346070642598,1
1446,1446,48.2,48.34215688705444,48.34215688705444,1788009043941644,1788009044311264768,409649,409650,1788009044306137600,1788009044314470656,0.6152899773969271,8.332967758178711,3.2057762145996094,1349.430622370935,569.4253553093722,1,701.6111093922357,579.2060564854212,1
1447,1447,48.233333333333334,48.37558698654175,48.37558698654175,1788009043975074,1788009044344696064,409653,409654,1788009044339469824,1788009044347803904,0.627091975396939,8.333921432495117,3.107786178588867,1351.733606048989,568.4046195773088,1,698.5735342406233,579.1712593290698,1
1448,1448,48.266666666666666,48.40901803970337,48.40901803970337,1788009044008505,1788009044378128384,409657,409658,1788009044372803328,1788009044381135872,0.6390557939914163,8.33272933959961,3.007650375366211,1354.0439986177848,567.6873252129312,1,695.8417356586303,579.4402280979884,1
1449,1449,48.3,48.44244599342346,48.44244599342346,1788009044041933,1788009044411557120,409661,409662,1788009044406135552,1788009044414468352,0.6506437768240343,8.33272933959961,2.911090850830078,1357.0612829864697,567.8429008100156,1,692.7250926052143,579.36235052812,1
1450,1450,48.333333333333336,48.47587704658508,48.47587704658508,1788009044075364,1788009044444989440,409665,409666,1788009044439468032,1788009044447801600,0.6625565028322938,8.333683013916016,2.8121471405029297,1359.47504827476,568.0590057590326,1,689.3848619749577,579.8974579224722,1
1451,1451,48.36666666666667,48.50930595397949,48.50930595397949,1788009044108793,1788009044478419456,409669,409670,1788009044472801280,1788009044481133824,0.6742489270386266,8.33272933959961,2.714395523071289,1361.8628083611738,567.7666257270572,1,685.7900813910901,580.6372635112309,1
1452,1452,48.4,48.5427348613739,48.5427348613739,1788009044142222,1788009044511849728,409673,409674,1788009044506133248,1788009044514466304,0.6859889559669251,8.332967758178711,2.6166439056396484,1364.0895742738358,567.1595217223664,1,682.5313906093402,581.269498648225,1
1453,1453,48.43333333333333,48.576164960861206,48.576164960861206,1788009044175652,1788009044545281024,409677,409678,1788009044539465728,1788009044547799552,0.6977828636818767,8.333921432495117,2.5186538696289062,1365.801156526641,566.8028855286097,1,679.1455363377476,581.8241853323907,1
1454,1454,48.46666666666667,48.609593868255615,48.609593868255615,1788009044209081,1788009044578710784,409681,409682,1788009044572798976,1788009044581132032,0.7094503733798747,8.332967758178711,2.421140670776367,1367.268023110614,566.2988051280378,1,676.4027911193311,582.0763828455252,1
1455,1455,48.5,48.64301681518555,48.64301681518555,1788009044242504,1788009044612134912,409685,409686,1788009044606131200,1788009044614464000,0.7204864091559371,8.33272933959961,2.329111099243164,1368.21198944914,566.3590101873939,1,674.6966157204004,582.3702441362933,1
1456,1456,48.53333333333333,48.676445960998535,48.676445960998535,1788009044275933,1788009044645565184,409689,409690,1788009044639463680,1788009044647797248,0.7321622704125422,8.333683013916016,2.232074737548828,1369.243773619867,566.2165781789982,1,673.4547681659756,582.5188337618852,1
1457,1457,48.56666666666667,48.70987582206726,48.70987582206726,1788009044309363,1788009044678996224,409693,409694,1788009044672796928,1788009044681129728,0.7439771101573677,8.33272933959961,2.1333694458007812,1370.126170307859,566.0465466809545,1,672.3443968380966,582.6100788454812,1
1458,1458,48.6,48.743305921554565,48.743305921554565,1788009044342793,1788009044712427520,409697,409698,1788009044706129152,1788009044714462976,0.7557717064797597,8.333921432495117,2.035379409790039,1371.985141750566,565.7102965728269,1,671.7240391784802,582.657619638252,1
1459,1459,48.63333333333333,48.77673387527466,48.77673387527466,1788009044376221,1788009044745856512,409701,409702,1788009044739462400,1788009044747795456,0.7673314068267002,8.332967758178711,1.9388198852539062,1372.2639865528815,565.9106074301822,1,671.3972759297308,582.75935667062,1
1460,1460,48.666666666666664,48.81016397476196,48.81016397476196,1788009044409651,1788009044779287808,409705,409706,1788009044772794624,1788009044781127680,0.7792051729564247,8.332967758178711,1.8398761749267578,1371.9357435021861,566.5102586741132,1,671.8557796423263,582.6429240886472,1
1461,1461,48.7,48.84359383583069,48.84359383583069,1788009044443081,1788009044812718848,409709,409710,1788009044806127104,1788009044814460928,0.7909598054641682,8.333921432495117,1.7421245574951172,1371.7921788225233,567.103114216,1,673.5790943665514,581.9347564886281,1
1462,1462,48.733333333333334,48.87702393531799,48.87702393531799,1788009044476511,1788009044846150144,409713,409714,1788009044839460352,1788009044847793152,0.8028326180257511,8.33272933959961,1.6429424285888672,1370.8136852668513,567.3759151751198,1,675.8938187009242,581.3434789667059,1
1463,1463,48.766666666666666,48.9104540348053,48.9104540348053,1788009044509941,1788009044879581440,409717,409718,1788009044872791808,1788009044881125376,0.8147279281341191,8.333683013916016,1.5439987182617188,1369.4111396102762,567.6457385163172,1,678.5322383616822,580.836262897338,1
1464,1464,48.8,48.94388294219971,48.94388294219971,1788009044543370,1788009044913011456,409721,409722,1788009044906125056,1788009044914457856,0.8264377682403433,8.33272933959961,1.4462471008300781,1368.1588107214907,567.600185633708,1,681.5852829461189,580.4315713016445,1
1465,1465,48.833333333333336,48.97731304168701,48.97731304168701,1788009044576800,1788009044946442752,409725,409726,1788009044939457280,1788009044947790080,0.8383165002431976,8.332967758178711,1.3473033905029297,1365.7102966372038,567.4847986630208,1,684.6962454009597,580.0245740676834,1
1466,1466,48.86666666666667,49.01074194908142,49.01074194908142,1788009044610229,1788009044979873024,409729,409730,1788009044972789504,1788009044981123328,0.8499499356315262,8.333921432495117,1.2505054473876953,1363.738180684705,567.2745291107893,1,686.9494292307569,579.979694112524,1
1467,1467,48.9,49.04417586326599,49.04417586326599,1788009044643663,1788009045013308160,409733,409734,1788009045006122752,1788009045014455552,0.8622889842632332,8.33272933959961,1.1475086212158203,1361.8045387209715,567.8374149124164,1,689.4526715533427,580.0132584871292,1
1468,1468,48.93333333333333,49.077600955963135,49.077600955963135,1788009044677088,1788009045046734080,409737,409738,1788009045039455232,1788009045047788032,0.8735336194563662,8.33272933959961,1.0538101196289062,1358.7766681610638,570.6768369781983,1,692.4917097182097,580.6253438089211,1
1469,1469,48.96666666666667,49.11103796958923,49.11103796958923,1788009044710525,1788009045080172288,409741,409742,1788009045072787456,1788009045081121280,0.8861360645419695,8.333683013916016,0.9489059448242188,1356.7003195480077,567.6966594771137,1,694.8876708836513,581.0649688262899,1
1470,1470,49.0,49.14446783065796,49.14446783065796,1788009044743955,1788009045113603072,409745,409746,1788009045106120704,1788009045114453504,0.8979399141630902,8.33272933959961,0.8504390716552734,1354.9394063511133,568.1669912006291,1,696.925853453165,581.0903370220666,1
1471,1471,49.03333333333333,49.177897930145264,49.177897930145264,1788009044777385,1788009045147034112,409749,409750,1788009045139452928,1788009045147785984,0.9097879888987439,8.332967758178711,0.7517337799072266,1352.1194796324198,568.9131773861131,1,699.3604592116972,581.2463936586306,1
1472,1472,49.06666666666667,49.21133589744568,49.21133589744568,1788009044810823,1788009045180472832,409753,409754,1788009045172785408,1788009045181119232,0.922443141181519,8.333921432495117,0.6463527679443359,1348.9568944455923,571.1925885660772,1,702.9404705722743,581.4274399739314,1
1473,1473,49.1,49.24476385116577,49.24476385116577,1788009044844251,1788009045213901824,409757,409758,1788009045206118656,1788009045214451456,0.9340219163972419,8.332967758178711,0.5497932434082031,1346.3837525611887,571.5630036716877,1,706.4760025029768,581.3062078856333,1
1474,1474,49.13333333333333,49.27819490432739,49.27819490432739,1788009044877682,1788009045247333888,409761,409762,1788009045239450880,1788009045247783680,0.9460085836909872,8.33272933959961,0.44989585876464844,1344.1900605768947,572.6393894092581,1,710.5729002589366,581.5150948086621,1
1475,1475,49.166666666666664,49.311630964279175,49.311630964279175,1788009044911118,1788009045280771072,409765,409766,1788009045272783360,1788009045281116928,0.958488298907135,8.333683013916016,0.3459453582763672,1342.4802800809362,573.1206183267973,1,714.6405286964041,581.9085889124314,1
1476,1476,49.2,49.345062017440796,49.345062017440796,1788009044944549,1788009045314203136,409769,409770,1788009045306116608,1788009045314449408,0.9704721030042919,8.33272933959961,0.2460479736328125,1341.089689419463,574.1845401349613,1,717.9069711221978,582.26508528457,1
1477,1477,49.233333333333334,49.37848997116089,49.37848997116089,1788009044977977,1788009045347632128,409773,409774,1788009045339448576,1788009045347782656,0.9819482191388929,8.333921432495117,0.15044212341308594,1339.8710646406762,575.1957645082045,1,720.8321234134474,582.8373850973896,1
1478,1478,49.266666666666666,49.411919832229614,49.411919832229614,1788009045011407,1788009045381062912,409777,409778,1788009045372782080,1788009045381114880,0.9937626963463134,8.332967758178711,0.051975250244140625,1339.8328901255518,576.658395571791,1,723.432249161405,583.2837635095913,1
1479,1479,49.3,49.44534993171692,49.44534993171692,1788009045044837,1788009045414494208,409782,409783,1788009045414447360,1788009045422780928,0.005635978714882417,8.333683013916016,0.04696846008300781,1339.848469140355,578.4247223662306,1,725.556354386808,583.6433316379166,1
1480,1480,49.333333333333336,49.478780031204224,49.478780031204224,1788009045078267,1788009045447925504,409786,409787,1788009045447780608,1788009045456113408,0.017396280400572246,8.33272933959961,0.14495849609375,1338.5036942883537,577.5725453421974,1,727.5193325432967,583.7613354264315,1
1481,1481,49.36666666666667,49.51220989227295,49.51220989227295,1788009045111697,1788009045481356800,409790,409791,1788009045481112832,1788009045489445632,0.02929816028153701,8.332967758178711,0.244140625,1337.7413155977797,578.6281987739695,1,728.7404982643203,584.3554795285006,1
1482,1482,49.4,49.54563903808594,49.54563903808594,1788009045145126,1788009045514787072,409794,409795,1788009045514445056,1788009045522778880,0.041052782148476616,8.333921432495117,0.3421306610107422,1337.3077107514282,579.771289841359,1,729.5809958063955,585.3163616367999,1
1483,1483,49.43333333333333,49.57906889915466,49.57906889915466,1788009045178556,1788009045548218368,409798,409799,1788009045547778304,1788009045556111360,0.052788189179136503,8.332967758178711,0.4398822784423828,1337.2042532080043,580.0545721538272,1,730.2399778402292,586.1622953598162,1
1484,1484,49.46666666666667,49.61249899864197,49.61249899864197,1788009045211986,1788009045581649408,409802,409803,1788009045581110784,1788009045589443328,0.0646351931330472,8.33272933959961,0.5385875701904297,1337.4322974252032,580.3586354269736,1,730.6984170338503,586.0056496177712,1
1485,1485,49.5,49.64592885971069,49.64592885971069,1788009045245416,1788009045615080448,409806,409807,1788009045614443008,1788009045622776832,0.07647193454254163,8.333683013916016,0.6372928619384766,1338.236146435096,580.5717949743592,1,730.8459645175508,586.4356412487583,1
1486,1486,49.53333333333333,49.67935585975647,49.67935585975647,1788009045278843,1788009045648508672,409810,409811,1788009045647776256,1788009045656109056,0.0878683834048641,8.33272933959961,0.7321834564208984,1338.973576086895,579.9555793644549,1,730.9695038692621,586.1876929694622,1
1487,1487,49.56666666666667,49.712785959243774,49.712785959243774,1788009045312273,1788009045681939968,409814,409815,1788009045681108480,1788009045689441536,0.09976824697433549,8.332967758178711,0.8313655853271484,1339.2301282148474,580.2472193802981,1,731.5167013043358,585.888296880178,1
1488,1488,49.6,49.74621796607971,49.74621796607971,1788009045345705,1788009045715373056,409818,409819,1788009045714441728,1788009045722774784,0.11175645904265973,8.332967758178711,0.9312629699707031,1339.91959960458,580.1074139048537,1,731.861014786917,585.2858934843446,1
1489,1489,49.63333333333333,49.779638051986694,49.779638051986694,1788009045379125,1788009045748794368,409822,409823,1788009045747774208,1788009045756107008,0.12242854281708677,8.332967758178711,1.020193099975586,1339.9891341168934,580.0426587491463,1,732.1329476659247,585.270222947758,1
1490,1490,49.666666666666664,49.81306791305542,49.81306791305542,1788009045412555,1788009045782225152,409826,409827,1788009045781106432,1788009045789440512,0.13422972393076812,8.333921432495117,1.1186599731445312,1339.960518261086,579.4182525438413,1,732.5799791739893,585.1653839063642,1
1491,1491,49.7,49.84649896621704,49.84649896621704,1788009045445986,1788009045815657472,409830,409831,1788009045814439680,1788009045822772480,0.1461230329041488,8.33272933959961,1.2176036834716797,1339.7357972775428,577.9372679461944,1,732.6489347179211,584.2381386634096,1
1492,1492,49.733333333333334,49.87992191314697,49.87992191314697,1788009045479409,1788009045849081600,409834,409835,1788009045847772160,1788009045856104960,0.15713876967095852,8.33272933959961,1.3093948364257812,1339.3888604362628,577.0041853508477,1,732.5818414728849,583.6668554108223,1
1493,1493,49.766666666666666,49.91335082054138,49.91335082054138,1788009045512838,1788009045882511616,409838,409839,1788009045881103360,1788009045889437184,0.1689886997568302,8.333921432495117,1.4083385467529297,1339.3708235782315,576.9000661984649,1,732.308206650554,582.8593613724435,1
1494,1494,49.8,49.94678592681885,49.94678592681885,1788009045546273,1788009045915948032,409842,409843,1788009045914436608,1788009045922769664,0.18136820119596006,8.332967758178711,1.5113353729248047,1338.9372825138767,576.5599907119007,1,731.7615351217969,582.6715981402989,1
1495,1495,49.833333333333336,49.98021483421326,49.98021483421326,1788009045579702,1788009045949378048,409846,409847,1788009045947768832,1788009045956102912,0.19307681304534402,8.333921432495117,1.6090869903564453,1338.466333868005,575.9003347935668,1,731.6098786191014,582.0089418828782,1
1496,1496,49.86666666666667,50.01364493370056,50.01364493370056,1788009045613132,1788009045982809088,409850,409851,1788009045981102336,1788009045989434880,0.20483547925608012,8.33272933959961,1.706838607788086,1338.205448450044,574.6039153383742,1,731.5152227479814,581.1607316884963,1
1497,1497,49.9,50.04707598686218,50.04707598686218,1788009045646563,1788009046016241408,409854,409855,1788009046014434560,1788009046022767360,0.21682403433476394,8.33272933959961,1.8067359924316406,1338.7345647671946,572.7937830379169,1,730.9466214349022,579.1687735061327,1
1498,1498,49.93333333333333,50.08050489425659,50.08050489425659,1788009045679992,1788009046049671168,409858,409859,1788009046047767040,1788009046056100608,0.2285003146993191,8.333683013916016,1.9042491912841797,1339.5861197137892,572.2510377214059,1,730.5032789862396,577.1538616889537,1
1499,1499,49.96666666666667,50.11393594741821,50.11393594741821,1788009045713423,1788009046083103488,409862,409863,1788009046081100288,1788009046089432832,0.2404005722460658,8.33272933959961,2.003192901611328,1340.564255564557,570.6180703295814,1,730.4655193314416,576.3629336078659,1
1500,1500,50.0,50.147363901138306,50.147363901138306,1788009045746851,1788009046116532480,409866,409867,1788009046114432256,1788009046122765312,0.2520385682813081,8.332967758178711,2.100229263305664,1340.8091070726914,569.3079094714592,1,730.056609032957,575.7849334156685,1
1501,1501,50.03333333333333,50.18079400062561,50.18079400062561,1788009045780281,1788009046149963776,409870,409871,1788009046147764736,1788009046156098560,0.2638821341725075,8.333921432495117,2.1991729736328125,1341.868802164258,569.3194622952456,1,729.1099755357754,575.9065481589337,1
1502,1502,50.06666666666667,50.214231967926025,50.214231967926025,1788009045813719,1788009046183403008,409874,409875,1788009046181097984,1788009046189431040,0.27661583359560526,8.332967758178711,2.3050308227539062,1342.3256571876054,570.3650252909541,1,727.0063826875157,575.9657092443831,1
1503,1503,50.1,50.247660875320435,50.247660875320435,1788009045847148,1788009046216833024,409878,409879,1788009046214430208,1788009046222763008,0.28835479256080115,8.33272933959961,2.402782440185547,1342.7156699201562,571.1484713319744,1,724.7335807893766,576.5124337178922,1
1504,1504,50.13333333333333,50.28109693527222,50.28109693527222,1788009045880584,1788009046250270464,409882,409883,1788009046247762688,1788009046256096256,0.30090976712250384,8.333683013916016,2.5076866149902344,1343.9996317932803,570.6976824518912,1,722.3944515911605,577.1602378433128,1
1505,1505,50.166666666666664,50.31452703475952,50.31452703475952,1788009045914014,1788009046283701760,409886,409887,1788009046281095936,1788009046289428736,0.3127038626609442,8.33272933959961,2.6056766510009766,1345.4269683496834,572.9710811229703,1,720.0482834605075,577.813194659927,1
1506,1506,50.2,50.34796500205994,50.34796500205994,1788009045947452,1788009046317140736,409890,409891,1788009046314428160,1788009046322760960,0.3255414723470001,8.332967758178711,2.712726593017578,1347.4954018116089,574.9458004354035,1,717.9845136899121,578.0820581404769,1
1507,1507,50.233333333333334,50.381393909454346,50.381393909454346,1788009045980881,1788009046350571008,409894,409895,1788009046347761408,1788009046356094464,0.3371577351148751,8.332967758178711,2.8095245361328125,1349.2972283636725,576.3868988469849,1,716.5682916898179,578.3411514740802,1
1508,1508,50.266666666666666,50.41482496261597,50.41482496261597,1788009046014312,1788009046384002560,409898,409899,1788009046381093632,1788009046389426688,0.34908872421389947,8.332967758178711,2.908945083618164,1351.1957015415305,577.5455646329558,1,715.4040520175868,578.846433012679,1
1509,1509,50.3,50.448261976242065,50.448261976242065,1788009046047749,1788009046417440512,409902,409903,1788009046414426112,1788009046422759936,0.36169360606494066,8.333921432495117,3.0143260955810547,1352.1697059336716,578.146645155966,1,714.2542962909689,579.2608824253222,1
1510,1510,50.333333333333336,50.48169803619385,50.48169803619385,1788009046081185,1788009046450877184,409906,409907,1788009046447759360,1788009046456092160,0.37416309012875537,8.33272933959961,3.117799758911133,1352.1608810181572,578.1577577424525,1,713.8904613309599,580.7643158851339,1
1511,1511,50.36666666666667,50.51512885093689,50.51512885093689,1788009046114616,1788009046484309248,409910,409911,1788009046481091840,1788009046489424384,0.3861230329041488,8.33272933959961,3.217458724975586,1352.4597630177368,578.679139684473,1,713.6159546967403,581.9358790399041,1
1512,1512,50.4,50.54855704307556,50.54855704307556,1788009046148044,1788009046517738496,409914,409915,1788009046514424064,1788009046522757888,0.3977227212908394,8.333683013916016,3.314495086669922,1352.8060294290851,580.2696376887419,1,713.5700054556355,583.1301499754702,1
1513,1513,50.43333333333333,50.581992864608765,50.581992864608765,1788009046181480,1788009046551176704,409918,409919,1788009046547757312,1788009046556090112,0.4103576537911302,8.33272933959961,3.4193992614746094,1353.6674040188475,581.2059902308418,1,713.8715670239475,584.3267742708902,1
1514,1514,50.46666666666667,50.61542296409607,50.61542296409607,1788009046214910,1788009046584607488,409922,409923,1788009046581089536,1788009046589422592,0.4221910674944923,8.332967758178711,3.5181045532226562,1354.1827547942437,581.3319763874808,1,713.8689132939431,584.6157129960512,1
1515,1515,50.5,50.6488618850708,50.6488618850708,1788009046248349,1788009046618047232,409926,409927,1788009046614421760,1788009046622755840,0.43501644972106995,8.333921432495117,3.6253929138183594,1354.3291912488132,581.7439713051588,1,713.8959640321463,584.872060380067,1
1516,1516,50.53333333333333,50.68229103088379,50.68229103088379,1788009046281778,1788009046651476992,409930,409931,1788009046647755264,1788009046656087808,0.44666666666666666,8.33272933959961,3.721952438354492,1355.009152344626,581.922127010074,1,713.5937975130659,585.3810137147577,1
1517,1517,50.56666666666667,50.71572804450989,50.71572804450989,1788009046315215,1788009046684915200,409934,409935,1788009046681087488,1788009046689420288,0.45937052932761085,8.33272933959961,3.827810287475586,1355.7609926133814,581.2113400484168,1,713.1787982762498,585.9503259029262,1
1518,1518,50.6,50.74915790557861,50.74915790557861,1788009046348645,1788009046718346240,409938,409939,1788009046714419968,1788009046722753536,0.4711334897293586,8.333683013916016,3.9262771606445312,1356.319338141482,580.9536319957972,1,712.1860950674462,586.4518542821729,1
1519,1519,50.63333333333333,50.782593965530396,50.782593965530396,1788009046382081,1788009046751783680,409942,409943,1788009046747753216,1788009046756085760,0.4836909871244635,8.33272933959961,4.030466079711914,1356.411451464538,582.6613113088274,1,711.1412104476722,587.014940359154,1
1520,1520,50.666666666666664,50.81602382659912,50.81602382659912,1788009046415511,1788009046785214720,409946,409947,1788009046781085184,1788009046789419264,0.49549420683736234,8.333921432495117,4.1294097900390625,1356.4799385355536,581.8306764718706,1,710.2623996099878,587.4134463468399,1
1521,1521,50.7,50.84946084022522,50.84946084022522,1788009046448948,1788009046818652928,409950,409951,1788009046814418432,1788009046822751488,0.5081399673829075,8.332967758178711,4.098653793334961,1357.8790542531262,580.8830462736473,1,709.9118911732717,587.9099302387925,1
1522,1522,50.733333333333334,50.88288998603821,50.88288998603821,1788009046482377,1788009046852082944,409954,409955,1788009046847750912,1788009046856083968,0.5198706760893823,8.332967758178711,4.00090217590332,1358.2753424451098,581.4100636140432,1,709.7671154597972,588.2112796118435,1
1523,1523,50.766666666666666,50.916319847106934,50.916319847106934,1788009046515807,1788009046885513984,409958,409959,1788009046881082368,1788009046889415936,0.5317846312296161,8.333683013916016,3.901958465576172,1358.4818062351778,582.1639954959303,1,709.8299842385559,588.3573900642056,1
1524,1524,50.8,50.94975805282593,50.94975805282593,1788009046549245,1788009046918953472,409962,409963,1788009046914415616,1788009046922748416,0.5445779685264663,8.33272933959961,3.7949085235595703,1358.6737861034348,582.356194687808,1,709.8366035246863,588.5944818574704,1
1525,1525,50.833333333333336,50.98319482803345,50.98319482803345,1788009046582682,1788009046952391168,409966,409967,1788009046947747584,1788009046956080640,0.5572372750422019,8.332967758178711,3.6895275115966797,1359.1643447356178,583.0700487915897,1,709.9906195120751,588.9493619594903,1
1526,1526,50.86666666666667,51.016623973846436,51.016623973846436,1788009046616111,1788009046985821184,409970,409971,1788009046981081088,1788009046989413888,0.568853537810077,8.332967758178711,3.5927295684814453,1359.9975153703356,584.0984217649388,1,710.1210214869221,589.7197316956252,1
1527,1527,50.9,51.05006194114685,51.05006194114685,1788009046649549,1788009047019260672,409974,409975,1788009047014413312,1788009047022746368,0.5817000944178994,8.332967758178711,3.4856796264648438,1360.3246551773354,584.8823756251418,1,710.1731499005589,590.9786244306905,1
1528,1528,50.93333333333333,51.08349895477295,51.08349895477295,1788009046682986,1788009047052699136,409978,409979,1788009047047745792,1788009047056079616,0.5943641825203834,8.333921432495117,3.3805370330810547,1361.019466391033,585.720041947475,1,710.3701488988886,592.1229699947315,1
1529,1529,50.96666666666667,51.11692786216736,51.11692786216736,1788009046716415,1788009047086128896,409982,409983,1788009047081079040,1788009047089411840,0.6060371959942775,8.33272933959961,3.282785415649414,1360.875200634119,586.1210577618981,1,709.8811727216449,592.5566869199301,1
1530,1530,51.0,51.15036392211914,51.15036392211914,1788009046749851,1788009047119566080,409986,409987,1788009047114411264,1788009047122744064,0.61862660944206,8.33272933959961,3.1778812408447266,1361.5776980268943,585.9121566937204,1,709.0181038758326,592.705634372618,1
1531,1531,51.03333333333333,51.18380093574524,51.18380093574524,1788009046783288,1788009047153004288,409990,409991,1788009047147743744,1788009047156077312,0.6312296160668307,8.333683013916016,3.0732154846191406,1362.9402169623224,584.8276854293447,1,707.9988578004885,592.685642133979,1
1532,1532,51.06666666666667,51.21723198890686,51.21723198890686,1788009046816719,1788009047186436096,409994,409995,1788009047181076992,1788009047189409792,0.6431473533619456,8.33272933959961,2.9735565185546875,1364.4441700607704,583.0061828900502,1,706.3891485101162,592.45683186737,1
1533,1533,51.1,51.25066900253296,51.25066900253296,1788009046850156,1788009047219874304,409998,409999,1788009047214409216,1788009047222742016,0.6558610626305399,8.332967758178711,2.8676986694335938,1366.701127769841,580.4383434757027,1,704.4493047043053,591.8395692671829,1
1534,1534,51.13333333333333,51.28410601615906,51.28410601615906,1788009046883593,1788009047253312768,410002,410003,1788009047247741440,1788009047256075264,0.6685166642826491,8.333921432495117,2.7625560760498047,1369.4932974394774,577.342337365938,1,702.1083231301297,591.1385013624714,1
1535,1535,51.166666666666664,51.31753587722778,51.31753587722778,1788009046917023,1788009047286743808,410006,410007,1788009047281074688,1788009047289407488,0.680343347639485,8.33272933959961,2.6636123657226562,1373.6982693155462,574.4212626273069,1,699.211342326351,590.6109842626994,1
1536,1536,51.2,51.35096597671509,51.35096597671509,1788009046950453,1788009047320175104,410010,410011,1788009047314407168,1788009047322739712,0.6922174535050072,8.33272933959961,2.564668655395508,1378.0195319485333,572.2805388331178,1,695.5551415186262,590.1944198910289,1
1537,1537,51.233333333333334,51.38440203666687,51.38440203666687,1788009046983889,1788009047353612544,410014,410015,1788009047347739392,1788009047356073216,0.7047262115923786,8.333683013916016,2.4607181549072266,1381.201759255688,570.4425145661102,1,691.7279442028039,589.7095192479848,1
1538,1538,51.266666666666666,51.41783094406128,51.41783094406128,1788009047017318,1788009047387042560,410018,410019,1788009047381072640,1788009047389405440,0.7164234620886981,8.33272933959961,2.362966537475586,1384.3003957690978,569.0493009219638,1,687.7032950920038,589.3175018339834,1
1539,1539,51.3,51.451261043548584,51.451261043548584,1788009047050748,1788009047420473856,410022,410023,1788009047414404864,1788009047422738688,0.7282219997139179,8.333921432495117,2.2649765014648438,1388.2338626523647,568.0670273321077,1,683.4090388920563,588.833378852906,1
1540,1540,51.333333333333336,51.48468995094299,51.48468995094299,1788009047084177,1788009047453903616,410026,410027,1788009047447738112,1788009047456071168,0.7398929930474092,8.332967758178711,2.1674633026123047,1392.1219670606147,568.7517873120022,1,678.7068998201735,589.3422738916308,1
1541,1541,51.36666666666667,51.51812791824341,51.51812791824341,1788009047117615,1788009047487342848,410030,410031,1788009047481070592,1788009047489403392,0.7527109381705817,8.332967758178711,2.0606517791748047,1394.6790516856695,568.9362824139677,1,675.5493735710011,590.5131748603344,1
1542,1542,51.4,51.55155682563782,51.55155682563782,1788009047151044,1788009047520772608,410034,410035,1788009047514402816,1788009047522736896,0.7643255614361322,8.333921432495117,1.9640922546386719,1397.9823667530309,569.5395387310991,1,674.2770850993912,591.8635548695063,1
1543,1543,51.43333333333333,51.584993839263916,51.584993839263916,1788009047184481,1788009047554210816,410038,410039,1788009047547736064,1788009047556068864,0.7770243204577969,8.33272933959961,1.8579959869384766,1402.0711750510222,570.6030706484473,1,672.4365208250723,593.5940487018248,1
1544,1544,51.46666666666667,51.61843204498291,51.61843204498291,1788009047217919,1788009047587650304,410042,410043,1788009047581068544,1788009047589401344,0.7898712446351931,8.33272933959961,1.750946044921875,1407.027509833969,572.5201333012677,1,670.8486846289334,596.2463097353537,1
1545,1545,51.5,51.65186882019043,51.65186882019043,1788009047251356,1788009047621088256,410046,410047,1788009047614400512,1788009047622734592,0.8024603061078529,8.333921432495117,1.646280288696289,1413.4520213974286,574.5105203237289,1,669.5260900263095,599.2694631293448,1
1546,1546,51.53333333333333,51.685298919677734,51.685298919677734,1788009047284786,1788009047654519552,410050,410051,1788009047647734016,1788009047656066816,0.8143114646218992,8.332967758178711,1.5473365783691406,1419.697000038889,576.8665158559799,1,665.9396880033255,603.2370140989726,1
1547,1547,51.56666666666667,51.7187340259552,51.7187340259552,1788009047318221,1788009047687955456,410054,410055,1788009047681066240,1788009047689399296,0.8267288489599726,8.332967758178711,1.4438629150390625,1427.366345255366,579.4287238319129,1,661.6054575811042,607.6785423099507,1
1548,1548,51.6,51.7521710395813,51.7521710395813,1788009047351658,1788009047721393408,410058,410059,1788009047714398720,1788009047722732544,0.8393076813045344,8.333921432495117,1.3391971588134766,1433.97455922788,582.0304505095452,1,660.4901751340512,611.5088197611428,1
1549,1549,51.63333333333333,51.785609006881714,51.785609006881714,1788009047385096,1788009047754832128,410062,410063,1788009047747731968,1788009047756064768,0.8520743919885551,8.33272933959961,1.2326240539550781,1439.6953662879623,585.4563872417807,1,658.4420723555755,615.1852065987064,1
1550,1550,51.666666666666664,51.819039821624756,51.819039821624756,1788009047418527,1788009047788263936,410066,410067,1788009047781064192,1788009047789396992,0.8640343347639485,8.33272933959961,1.132965087890625,1443.6349049005576,588.8895348839083,1,656.0486959747195,618.4550995767362,1
1551,1551,51.7,51.85247588157654,51.85247588157654,1788009047451963,1788009047821701376,410070,410071,1788009047814397696,1788009047822730240,0.8765092989985693,8.33272933959961,1.0290145874023438,1446.292149006597,591.9324978522184,1,653.3567440937832,621.3995622969392,1
1552,1552,51.733333333333334,51.885905027389526,51.885905027389526,1788009047485392,1788009047855131392,410074,410075,1788009047847729920,1788009047856062720,0.8882403433476395,8.33272933959961,0.9312629699707031,1448.312441675308,594.8737522229434,1,650.4361542319646,624.0434820203125,1
1553,1553,51.766666666666666,51.91934394836426,51.91934394836426,1788009047518831,1788009047888571136,410078,410079,1788009047881061120,1788009047889394944,0.9011586325275354,8.333921432495117,0.8237361907958984,1450.168789925728,597.228099726652,1,648.8605796002892,625.5352312980359,1
1554,1554,51.8,51.95278000831604,51.95278000831604,1788009047552267,1788009047922009600,410082,410083,1788009047914394368,1788009047922727168,0.9139055793991416,8.33272933959961,0.7174015045166016,1451.3544054815964,598.3637875717534,1,647.1637739393914,626.4710479229368,1
1555,1555,51.833333333333336,51.986217975616455,51.986217975616455,1788009047585705,1788009047955448320,410086,410087,1788009047947726848,1788009047956059392,0.9266666666666666,8.33272933959961,0.6110668182373047,1450.9539966953178,598.7716104351252,1,646.5984541059754,627.0767069136049,1
1556,1556,51.86666666666667,52.01965284347534,52.01965284347534,1788009047619140,1788009047988883968,410090,410091,1788009047981059072,1788009047989392640,0.9389483320936087,8.333683013916016,0.5087852478027344,1450.6701310712053,599.745461181974,1,645.4495749126306,627.5726761598588,1
1557,1557,51.9,52.05308985710144,52.05308985710144,1788009047652577,1788009048022321664,410094,410095,1788009048014392320,1788009048022725120,0.951587982832618,8.33272933959961,0.40340423583984375,1450.624005642325,600.7864964078547,1,644.8639540655944,627.8996188282822,1
1558,1558,51.93333333333333,52.08652091026306,52.08652091026306,1788009047686008,1788009048055753984,410098,410099,1788009048047724544,1788009048056058368,0.9634673151194393,8.333921432495117,0.3044605255126953,1450.9264517748566,602.5397284516883,1,644.020185940923,628.1343031343583,1
1559,1559,51.96666666666667,52.11995792388916,52.11995792388916,1788009047719445,1788009048089192448,410102,410103,1788009048081057792,1788009048089390848,0.9761952447712512,8.332967758178711,0.1983642578125,1451.6622576645082,603.9901246252317,1,643.1925147913743,628.4766068135422,1
1560,1560,52.0,52.15338587760925,52.15338587760925,1788009047752873,1788009048122621440,410106,410107,1788009048114390016,1788009048122723072,0.9878115075391262,8.332967758178711,0.10156631469726562,1452.3226314532558,604.6074399517898,1,643.6260258906902,628.0248254840601,1
1561,1561,52.03333333333333,52.18682384490967,52.18682384490967,1788009047786311,1788009048156060672,410111,410112,1788009048156056320,1788009048164389120,0.0005150214592274678,8.33272933959961,0.004291534423828125,1452.8040278257608,604.7973410614891,1,643.061063092712,627.2670030063026,1
1562,1562,52.06666666666667,52.22026205062866,52.22026205062866,1788009047819749,1788009048189499904,410115,410116,1788009048189388544,1788009048197721600,0.013361563331521272,8.332967758178711,0.11134147644042969,1453.0874844970858,604.7812392162396,1,642.6568080852426,626.5765703128227,1
1563,1563,52.1,52.25369095802307,52.25369095802307,1788009047853178,1788009048222929664,410119,410120,1788009048222720768,1788009048231054848,0.025060792447432412,8.333921432495117,0.20885467529296875,1453.3018736854044,604.4620254198002,1,642.4176416286346,625.7922790473312,1
1564,1564,52.13333333333333,52.28712582588196,52.28712582588196,1788009047886613,1788009048256365824,410123,410124,1788009048256054272,1788009048264386816,0.037396280400572246,8.33272933959961,0.3116130828857422,1453.559811375875,604.2247801735703,1,642.2006013028627,625.0230753133047,1
1565,1565,52.166666666666664,52.32055687904358,52.32055687904358,1788009047920044,1788009048289798144,410127,410128,1788009048289386496,1788009048297719296,0.04938483547925608,8.33272933959961,0.4115104675292969,1453.8800893035173,604.1516082659781,1,642.4007409417522,624.3702273321625,1
1566,1566,52.2,52.35398602485657,52.35398602485657,1788009047953473,1788009048323228416,410131,410132,1788009048322718976,1788009048331052544,0.06113749499341992,8.333683013916016,0.5095005035400391,1454.0837343949509,604.2251481732415,1,642.0485395364058,624.162097078511,1
1567,1567,52.233333333333334,52.38742399215698,52.38742399215698,1788009047986911,1788009048356667392,410135,410136,1788009048356052224,1788009048364384768,0.0738483547925608,8.33272933959961,0.6153583526611328,1454.1104335316934,604.2009528603203,1,642.4514494933571,623.9350974842285,1
1568,1568,52.266666666666666,52.4208550453186,52.4208550453186,1788009048020342,1788009048390099456,410139,410140,1788009048389384192,1788009048397717248,0.08583445394981545,8.332967758178711,0.7152557373046875,1454.0611260406658,604.3982721558168,1,642.4477382067226,623.7098203527077,1
1569,1569,52.3,52.45429182052612,52.45429182052612,1788009048053779,1788009048423537408,410143,410144,1788009048422716672,1788009048431050496,0.09849806894578744,8.333921432495117,0.8208751678466797,1454.001902732623,604.4624157199929,1,642.2789533135982,623.5313945710861,1
1570,1570,52.333333333333336,52.487720012664795,52.487720012664795,1788009048087207,1788009048456966912,410147,410148,1788009048456049920,1788009048464382976,0.11003976996366341,8.332967758178711,0.9169578552246094,1453.8848393823387,604.446374912072,1,642.7885941013197,623.2594759513012,1
1571,1571,52.36666666666667,52.52115797996521,52.52115797996521,1788009048120645,1788009048490406144,410151,410152,1788009048489382144,1788009048497716224,0.12284365612930911,8.333921432495117,1.0237693786621094,1453.9077342945757,604.5063256615778,1,643.3225461685624,622.6199459080312,1
1572,1572,52.4,52.554587841033936,52.554587841033936,1788009048154075,1788009048523837184,410155,410156,1788009048522715648,1788009048531048192,0.13459227467811158,8.33272933959961,1.12152099609375,1454.1938725244624,604.4979247692842,1,644.0466973003367,621.8492569531611,1
1573,1573,52.43333333333333,52.58801603317261,52.58801603317261,1788009048187503,1788009048557266432,410159,410160,1788009048556047872,1788009048564380672,0.14623748211731044,8.33272933959961,1.218557357788086,1454.467355192471,604.3173651154272,1,645.3879281668786,620.3486723989289,1
1574,1574,52.46666666666667,52.621453046798706,52.621453046798706,1788009048220940,1788009048590704640,410163,410164,1788009048589380096,1788009048597713920,0.15894721785152338,8.333921432495117,1.3246536254882812,1454.7131787209455,603.1485318766552,1,646.9447965894125,618.2883251858277,1
1575,1575,52.5,52.65488290786743,52.65488290786743,1788009048254370,1788009048624135424,410167,410168,1788009048622713344,1788009048631046400,0.17066750593688307,8.332967758178711,1.4221668243408203,1453.672507601773,600.8543638560714,1,649.5755751509329,614.5316514172222,1
1576,1576,52.53333333333333,52.68832087516785,52.68832087516785,1788009048287808,1788009048657574656,410171,410172,1788009048656045568,1788009048664378624,0.1834854510600555,8.332967758178711,1.5289783477783203,1450.7650696745723,597.1667685610996,1,653.7317971365426,610.2633239867446,1
1577,1577,52.56666666666667,52.721750020980835,52.721750020980835,1788009048321237,1788009048691004928,410175,410176,1788009048689378048,1788009048697711872,0.19522242883707625,8.333921432495117,1.6269683837890625,1447.7870555618845,592.3811086652184,1,658.0463537684598,607.2813025596989,1
1578,1578,52.6,52.755187034606934,52.755187034606934,1788009048354674,1788009048724443136,410179,410180,1788009048722711296,1788009048731044096,0.20783977110157367,8.33272933959961,1.73187255859375,1444.4158732001101,587.1852140077589,1,659.8715408866119,604.9590347440032,1
1579,1579,52.63333333333333,52.78861689567566,52.78861689567566,1788009048388104,1788009048757874176,410183,410184,1788009048756043776,1788009048764376320,0.21968526466380545,8.33272933959961,1.8305778503417969,1439.8122955571462,582.1576183951613,1,661.044972169492,601.82710526139,1
1580,1580,52.666666666666664,52.82205390930176,52.82205390930176,1788009048421541,1788009048791312384,410187,410188,1788009048789376000,1788009048797709824,0.23236253361560907,8.333683013916016,1.9364356994628906,1434.6790199717586,577.4290453698004,1,663.0779898457849,598.3747486329248,1
1581,1581,52.7,52.855489015579224,52.855489015579224,1788009048454976,1788009048824748800,410191,410192,1788009048822709248,1788009048831042048,0.24474964234620886,8.33272933959961,2.0394325256347656,1430.0114197078835,572.7672892047324,1,665.4937362052488,594.8140566658175,1
1582,1582,52.733333333333334,52.888919830322266,52.888919830322266,1788009048488407,1788009048858180864,410195,410196,1788009048856041472,1788009048864374272,0.25673085176389804,8.332967758178711,2.1393299102783203,1423.312128761996,568.1176654204668,1,669.3010997600134,590.9081691911294,1
1583,1583,52.766666666666666,52.92234992980957,52.92234992980957,1788009048521837,1788009048891611904,410199,410200,1788009048889373696,1788009048897706496,0.2685836909871245,8.33272933959961,2.238035202026367,1414.7244053422014,562.9716318090125,1,674.59583538285,587.2306846661112,1
1584,1584,52.8,52.95578694343567,52.95578694343567,1788009048555274,1788009048925050112,410203,410204,1788009048922706176,1788009048931038976,0.2812875536480687,8.33272933959961,2.343893051147461,1403.8834179519222,557.9795864544113,1,680.1911947930079,583.9915141628245,1
1585,1585,52.833333333333336,52.989217042922974,52.989217042922974,1788009048588704,1788009048958481408,410207,410208,1788009048956038400,1788009048964372224,0.2931281112319048,8.333683013916016,2.4428367614746094,1392.2492837696054,554.0514500187306,1,686.7091438358289,581.5782559175624,1
1586,1586,52.86666666666667,53.0226469039917,53.0226469039917,1788009048622134,1788009048991912448,410211,410212,1788009048989371904,1788009048997704448,0.30489270386266093,8.33272933959961,2.54058837890625,1380.3773541014566,551.654837655191,1,691.4920922898139,579.7524434461551,1
1587,1587,52.9,53.056077003479004,53.056077003479004,1788009048655564,1788009049025343744,410215,410216,1788009049022703872,1788009049031036928,0.3167863580441189,8.332967758178711,2.6397705078125,1368.9874854026457,549.6766299915051,1,696.8998637376163,577.9128260443672,1
1588,1588,52.93333333333333,53.08950591087341,53.08950591087341,1788009048688993,1788009049058773504,410219,410220,1788009049056036352,1788009049064370176,0.3284508653983693,8.333921432495117,2.737283706665039,1360.8507823747714,548.7344821057836,1,701.1019002818847,577.3533855048214,1
1589,1589,52.96666666666667,53.122941970825195,53.122941970825195,1788009048722429,1788009049092210688,410223,410224,1788009049089369600,1788009049097702400,0.34096306257331693,8.332967758178711,2.8412342071533203,1352.6913240497574,548.7599460701604,1,704.6848399569117,576.2013970298692,1
1590,1590,53.0,53.156373023986816,53.156373023986816,1788009048755860,1788009049125642496,410227,410228,1788009049122701824,1788009049131035904,0.35285366900300386,8.333921432495117,2.940654754638672,1347.1295687111046,545.1813596691484,1,708.6748479565048,576.1161694019546,1
1591,1591,53.03333333333333,53.18980097770691,53.18980097770691,1788009048789288,1788009049159071488,410231,410232,1788009049156035072,1788009049164367872,0.3643776824034335,8.33272933959961,3.0362606048583984,1342.0394836518078,549.029811711525,1,711.9724288412503,577.0196005729139,1
1592,1592,53.06666666666667,53.223238945007324,53.223238945007324,1788009048822726,1788009049192510208,410235,410236,1788009049189367552,1788009049197700352,0.3771387696709585,8.33272933959961,3.1425952911376953,1338.0440420572463,553.8135575051675,1,714.0831977677835,577.9415307667349,1
1593,1593,53.1,53.25667095184326,53.25667095184326,1788009048856158,1788009049225943296,410239,410240,1788009049222699520,1788009049231033600,0.389214704620226,8.333921432495117,3.243684768676758,1335.5166583752114,555.6883933468071,1,715.6972930517975,579.1899395643264,1
1594,1594,53.13333333333333,53.290098905563354,53.290098905563354,1788009048889586,1788009049259372544,410243,410244,1788009049256033024,1788009049264365824,0.4007610654916884,8.332967758178711,3.339529037475586,1334.3440934061064,561.0459442409782,1,717.6903895341834,582.6671217790555,1
1595,1595,53.166666666666664,53.32352805137634,53.32352805137634,1788009048923015,1788009049292802816,410247,410248,1788009049289365248,1788009049297698304,0.4125203856828131,8.332967758178711,3.437519073486328,1333.1420371137192,566.4096526464523,1,719.3419526325947,585.5213016751302,1
1596,1596,53.2,53.35695004463196,53.35695004463196,1788009048956437,1788009049326225664,410251,410252,1788009049322697728,1788009049331031552,0.42334429981404664,8.333921432495117,3.528118133544922,1332.2573243301704,570.7287439826121,1,720.1234444338614,589.4726475076127,1
1597,1597,53.233333333333334,53.390379905700684,53.390379905700684,1788009048989867,1788009049359656704,410255,410256,1788009049356030976,1788009049364363776,0.4351359084406295,8.33272933959961,3.6258697509765625,1331.4406593145477,575.2730173308987,1,720.4973864971197,591.4047425219655,1
1598,1598,53.266666666666666,53.42380905151367,53.42380905151367,1788009049023296,1788009049393087232,410259,410260,1788009049389363200,1788009049397696000,0.44689556509299,8.33272933959961,3.7238597869873047,1330.7121142412282,578.4436570949792,1,721.1976800122666,593.9072462019126,1
1599,1599,53.3,53.45723795890808,53.45723795890808,1788009049056725,1788009049426517248,410263,410264,1788009049422695680,1788009049431029248,0.45857412599416375,8.333683013916016,3.8216114044189453,1330.3713382961325,580.8388408793885,1,721.6654206964442,595.0229886657996,1
1600,1600,53.333333333333336,53.490675926208496,53.490675926208496,1788009049090163,1788009049459956480,410267,410268,1788009049456028928,1788009049464361728,0.47133047210300427,8.33272933959961,3.927469253540039,1330.1282996009872,581.6516889010362,1,721.925723095273,595.7678152274942,1
1601,1601,53.36666666666667,53.52411198616028,53.52411198616028,1788009049123599,1788009049493393408,410271,410272,1788009049489361152,1788009049497694976,0.4838506651408954,8.333921432495117,4.032373428344727,1330.5971031096715,583.070516447569,1,722.0920027882332,595.4345654392226,1
1602,1602,53.4,53.557541847229004,53.557541847229004,1788009049157029,1788009049526824192,410275,410276,1788009049522694400,1788009049531027200,0.49560813710623447,8.332967758178711,4.129886627197266,1330.6371226658225,582.6217921696548,1,722.1043510076631,595.3981692526638,1
1603,1603,53.43333333333333,53.59097194671631,53.59097194671631,1788009049190459,1788009049560255488,410279,410280,1788009049556026624,1788009049564359424,0.5074964234620887,8.33272933959961,4.103899002075195,1331.2325005903808,583.0467557103017,1,722.0101423090855,595.7433232027709,1
1604,1604,53.46666666666667,53.624409914016724,53.624409914016724,1788009049223897,1788009049593694720,410283,410284,1788009049589359104,1788009049597692672,0.5202551925387653,8.333683013916016,3.9980411529541016,1331.547163969755,584.136941125225,1,722.0331200529795,595.8148910116213,1
1605,1605,53.5,53.65783882141113,53.65783882141113,1788009049257326,1788009049627124736,410287,410288,1788009049622692352,1788009049631025152,0.5319313304721031,8.33272933959961,3.900289535522461,1332.2274404119894,583.9488234501856,1,722.0632084757907,595.1913322157952,1
1606,1606,53.53333333333333,53.69127583503723,53.69127583503723,1788009049290763,1788009049660562944,410291,410292,1788009049656024576,1788009049664357376,0.5446351931330472,8.33272933959961,3.794431686401367,1332.8674352276225,583.9980661539215,1,721.9741395442966,594.1784859079779,1
1607,1607,53.56666666666667,53.72470688819885,53.72470688819885,1788009049324194,1788009049693995264,410295,410296,1788009049689356800,1788009049697690624,0.5565727363753398,8.333921432495117,3.6954879760742188,1333.323108182384,583.876647631743,1,721.8268315570351,593.5216555226733,1
1608,1608,53.6,53.758141040802,53.758141040802,1788009049357628,1788009049727430656,410299,410300,1788009049722690048,1788009049731023104,0.5688821492947269,8.332967758178711,3.5924911499023438,1333.8321274158923,583.1935795685696,1,721.8622427043034,593.1068788824772,1
1609,1609,53.63333333333333,53.79157090187073,53.79157090187073,1788009049391058,1788009049760861440,410303,410304,1788009049756022528,1788009049764355328,0.5806986924551515,8.332967758178711,3.4940242767333984,1334.0120220873466,582.9645149468058,1,722.0369394051687,592.7364362299658,1
1610,1610,53.666666666666664,53.82500886917114,53.82500886917114,1788009049424496,1788009049794300672,410307,410308,1788009049789354752,1788009049797688832,0.5934487197825776,8.333921432495117,3.3881664276123047,1334.273648660311,582.2720635360135,1,721.864079952771,592.6709627720213,1
1611,1611,53.7,53.85843896865845,53.85843896865845,1788009049457926,1788009049827731712,410311,410312,1788009049822688000,1788009049831020800,0.6052646638054363,8.33272933959961,3.2892227172851562,1334.3176041141628,581.7838092073996,1,721.2034350694354,592.0672035759653,1
1612,1612,53.733333333333334,53.89187693595886,53.89187693595886,1788009049491364,1788009049861170688,410315,410316,1788009049856020480,1788009049864353280,0.6180829756795422,8.33272933959961,3.1824111938476562,1334.5189028916902,581.2134389992966,1,720.6071861144601,591.8082450633152,1
1613,1613,53.766666666666666,53.925312995910645,53.925312995910645,1788009049524800,1788009049894608384,410319,410320,1788009049889352448,1788009049897685504,0.630711567623244,8.332967758178711,3.077268600463867,1334.8528558181315,580.711256105426,1,720.2133136098978,592.1062553856988,1
1614,1614,53.8,53.958741903305054,53.958741903305054,1788009049558229,1788009049928038400,410323,410324,1788009049922684928,1788009049931017984,0.6424422763297187,8.332967758178711,2.9795169830322266,1335.0545593917725,579.6490882433307,1,719.783638491018,592.206467328828,1
1615,1615,53.833333333333336,53.992172956466675,53.992172956466675,1788009049591660,1788009049961470720,410327,410328,1788009049956017152,1788009049964351232,0.6543556000572164,8.333921432495117,2.880573272705078,1335.2319409146335,579.9554262676168,1,719.5834541305068,592.7018718329298,1
1616,1616,53.86666666666667,54.025601863861084,54.025601863861084,1788009049625089,1788009049994900736,410331,410332,1788009049989350656,1788009049997683200,0.666065808297568,8.33272933959961,2.782583236694336,1335.439322678429,579.9601971642005,1,719.7137748915388,592.5933781621368,1
1617,1617,53.9,54.059037923812866,54.059037923812866,1788009049658525,1788009050028337920,410335,410336,1788009050022682880,1788009050031015680,0.6786552217453505,8.33272933959961,2.6776790618896484,1336.0060859731896,579.8087936771999,1,719.3983603559371,592.5386650851184,1
1618,1618,53.93333333333333,54.09246802330017,54.09246802330017,1788009049691955,1788009050061768960,410339,410340,1788009050056015360,1788009050064348928,0.6904216970876008,8.333683013916016,2.579927444458008,1336.6422426248494,579.2856846097287,1,718.5995269578605,591.1553620928305,1
1619,1619,53.96666666666667,54.12589693069458,54.12589693069458,1788009049725384,1788009050095199232,410343,410344,1788009050089348608,1788009050097681408,0.7021173104434907,8.33272933959961,2.482175827026367,1337.0281604889933,579.1013157476807,1,718.139400028396,590.9499573467871,1
1620,1620,54.0,54.15933585166931,54.15933585166931,1788009049758823,1788009050128639488,410347,410348,1788009050122680576,1788009050131014656,0.7150050064368474,8.333921432495117,2.3751258850097656,1337.2555503820986,578.9498160089156,1,717.9096044742009,590.8607603749413,1
1621,1621,54.03333333333333,54.1927649974823,54.1927649974823,1788009049792252,1788009050162069760,410351,410352,1788009050156014080,1788009050164346880,0.7267317101084375,8.332967758178711,2.2771358489990234,1337.5406846592339,578.160020903076,1,717.7552870635077,590.6042077319847,1
1622,1622,54.06666666666667,54.22619390487671,54.22619390487671,1788009049825681,1788009050195499776,410355,410356,1788009050189346304,1788009050197679104,0.7384549356223176,8.33272933959961,2.179384231567383,1337.703140295951,577.4048506334037,1,717.4910698607931,589.5529980673698,1
1623,1623,54.1,54.259631872177124,54.259631872177124,1788009049859119,1788009050228938496,410359,410360,1788009050222678784,1788009050231012352,0.751158665674887,8.333683013916016,2.0737648010253906,1338.1261769590935,577.0145677875179,1,717.0297989324802,588.4075700450779,1
1624,1624,54.13333333333333,54.29306101799011,54.29306101799011,1788009049892548,1788009050262368768,410363,410364,1788009050256012032,1788009050264344576,0.7628612303290415,8.33272933959961,1.97601318359375,1338.3383130911855,576.6571924637179,1,716.8093086646259,588.2280959325719,1
1625,1625,54.166666666666664,54.32649087905884,54.32649087905884,1788009049925978,1788009050295799808,410367,410368,1788009050289344256,1788009050297677056,0.7747067238912733,8.33272933959961,1.8773078918457031,1338.5644529288963,576.6291213025902,1,716.6598618761761,588.5029542365703,1
1626,1626,54.2,54.35991883277893,54.35991883277893,1788009049959406,1788009050329228800,410371,410372,1788009050322676480,1788009050331010304,0.7862394507223573,8.333921432495117,1.781463623046875,1338.4012659322539,576.6517918268918,1,716.4723722599447,588.2520288672948,1
1627,1627,54.233333333333334,54.39334797859192,54.39334797859192,1788009049992835,1788009050362658816,410375,410376,1788009050356009728,1788009050364342784,0.7979170839174845,8.332967758178711,1.683950424194336,1338.4940468259742,576.4775287468708,1,716.1391132633529,587.4866246410783,1
1628,1628,54.266666666666666,54.42678689956665,54.42678689956665,1788009050026274,1788009050396098560,410379,410380,1788009050389341952,1788009050397675008,0.8108208634946067,8.332967758178711,1.5764236450195312,1339.0284807892845,576.0665918531238,1,716.0192797630742,586.8784709746708,1
1629,1629,54.3,54.460216999053955,54.460216999053955,1788009050059704,1788009050429529344,410383,410384,1788009050422674432,1788009050431008256,0.8225432699184666,8.333921432495117,1.4789104461669922,1338.7883279902169,575.9792510195539,1,716.3025954483851,587.7392314453818,1
1630,1630,54.333333333333336,54.493654012680054,54.493654012680054,1788009050093141,1788009050462967552,410387,410388,1788009050456007680,1788009050464340480,0.8352503576537911,8.33272933959961,1.3728141784667969,1338.6731108200354,575.6145359354155,1,716.5091369758205,588.0444581102174,1
1631,1631,54.36666666666667,54.52708387374878,54.52708387374878,1788009050126571,1788009050496398592,410391,410392,1788009050489340160,1788009050497672704,0.8470958512160229,8.33272933959961,1.27410888671875,1338.804824889272,575.3163569262172,1,716.4216362416022,587.5043626141816,1
1632,1632,54.4,54.560513973236084,54.560513973236084,1788009050160001,1788009050529829888,410395,410396,1788009050522672128,1788009050531006208,0.8588756973251324,8.333921432495117,1.1761188507080078,1338.8476326146085,574.6533927189946,1,716.6989366647138,587.2993173041536,1
1633,1633,54.43333333333333,54.593950033187866,54.593950033187866,1788009050193437,1788009050563267328,410399,410400,1788009050556005376,1788009050564338432,0.8714485994678264,8.332967758178711,1.0712146759033203,1339.0373319641656,574.2500378626393,1,716.6572191063158,586.6802895746688,1
1634,1634,54.46666666666667,54.62737798690796,54.62737798690796,1788009050226865,1788009050596696064,410403,410404,1788009050589337856,1788009050597671680,0.8829352024030896,8.333921432495117,0.9756088256835938,1339.1736568350611,573.9788490560672,1,716.8540837403356,586.1598800620432,1
1635,1635,54.5,54.660815954208374,54.660815954208374,1788009050260303,1788009050630135040,410407,410408,1788009050622671104,1788009050631004160,0.8957111384509743,8.332967758178711,0.8690357208251953,1338.945979336068,573.8786056651481,1,716.87716705264,586.107722181576,1
1636,1636,54.53333333333333,54.69424486160278,54.69424486160278,1788009050293732,1788009050663565056,410411,410412,1788009050656003584,1788009050664336128,0.9074678111587983,8.33272933959961,0.7710456848144531,1339.0896806655755,573.7641763146646,1,716.5196948268274,585.7960532595879,1
1637,1637,54.56666666666667,54.72767496109009,54.72767496109009,1788009050327162,1788009050696996352,410415,410416,1788009050689335808,1788009050697669632,0.919236711106025,8.333683013916016,0.6730556488037109,1339.4673665004334,573.2248673708256,1,716.5030818729887,585.5753008021712,1
1638,1638,54.6,54.76110601425171,54.76110601425171,1788009050360593,1788009050730428672,410419,410420,1788009050722669056,1788009050731001856,0.9312160228898426,8.33272933959961,0.5731582641601562,1339.8487781764488,572.6737731452348,1,716.1811584990976,585.3881668628297,1
1639,1639,54.63333333333333,54.79454302787781,54.79454302787781,1788009050394030,1788009050763866880,410423,410424,1788009050756001536,1788009050764334080,0.9439198855507869,8.33272933959961,0.4673004150390625,1339.7977208087755,572.7936909494106,1,715.8637790030698,585.5121987276816,1
1640,1640,54.666666666666664,54.82797288894653,54.82797288894653,1788009050427460,1788009050797297664,410427,410428,1788009050789333504,1788009050797667584,0.9556286654269776,8.333921432495117,0.36978721618652344,1340.0142093654886,572.8931306325819,1,716.1358828082954,585.9117101188634,1
1641,1641,54.7,54.86140990257263,54.86140990257263,1788009050460897,1788009050830735872,410431,410432,1788009050822667008,1788009050830999808,0.9683270864925181,8.332967758178711,0.2639293670654297,1341.0494887714335,573.7486410375953,1,716.4788596678236,586.6597530326401,1
1642,1642,54.733333333333334,54.89484095573425,54.89484095573425,1788009050494328,1788009050864168448,410435,410436,1788009050855999232,1788009050864332032,0.9803719599427754,8.33272933959961,0.16355514526367188,1341.1726912764716,575.2258511875841,1,717.2614495096623,588.5646936612121,1
1643,1643,54.766666666666666,54.92827486991882,54.92827486991882,1788009050527762,1788009050897603840,410439,410440,1788009050889331456,1788009050897664256,0.9927324749642347,8.33272933959961,0.060558319091796875,1339.5240405003087,575.9353242093239,1,718.6902542599757,589.4291468603268,1
1644,1644,54.8,54.96170496940613,54.96170496940613,1788009050561192,1788009050931034880,410444,410445,1788009050930996736,1788009050939330560,0.004577313689028751,8.333921432495117,0.03814697265625,1338.2564287320972,576.6591596606603,1,719.8163368796108,589.7059639076331,1
1645,1645,54.833333333333336,54.99513483047485,54.99513483047485,1788009050594622,1788009050964465664,410448,410449,1788009050964329984,1788009050972662784,0.016280400572246067,8.33272933959961,0.13566017150878906,1337.341996193334,577.2847885746972,1,720.7595433796678,589.3522462034424,1
1646,1646,54.86666666666667,55.02856492996216,55.02856492996216,1788009050628052,1788009050997896960,410452,410453,1788009050997662208,1788009051005995008,0.02815450643776824,8.33272933959961,0.2346038818359375,1337.177289785076,578.6439879565543,1,721.9175112255623,590.6079103807186,1
1647,1647,54.9,55.06200194358826,55.06200194358826,1788009050661489,1788009051031335424,410456,410457,1788009051030994688,1788009051039328256,0.04088230245465469,8.333683013916016,0.3407001495361328,1336.794538639346,579.313323243989,1,723.0704603690237,592.6031826760463,1
1648,1648,54.93333333333333,55.09543204307556,55.09543204307556,1788009050694919,1788009051064766720,410460,410461,1788009051064327936,1788009051072660736,0.05264663805436338,8.33272933959961,0.438690185546875,1336.6857138306182,578.2828732193059,1,724.6779700449331,594.2388426211664,1
1649,1649,54.96666666666667,55.12886095046997,55.12886095046997,1788009050728348,1788009051098196480,410464,410465,1788009051097660160,1788009051105992960,0.0643758404623616,8.332967758178711,0.5364418029785156,1336.3114567020173,578.979506843518,1,725.6635551094116,595.7107442282203,1
1650,1650,55.0,55.162291049957275,55.162291049957275,1788009050761778,1788009051131627776,410468,410469,1788009051130992384,1788009051139326208,0.07624088113288514,8.333921432495117,0.6353855133056641,1336.235825787026,579.1136203390423,1,726.3212919527433,596.5988136835018,1
1651,1651,55.03333333333333,55.195720911026,55.195720911026,1788009050795208,1788009051165058816,410472,410473,1788009051164325632,1788009051172658432,0.08798283261802575,8.33272933959961,0.7331371307373047,1336.0180132513212,579.002348751594,1,726.5041235352753,595.4927292482705,1
1652,1652,55.06666666666667,55.229148864746094,55.229148864746094,1788009050828636,1788009051198487808,410476,410477,1788009051197658112,1788009051205991680,0.09955942095325285,8.333683013916016,0.8296966552734375,1335.8189659303907,579.4878810324808,1,726.5968687137736,594.9087585949145,1
1653,1653,55.1,55.262579917907715,55.262579917907715,1788009050862067,1788009051231920128,410480,410481,1788009051230991360,1788009051239324160,0.11144492131616596,8.33272933959961,0.9286403656005859,1336.586325146556,581.9383928175877,1,726.4495525997859,594.1396102037168,1
1654,1654,55.13333333333333,55.29601693153381,55.29601693153381,1788009050895504,1788009051265358336,410484,410485,1788009051264323584,1788009051272656384,0.12414878397711016,8.33272933959961,1.0344982147216797,1336.1943510191054,581.1623298350263,1,725.8496991647453,592.7620185086527,1
1655,1655,55.166666666666664,55.32944583892822,55.32944583892822,1788009050928933,1788009051298788352,410488,410489,1788009051297655808,1788009051305989632,0.13588900014304106,8.333921432495117,1.1324882507324219,1336.90419519782,581.2737753083918,1,725.5647382029334,591.743949365122,1
1656,1656,55.2,55.362876892089844,55.362876892089844,1788009050962364,1788009051332220672,410492,410493,1788009051330989056,1788009051339322112,0.14777831821693227,8.332967758178711,1.2314319610595703,1337.1705545644538,582.2673472141098,1,725.4325017152316,591.4380885747247,1
1657,1657,55.233333333333334,55.39629793167114,55.39629793167114,1788009050995785,1788009051365642496,410496,410497,1788009051364321536,1788009051372654336,0.15853623644530915,8.332967758178711,1.3210773468017578,1337.054244868207,583.4674125171762,1,725.3689436857068,591.8885246664988,1
1658,1658,55.266666666666666,55.42972803115845,55.42972803115845,1788009051029215,1788009051399073536,410500,410501,1788009051397653760,1788009051405987840,0.17036189386353884,8.333921432495117,1.4197826385498047,1337.1496669577157,581.5190532464732,1,725.435878049554,592.6068757988174,1
1659,1659,55.3,55.46315789222717,55.46315789222717,1788009051062645,1788009051432504576,410504,410505,1788009051430987008,1788009051439319808,0.1821173104434907,8.33272933959961,1.5175342559814453,1337.0732475283908,580.7839656826728,1,725.3699718178882,593.2811353452137,1
1660,1660,55.333333333333336,55.49658703804016,55.49658703804016,1788009051096074,1788009051465935104,410508,410509,1788009051464319488,1788009051472652288,0.19390557939914163,8.33272933959961,1.615762710571289,1337.3948322612844,585.2021883912907,1,725.1779199904283,593.3602333960027,1
1661,1661,55.36666666666667,55.53001594543457,55.53001594543457,1788009051129503,1788009051499365376,410512,410513,1788009051497651456,1788009051505985536,0.20563581747961665,8.333921432495117,1.7137527465820312,1337.183854118336,586.9961190165326,1,725.3982412903849,593.7165082625303,1
1662,1662,55.4,55.563446044921875,55.563446044921875,1788009051162933,1788009051532796416,410516,410517,1788009051530984960,1788009051539317760,0.21739006037023262,8.332967758178711,1.8115043640136719,1337.0583167241207,587.5066542198762,1,725.5069594179516,593.7950186207644,1
1663,1663,55.43333333333333,55.5968759059906,55.5968759059906,1788009051196363,1788009051566227456,410520,410521,1788009051564317184,1788009051572650240,0.22923521501530714,8.332967758178711,1.9102096557617188,1337.225177012441,587.3050462078415,1,725.7600433566633,594.6020336091119,1
1664,1664,55.46666666666667,55.6303129196167,55.6303129196167,1788009051229800,1788009051599665664,410524,410525,1788009051597650432,1788009051605983488,0.2418242682612801,8.332967758178711,2.0151138305664062,1337.1764322671406,586.9004280229444,1,725.9386478860602,594.2325571932574,1
1665,1665,55.5,55.66374182701111,55.66374182701111,1788009051263229,1788009051633095424,410528,410529,1788009051630982912,1788009051639315712,0.2535336194563662,8.33272933959961,2.1126270294189453,1337.1461256909324,587.7632513684716,1,725.9147782318571,593.6427970661593,1
1666,1666,55.53333333333333,55.69717192649841,55.69717192649841,1788009051296659,1788009051666526720,410532,410533,1788009051664315136,1788009051672648960,0.26537735309263605,8.333683013916016,2.2115707397460938,1337.2775998489662,587.8937405307877,1,725.8077810894034,593.5227462828014,1
1667,1667,55.56666666666667,55.73060202598572,55.73060202598572,1788009051330089,1788009051699958016,410536,410537,1788009051697648640,1788009051705981184,0.27716738197424895,8.33272933959961,2.309560775756836,1337.7127142074526,588.744530141669,1,725.9089984085518,594.3148523441223,1
1668,1668,55.6,55.76403284072876,55.76403284072876,1788009051363520,1788009051733389568,410540,410541,1788009051730980864,1788009051739313664,0.2890701001430615,8.33272933959961,2.408742904663086,1337.9972276239218,588.6096809012117,1,726.2165373611415,594.1710063948395,1
1669,1669,55.63333333333333,55.79746198654175,55.79746198654175,1788009051396949,1788009051766819584,410544,410545,1788009051764313088,1788009051772646912,0.3007581175797454,8.333921432495117,2.5064945220947266,1337.8449883383253,588.7950569859648,1,726.2562967385047,593.6180347726777,1
1670,1670,55.666666666666664,55.83089089393616,55.83089089393616,1788009051430378,1788009051800249088,410548,410549,1788009051797646336,1788009051805979136,0.3123515779233784,8.332967758178711,2.602815628051758,1338.1037673189076,589.8260270211887,1,726.3270964343694,593.1015156356698,1
1671,1671,55.7,55.86432886123657,55.86432886123657,1788009051463816,1788009051833688576,410552,410553,1788009051830978560,1788009051839311360,0.32520743919885553,8.33272933959961,2.7098655700683594,1337.9292223689308,589.8731636440888,1,726.2657748661226,593.0182417538285,1
1672,1672,55.733333333333334,55.89775800704956,55.89775800704956,1788009051497245,1788009051867119104,410556,410557,1788009051864311040,1788009051872643584,0.3369957081545064,8.33272933959961,2.808094024658203,1337.608845548048,589.3750463350391,1,726.3292481421583,593.3686895170822,1
1673,1673,55.766666666666666,55.93118691444397,55.93118691444397,1788009051530674,1788009051900548864,410560,410561,1788009051897643264,1788009051905976064,0.3486981402002861,8.33272933959961,2.905607223510742,1337.8439250953502,589.2979956361713,1,726.37330708849,593.770731847465,1
1674,1674,55.8,55.964617013931274,55.964617013931274,1788009051564104,1788009051933980160,410564,410565,1788009051930975488,1788009051939309312,0.36054927764268346,8.333921432495117,3.004789352416992,1338.0976423249572,589.5223343655769,1,726.3727104351402,593.6277270817507,1
1675,1675,55.833333333333336,55.998045921325684,55.998045921325684,1788009051597533,1788009051967410432,410568,410569,1788009051964308736,1788009051972641792,0.37220680381104976,8.332967758178711,3.1015872955322266,1338.3196411247775,589.063216501054,1,726.3718777885865,593.4938428315537,1
1676,1676,55.86666666666667,56.03147482872009,56.03147482872009,1788009051630962,1788009052000840448,410572,410573,1788009051997640960,1788009052005974016,0.38393751251752456,8.332967758178711,3.199338912963867,1338.250586409226,588.4361438547221,1,726.3066013841378,593.3196802116461,1
1677,1677,55.9,56.06491303443909,56.06491303443909,1788009051664400,1788009052034279936,410576,410577,1788009052030973440,1788009052039307264,0.396738663996567,8.333921432495117,3.3063888549804688,1338.0699689791222,588.0700611671725,1,726.1934192733207,593.1014571069744,1
1678,1678,55.93333333333333,56.09833598136902,56.09833598136902,1788009051697823,1788009052067703808,410580,410581,1788009052064306688,1788009052072639488,0.4076680972818312,8.33272933959961,3.3969879150390625,1338.039320220813,588.2167065640164,1,726.0544546961842,592.4178962800848,1
1679,1679,55.96666666666667,56.13176488876343,56.13176488876343,1788009051731252,1788009052101133568,410584,410585,1788009052097639168,1788009052105971712,0.4193705293276109,8.33272933959961,3.4945011138916016,1337.8046763043735,587.205196264716,1,725.9413073382825,591.9587655927168,1
1680,1680,56.0,56.16519498825073,56.16519498825073,1788009051764682,1788009052134564864,410588,410589,1788009052130971392,1788009052139305216,0.4311952852320192,8.333683013916016,3.59344482421875,1337.9404799588885,587.158108519995,1,725.9310088977286,591.699848825043,1
1681,1681,56.03333333333333,56.19862389564514,56.19862389564514,1788009051798111,1788009052167994880,410592,410593,1788009052164304384,1788009052172637440,0.44287717089639783,8.332967758178711,3.690481185913086,1338.0510292983502,587.2497693286144,1,725.8809321384009,591.2509960310906,1
1682,1682,56.06666666666667,56.23206090927124,56.23206090927124,1788009051831548,1788009052201433344,410596,410597,1788009052197636864,1788009052205969920,0.4556092815656204,8.332967758178711,3.7965774536132812,1337.8915327984319,586.9910565239045,1,726.0777841995906,592.3353237551703,1
1683,1683,56.1,56.26549196243286,56.26549196243286,1788009051864979,1788009052234865664,410600,410601,1788009052230970112,1788009052239303168,0.46748304769534493,8.332967758178711,3.8955211639404297,1337.9881140075554,586.110099985815,1,726.3393172016172,593.5073278640156,1
1684,1684,56.13333333333333,56.29892086982727,56.29892086982727,1788009051898408,1788009052268295424,410604,410605,1788009052264302592,1788009052272635136,0.4791988555078684,8.33272933959961,3.9930343627929688,1337.9867026100833,585.6616272720701,1,726.4657936067284,593.3840163236611,1
1685,1685,56.166666666666664,56.33234882354736,56.33234882354736,1788009051931836,1788009052301724416,410608,410609,1788009052297634816,1788009052305968640,0.490730674600904,8.333683013916016,4.089593887329102,1337.7735335514826,585.4576312071058,1,726.2489139268928,592.5393098494559,1
1686,1686,56.2,56.3657808303833,56.3657808303833,1788009051965268,1788009052335157760,410612,410613,1788009052330968064,1788009052339300864,0.5027753934191702,8.33272933959961,4.143238067626953,1337.7527388334784,585.3217127347117,1,725.8499992746808,591.3646328419605,1
1687,1687,56.233333333333334,56.399210929870605,56.399210929870605,1788009051998698,1788009052368588800,410616,410617,1788009052364300544,1788009052372633344,0.514620886981402,8.33272933959961,4.044532775878906,1337.7542886991578,586.2577011082719,1,725.8274704937639,591.2521807060938,1
1688,1688,56.266666666666666,56.43264603614807,56.43264603614807,1788009052032133,1788009052402024960,410620,410621,1788009052397632512,1788009052405966592,0.5270490630811043,8.333921432495117,3.9415359497070312,1337.7444255258574,585.2291974981046,1,725.6779396006119,591.5483776279505,1
1689,1689,56.3,56.46607685089111,56.46607685089111,1788009052065564,1788009052435457280,410624,410625,1788009052430966016,1788009052439298816,0.5389831478355411,8.332967758178711,3.8416385650634766,1337.334660863564,585.0741009779076,1,725.213946276853,590.698795900671,1
1690,1690,56.333333333333336,56.4995059967041,56.4995059967041,1788009052098993,1788009052468887552,410628,410629,1788009052464298240,1788009052472631040,0.550758226037196,8.33272933959961,3.743410110473633,1337.058365813425,585.550537573631,1,724.984340339971,590.0162594884983,1
1691,1691,56.36666666666667,56.5329430103302,56.5329430103302,1788009052132430,1788009052502325760,410632,410633,1788009052497630720,1788009052505964288,0.5633976082851748,8.333683013916016,3.6385059356689453,1336.7104032212433,585.5192365304301,1,724.9857855218548,589.5693064715643,1
1692,1692,56.4,56.56637382507324,56.56637382507324,1788009052165861,1788009052535757824,410636,410637,1788009052530963968,1788009052539296512,0.5753075822603719,8.33272933959961,3.538846969604492,1336.5337840004775,585.4637861429615,1,725.0052577821855,590.2714242071249,1
1693,1693,56.43333333333333,56.599802017211914,56.599802017211914,1788009052199289,1788009052569186816,410640,410641,1788009052564296192,1788009052572628992,0.5869241773962804,8.33272933959961,3.442049026489258,1336.7733056583083,585.7221539275857,1,725.3491238858891,591.2708952884035,1
1694,1694,56.46666666666667,56.6332368850708,56.6332368850708,1788009052232724,1788009052602622976,410644,410645,1788009052597628416,1788009052605962240,0.5993134029466457,8.333921432495117,3.3392906188964844,1336.877911313401,585.6880182303614,1,725.4321851239199,591.743482867741,1
1695,1695,56.5,56.666669845581055,56.666669845581055,1788009052266157,1788009052636057344,410648,410649,1788009052630961664,1788009052639294720,0.6115132614231352,8.332967758178711,3.2372474670410156,1337.0051245067846,585.6736244317408,1,725.3861986206072,592.0123095773077,1
1696,1696,56.53333333333333,56.70009899139404,56.70009899139404,1788009052299586,1788009052669487616,410652,410653,1788009052664293888,1788009052672627968,0.6232012587612645,8.333921432495117,3.1402111053466797,1337.0619936915382,584.721348031064,1,725.1701137659115,591.8148102234455,1
1697,1697,56.56666666666667,56.733526945114136,56.733526945114136,1788009052333014,1788009052702916608,410656,410657,1788009052697627392,1788009052705960192,0.6347457869588853,8.332967758178711,3.043651580810547,1336.91888749301,583.702374671778,1,724.7052021313727,591.2838441914647,1
1698,1698,56.6,56.76695799827576,56.76695799827576,1788009052366445,1788009052736348928,410660,410661,1788009052730959616,1788009052739292416,0.6467525035765379,8.33272933959961,2.9435157775878906,1337.1641396673863,584.6555566437509,1,724.4993049659472,590.8234970422433,1
1699,1699,56.63333333333333,56.800395011901855,56.800395011901855,1788009052399882,1788009052769786624,410664,410665,1788009052764292096,1788009052772625664,0.6593236825542141,8.333683013916016,2.8390884399414062,1337.571554605382,584.9657327931859,1,724.4731206118909,590.6585276384842,1
1700,1700,56.666666666666664,56.833823919296265,56.833823919296265,1788009052433311,1788009052803216384,410668,410669,1788009052797625344,1788009052805958144,0.6709871244635193,8.33272933959961,2.741575241088867,1337.94782051631,584.7135710729902,1,724.3651230522883,590.6188897980578,1
1701,1701,56.7,56.867252826690674,56.867252826690674,1788009052466740,1788009052836646144,410672,410673,1788009052830957312,1788009052839290368,0.6826700237475323,8.332967758178711,2.6443004608154297,1338.1988800366034,584.7890625150658,1,724.4207711377132,591.0574148330827,1
1702,1702,56.733333333333334,56.90068292617798,56.90068292617798,1788009052500170,1788009052870077440,410676,410677,1788009052864289792,1788009052872622848,0.6945437898772567,8.332967758178711,2.5453567504882812,1338.3809523145992,585.7252210901602,1,724.6220918021453,591.4944825429011,1
1703,1703,56.766666666666666,56.93411183357239,56.93411183357239,1788009052533599,1788009052903507200,410680,410681,1788009052897622016,1788009052905954816,0.7062660944206008,8.33272933959961,2.4476051330566406,1338.3742428813994,585.1167440983019,1,724.9287577694541,592.308513226241,1
1704,1704,56.8,56.967543840408325,56.967543840408325,1788009052567031,1788009052936940544,410684,410685,1788009052930954496,1788009052939288064,0.7182868913429078,8.333683013916016,2.347707748413086,1338.2278681205871,585.0419772914402,1,725.3205888626226,593.2648854644642,1
1705,1705,56.833333333333336,57.000980854034424,57.000980854034424,1788009052600468,1788009052970378752,410688,410689,1788009052964287744,1788009052972620544,0.7309585121602289,8.33272933959961,2.241849899291992,1338.0863743568539,585.1526569527431,1,725.3747494966562,593.8954420692111,1
1706,1706,56.86666666666667,57.03440999984741,57.03440999984741,1788009052633897,1788009053003809024,410692,410693,1788009052997620224,1788009053005952768,0.7427181688125895,8.33272933959961,2.14385986328125,1338.9222110526216,586.7853192153976,1,725.3907458600671,594.0744583058004,1
1707,1707,56.9,57.06784701347351,57.06784701347351,1788009052667334,1788009053037247232,410696,410697,1788009053030952192,1788009053039286016,0.7553425833214132,8.333921432495117,2.0389556884765625,1339.1013562722737,587.172936612946,1,725.3901936551858,594.3248440928907,1
1708,1708,56.93333333333333,57.101276874542236,57.101276874542236,1788009052700764,1788009053070678016,410700,410701,1788009053064285440,1788009053072618496,0.7671311264341507,8.332967758178711,1.9404888153076172,1339.136068455133,587.2119034880552,1,725.1891542339903,594.1236687327314,1
1709,1709,56.96666666666667,57.13471293449402,57.13471293449402,1788009052734200,1788009053104114944,410704,410705,1788009053097617920,1788009053105950720,0.7796915681954737,8.332967758178711,1.8358230590820312,1339.0049895065306,587.5672628165572,1,725.0264366374099,593.9345042511752,1
1710,1710,57.0,57.16814184188843,57.16814184188843,1788009052767629,1788009053137545216,410708,410709,1788009053130950144,1788009053139283968,0.7913543514333123,8.333683013916016,1.7387866973876953,1339.0094545884576,586.378390764288,1,725.0359885730882,594.1989637597096,1
1711,1711,57.03333333333333,57.20158004760742,57.20158004760742,1788009052801067,1788009053170984704,410712,410713,1788009053164283392,1788009053172616192,0.804206008583691,8.33272933959961,1.6314983367919922,1339.3922494826488,586.5374019761149,1,725.0682287985045,594.5182831524718,1
1712,1712,57.06666666666667,57.23501491546631,57.23501491546631,1788009052834502,1788009053204420864,410716,410717,1788009053197615872,1788009053205948672,0.8166523605150214,8.33272933959961,1.5277862548828125,1339.4393160666882,587.294118103519,1,725.0346012901141,594.6662843157688,1
1713,1713,57.1,57.268446922302246,57.268446922302246,1788009052867934,1788009053237853952,410720,410721,1788009053230948096,1788009053239281920,0.8286654269775425,8.333921432495117,1.4278888702392578,1339.24253708683,586.0136264282402,1,724.9429652631555,594.6669641487215,1
1714,1714,57.13333333333333,57.30187702178955,57.30187702178955,1788009052901364,1788009053271285248,410724,410725,1788009053264281344,1788009053272614144,0.8405195845612429,8.332967758178711,1.3289451599121094,1338.9957583599648,586.7492792512353,1,724.8835574098757,594.7157851504788,1
1715,1715,57.166666666666664,57.33530592918396,57.33530592918396,1788009052934793,1788009053304715520,410728,410729,1788009053297613568,1788009053305947648,0.8521527678443713,8.333921432495117,1.232147216796875,1339.1679595552562,588.1461199550538,1,724.8025051520784,594.7025694202354,1
1716,1716,57.2,57.36874198913574,57.36874198913574,1788009052968229,1788009053338152704,410732,410733,1788009053330946816,1788009053339279872,0.8647249005750909,8.332967758178711,1.1272430419921875,1339.4037802807457,589.4677037102509,1,724.9273251700284,595.1251059506774,1
1717,1717,57.233333333333334,57.40217185020447,57.40217185020447,1788009053001659,1788009053371583744,410736,410737,1788009053364279296,1788009053372612096,0.8765951359084406,8.33272933959961,1.028299331665039,1339.3546086856732,589.7464010298614,1,725.1722231958979,595.5694295051511,1
1718,1718,57.266666666666666,57.43560194969177,57.43560194969177,1788009053035089,1788009053405015040,410740,410741,1788009053397611520,1788009053405945344,0.8883675688047148,8.333683013916016,0.9303092956542969,1339.122367183398,589.0747570912508,1,725.3286427559694,596.1374150733352,1
1719,1719,57.3,57.46903085708618,57.46903085708618,1788009053068518,1788009053438444800,410744,410745,1788009053430945024,1788009053439277568,0.9000572246065808,8.33272933959961,0.8327960968017578,1339.1230699176886,589.3891760106769,1,725.4271109937837,596.6543648660321,1
1720,1720,57.333333333333336,57.5024688243866,57.5024688243866,1788009053101956,1788009053471883776,410748,410749,1788009053464276992,1788009053472610048,0.9128494177562874,8.332967758178711,0.7262229919433594,1339.392213278418,589.4221821584944,1,725.5055802008956,596.8572128311222,1
1721,1721,57.36666666666667,57.535897970199585,57.535897970199585,1788009053135385,1788009053505313792,410752,410753,1788009053497609472,1788009053505943296,0.9244743241310256,8.333921432495117,0.629425048828125,1339.7344774874828,589.5425580645328,1,725.555135717465,597.0674492057339,1
1722,1722,57.4,57.569326877593994,57.569326877593994,1788009053168814,1788009053538744064,410756,410757,1788009053530942720,1788009053539275520,0.9361963892306372,8.332967758178711,0.5316734313964844,1339.9274701857194,589.9700105882723,1,725.6827404861361,597.2924732919989,1
1723,1723,57.43333333333333,57.6027569770813,57.6027569770813,1788009053202244,1788009053572175360,410760,410761,1788009053564274944,1788009053572607744,0.9480972818311874,8.33272933959961,0.4324913024902344,1340.238728219655,589.8906869374449,1,725.9168357776185,597.9797067462642,1
1724,1724,57.46666666666667,57.63618803024292,57.63618803024292,1788009053235675,1788009053605607424,410764,410765,1788009053597607424,1788009053605940992,0.9599759684156319,8.333683013916016,0.33354759216308594,1340.4374854831976,590.346964740816,1,726.0879091875136,598.5229062035836,1
1725,1725,57.5,57.66962385177612,57.66962385177612,1788009053269111,1788009053639044608,410768,410769,1788009053630940672,1788009053639273472,0.9725321888412017,8.33272933959961,0.2288818359375,1340.276439448174,590.4610961735801,1,726.0749184657128,598.8112228393842,1
1726,1726,57.53333333333333,57.70305395126343,57.70305395126343,1788009053302541,1788009053672475904,410772,410773,1788009053664272896,1788009053672605696,0.9844062947067239,8.33272933959961,0.12993812561035156,1340.1931862599508,590.4964072617455,1,726.0006015513096,598.5612827456129,1
1727,1727,57.56666666666667,57.73648285865784,57.73648285865784,1788009053335970,1788009053705905664,410776,410777,1788009053697606400,1788009053705938944,0.9959942775393419,8.33272933959961,0.03337860107421875,1339.9739667056524,590.6795305916512,1,726.0026244424007,598.6628084140082,1
1728,1728,57.6,57.76992082595825,57.76992082595825,1788009053369408,1788009053739345152,410781,410782,1788009053739271424,1788009053747604992,0.008840189963952623,8.333683013916016,0.07367134094238281,1339.8099088421789,590.6693616882794,1,726.0285579377531,598.7434589169156,1
1729,1729,57.63333333333333,57.803349018096924,57.803349018096924,1788009053402836,1788009053772774400,410785,410786,1788009053772604672,1788009053780937472,0.020371959942775394,8.33272933959961,0.1697540283203125,1339.670530698365,590.6569261718687,1,725.998102381424,598.5660511524262,1
1730,1730,57.666666666666664,57.83677887916565,57.83677887916565,1788009053436266,1788009053806205184,410789,410790,1788009053805936896,1788009053814269696,0.032216531715830735,8.332967758178711,0.2684593200683594,1339.78901247,591.07731165967,1,725.9251526128626,598.4302197237894,1
1731,1731,57.7,57.87020993232727,57.87020993232727,1788009053469697,1788009053839637248,410793,410794,1788009053839269120,1788009053847603200,0.04417107709912745,8.333921432495117,0.3681182861328125,1339.8551528441874,591.6011435629974,1,725.8578947431835,598.440462880434,1
1732,1732,57.733333333333334,57.90363788604736,57.90363788604736,1788009053503125,1788009053873066496,410797,410798,1788009053872601600,1788009053880934144,0.055793991416309016,8.33272933959961,0.4649162292480469,1339.868600526464,591.7420845600228,1,725.7915576088761,598.5791647515136,1
1733,1733,57.766666666666666,57.93707585334778,57.93707585334778,1788009053536563,1788009053906505728,410801,410802,1788009053905933824,1788009053914267648,0.06863306059392345,8.333683013916016,0.5719661712646484,1339.9601267807434,591.8397007190522,1,725.7196281798384,598.5728996895489,1
1734,1734,57.8,57.970497846603394,57.970497846603394,1788009053569985,1788009053939928832,410805,410806,1788009053939267072,1788009053947599872,0.07939914163090128,8.33272933959961,0.6616115570068359,1339.9235411924196,591.8557094293961,1,725.652394741514,598.5828954151705,1
1735,1735,57.833333333333336,58.00392699241638,58.00392699241638,1788009053603414,1788009053973359104,410809,410810,1788009053972599552,1788009053980932352,0.0911587982832618,8.33272933959961,0.7596015930175781,1339.9440060636466,591.6598837310896,1,725.5467885117766,598.5708810089502,1
1736,1736,57.86666666666667,58.03735685348511,58.03735685348511,1788009053636844,1788009054006789888,410813,410814,1788009054005931520,1788009054014265600,0.10298955800314691,8.333921432495117,0.858306884765625,1339.9584531784699,591.4786916779775,1,725.5908850856329,598.6282627629131,1
1737,1737,57.9,58.07078695297241,58.07078695297241,1788009053670274,1788009054040220672,410817,410818,1788009054039265024,1788009054047597824,0.11470344196160338,8.332967758178711,0.9558200836181641,1340.2146278710718,591.4663184659009,1,725.7233928982819,598.6740842865953,1
1738,1738,57.93333333333333,58.10422396659851,58.10422396659851,1788009053703711,1788009054073658624,410821,410822,1788009054072597248,1788009054080930304,0.12737832966152612,8.332967758178711,1.0614395141601562,1340.4886109076992,591.2813067195403,1,725.6481467251265,598.4386521348101,1
1739,1739,57.96666666666667,58.137653827667236,58.137653827667236,1788009053737141,1788009054107089664,410825,410826,1788009054105929728,1788009054114263296,0.13921153516049664,8.333683013916016,1.1601448059082031,1340.7143321471247,591.6113854166506,1,725.567879560304,598.2671461666743,1
1740,1740,58.0,58.171082973480225,58.171082973480225,1788009053770570,1788009054140520192,410829,410830,1788009054139262976,1788009054147595520,0.15087267525035766,8.33272933959961,1.257181167602539,1340.848465867503,591.9056423356268,1,725.6233943125202,598.2307336871958,1
1741,1741,58.03333333333333,58.204511880874634,58.204511880874634,1788009053803999,1788009054173949952,410833,410834,1788009054172595200,1788009054180928000,0.16257510729613733,8.33272933959961,1.3546943664550781,1340.9544590518592,592.0892976841764,1,725.607505029465,598.300250831844,1
1742,1742,58.06666666666667,58.23794198036194,58.23794198036194,1788009053837429,1788009054207381248,410837,410838,1788009054205927424,1788009054214261248,0.17445286797310827,8.333921432495117,1.4538764953613281,1341.0067055525942,592.1980904496712,1,725.7218953940771,598.3094179416998,1
1743,1743,58.1,58.27137899398804,58.27137899398804,1788009053870866,1788009054240819456,410841,410842,1788009054239260672,1788009054247593728,0.1870618866412978,8.332967758178711,1.5587806701660156,1341.088408449075,592.1785367937945,1,725.8118440163623,598.2972502864059,1
1744,1744,58.13333333333333,58.30480885505676,58.30480885505676,1788009053904296,1788009054274250240,410845,410846,1788009054272592896,1788009054280925952,0.1988784298017224,8.332967758178711,1.657247543334961,1341.2631870352639,592.2525357536801,1,725.8503033499959,598.3485017100322,1
1745,1745,58.166666666666664,58.338239908218384,58.338239908218384,1788009053937727,1788009054307682304,410849,410850,1788009054305925376,1788009054314259200,0.21081390359033042,8.333921432495117,1.756906509399414,1341.3199085511405,592.0557758877096,1,725.8915276457333,598.362288788412,1
1746,1746,58.2,58.37167501449585,58.37167501449585,1788009053971162,1788009054341118464,410853,410854,1788009054339258624,1788009054347591424,0.22320457796852647,8.33272933959961,1.859903335571289,1341.361740365768,591.6846618579729,1,725.9788796688428,598.3581367092855,1
1747,1747,58.233333333333334,58.405104875564575,58.405104875564575,1788009054004592,1788009054374549504,410857,410858,1788009054372591104,1788009054380924672,0.23502317331349773,8.333683013916016,1.958608627319336,1341.4321325603773,591.5841837138079,1,726.0708884482092,598.3754445007977,1
1748,1748,58.266666666666666,58.43854093551636,58.43854093551636,1788009054038028,1788009054407987200,410861,410862,1788009054405924352,1788009054414257152,0.24755364806866953,8.33272933959961,2.0627975463867188,1341.4922220971644,591.6019351259757,1,726.139906427983,598.4451206032883,1
1749,1749,58.3,58.47197890281677,58.47197890281677,1788009054071466,1788009054441426176,410865,410866,1788009054439256320,1788009054447589376,0.26039312179909013,8.332967758178711,2.1698474884033203,1341.5491413333543,591.6112935196796,1,726.1436076961461,598.4755583932276,1
1750,1750,58.333333333333336,58.50540804862976,58.50540804862976,1788009054104895,1788009054474856704,410869,410870,1788009054472588800,1788009054480922624,0.27212129881275926,8.333921432495117,2.2678375244140625,1341.654369333073,591.476490292399,1,726.2575052521329,598.4801694250059,1
1751,1751,58.36666666666667,58.538846015930176,58.538846015930176,1788009054138333,1788009054508295424,410873,410874,1788009054505922048,1788009054514255104,0.28482732969013763,8.332967758178711,2.3734569549560547,1341.7028961515362,591.3559143086227,1,726.279827012981,598.5246513505967,1
1752,1752,58.4,58.572283029556274,58.572283029556274,1788009054171770,1788009054541733376,410877,410878,1788009054539254528,1788009054547587072,0.2975107296137339,8.33272933959961,2.479076385498047,1341.7544388326712,591.2426819995451,1,726.2516335587488,598.4903528364855,1
1753,1753,58.43333333333333,58.605712890625,58.605712890625,1788009054205200,1788009054575164672,410881,410882,1788009054572586752,1788009054580920576,0.30932082165131314,8.333683013916016,2.5777816772460938,1341.742836694222,591.1674785828798,1,726.206691874037,598.3011536955638,1
1754,1754,58.46666666666667,58.63914203643799,58.63914203643799,1788009054238629,1788009054608594944,410885,410886,1788009054605920000,1788009054614252800,0.3210014306151645,8.33272933959961,2.6748180389404297,1341.5566541464848,591.162997134687,1,726.154350694919,598.0073959186001,1
1755,1755,58.5,58.67257905006409,58.67257905006409,1788009054272066,1788009054642033152,410889,410890,1788009054639252480,1788009054647585280,0.3337052932761087,8.33272933959961,2.7806758880615234,1341.4418261088776,591.1339506336792,1,726.1213541109721,597.8818184658925,1
1756,1756,58.53333333333333,58.70600891113281,58.70600891113281,1788009054305496,1788009054675464192,410893,410894,1788009054672584448,1788009054680918528,0.34552996710055783,8.333921432495117,2.879619598388672,1341.355323387705,591.0334516858479,1,726.1089315414365,597.9814725117876,1
1757,1757,58.56666666666667,58.739444971084595,58.739444971084595,1788009054338932,1788009054708901376,410897,410898,1788009054705917952,1788009054714250752,0.3580441189093302,8.332967758178711,2.983570098876953,1341.3984666332462,590.7844600615875,1,726.0522008953727,597.9896050021043,1
1758,1758,58.6,58.77288293838501,58.77288293838501,1788009054372370,1788009054742340864,410901,410902,1788009054739250176,1788009054747584000,0.37084823344299817,8.333921432495117,3.0906200408935547,1341.461397827029,590.1529957387911,1,725.8980336997814,597.858001765469,1
1759,1759,58.63333333333333,58.80631184577942,58.80631184577942,1788009054405799,1788009054775770624,410905,410906,1788009054772583424,1788009054780916224,0.38248927038626607,8.33272933959961,3.1871795654296875,1341.579496019578,589.2536043605206,1,725.8157479582133,597.6279059492912,1
1760,1760,58.666666666666664,58.83975005149841,58.83975005149841,1788009054439237,1788009054809210112,410909,410910,1788009054805915904,1788009054814248448,0.39533619456366237,8.33272933959961,3.294229507446289,1341.6910233666324,588.7620599150249,1,725.8547411636376,597.5782257574089,1
1761,1761,58.7,58.87317991256714,58.87317991256714,1788009054472667,1788009054842641152,410913,410914,1788009054839248128,1788009054847581952,0.40713509183498314,8.333683013916016,3.392934799194336,1341.7934931389677,588.7791273069699,1,725.9259554348383,597.5525650203637,1
1762,1762,58.733333333333334,58.906615018844604,58.906615018844604,1788009054506102,1788009054876077312,410917,410918,1788009054872580352,1788009054880913152,0.4196732568452977,8.332967758178711,3.4971237182617188,1341.8254836674064,588.7802283525883,1,725.9581486165332,597.4547703427174,1
1763,1763,58.766666666666666,58.94004702568054,58.94004702568054,1788009054539534,1788009054909510656,410921,410922,1788009054905912576,1788009054914245632,0.43177591485222167,8.332967758178711,3.5979747772216797,1341.7697921761608,588.7004966025509,1,726.0019335154543,597.521274763721,1
1764,1764,58.8,58.97348403930664,58.97348403930664,1788009054572971,1788009054942948864,410925,410926,1788009054939245056,1788009054947578880,0.4444285509941353,8.333921432495117,3.7038326263427734,1341.7353873142397,589.0070948785296,1,725.9654757420102,597.5840239565116,1
1765,1765,58.833333333333336,59.00691294670105,59.00691294670105,1788009054606400,1788009054976378880,410929,410930,1788009054972578304,1788009054980911104,0.4561087267525036,8.33272933959961,3.800630569458008,1341.7346879348986,589.104753409978,1,725.8618658123103,597.5446194400903,1
1766,1766,58.86666666666667,59.04034900665283,59.04034900665283,1788009054639836,1788009055009816064,410933,410934,1788009055005910528,1788009055014244352,0.4686445042055273,8.333683013916016,3.9055347442626953,1341.7278737433235,588.8249532347742,1,725.8097409144489,597.4716414621544,1
1767,1767,58.9,59.07377886772156,59.07377886772156,1788009054673266,1788009055043247104,410937,410938,1788009055039244032,1788009055047576576,0.48042918454935624,8.33272933959961,4.003286361694336,1341.7141060044457,588.6947720097982,1,725.7632529660186,597.312356413086,1
1768,1768,58.93333333333333,59.10720896720886,59.10720896720886,1788009054706696,1788009055076678400,410941,410942,1788009055072576256,1788009055080909056,0.4923032904148784,8.33272933959961,4.102230072021484,1341.868332017786,588.6684420517181,1,725.702339870235,597.0380224873392,1
1769,1769,58.96666666666667,59.14064598083496,59.14064598083496,1788009054740133,1788009055110116352,410945,410946,1788009055105908480,1788009055114242304,0.5049063081104277,8.333921432495117,4.126071929931641,1342.1595586711721,588.6976670829641,1,725.6425156808131,596.8509847616536,1
1770,1770,59.0,59.17407584190369,59.17407584190369,1788009054773563,1788009055143546880,410949,410950,1788009055139241728,1788009055147574784,0.5166375783239392,8.332967758178711,4.027843475341797,1342.3060034728696,588.4437430561005,1,725.5366629827347,596.651078750894,1
1771,1771,59.03333333333333,59.207512855529785,59.207512855529785,1788009054807000,1788009055176984576,410953,410954,1788009055172573952,1788009055180906752,0.5292989985693848,8.33272933959961,3.9222240447998047,1342.3665571584165,588.42470775753,1,725.5462357776901,596.596934318967,1
1772,1772,59.06666666666667,59.24094200134277,59.24094200134277,1788009054840429,1788009055210414592,410957,410958,1788009055205906432,1788009055214240000,0.5409681295416834,8.333683013916016,3.8254261016845703,1342.420028980979,588.5997788001741,1,725.5362699917625,596.627609352923,1
1773,1773,59.1,59.27437901496887,59.27437901496887,1788009054873866,1788009055243852800,410961,410962,1788009055239239680,1788009055247572480,0.5536194563662374,8.33272933959961,3.7195682525634766,1342.5214088834123,588.6609928057615,1,725.6180874902981,596.9192898761547,1
1774,1774,59.13333333333333,59.30780792236328,59.30780792236328,1788009054907295,1788009055277283072,410965,410966,1788009055272572160,1788009055280904704,0.5653505007153076,8.33272933959961,3.621816635131836,1342.4803593798488,588.548248801476,1,725.8309047313413,597.5853754450719,1
1775,1775,59.166666666666664,59.34124493598938,59.34124493598938,1788009054940732,1788009055310721280,410969,410970,1788009055305904128,1788009055314237952,0.578028894292662,8.333921432495117,3.516674041748047,1342.4695931665478,588.4190172714184,1,726.0160924409872,598.1807890295254,1
1776,1776,59.2,59.374675035476685,59.374675035476685,1788009054974162,1788009055344152576,410973,410974,1788009055339237376,1788009055347570432,0.5898257560584819,8.332967758178711,3.41796875,1342.5195448903355,588.4872751768844,1,726.0785655929474,598.3961000453947,1
1777,1777,59.233333333333334,59.4081130027771,59.4081130027771,1788009055007600,1788009055377591296,410977,410978,1788009055372569856,1788009055380903680,0.6025461307395222,8.333921432495117,3.312349319458008,1342.5426061300648,588.5826499510604,1,726.23072759688,598.583091941214,1
1778,1778,59.266666666666666,59.441542863845825,59.441542863845825,1788009055041030,1788009055411022336,410981,410982,1788009055405903104,1788009055414236160,0.6143457984034791,8.332967758178711,3.213644027709961,1342.5868479865458,588.6294842898183,1,726.3500863471245,598.4840201901851,1
1779,1779,59.3,59.47497296333313,59.47497296333313,1788009055074460,1788009055444453888,410985,410986,1788009055439235328,1788009055447568128,0.6262660944206009,8.33272933959961,3.1142234802246094,1342.6865480156093,588.805097126339,1,726.4141384765179,598.3859821185142,1
1780,1780,59.333333333333336,59.50840997695923,59.50840997695923,1788009055107897,1788009055477892096,410989,410990,1788009055472567808,1788009055480901376,0.6388968358413916,8.333683013916016,3.009319305419922,1342.766469847304,589.076518925159,1,726.4524819027642,598.2434571001585,1
1781,1781,59.36666666666667,59.541839838027954,59.541839838027954,1788009055141327,1788009055511322880,410993,410994,1788009055505901056,1788009055514233856,0.6506723891273247,8.33272933959961,2.9108524322509766,1342.8263721866156,589.326176062269,1,726.4566735520157,597.9781324369802,1
1782,1782,59.4,59.57527685165405,59.57527685165405,1788009055174764,1788009055544761088,410997,410998,1788009055539233280,1788009055547566080,0.6633858830934737,8.332967758178711,2.804994583129883,1342.864066395239,589.3495315628567,1,726.32890059691,597.5378296457367,1
1783,1783,59.43333333333333,59.60871195793152,59.60871195793152,1788009055208199,1788009055578197248,411001,411002,1788009055572565504,1788009055580899584,0.6757545415534258,8.333921432495117,2.7022361755371094,1342.796598191529,589.2291543482497,1,726.1248250612399,597.2214587806862,1
1784,1784,59.46666666666667,59.64214301109314,59.64214301109314,1788009055241630,1788009055611629568,411005,411006,1788009055605898752,1788009055614231808,0.6877056450459215,8.332967758178711,2.6023387908935547,1342.763723096861,589.1636830942196,1,726.0625988032817,597.199096422053,1
1785,1785,59.5,59.67557883262634,59.67557883262634,1788009055275066,1788009055645066752,411009,411010,1788009055639231232,1788009055647564032,0.7003147353361946,8.33272933959961,2.4971961975097656,1342.7875811850388,589.0784069441097,1,726.0502593327192,597.189139292206,1
1786,1786,59.53333333333333,59.70900893211365,59.70900893211365,1788009055308496,1788009055678497792,411013,411014,1788009055672563456,1788009055680897280,0.7120787320478343,8.333683013916016,2.399444580078125,1342.8576148579223,589.0731716473695,1,726.040336584469,597.1982507935302,1
1787,1787,59.56666666666667,59.74243903160095,59.74243903160095,1788009055341926,1788009055711929088,411017,411018,1788009055705896960,1788009055714229504,0.7239198855507868,8.33272933959961,2.3005008697509766,1342.9785946867732,589.0062359090789,1,726.0674583140543,597.4046606212183,1
1788,1788,59.6,59.77587699890137,59.77587699890137,1788009055375364,1788009055745368320,411021,411022,1788009055739229184,1788009055747561984,0.7367381974248927,8.33272933959961,2.1936893463134766,1343.0000095128967,589.0853627079937,1,726.075851943162,597.5441134002789,1
1789,1789,59.63333333333333,59.80930495262146,59.80930495262146,1788009055408792,1788009055778797056,411025,411026,1788009055772561408,1788009055780895232,0.7482477471034187,8.333921432495117,2.09808349609375,1343.1103247342055,589.0689072835007,1,726.0758527717059,597.5630247651312,1
1790,1790,59.666666666666664,59.84273386001587,59.84273386001587,1788009055442221,1788009055812227328,411029,411030,1788009055805894656,1788009055814227456,0.7599496437870161,8.332967758178711,2.0003318786621094,1343.3210248003118,588.9596041244896,1,726.1216168634023,597.591251144056,1
1791,1791,59.7,59.87616491317749,59.87616491317749,1788009055475652,1788009055845659392,411033,411034,1788009055839226880,1788009055847560960,0.7718495208124732,8.333921432495117,1.901388168334961,1343.3849019277043,588.7522538164937,1,726.1847684901715,597.8587173227538,1
1792,1792,59.733333333333334,59.90960097312927,59.90960097312927,1788009055509088,1788009055879096832,411037,411038,1788009055872559360,1788009055880892160,0.784549356223176,8.33272933959961,1.7952919006347656,1343.382923690024,588.7267359397216,1,726.3563550671503,598.5681191041991,1
1793,1793,59.766666666666666,59.943030834198,59.943030834198,1788009055542518,1788009055912527872,411041,411042,1788009055905891584,1788009055914224384,0.7963948497854078,8.33272933959961,1.6965866088867188,1343.3951294457468,589.1700545166447,1,726.490770530776,599.139166909285,1
1794,1794,59.8,59.97646188735962,59.97646188735962,1788009055575949,1788009055945959936,411045,411046,1788009055939223808,1788009055947557632,0.8082963810613646,8.333921432495117,1.5976428985595703,1343.4981273968572,589.1568649608109,1,726.4132169983217,599.5747545621273,1
1795,1795,59.833333333333336,60.00989103317261,60.00989103317261,1788009055609378,1788009055979390464,411049,411050,1788009055972557056,1788009055980890112,0.8200337615518869,8.332967758178711,1.4996528625488281,1343.5751828348218,588.4886659578789,1,726.1746698631105,599.8680948823941,1
1796,1796,59.86666666666667,60.04332089424133,60.04332089424133,1788009055642808,1788009056012821504,411053,411054,1788009056005889536,1788009056014223360,0.8317837219281934,8.333921432495117,1.4019012451171875,1343.8890005199632,588.1459260711314,1,725.8021779939727,600.1875955913761,1
1797,1797,59.9,60.07675004005432,60.07675004005432,1788009055676237,1788009056046251520,411057,411058,1788009056039222784,1788009056047555584,0.8434951789648365,8.332967758178711,1.3041496276855469,1344.2289959871773,587.9852002992769,1,725.2664380787317,600.1108622817155,1
1798,1798,59.93333333333333,60.11017990112305,60.11017990112305,1788009055709667,1788009056079682304,411061,411062,1788009056072555008,1788009056080887808,0.8553361945636624,8.33272933959961,1.2054443359375,1344.788239309729,587.9064877373215,1,724.3202991251596,600.047031077946,1
1799,1799,59.96666666666667,60.143616914749146,60.143616914749146,1788009055743104,1788009056113120512,411065,411066,1788009056105887488,1788009056114221056,0.8679407220918922,8.333683013916016,1.1005401611328125,1345.2637216172525,586.8773362498364,1,723.4239693769974,599.790356516443,1
1800,1800,60.0,60.177045822143555,60.177045822143555,1788009055776533,1788009056146550528,411069,411070,1788009056139220736,1788009056147553536,0.879656652360515,8.33272933959961,1.0027885437011719,1345.883329542773,585.2932776030789,1,723.4741020768711,599.8985410506559,1
1801,1801,60.03333333333333,60.21047496795654,60.21047496795654,1788009055809962,1788009056179981312,411073,411074,1788009056172552704,1788009056180885760,0.8914480272381334,8.332967758178711,0.9045600891113281,1346.134873044383,586.1736910866248,1,724.098398350892,601.447733418539,1
1802,1802,60.06666666666667,60.24391198158264,60.24391198158264,1788009055843399,1788009056213419264,411077,411078,1788009056205885184,1788009056214219008,0.9040194535831784,8.333921432495117,0.7998943328857422,1346.0916664802894,587.074965207885,1,724.5173753887284,602.5531909145814,1
1803,1803,60.1,60.27734303474426,60.27734303474426,1788009055876830,1788009056246851072,411081,411082,1788009056239218432,1788009056247551488,0.9159394580984808,8.332967758178711,0.7004737854003906,1345.983651230916,586.6908736754713,1,724.8287703776116,603.454510566522,1
1804,1804,60.13333333333333,60.31078004837036,60.31078004837036,1788009055910267,1788009056280288768,411085,411086,1788009056272550912,1788009056280883456,0.9286123032904149,8.33272933959961,0.5948543548583984,1345.7780392544576,586.2081175234207,1,725.1134591376813,604.382079627269,1
