output_frame,source_rgb_frame,side,phase,solver_sample_index,solver_sample_age_ms,strict_timing_valid,all_10_correspondence_mean_mm,five_tip_mean_mm,five_base_mean_mm
0,0,left,calibration,267,2.9027059999862104,0,54.23195929086112,68.29630070747658,40.16761787424566
0,0,right,calibration,267,2.9027059999862104,0,59.69163500501325,75.05778879469251,44.325481215333994
1,1,left,calibration,269,20.37913733329333,0,53.58411833049958,67.29061190290912,39.877624758090036
1,1,right,calibration,269,20.37913733329333,0,58.725091480914465,73.62421323901725,43.825969722811706
2,2,left,calibration,269,54.02443666662293,0,53.37473492709356,66.93596954321593,39.81350031097118
2,2,right,calibration,269,54.02443666662293,0,58.58443292287187,73.34967731281685,43.81918853292688
3,3,left,calibration,270,29.097357999944506,0,51.04447260291375,63.245836161825046,38.84310904400246
3,3,right,calibration,270,29.097357999944506,0,55.95022656050003,69.10512500957763,42.79532811142242
4,4,left,calibration,270,4.6950495000146475,1,50.836173225703895,62.8632704569528,38.80907599445499
4,4,right,calibration,270,4.6950495000146475,1,55.581467419015894,68.20797860676389,42.9549562312679
5,5,left,calibration,274,11.781625999901735,1,47.78244046943847,59.25572323409365,36.309157704783296
5,5,right,calibration,274,11.781625999901735,1,52.46028984451651,64.65256140358493,40.268018285448115
6,6,left,calibration,275,1.2652519999392098,1,48.09394269075723,59.21534621832524,36.97253916318921
6,6,right,calibration,275,1.2652519999392098,1,53.311991122077686,65.73207113329288,40.89191111086248
7,7,left,calibration,280,1.0253486666442768,1,46.678546779956505,57.31514053513085,36.04195302478216
7,7,right,calibration,280,1.0253486666442768,1,51.62283701531432,63.579051191899325,39.6666228387293
8,8,left,calibration,285,4.85411266686242,1,46.31301717848877,56.790012162204654,35.83602219477289
8,8,right,calibration,285,4.85411266686242,1,51.547776189642796,63.39993559827235,39.695616781013236
9,9,left,calibration,287,10.245490999977847,1,45.88592050509817,56.15424058156308,35.617600428633274
9,9,right,calibration,287,10.245490999977847,1,51.545507119674106,63.346384669605335,39.74462956974289
10,10,left,calibration,288,2.2279704999164096,1,45.78397359465556,55.821043145514764,35.74690404379637
10,10,right,calibration,288,2.2279704999164096,1,51.153909867148286,62.74592193021724,39.56189780407933
11,11,left,calibration,293,1.038195000091946,1,46.05366530076469,56.15331638226378,35.9540142192656
11,11,right,calibration,293,1.038195000091946,1,51.19747253840253,62.84239252861528,39.55255254818978
12,12,left,calibration,300,5.704222999838748,0,49.08629816353294,60.38109333310683,37.79150299395904
12,12,right,calibration,300,5.704222999838748,0,56.474296333418216,69.76383875261119,43.184753914225254
13,13,left,calibration,305,4.609551666817424,0,49.7153757535022,61.331215404794,38.09953610221039
13,13,right,calibration,305,4.609551666817424,0,58.44775349511112,72.51923924379591,44.376267746426365
14,14,left,calibration,307,20.46927366654927,0,49.803609961353445,61.60214455433587,38.00507536837101
14,14,right,calibration,307,20.46927366654927,0,59.70901828178218,74.34095904793394,45.0770775156304
15,15,left,calibration,308,5.525503000171739,1,50.02183128677801,61.98161723772131,38.062045335834725
15,15,right,calibration,308,5.525503000171739,1,61.32808257885317,76.54728089986534,46.10888425784099
16,16,left,calibration,315,2.5263669999731064,1,48.691346585384856,60.296100632243494,37.08659253852621
16,16,right,calibration,315,2.5263669999731064,1,62.09474511944232,77.7931940778756,46.39629616100905
17,17,left,calibration,320,1.9843200000195793,0,48.59747567404419,60.355526690485455,36.83942465760293
17,17,right,calibration,320,1.9843200000195793,0,62.37688106571905,78.36828954549694,46.385472585941145
18,18,left,calibration,321,27.14091500001814,0,49.83372823448971,62.05065180773719,37.616804661242234
18,18,right,calibration,321,27.14091500001814,0,63.0254193596263,79.31512650985628,46.73571220939632
19,19,left,calibration,322,6.34659999991527,1,50.50721789568767,63.02214650377202,37.99228928760329
19,19,right,calibration,322,6.34659999991527,1,61.97319831271331,78.32420572748177,45.62219089794483
20,20,left,calibration,327,0.6230545000107668,1,50.576383447826395,63.26628760434245,37.88647929131034
20,20,right,calibration,327,0.6230545000107668,1,61.768884122075065,78.27327009804787,45.26449814610227
21,21,left,calibration,330,1.6605809998964105,1,50.22365780652273,62.86338133314912,37.583934279896354
21,21,right,calibration,330,1.6605809998964105,1,61.36406924417495,77.86546675294005,44.86267173540983
22,22,left,calibration,332,16.14641199989819,1,50.938634310753514,63.88580709446999,37.99146152703703
22,22,right,calibration,332,16.14641199989819,1,61.859582720548076,78.52048893870409,45.19867650239209
23,23,left,calibration,333,1.387561999990794,1,50.893057299911426,63.95684358539664,37.82927101442622
23,23,right,calibration,333,1.387561999990794,1,61.68458883601227,78.30748466518577,45.06169300683876
24,24,left,calibration,338,1.973008499817297,1,51.583358781597326,64.99855580880697,38.16816175438769
24,24,right,calibration,338,1.973008499817297,1,61.22835672067015,77.6847908611942,44.771922580146125
25,25,left,calibration,343,6.068172999903254,1,52.028019891718486,65.63730801674639,38.418731766690584
25,25,right,calibration,343,6.068172999903254,1,61.366050170130165,77.8739106775294,44.85818966273097
26,26,left,calibration,345,17.930586999909792,1,52.156918897050915,65.80682296940508,38.50701482469677
26,26,right,calibration,345,17.930586999909792,1,61.56859340218087,78.15295145199647,44.98423535236527
27,27,left,calibration,346,6.804597000154899,1,53.16465509858549,67.20779599178324,39.121514205387726
27,27,right,calibration,346,6.804597000154899,1,62.13482907814557,78.86967031145903,45.3999878448321
28,28,left,calibration,349,2.5225680001312867,1,51.09857704872492,64.6624219785264,37.53473211892344
28,28,right,calibration,349,2.5225680001312867,1,60.01193068668137,76.13031010735997,43.893551266002774
29,29,left,calibration,353,1.8866689999867958,1,49.84623292045237,62.95210434076954,36.740361500135194
29,29,right,calibration,353,1.8866689999867958,1,58.86527030222131,74.5353896545153,43.19515094992732
30,30,left,calibration,354,9.540084500031298,1,50.746110433260526,64.15064194059758,37.34157892592348
30,30,right,calibration,354,9.540084500031298,1,59.42502145864089,75.25976036397745,43.59028255330433
31,31,left,calibration,355,16.284897000105047,1,50.438333478134425,63.96550415452032,36.91116280174853
31,31,right,calibration,355,16.284897000105047,1,58.882955269452296,74.58492484652518,43.180985692379394
32,32,left,calibration,359,1.967465500229082,1,48.37630769614614,61.282225647059775,35.47038974523251
32,32,right,calibration,359,1.967465500229082,1,56.405468606118276,71.36628387512707,41.44465333710949
33,33,left,calibration,362,6.492806999858658,1,48.419499895633024,61.37694148747469,35.462058303791366
33,33,right,calibration,362,6.492806999858658,1,55.325657989705235,69.92359769986449,40.72771827954599
34,34,left,calibration,363,7.435830500071461,1,47.48590757100584,60.13428035300251,34.837534789009176
34,34,right,calibration,363,7.435830500071461,1,53.34275614159301,67.0327665126741,39.652745770511906
35,35,left,calibration,366,0.6084789999931672,1,45.83887542107106,58.03307607982138,33.644674762320726
35,35,right,calibration,366,0.6084789999931672,1,50.13520331935736,62.860870684386406,37.40953595432832
36,36,left,calibration,369,4.8065245000543655,1,45.79993267835026,57.882173520367886,33.717691836332634
36,36,right,calibration,369,4.8065245000543655,1,48.949115589948164,61.19057330420385,36.70765787569248
37,37,left,calibration,373,7.678269000052751,1,45.40648245963667,57.37585912067605,33.43710579859731
37,37,right,calibration,373,7.678269000052751,1,47.78735788694938,59.55796331804104,36.01675245585771
38,38,left,calibration,374,16.328189999967435,1,44.804311523695006,56.483874049736755,33.12474899765326
38,38,right,calibration,374,16.328189999967435,1,46.58773618927022,57.650892415214216,35.52457996332621
39,39,left,calibration,376,0.0913920000584767,1,43.61149577522592,55.017444690204364,32.20554686024749
39,39,right,calibration,376,0.0913920000584767,1,43.56758095302105,53.60128319206609,33.533878713976
40,40,left,calibration,383,1.52470150010231,1,43.43720526717004,54.82079159337836,32.05361894096173
40,40,right,calibration,383,1.52470150010231,1,42.49923072380692,52.04997561364056,32.94848583397327
41,41,left,calibration,387,8.389632999978858,1,43.97575969001412,55.41978421858995,32.5317351614383
41,41,right,calibration,387,8.389632999978858,1,42.80608190557181,52.22986350233026,33.38230030881335
42,42,left,calibration,389,17.35925349998979,1,44.25479595273066,55.590627955761136,32.9189639497002
42,42,right,calibration,389,17.35925349998979,1,43.88778427776397,53.36386866549891,34.41169989002904
43,43,left,calibration,390,1.013046000025497,1,44.495578625133845,55.967556814733186,33.023600435534505
43,43,right,calibration,390,1.013046000025497,1,44.16410972183295,53.54268684008757,34.78553260357833
44,44,left,calibration,394,0.38375100007215224,1,45.896118933923795,57.6720157797266,34.120222088121004
44,44,right,calibration,394,0.38375100007215224,1,46.392963765673414,56.08009292162518,36.70583460972164
45,45,left,calibration,396,7.083832000034818,1,46.65202467696987,58.60257108450653,34.70147826943322
45,45,right,calibration,396,7.083832000034818,1,47.4469386247502,57.349513277965045,37.54436397153535
46,46,left,calibration,397,6.473167999956786,1,47.90213689813139,60.16062041618941,35.64365338007337
46,46,right,calibration,397,6.473167999956786,1,48.527979345691065,58.65473938015758,38.40121931122455
47,47,left,calibration,400,2.8970779999326624,1,49.69370358532517,62.342030563051864,37.04537660759846
47,47,right,calibration,400,2.8970779999326624,1,50.036491686583496,60.39953036869385,39.67345300447314
48,48,left,calibration,407,2.755645999968692,1,51.71854191077919,64.87531827272839,38.56176554882997
48,48,right,calibration,407,2.755645999968692,1,52.34948586224631,63.31948282593455,41.37948889855808
49,49,left,calibration,409,1.6592899999068322,0,53.50051846948459,67.15185507591039,39.84918186305878
49,49,right,calibration,409,1.6592899999068322,0,54.541835017993414,66.22141752486908,42.86225251111773
50,50,left,calibration,410,6.776127999955861,1,56.690690164908276,71.3038586268817,42.07752170293485
50,50,right,calibration,410,6.776127999955861,1,59.03890855026301,72.19198596961435,45.885831130911676
51,51,left,calibration,412,6.0748304999833636,1,58.77621760758643,73.95296256324752,43.59947265192534
51,51,right,calibration,412,6.0748304999833636,1,61.1816553101606,74.96558835528442,47.39772226503678
52,52,left,calibration,416,6.441827999879024,1,61.152309164341524,76.96828589195113,45.33633243673194
52,52,right,calibration,416,6.441827999879024,1,63.08937568748934,77.45327628092461,48.72547509405405
53,53,left,calibration,421,7.1960650000164605,1,63.54693385500441,80.12715899470321,46.96670871530558
53,53,right,calibration,421,7.1960650000164605,1,64.7131551323936,79.64529028750901,49.781019977278156
54,54,left,calibration,422,30.33914200000254,0,65.65548169939726,82.94173529060944,48.36922810818505
54,54,right,calibration,422,30.33914200000254,0,66.34369933912396,81.97215589935107,50.715242778896865
55,55,left,calibration,422,3.098719500030711,1,67.11079238147848,84.74005341051131,49.48153135244563
55,55,right,calibration,422,3.098719500030711,1,67.61391867051393,83.60057599770101,51.627261343326815
56,56,left,calibration,428,1.5838979998079594,0,69.2940413795105,87.42529896639829,51.16278379262274
56,56,right,calibration,428,1.5838979998079594,0,68.06233062236309,84.3214251338416,51.803236110884576
57,57,left,calibration,432,2.497949499911556,0,71.01467171655489,89.68882833672558,52.34051509638418
57,57,right,calibration,432,2.497949499911556,0,69.44940111880399,86.41260272784766,52.48619950976033
58,58,left,calibration,433,11.324988000069425,1,73.75143800970328,93.23675612113175,54.266119898274816
58,58,right,calibration,433,11.324988000069425,1,71.0950286082292,88.77371211520263,53.416345101255764
59,59,left,calibration,435,1.8272780000643252,1,75.02248822824465,94.92721461862831,55.117761837860975
59,59,right,calibration,435,1.8272780000643252,1,72.21748194849137,90.53788881818156,53.89707507880119
60,60,left,calibration,440,3.145774000131496,1,75.81569896206166,96.02369126121398,55.607706662909344
60,60,right,calibration,440,3.145774000131496,1,72.93963746785388,91.71324781044693,54.166027125260825
61,61,left,calibration,441,23.069952000014382,0,76.90699261312231,97.43568372073044,56.37830150551421
61,61,right,calibration,441,23.069952000014382,0,73.88389135362237,93.01157768953682,54.75620501770794
62,62,left,calibration,442,21.39956699988943,0,77.826641910701,98.72009902998067,56.93318479142132
62,62,right,calibration,442,21.39956699988943,0,74.49108987196274,93.95036123058132,55.03181851334417
63,63,left,calibration,444,2.5784300000850635,1,77.60231119285554,98.54585803613372,56.65876434957738
63,63,right,calibration,444,2.5784300000850635,1,74.94630543971714,94.6465477254704,55.24606315396392
64,64,left,calibration,450,2.027343000008841,0,79.26928630524638,100.93251459975984,57.606058010732944
64,64,right,calibration,450,2.027343000008841,0,76.64119789226454,96.88015035917014,56.402245425358956
65,65,left,calibration,454,9.144015999936528,0,80.00205846818493,101.97337936985019,58.030737566519655
65,65,right,calibration,454,9.144015999936528,0,77.10058297510639,97.53090335655529,56.67026259365748
66,66,left,calibration,457,1.509516000169242,1,80.33777678083592,102.48875184857381,58.18680171309802
66,66,right,calibration,457,1.509516000169242,1,77.14154822028858,97.75707410404296,56.52602233653422
67,67,left,calibration,460,3.589778500099783,1,80.2543821104123,102.40867595088085,58.10008826994374
67,67,right,calibration,460,3.589778500099783,1,77.04711552510015,97.72866340098597,56.36556764921435
68,68,left,calibration,463,1.6610709999440587,0,80.15336707088001,102.40467521314179,57.902058928618224
68,68,right,calibration,463,1.6610709999440587,0,76.94367265924431,97.68225032472324,56.205094993765385
69,69,left,calibration,466,14.991025500194155,0,79.72124512616386,101.93383285127246,57.50865740105529
69,69,right,calibration,466,14.991025500194155,0,76.17190879352484,96.85655146812216,55.48726611892753
70,70,left,calibration,467,17.178539000042292,1,79.31227280970123,101.45213836671392,57.172407252688494
70,70,right,calibration,467,17.178539000042292,1,75.87229228268923,96.58423228685554,55.16035227852293
71,71,left,calibration,468,0.25970799993046967,1,77.31095354726077,99.00138826739379,55.62051882712774
71,71,right,calibration,468,0.25970799993046967,1,73.63613515091696,93.84682827742715,53.425442024406756
72,72,left,calibration,470,0.7967359999838663,1,75.95268481497837,97.18791357255262,54.717456057404114
72,72,right,calibration,470,0.7967359999838663,1,72.36156464560331,92.27020591450147,52.452923376705165
73,73,left,calibration,476,1.626923000003444,1,74.22791845113161,94.93553664703909,53.52030025522413
73,73,right,calibration,476,1.626923000003444,1,71.35990392715058,90.94567363793917,51.77413421636201
74,74,left,calibration,478,8.034704000010606,1,73.11212382744392,93.47727492565028,52.746972729237584
74,74,right,calibration,478,8.034704000010606,1,70.4261907057554,89.65614445790263,51.19623695360817
75,75,left,calibration,479,7.576516666404132,1,70.32392991884169,89.71106887304506,50.93679096463827
75,75,right,calibration,479,7.576516666404132,1,67.97467114424896,86.16862344055576,49.78071884794216
76,76,left,calibration,480,0.6727503332513152,1,68.53220870651431,87.38148694242443,49.682930470604205
76,76,right,calibration,480,0.6727503332513152,1,66.42266863826417,84.10564563288747,48.73969164364087
77,77,left,calibration,484,8.072318000131418,1,65.26847062272107,83.15749102346277,47.37945022197937
77,77,right,calibration,484,8.072318000131418,1,63.751475410034004,80.68766987315857,46.81528094690945
78,78,left,calibration,488,3.425098999969123,1,61.439294114966046,77.93816452153926,44.94042370839283
78,78,right,calibration,488,3.425098999969123,1,60.74806567586501,76.56808176551911,44.92804958621089
79,79,left,calibration,489,7.956336999995983,1,59.94474734342964,75.65633387033135,44.233160816527935
79,79,right,calibration,489,7.956336999995983,1,59.946599319981985,75.44658304910766,44.446615590856325
80,80,left,calibration,491,1.2619399999493908,1,54.33909108443419,67.78297889508296,40.895203273785405
80,80,right,calibration,491,1.2619399999493908,1,55.66991864522142,69.49170992739104,41.8481273630518
81,81,left,calibration,499,1.4213133333669248,1,51.327744371984,63.579712089156445,39.07577665481157
81,81,right,calibration,499,1.4213133333669248,1,52.418136738893985,64.901826183389,39.934447294398964
82,82,left,calibration,503,8.408943333506613,1,50.19878979738056,62.07288224068541,38.324697354075724
82,82,right,calibration,503,8.408943333506613,1,51.09071227143738,62.934899534244174,39.24652500863059
83,83,left,calibration,504,28.12324899991836,0,49.646372763986776,61.28793559898978,38.00480992898376
83,83,right,calibration,504,28.12324899991836,0,50.647301714236484,62.149514886437885,39.14508854203509
84,84,left,calibration,505,3.1596159999480733,0,48.56910822113586,60.126312920575266,37.01190352169645
84,84,right,calibration,505,3.1596159999480733,0,48.05837829353376,58.82322095955048,37.293535627517024
85,85,left,calibration,510,6.829478999861749,0,48.2635050176056,59.68234255746106,36.84466747775015
85,85,right,calibration,510,6.829478999861749,0,47.14053014338807,57.57324264580916,36.70781764096698
86,86,left,calibration,512,16.105945000163047,1,49.10634053192225,60.82241485469014,37.39026620915437
86,86,right,calibration,512,16.105945000163047,1,47.14290601260696,57.664400237884976,36.62141178732894
87,87,left,calibration,513,6.35017800004789,1,50.70329463748315,62.826086623491506,38.58050265147479
87,87,right,calibration,513,6.35017800004789,1,47.69200014368057,58.187578417382795,37.19642186997836
88,88,left,calibration,518,1.7295150000791182,0,51.43219100356007,64.13642996006642,38.72795204705372
88,88,right,calibration,518,1.7295150000791182,0,47.68642960413794,58.739508430929206,36.633350777346685
89,89,left,calibration,524,6.121169499920143,0,52.62984484060316,65.72414235556491,39.535547325641396
89,89,right,calibration,524,6.121169499920143,0,49.82438203831529,61.95207592132848,37.696688155302105
90,90,left,calibration,524,29.13338100006513,0,54.167506151868665,67.71978475280306,40.61522755093425
90,90,right,calibration,524,29.13338100006513,0,51.473071570503315,64.32431947884263,38.621823662164005
91,91,left,calibration,525,11.504905666697596,1,54.2344664971582,68.0370608516303,40.4318721426861
91,91,right,calibration,525,11.504905666697596,1,51.5762237647466,65.00276128746239,38.149686242030825
92,92,left,calibration,527,8.03274266650078,1,54.58472390508899,68.50335142270517,40.66609638747284
92,92,right,calibration,527,8.03274266650078,1,52.04781258656169,65.75574110207626,38.3398840710471
93,93,left,calibration,530,9.59128099998452,1,54.420438261722026,68.33117780083987,40.509698722604185
93,93,right,calibration,530,9.59128099998452,1,52.81930390473101,67.05690006070351,38.581707748758504
94,94,left,calibration,531,18.197016499925667,1,54.306723645526915,68.10087399892114,40.51257329213269
94,94,right,calibration,531,18.197016499925667,1,54.20336746845682,69.32237499957492,39.084359937338704
95,95,left,calibration,534,2.8373380000630277,1,53.54649843608438,67.3808274729864,39.71216939918237
95,95,right,calibration,534,2.8373380000630277,1,53.894455540489425,69.67472090191532,38.11419017906355
96,96,left,calibration,540,1.1185715002284269,1,53.79349587699348,67.8897959178644,39.69719583612259
96,96,right,calibration,540,1.1185715002284269,1,54.206503793651756,70.22598373142844,38.18702385587506
97,97,left,calibration,541,10.64127700010431,1,54.3310764695032,68.65302103011685,40.00913190888956
97,97,right,calibration,541,10.64127700010431,1,54.33889388747351,70.41581536718357,38.26197240776346
98,98,left,calibration,542,10.309848999895621,1,53.56318733495739,67.84479013762007,39.28158453229471
98,98,right,calibration,542,10.309848999895621,1,53.75436214071283,69.92028944589961,37.58843483552606
99,99,left,calibration,545,0.18360500007474911,1,53.26663532141748,67.55136794061889,38.98190270221606
99,99,right,calibration,545,0.18360500007474911,1,53.63272386309863,69.90545785725561,37.35998986894166
100,100,left,calibration,549,2.184707999958846,1,52.91871626719384,67.15985941852138,38.677573115866295
100,100,right,calibration,549,2.184707999958846,1,52.87402359080581,69.01868809237251,36.729359089239104
101,101,left,calibration,550,29.59711900007278,0,52.802775657234235,67.05292174249712,38.55262957197135
101,101,right,calibration,550,29.59711900007278,0,52.77640668125805,68.85511867912217,36.69769468339393
102,102,left,calibration,551,0.7003369998983544,1,51.297954419045695,65.22760637348615,37.36830246460523
102,102,right,calibration,551,0.7003369998983544,1,51.2999469346105,67.04132897050378,35.558564898717194
103,103,left,calibration,557,0.4118219999327266,1,50.74772011207844,64.62892000702813,36.86652021712876
103,103,right,calibration,557,0.4118219999327266,1,50.448669413912,65.78139667193504,35.11594215588896
104,104,left,calibration,562,10.681418000103804,0,50.53814564757348,64.3407593955148,36.73553189963217
104,104,right,calibration,562,10.681418000103804,0,50.27312190142938,65.50504358034223,35.0412002225165
105,105,left,calibration,563,13.323467499958497,0,49.92954547751453,63.69568557789895,36.1634053771301
105,105,right,calibration,563,13.323467499958497,0,49.508580838315936,64.59909420098896,34.41806747564292
106,106,left,calibration,565,2.9857240001547325,1,49.29240796088742,62.928161394343384,35.656654527431435
106,106,right,calibration,565,2.9857240001547325,1,48.48552822238037,63.14545882537834,33.82559761938239
107,107,left,calibration,568,3.66660449981282,1,48.26458403827614,61.590064838333454,34.93910323821882
107,107,right,calibration,568,3.66660449981282,1,47.34623975420401,61.52164297604672,33.17083653236127
108,108,left,calibration,570,3.9185870000437717,1,46.95607543227518,59.82859711452797,34.08355375002239
108,108,right,calibration,570,3.9185870000437717,1,46.10538442150868,59.57433763725546,32.636431205761895
109,109,left,calibration,571,13.760313999910068,1,45.64127237629554,58.13975603308681,33.14278871950426
109,109,right,calibration,571,13.760313999910068,1,44.27977077036513,56.72551863099776,31.83402290973252
110,110,left,calibration,572,28.399285999967105,0,44.571110068193164,56.757073228948514,32.385146907437814
110,110,right,calibration,572,28.399285999967105,0,43.505921134893,55.20147580213707,31.81036646764893
111,111,left,calibration,572,5.022098500148786,0,44.31681447366418,56.38556351707258,32.248065430255785
111,111,right,calibration,572,5.022098500148786,0,44.64758506721607,56.59762241247289,32.69754772195925
112,112,left,calibration,574,4.97609600006399,1,41.934694962685406,53.40037331582772,30.469016609543086
112,112,right,calibration,574,4.97609600006399,1,44.51421469692487,55.77557606930581,33.25285332454392
113,113,left,calibration,581,0.7356349997280631,1,40.40396871576927,51.34937579478621,29.458561636752297
113,113,right,calibration,581,0.7356349997280631,1,45.163571040196295,56.24841052368724,34.078731556705364
114,114,left,calibration,585,15.630273999931887,1,39.866678108918876,50.57511185163721,29.158244366200545
114,114,right,calibration,585,15.630273999931887,1,46.01091189678498,57.084661874621375,34.937161918948604
115,115,left,calibration,586,26.350821666710544,0,39.74218964393554,50.3474815312276,29.136897756643485
115,115,right,calibration,586,26.350821666710544,0,46.65296542942107,57.7531626538411,35.55276820500104
116,116,left,calibration,586,7.285403666628554,0,40.12706944496541,50.83627852422649,29.417860365704332
116,116,right,calibration,586,7.285403666628554,0,47.308744136607956,58.58838664760892,36.029101625607005
117,117,left,calibration,587,1.9478490000892634,0,39.828537289499835,49.81807273530761,29.839001843692063
117,117,right,calibration,587,1.9478490000892634,0,46.67490558203072,56.975891679109075,36.37391948495237
118,118,left,calibration,591,1.2222365000980062,0,40.398278887246946,50.10194365325434,30.694614121239532
118,118,right,calibration,591,1.2222365000980062,0,47.6718322267868,58.024929598621455,37.31873485495213
119,119,left,calibration,598,2.145838999922489,1,42.151947482204,52.073148913491956,32.23074605091604
119,119,right,calibration,598,2.145838999922489,1,49.19486943073524,59.879905512740926,38.50983334872955
120,120,left,calibration,602,4.398098999899958,1,47.5964554723994,58.946451523693,36.246459421105804
120,120,right,calibration,602,4.398098999899958,1,52.775334121222535,64.44124361183295,41.10942463061213
121,121,left,calibration,603,15.854392999926858,1,50.18051111135789,62.26812157782581,38.09290064488998
121,121,right,calibration,603,15.854392999926858,1,54.916955388723224,67.24926334976317,42.58464742768331
122,122,left,calibration,604,25.74624700014283,0,53.009632751317966,65.92306178174451,40.096203720891424
122,122,right,calibration,604,25.74624700014283,0,56.731898567209115,69.6920034127254,43.77179372169282
123,123,left,calibration,605,1.5667054999539687,1,56.27110745581807,70.08614768229968,42.45606722933646
123,123,right,calibration,605,1.5667054999539687,1,59.3414210341909,73.12884600759983,45.55399606078198
124,124,left,calibration,612,1.7528620001030504,1,58.64035233571013,73.06216269936996,44.21854197205032
124,124,right,calibration,612,1.7528620001030504,1,61.97236393469598,76.6393608089345,47.30536706045747
125,125,left,calibration,617,0.7850404999771854,1,60.6368896952867,75.73404119817704,45.53973819239634
125,125,right,calibration,617,0.7850404999771854,1,64.01433101123123,79.42667391213054,48.601988110331945
126,126,left,calibration,621,0.6131080001523515,0,62.385941852964336,78.03982027723153,46.73206342869714
126,126,right,calibration,621,0.6131080001523515,0,66.05052537132265,82.22762907984168,49.8734216628036
127,127,left,calibration,622,30.958118500166165,0,64.58421785027663,81.06944392777251,48.09899177278071
127,127,right,calibration,622,30.958118500166165,0,67.79673179501405,84.75846615677392,50.834997433254216
128,128,left,calibration,623,0.8688049999818759,1,67.08204523750119,84.31102669729074,49.853063777711625
128,128,right,calibration,623,0.8688049999818759,1,69.61197000719372,87.19876521291212,52.025174801475295
129,129,left,calibration,629,1.0222159999102587,1,69.32295391842179,87.37193328573362,51.27397455110995
129,129,right,calibration,629,1.0222159999102587,1,71.02012498446962,89.10661326599252,52.93363670294673
130,130,left,calibration,635,0.3995300000951829,1,71.21892190410642,89.97906321789108,52.45878059032176
130,130,right,calibration,635,0.3995300000951829,1,72.17449690054625,90.68219046702403,53.66680333406848
131,131,left,calibration,639,6.070978333355015,1,72.06499877289247,91.19976203746477,52.93023550832013
131,131,right,calibration,639,6.070978333355015,1,73.1540308516459,92.05488591675689,54.2531757865349
132,132,left,calibration,640,17.934832333367012,0,72.78186442835367,92.2198361215558,53.34389273515153
132,132,right,calibration,640,17.934832333367012,0,74.10475523681771,93.39628099490683,54.81322947872862
133,133,left,calibration,640,14.431217000037577,0,73.2384065362403,92.77929602798525,53.69751704449535
133,133,right,calibration,640,14.431217000037577,0,74.84855720715532,94.37595695669663,55.321157457614035
134,134,left,calibration,644,2.3097554999367276,0,73.8119970651513,93.69810618108383,53.92588794921876
134,134,right,calibration,644,2.3097554999367276,0,75.48418951050573,95.29031581809808,55.67806320291337
135,135,left,calibration,652,0.7629369999904156,1,74.90870017955869,95.17080277787753,54.646597581239845
135,135,right,calibration,652,0.7629369999904156,1,76.25775031028957,96.39803741132546,56.117463209253664
136,136,left,calibration,657,1.1353009999766073,1,75.869459043553,96.40394615599119,55.33497193111481
136,136,right,calibration,657,1.1353009999766073,1,76.71997087961329,97.05126615055855,56.38867560866803
137,137,left,calibration,659,9.51278699994873,1,77.04003914055444,98.00829005541989,56.07178822568899
137,137,right,calibration,659,9.51278699994873,1,77.28124365361887,97.83467823194005,56.727809075297685
138,138,left,calibration,660,15.905922999991162,1,78.44764065235353,99.91654292822372,56.97873837648335
138,138,right,calibration,660,15.905922999991162,1,78.18306476057965,99.189510346702,57.176619174457315
139,139,left,calibration,661,2.133586999889303,1,79.309744071677,101.09754169868765,57.52194644466632
139,139,right,calibration,661,2.133586999889303,1,78.30126478837941,99.61679806401979,56.985731512738994
140,140,left,calibration,669,0.7368014998974104,1,80.20045840615242,102.54397699322155,57.8569398190833
140,140,right,calibration,669,0.7368014998974104,1,78.67505007353068,100.2290284989268,57.12107164813458
141,141,left,calibration,675,5.892102999951021,1,80.56485327257651,103.13502493998449,57.99468160516854
141,141,right,calibration,675,5.892102999951021,1,79.08271014539909,100.7744036988027,57.39101659199546
142,142,left,calibration,677,14.630577500156505,1,80.76588459080769,103.53500740005602,57.99676178155935
142,142,right,calibration,677,14.630577500156505,1,79.24846333189163,101.02402545180104,57.47290121198223
143,143,left,calibration,678,2.266042999963247,1,80.47059248519864,103.26525688828103,57.67592808211623
143,143,right,calibration,678,2.266042999963247,1,79.52257230473415,101.41317472701947,57.63196988244886
144,144,left,calibration,679,14.594290000104593,1,79.16480203808484,101.69780093856738,56.63180313760232
144,144,right,calibration,679,14.594290000104593,1,78.3208055623185,99.97470838306411,56.66690274157289
145,145,left,calibration,683,1.8124200000784185,1,77.66178180287599,99.85735749232485,55.466206113427155
145,145,right,calibration,683,1.8124200000784185,1,76.31960729781959,97.53253530696797,55.106679288671195
146,146,left,calibration,690,0.2942234998499771,1,76.08251300458424,97.90253479846284,54.26249121070568
146,146,right,calibration,690,0.2942234998499771,1,75.38683944809392,96.3795588329489,54.39412006323897
147,147,left,calibration,695,1.2271200000668614,1,74.05234874752823,95.44174046647211,52.66295702858432
147,147,right,calibration,695,1.2271200000668614,1,74.13117125052062,94.74275549669395,53.51958700434727
148,148,left,calibration,700,3.510906499968769,1,71.75791115456136,92.45879355170841,51.05702875741431
148,148,right,calibration,700,3.510906499968769,1,72.3827143022982,92.4494699237266,52.31595868086983
149,149,left,calibration,702,1.9104309999420366,1,69.73650222571314,89.60883961106558,49.864164840360694
149,149,right,calibration,702,1.9104309999420366,1,70.6415810028272,90.11969163788444,51.16347036776995
150,150,left,calibration,706,3.0544010000994604,1,67.38064624935076,86.53650530207253,48.224787196628995
150,150,right,calibration,706,3.0544010000994604,1,68.41919077050747,87.31182738521849,49.52655415579648
151,151,left,calibration,707,20.190289000083794,0,64.65858689656514,82.92220256001505,46.394971233115214
151,151,right,calibration,707,20.190289000083794,0,66.56229783688798,84.79564730791412,48.32894836586185
152,152,left,calibration,709,1.1876474998189224,1,62.77086367588443,80.53714123759286,45.00458611417597
152,152,right,calibration,709,1.1876474998189224,1,65.26377399768418,83.04577911484928,47.481768880519084
153,153,left,calibration,710,1.3745659998676274,0,61.7309649390172,79.10879431421033,44.353135563824054
153,153,right,calibration,710,1.3745659998676274,0,64.54879826388473,82.09577381923891,47.00182270853056
154,154,left,calibration,711,10.067348999882597,0,58.23137816666163,74.23676553910265,42.225990794220586
154,154,right,calibration,711,10.067348999882597,0,61.72502779355982,78.2886148390032,45.16144074811647
155,155,left,calibration,715,0.42876200018326927,1,55.89859121169245,71.02577512483967,40.77140729854522
155,155,right,calibration,715,0.42876200018326927,1,60.42611564297287,76.39702485385779,44.455206432087934
156,156,left,calibration,721,7.282934000159003,1,53.33090256926721,67.2535931023443,39.40821203619011
156,156,right,calibration,721,7.282934000159003,1,58.36423608669871,73.50760756613272,43.220864607264716
157,157,left,calibration,725,0.8790249999037769,1,50.45209509985001,63.163625941537916,37.7405642581621
157,157,right,calibration,725,0.8790249999037769,1,55.46570641475249,69.47292681989084,41.458486009614134
158,158,left,calibration,725,31.203989000005095,0,50.51198814579975,63.301169225573105,37.722807066026384
158,158,right,calibration,725,31.203989000005095,0,53.92419786425186,67.0507189344056,40.797676794098116
159,159,left,calibration,726,25.283102000003055,0,48.7936843954614,60.538839700113,37.048529090809815
159,159,right,calibration,726,25.283102000003055,0,51.718368461000786,63.581781127924806,39.854955794076766
160,160,left,calibration,727,1.0738464998212294,1,45.35000597746845,56.5861088231855,34.1139031317514
160,160,right,calibration,727,1.0738464998212294,1,46.81309343167102,57.004776790762186,36.62141007257985
161,161,left,calibration,733,3.019940000058341,1,43.84854102851073,54.49614659406079,33.20093546296066
161,161,right,calibration,733,3.019940000058341,1,44.45687267197799,53.58431527834286,35.32943006561314
162,162,left,calibration,737,1.5847714998926676,1,43.24667390778359,53.5821695359369,32.91117827963029
162,162,right,calibration,737,1.5847714998926676,1,43.22689781890458,51.74264475006871,34.71115088774045
163,163,left,calibration,741,1.1928100000204722,0,42.051451936123975,52.10432649995109,31.99857737229687
163,163,right,calibration,741,1.1928100000204722,0,42.152106227258166,50.682608039360886,33.62160441515546
164,164,left,calibration,743,15.929056000231867,0,41.97473692690791,51.741117788748156,32.208356065067655
164,164,right,calibration,743,15.929056000231867,0,42.826258937497336,51.75211298394045,33.90040489105421
165,165,left,calibration,745,2.339642999913849,1,41.493682177357535,51.47404372862335,31.513320626091705
165,165,right,calibration,745,2.339642999913849,1,43.11863361235338,52.73486339230085,33.5024038324059
166,166,left,calibration,751,1.2602604999756295,1,41.107835898473475,51.16312920525689,31.05254259169007
166,166,right,calibration,751,1.2602604999756295,1,43.96826518734234,54.36725642095487,33.56927395372983
167,167,left,calibration,755,2.4199780000344617,1,41.755499399170596,52.128435007717485,31.382563790623703
167,167,right,calibration,755,2.4199780000344617,1,45.094316457764975,56.348144259073294,33.84048865645666
168,168,left,calibration,758,20.579356000098414,0,42.79796000699171,53.59801446777995,31.99790554620345
168,168,right,calibration,758,20.579356000098414,0,46.248913360442586,58.305691216726515,34.19213550415865
169,169,left,calibration,758,12.84838500009755,0,44.173591403219675,55.4923515890017,32.854831217437635
169,169,right,calibration,758,12.84838500009755,0,48.099902255950624,60.94893175286243,35.25087275903881
170,170,left,calibration,761,6.659634000016013,0,47.76200446517878,60.27592874247667,35.24808018788088
170,170,right,calibration,761,6.659634000016013,0,52.22045910169095,67.74926603139531,36.69165217198661
171,171,left,calibration,767,1.0743880000063655,1,54.99946108407762,69.8487735277752,40.150148640380046
171,171,right,calibration,767,1.0743880000063655,1,56.35820498692874,73.70332632548488,39.01308364837259
172,172,left,calibration,773,4.9322045001645165,1,61.832382182250875,79.00400861769528,44.6607557468065
172,172,right,calibration,773,4.9322045001645165,1,59.37448805798184,77.80941032104354,40.93956579492014
173,173,left,calibration,776,16.23160999997708,1,66.29360652027714,84.97650835240498,47.61070468814929
173,173,right,calibration,776,16.23160999997708,1,63.02825140035647,82.60385555211685,43.45264724859609
174,174,left,calibration,777,45.37004266671829,0,66.84259907674814,85.5039258187276,48.181272334768686
174,174,right,calibration,777,45.37004266671829,0,65.45975650038406,85.45958625001136,45.459926750756786
175,175,left,calibration,777,12.33231433320725,1,67.43993588560025,86.28682463122419,48.59304713997633
175,175,right,calibration,777,12.33231433320725,1,68.67710321093745,89.67238064996408,47.681825771910795
176,176,left,calibration,779,3.4357540000655717,1,58.23624860857386,74.28884124826786,42.183655968879876
176,176,right,calibration,779,3.4357540000655717,1,62.04939548248177,81.01168630271437,43.087104662249175
177,177,left,calibration,786,1.7539590000978933,1,57.22449828367089,72.86906068416332,41.57993588317847
177,177,right,calibration,786,1.7539590000978933,1,60.62422556510096,78.71870932510924,42.52974180509266
178,178,left,calibration,791,2.021026999955211,1,57.321689243490745,72.77059007003906,41.872788416942434
178,178,right,calibration,791,2.021026999955211,1,57.67311448719089,74.69479402029991,40.65143495408188
179,179,left,calibration,793,9.291736500017578,1,57.90013160931976,73.505763745927,42.29449947271252
179,179,right,calibration,793,9.291736500017578,1,56.252778317735235,72.78357669225696,39.7219799432135
180,180,left,calibration,794,35.56113699983143,0,55.50913192487568,70.41861801698457,40.5996458327668
180,180,right,calibration,794,35.56113699983143,0,48.082683454455186,61.338044517952504,34.82732239095785
181,181,left,calibration,794,3.643923999788967,1,54.257968349143006,68.97105222645284,39.54488447183316
181,181,right,calibration,794,3.643923999788967,1,46.310716534992366,59.23492691801641,33.38650615196831
182,182,left,calibration,799,1.9921959999464889,1,51.81626906205382,65.80147140273581,37.83106672137184
182,182,right,calibration,799,1.9921959999464889,1,42.473654940265554,54.19612695115076,30.751182929380356
183,183,left,calibration,802,4.209360000004381,1,49.12718852742013,62.37022260688256,35.884154447957705
183,183,right,calibration,802,4.209360000004381,1,38.29481372439249,48.83107676857183,27.75855068021316
184,184,left,calibration,803,9.7895270000663,0,46.62932919579353,59.29051016424886,33.968148227338204
184,184,right,calibration,803,9.7895270000663,0,35.72737137391001,45.59732596567441,25.857416782145624
185,185,left,calibration,804,18.890026500002932,0,44.917276589374964,57.27114259887969,32.56341057987023
185,185,right,calibration,804,18.890026500002932,0,36.84281418875283,47.472276453240994,26.213351924264657
186,186,left,calibration,806,1.8811310001183301,1,43.99653527759743,56.06106404451769,31.932006510677184
186,186,right,calibration,806,1.8811310001183301,1,38.95573874219404,50.348623186040236,27.56285429834785
187,187,left,calibration,814,0.32471999998051615,1,43.494056296340645,55.49256364046588,31.495548952215398
187,187,right,calibration,814,0.32471999998051615,1,42.09292531114419,54.63364283374101,29.552207788547378
188,188,left,calibration,818,9.197157000016887,1,42.208613275771405,53.89330570641514,30.523920845127673
188,188,right,calibration,818,9.197157000016887,1,44.584101544268194,57.91644637634736,31.251756712189028
189,189,left,calibration,819,21.95527799995034,0,39.38818924867319,50.030411906661826,28.74596659068456
189,189,right,calibration,819,21.95527799995034,0,48.72002465198002,63.33831066934515,34.10173863461488
190,190,left,calibration,819,10.949744999834365,1,37.01341439233964,46.83526662745656,27.191562157222727
190,190,right,calibration,819,10.949744999834365,1,49.18639665486466,63.75269791461203,34.620095395117275
191,191,left,calibration,821,3.7429099998007587,1,40.36908020874571,51.13860518920925,29.599555228282156
191,191,right,calibration,821,3.7429099998007587,1,58.30798964768367,75.83922601036132,40.776753285006016
192,192,left,calibration,828,0.10680966670406633,1,42.38681689155641,53.721154429608575,31.052479353504225
192,192,right,calibration,828,0.10680966670406633,1,60.002903656995294,77.8946390058595,42.11116830813109
193,193,left,calibration,833,0.12815866648452356,0,42.82792737566848,54.175064780304716,31.480789971032245
193,193,right,calibration,833,0.12815866648452356,0,59.182631809418275,76.68547272898284,41.67979088985369
194,194,left,calibration,835,24.582302999988315,0,42.12107847151301,53.287738045206424,30.95441889781959
194,194,right,calibration,835,24.582302999988315,0,57.54059205835326,74.46660300051185,40.614581116194714
195,195,left,calibration,835,8.324488999960522,0,38.86898576250068,48.98693099050153,28.751040534499822
195,195,right,calibration,835,8.324488999960522,0,54.33162536467988,70.06754972367074,38.59570100568903
196,196,left,calibration,839,1.7917569998644467,1,42.912607389022725,54.00696404765256,31.81825073039289
196,196,right,calibration,839,1.7917569998644467,1,51.18160024118502,65.77167557492137,36.59152490744866
197,197,left,calibration,846,0.44593250004254514,1,42.5110241579124,53.40992664844346,31.61212166738134
197,197,right,calibration,846,0.44593250004254514,1,47.030015430493876,60.225190967960906,33.83483989302683
198,198,left,calibration,850,0.17103799996220914,0,40.42836777622263,50.66962448402917,30.1871110684161
198,198,right,calibration,850,0.17103799996220914,0,42.56894020609704,54.25837989793685,30.879500514257238
199,199,left,calibration,851,5.974005000098259,0,36.64369325601672,45.852912105797316,27.434474406236113
199,199,right,calibration,851,5.974005000098259,0,38.551734642291194,48.99578891232844,28.107680372253945
200,200,left,calibration,852,2.426231000072221,0,34.71917015890024,43.456135591446156,25.982204726354325
200,200,right,calibration,852,2.426231000072221,0,35.98801313917058,45.48406209048024,26.49196418786091
201,201,left,calibration,857,0.5810044999634556,0,34.24294474578953,43.12198685447059,25.36390263710846
201,201,right,calibration,857,0.5810044999634556,0,34.89357999563698,43.83183150582151,25.955328485452448
202,202,left,calibration,863,5.700358000012784,1,34.21102273874796,43.46944903089471,24.952596446601202
202,202,right,calibration,863,5.700358000012784,1,35.8129153262755,44.68345797335976,26.94237267919123
203,203,left,calibration,866,12.17389650014411,1,35.355983047262974,45.031675744421975,25.68029035010398
203,203,right,calibration,866,12.17389650014411,1,37.69746369017743,47.01690705538407,28.378020324970795
204,204,left,calibration,867,15.376209000123708,1,36.67709260190399,46.74645189519378,26.60773330861423
204,204,right,calibration,867,15.376209000123708,1,39.78284207041273,49.72661804726831,29.839066093557143
205,205,left,calibration,867,18.020304999936343,1,37.51375642159706,47.90400771731279,27.12350512588132
205,205,right,calibration,867,18.020304999936343,1,41.53208589209478,52.10019894037623,30.963972843813327
206,206,left,calibration,868,7.7970719999029825,1,43.78012577448435,56.35888895974308,31.201362589225596
206,206,right,calibration,868,7.7970719999029825,1,48.239241772144204,60.88243555096285,35.59604799332555
207,207,left,calibration,873,0.38498799972330744,1,47.19874227855858,60.76037512597875,33.63710943113843
207,207,right,calibration,873,0.38498799972330744,1,51.37823028695857,64.77914025660823,37.97732031730892
208,208,left,calibration,879,0.0868520000949502,1,49.57571365311098,63.92813784641872,35.22328945980323
208,208,right,calibration,879,0.0868520000949502,1,52.80136880880499,66.62005836562226,38.982679251987726
209,209,left,calibration,882,7.974530500177934,1,51.350860405382534,66.18103446520587,36.520686345559206
209,209,right,calibration,882,7.974530500177934,1,53.60252910145184,67.85438480689149,39.350673396012176
210,210,left,calibration,883,9.535056999993685,1,52.341904066912285,67.60791948621025,37.07588864761431
210,210,right,calibration,883,9.535056999993685,1,54.7480440500525,69.4436114293543,40.05247667075069
211,211,left,calibration,884,3.6487734998900123,1,55.54906355354869,71.60099216578517,39.49713494131222
211,211,right,calibration,884,3.6487734998900123,1,55.82126516735889,70.65692982990326,40.98560050481451
212,212,left,calibration,890,0.5870400000276277,1,57.38666223353404,73.85536538419584,40.91795908287225
212,212,right,calibration,890,0.5870400000276277,1,56.4686232852692,71.48064378522608,41.45660278531231
213,213,left,calibration,894,1.3332339999578835,1,58.834447256642456,75.68005138662863,41.988843126656285
213,213,right,calibration,894,1.3332339999578835,1,57.21318125148649,72.3984988556189,42.0278636473541
214,214,left,calibration,896,9.670272999983354,1,59.82457199009299,76.92679207801379,42.7223519021722
214,214,right,calibration,896,9.670272999983354,1,57.67605910380981,72.85730140480754,42.494816802812075
215,215,left,calibration,898,5.996335500185523,1,61.61314858038156,79.16818381254856,44.05811334821455
215,215,right,calibration,898,5.996335500185523,1,59.84388734053563,75.48007303897018,44.207701642101085
216,216,left,calibration,901,1.4704069999424974,1,61.603501039317166,79.26200436451244,43.94499771412188
216,216,right,calibration,901,1.4704069999424974,1,60.943209322931374,76.72829366165608,45.15812498420667
217,217,left,calibration,907,0.9012240000174643,0,60.78067036078532,77.78699671594951,43.77434400562115
217,217,right,calibration,907,0.9012240000174643,0,61.793425642047715,77.09214953219272,46.49470175190271
218,218,left,calibration,911,3.1930836667015683,0,61.59608661014503,78.82524888244149,44.36692433784856
218,218,right,calibration,911,3.1930836667015683,0,61.61858968997522,76.42651603886308,46.810663341087334
219,219,left,calibration,912,9.362836333139057,1,61.393774915547475,78.49312651517782,44.29442331591715
219,219,right,calibration,912,9.362836333139057,1,61.17434218358528,75.57810507983876,46.7705792873318
220,220,left,calibration,915,2.107006000187539,1,62.23607785281227,79.35464185504452,45.117513850580046
220,220,right,calibration,915,2.107006000187539,1,62.25025758012238,76.5123727259668,47.988142434277975
221,221,left,calibration,921,0.9083424999971612,1,62.391285382519925,79.44999302669873,45.332577738341115
221,221,right,calibration,921,0.9083424999971612,1,61.67651952500918,75.36813330075191,47.98490574926645
222,222,left,calibration,926,1.5945150000789,0,61.84099390156625,78.37425645674323,45.30773134638926
222,222,right,calibration,926,1.5945150000789,0,59.88725986833187,72.49550545738691,47.27901427927683
223,223,left,calibration,928,23.173883000026763,0,58.27012869440567,73.10852844048436,43.43172894832699
223,223,right,calibration,928,23.173883000026763,0,55.52072701279167,66.00577463095831,45.035679394625035
224,224,left,calibration,930,0.4349905000253784,1,58.314038849394784,73.00376885313598,43.624308845653594
224,224,right,calibration,930,0.4349905000253784,1,53.997469435269,63.32331498696558,44.67162388357241
225,225,left,calibration,935,0.26746000003186055,1,57.06723278273121,71.11970737027181,43.01475819519057
225,225,right,calibration,935,0.26746000003186055,1,51.86527667777282,60.27486766531611,43.45568569022955
226,226,left,calibration,939,3.053473999898415,1,54.68391255530029,67.61808094731184,41.74974416328873
226,226,right,calibration,939,3.053473999898415,1,49.474840688130925,57.043025968489175,41.90665540777267
227,227,left,calibration,941,15.825535999965723,1,51.94422062827463,63.77630175860679,40.11213949794245
227,227,right,calibration,941,15.825535999965723,1,46.502753271100104,53.00868299034441,39.99682355185581
228,228,left,calibration,942,43.50818449984217,0,48.14964430215773,58.474555308411766,37.824733295903705
228,228,right,calibration,942,43.50818449984217,0,43.31685388578266,48.76510783759447,37.868599933970856
229,229,left,calibration,942,7.423221999943053,1,45.1215811872889,54.64768538067212,35.595476993905685
229,229,right,calibration,942,7.423221999943053,1,40.981626952553825,45.854677293841746,36.1085766112659
230,230,left,calibration,946,0.8920416667024256,1,44.20407701826167,53.29337655776682,35.11477747875653
230,230,right,calibration,946,0.8920416667024256,1,39.30390744009757,43.89896808371286,34.708846796482284
231,231,left,calibration,952,2.1008396668094065,1,43.01085471847851,51.68292877125437,34.33878066570264
231,231,right,calibration,952,2.1008396668094065,1,38.407246527676534,42.87995094324704,33.93454211210603
232,232,left,calibration,956,1.1008210001364205,1,42.02253797019863,50.22771908441442,33.817356855982844
232,232,right,calibration,956,1.1008210001364205,1,37.54708614997429,41.948338495056355,33.145833804892234
233,233,left,calibration,958,18.08783899991795,0,37.50840095282872,43.99426767999013,31.0225342256673
233,233,right,calibration,958,18.08783899991795,0,36.013964540392514,40.136046883915576,31.89188219686946
234,234,left,calibration,959,3.6223963334123255,0,36.50662453857372,42.72573015208977,30.287518925057647
234,234,right,calibration,959,3.6223963334123255,0,35.94109461509207,40.1723365393249,31.709852690859236
235,235,left,calibration,962,3.7115793334123737,1,37.5059076551576,44.738104682518625,30.27371062779657
235,235,right,calibration,962,3.7115793334123737,1,38.31666210830514,45.60608150278975,31.02724271382052
236,236,left,calibration,968,0.9656590000304277,1,36.261240090677724,43.171324819911,29.351155361444444
236,236,right,calibration,968,0.9656590000304277,1,40.169294825503854,48.87167687615218,31.466912774855537
237,237,left,calibration,973,0.9910374999435589,1,35.00861372998616,41.6136870511866,28.403540408785705
237,237,right,calibration,973,0.9910374999435589,1,43.006942303306914,53.1363511304592,32.87753347615462
238,238,left,calibration,973,34.42539399998168,0,34.658670173698845,41.08950635347111,28.227833993926584
238,238,right,calibration,973,34.42539399998168,0,45.07219130904303,56.09748295196287,34.04689966612318
239,239,left,calibration,974,18.877224500101875,0,35.35822500800701,42.24985432926701,28.466595686747024
239,239,right,calibration,974,18.877224500101875,0,48.712123831925645,61.363285709486796,36.06096195436449
240,240,left,calibration,975,1.4525250001042878,1,39.40737413888471,48.52320350369395,30.291544774075476
240,240,right,calibration,975,1.4525250001042878,1,55.96362368313952,71.29901204281562,40.628235323463436
241,241,left,calibration,976,1.6686405001564708,1,42.50817778687931,52.95219846480408,32.06415710895454
241,241,right,calibration,976,1.6686405001564708,1,60.78806806550058,77.92822653883965,43.647909592161525
242,242,left,calibration,981,5.188916999941284,1,44.773696276820104,56.116089638657584,33.43130291498262
242,242,right,calibration,981,5.188916999941284,1,65.08592038039124,83.71281967757527,46.45902108320721
243,243,left,calibration,982,3.631503000178782,1,45.31571299974619,56.89004801381168,33.7413779856807
243,243,right,calibration,982,3.631503000178782,1,66.93706075607071,86.262888753814,47.6112327583274
244,244,left,calibration,983,12.355683999885514,1,48.89751908477223,62.08833346098022,35.70670470856422
244,244,right,calibration,983,12.355683999885514,1,71.77163563821556,93.07267292273767,50.47059835369346
245,245,left,calibration,986,2.328072499949485,1,51.392379409325166,65.45508089692933,37.329677921721014
245,245,right,calibration,986,2.328072499949485,1,73.83540270331886,95.81426340650414,51.856542000133594
246,246,left,calibration,993,2.2409000000607193,1,53.24378135571574,67.9882389209797,38.499323790451754
246,246,right,calibration,993,2.2409000000607193,1,75.71016398618157,98.3607873613052,53.05954061105791
247,247,left,calibration,996,5.021267499841997,1,53.8915154843812,68.86083767030723,38.92219329845518
247,247,right,calibration,996,5.021267499841997,1,76.05768084143678,98.88743291375906,53.22792876911451
248,248,left,calibration,997,7.179059000009147,1,53.35021957775516,68.21354531606381,38.48689383944651
248,248,right,calibration,997,7.179059000009147,1,75.25820124053901,98.01766925956824,52.49873322150977
249,249,left,calibration,998,0.22251750010582327,1,56.233570827391475,72.21658953198029,40.25055212280266
249,249,right,calibration,998,0.22251750010582327,1,77.89651353204977,101.76243603043957,54.03059103365994
250,250,left,calibration,1004,1.4964439999403112,1,57.32255919185602,73.75997500189325,40.88514338181879
250,250,right,calibration,1004,1.4964439999403112,1,78.84875246132796,103.09870889793194,54.59879602472398
251,251,left,calibration,1009,2.7659849999963626,1,56.72702305349024,73.08563784480043,40.36840826218004
251,251,right,calibration,1009,2.7659849999963626,1,78.67429031752333,102.9270703986949,54.421510236351764
252,252,left,calibration,1012,8.512115000030462,0,56.60577522822841,72.86181190626755,40.34973855018928
252,252,right,calibration,1012,8.512115000030462,0,78.68552991081074,102.84629406205988,54.52476575956162
253,253,left,calibration,1013,10.087083499911387,0,55.80800528459747,71.88533865536529,39.73067191382966
253,253,right,calibration,1013,10.087083499911387,0,77.74328512970244,101.6754204508744,53.811149808530466
254,254,left,calibration,1015,3.6927009998635185,1,58.58969738125298,75.42553902212602,41.75385574037993
254,254,right,calibration,1015,3.6927009998635185,1,79.85213502770998,104.31418444516294,55.39008561025704
255,255,left,calibration,1021,0.5241690000730159,1,61.31198395030246,78.92691613975268,43.697051760852254
255,255,right,calibration,1021,0.5241690000730159,1,79.94255478424948,104.27804925331577,55.607060315183176
256,256,left,calibration,1025,1.475990000017191,1,63.36489375895426,81.57059938972783,45.15918812818069
256,256,right,calibration,1025,1.475990000017191,1,79.43724720120174,103.51865490648326,55.35583949592025
257,257,left,calibration,1026,31.772210500093934,0,63.075097138445095,81.15319552777491,44.99699874911527
257,257,right,calibration,1026,31.772210500093934,0,78.64427251541461,102.56664911022764,54.72189592060157
258,258,left,calibration,1027,23.168944999952146,0,62.93354381058383,81.0416952916809,44.82539232948678
258,258,right,calibration,1027,23.168944999952146,0,78.10000133303208,101.97122575844611,54.22877690761804
259,259,left,calibration,1028,5.045854000172767,1,65.85884478963906,84.59000054242817,47.12768903684997
259,259,right,calibration,1028,5.045854000172767,1,78.4495997974746,102.20370723206749,54.6954923628817
260,260,left,calibration,1035,0.10624099991218827,1,66.89056504289617,85.84275557627367,47.938374509518674
260,260,right,calibration,1035,0.10624099991218827,1,77.78031321101334,101.15774242936514,54.40288399266152
261,261,left,calibration,1041,6.049971499805906,1,66.50448161473568,85.24485387223233,47.76410935723906
261,261,right,calibration,1041,6.049971499805906,1,77.36103591759293,100.48518977969164,54.23688205549424
262,262,left,calibration,1043,13.63691899996411,0,65.30258288104933,83.4785294499255,47.126636312173154
262,262,right,calibration,1043,13.63691899996411,0,75.8782816569858,98.38941207778635,53.36715123618525
263,263,left,calibration,1044,12.805325500039544,0,64.73009800386913,82.57110307418867,46.88909293354957
263,263,right,calibration,1044,12.805325500039544,0,73.98020067599626,95.79721309859141,52.16318825340109
264,264,left,calibration,1046,0.9497429998646112,1,65.6454526424618,83.46112527854001,47.82978000638359
264,264,right,calibration,1046,0.9497429998646112,1,71.9169302189924,92.80510038352568,51.02876005445914
265,265,left,calibration,1053,2.6563275000626163,1,64.9416904757535,82.31598606900343,47.56739488250354
265,265,right,calibration,1053,2.6563275000626163,1,69.35557419897192,88.96936035986528,49.74178803807853
266,266,left,calibration,1056,6.09753499998078,1,62.8698275442169,79.49842712248065,46.24122796595317
266,266,right,calibration,1056,6.09753499998078,1,65.50929061511343,83.75336379351633,47.26521743671053
267,267,left,calibration,1059,8.808026999986396,1,60.37795422466254,76.0618991389367,44.69400931038838
267,267,right,calibration,1059,8.808026999986396,1,61.22946869861985,77.96917686646931,44.489760530770425
268,268,left,calibration,1059,24.96042200004922,0,56.72408678613935,71.28859984427625,42.159573728002464
268,268,right,calibration,1059,24.96042200004922,0,57.07221571038391,72.52177945166618,41.622651969101625
269,269,left,calibration,1061,3.112162499974147,1,54.667986628459474,68.56452630539529,40.77144695152364
269,269,right,calibration,1061,3.112162499974147,1,54.19140738905114,68.43056406615983,39.952250711942455
270,270,left,calibration,1063,7.230560999914815,1,51.43245149791981,64.32095621687489,38.543946778964724
270,270,right,calibration,1063,7.230560999914815,1,50.620224686902375,63.68124888088629,37.559200492918436
271,271,left,calibration,1064,3.0356004999703146,1,47.08041845526374,58.692336294842846,35.46850061568462
271,271,right,calibration,1064,3.0356004999703146,1,47.475137414581,59.585312659529336,35.36496216963266
272,272,left,calibration,1067,1.4595370000733965,1,42.76588749632257,53.080539863220906,32.451235129424234
272,272,right,calibration,1067,1.4595370000733965,1,44.19743797699071,55.17329119457198,33.22158475940945
273,273,left,calibration,1068,6.422341499956019,1,39.333102187195905,48.59714604302957,30.069058331362253
273,273,right,calibration,1068,6.422341499956019,1,41.71897934443807,51.928753155587074,31.509205533289066
274,274,left,calibration,1071,2.446545999873706,1,37.82657362352657,46.84829791776353,28.804849329289606
274,274,right,calibration,1071,2.446545999873706,1,40.19024705401712,49.78094284344762,30.599551264586616
275,275,left,calibration,1077,4.682329499928528,1,37.12991106010536,46.135169654497616,28.12465246571311
275,275,right,calibration,1077,4.682329499928528,1,39.22636070973916,48.36608956252581,30.086631856952522
276,276,left,calibration,1081,9.101906999831044,1,37.03367690341588,46.178471668634266,27.8888821381975
276,276,right,calibration,1081,9.101906999831044,1,39.48380178476417,48.57365538550014,30.393948184028204
277,277,left,calibration,1082,14.751951500102223,1,37.55392841884305,47.058550287273995,28.049306550412098
277,277,right,calibration,1082,14.751951500102223,1,40.02606351879247,49.38443796403883,30.66768907354612
278,278,left,calibration,1084,0.7727429999704327,1,39.682359019912965,49.71715967501835,29.647558364807573
278,278,right,calibration,1084,0.7727429999704327,1,40.593271806303036,49.894868114996314,31.291675497609752
279,279,left,calibration,1089,2.958324333121709,1,41.483789107167716,52.05350531389483,30.91407290044061
279,279,right,calibration,1089,2.958324333121709,1,41.80704824185885,51.376375676957664,32.23772080676004
280,280,left,calibration,1092,13.988694666750234,0,42.951791333151576,53.99313163907177,31.910451027231385
280,280,right,calibration,1092,13.988694666750234,0,43.054623358998455,52.999557601951324,33.10968911604557
281,281,left,calibration,1092,20.715314999961265,0,43.47965212692392,54.72319869241424,32.236105561433604
281,281,right,calibration,1092,20.715314999961265,0,43.359819320941725,53.34711109254037,33.372527549343076
282,282,left,calibration,1093,12.691929500078913,0,45.49906715610588,57.58537972487834,33.412754587333424
282,282,right,calibration,1093,12.691929500078913,0,45.04130408147658,55.554514129788984,34.52809403316419
283,283,left,calibration,1095,1.7859539998426044,1,48.399920160255895,61.11047584269632,35.68936447781548
283,283,right,calibration,1095,1.7859539998426044,1,45.88870967434244,56.39718876874209,35.38023057994279
284,284,left,calibration,1102,2.6698070000747975,1,50.440347615671456,63.82755985930428,37.05313537203864
284,284,right,calibration,1102,2.6698070000747975,1,47.11862677525326,57.81652208479337,36.42073146571314
285,285,left,calibration,1105,5.935521000083099,1,50.858660894002384,64.58227708225995,37.13504470574481
285,285,right,calibration,1105,5.935521000083099,1,47.87165290619973,58.751328323701706,36.991977488697756
286,286,left,calibration,1106,12.49179649994403,1,51.081250008786846,65.11390384577689,37.048596171796795
286,286,right,calibration,1106,12.49179649994403,1,47.869739556101244,58.85009481751308,36.88938429468941
287,287,left,calibration,1108,3.55379500001618,1,52.39306385849996,66.96679225687514,37.819335460124776
287,287,right,calibration,1108,3.55379500001618,1,49.14004989647135,60.36709433537635,37.91300545756636
288,288,left,calibration,1111,0.710802999947191,1,52.28080174685099,66.86806165418984,37.693541839512136
288,288,right,calibration,1111,0.710802999947191,1,49.715378353295634,61.08204396043997,38.348712746151286
289,289,left,calibration,1113,15.716307000047891,0,51.69289264016529,66.01517552946912,37.37060975086146
289,289,right,calibration,1113,15.716307000047891,0,49.71513735131396,60.92422420256516,38.506050500062756
290,290,left,calibration,1114,17.79333400008909,0,50.84047408466985,64.94112010029481,36.739828069044876
290,290,right,calibration,1114,17.79333400008909,0,48.77817188739724,59.52221257467121,38.03413120012327
291,291,left,calibration,1116,0.05143999987922143,1,51.11811990549627,65.10451131688089,37.131728494111655
291,291,right,calibration,1116,0.05143999987922143,1,49.16384348645816,59.60155936666648,38.726127606249854
292,292,left,calibration,1122,1.654128000154742,1,50.41779452391244,64.10625160771852,36.72933744010638
292,292,right,calibration,1122,1.654128000154742,1,49.03480331312916,59.08566886801958,38.98393775823875
293,293,left,calibration,1127,6.428038999956698,0,49.00637379880821,62.10918170334919,35.903565894267246
293,293,right,calibration,1127,6.428038999956698,0,47.35373875960481,56.395330139676844,38.31214737953278
294,294,left,calibration,1128,37.092083500056106,0,47.72633750420687,60.36141852257193,35.091256485841804
294,294,right,calibration,1128,37.092083500056106,0,44.956745665255156,52.85787206993983,37.05561926057048
295,295,left,calibration,1128,2.3953150000579626,1,46.29840126966435,58.22373184917724,34.373070690151465
295,295,right,calibration,1128,2.3953150000579626,1,44.14455049264585,51.83152557267209,36.45757541261962
296,296,left,calibration,1131,1.768403000141916,1,45.03123648162403,56.246240912178635,33.81623205106942
296,296,right,calibration,1131,1.768403000141916,1,42.67193977024367,49.63462617553697,35.70925336495036
297,297,left,calibration,1135,7.452520000015284,0,42.3318164725065,52.39052877299564,32.27310417201737
297,297,right,calibration,1135,7.452520000015284,0,40.5720050123838,46.60630312133132,34.537706903436266
298,298,left,calibration,1137,6.304291000105877,0,40.211346075814916,49.39548926928036,31.027202882349485
298,298,right,calibration,1137,6.304291000105877,0,38.25376384778375,43.071990253984175,33.43553744158332
299,299,left,calibration,1138,18.091110999876037,1,37.970577309142406,46.061987933831006,29.879166684453804
299,299,right,calibration,1138,18.091110999876037,1,36.5727604393092,40.49416383807021,32.65135704054818
300,300,left,calibration,1138,14.493991000108508,1,36.84095389641241,44.314958494161836,29.36694929866298
300,300,right,calibration,1138,14.493991000108508,1,35.39646466890402,38.654092261404735,32.1388370764033
301,301,left,calibration,1140,2.6161230000525393,1,35.29801258234453,42.18029850048401,28.41572666420506
301,301,right,calibration,1140,2.6161230000525393,1,34.92206550115507,38.27332913726643,31.5708018650437
302,302,left,calibration,1141,19.18509200004337,1,34.42543025765095,40.68510586784577,28.165754647456133
302,302,right,calibration,1141,19.18509200004337,1,34.82543142423203,38.44451274874904,31.206350099715024
303,303,left,calibration,1142,1.9055709999520332,1,33.123485687815716,38.67147421851946,27.575497157111975
303,303,right,calibration,1142,1.9055709999520332,1,35.3085244851479,39.778124254108995,30.838924716186817
304,304,left,calibration,1146,6.3424845000099594,1,32.750227128008284,38.109859686251255,27.3905945697653
304,304,right,calibration,1146,6.3424845000099594,1,36.63793012640341,42.483813166643145,30.792047086163684
305,305,left,calibration,1150,6.352911000021777,1,33.137566260441204,38.31154132859308,27.96359119228932
305,305,right,calibration,1150,6.352911000021777,1,38.165962283154236,45.37063062030997,30.961293945998516
306,306,left,calibration,1151,9.646363000001656,1,35.2222983585727,41.15625124358086,29.288345473564533
306,306,right,calibration,1151,9.646363000001656,1,40.07101683157156,48.68249789173644,31.459535771406706
307,307,left,calibration,1153,2.772218000018256,1,38.23455095155867,45.68506497309765,30.78403693001968
307,307,right,calibration,1153,2.772218000018256,1,45.15217684913555,56.68388326576136,33.62047043250975
308,308,left,calibration,1159,1.1695020000388467,1,41.084426021010515,49.80060573188976,32.36824631013127
308,308,right,calibration,1159,1.1695020000388467,1,48.44876878186584,61.48428283632843,35.41325472740325
309,309,left,calibration,1162,20.077049000065017,0,42.91063307899639,52.28515042944218,33.53611572855063
309,309,right,calibration,1162,20.077049000065017,0,50.36954136420369,64.24969502420404,36.48938770420334
310,310,left,calibration,1163,15.058408000186319,0,44.87713401087472,55.13974156487641,34.61452645687305
310,310,right,calibration,1163,15.058408000186319,0,52.765890085602415,67.71835412315714,37.8134260480477
311,311,left,calibration,1165,2.1495080000022426,1,48.57957697009632,60.378197763258484,36.780956176934154
311,311,right,calibration,1165,2.1495080000022426,1,57.956161445672265,74.82535324154523,41.086969649799286
312,312,left,calibration,1172,0.5944950000866811,1,51.79939875974876,64.92558570496152,38.67321181453599
312,312,right,calibration,1172,0.5944950000866811,1,61.32285388491347,79.4721040999026,43.173603669924326
313,313,left,calibration,1176,0.6134139998721366,1,53.527419418890645,67.36727539691037,39.687563440870925
313,313,right,calibration,1176,0.6134139998721366,1,63.29584154731724,82.30458983352148,44.28709326111301
314,314,left,calibration,1177,23.941523499843242,0,55.23553362010169,69.70842908203997,40.76263815816342
314,314,right,calibration,1177,23.941523499843242,0,63.80289073612056,83.01662637372998,44.589155098511135
315,315,left,calibration,1178,43.656929999997374,0,55.97678649248063,71.05961092910964,40.8939620558516
315,315,right,calibration,1178,43.656929999997374,0,64.3392678287095,84.20421655632335,44.47431910109562
316,316,left,calibration,1178,11.142420499936634,1,54.53782830559012,69.11330313660139,39.962353474578855
316,316,right,calibration,1178,11.142420499936634,1,63.96259908767536,83.76554898809243,44.15964918725828
317,317,left,calibration,1183,0.5752699998993194,1,60.78573381090729,77.37530833250571,44.19615928930889
317,317,right,calibration,1183,0.5752699998993194,1,71.53237423700433,93.53913930645399,49.525609167554684
318,318,left,calibration,1189,3.592123500084199,1,62.609558412946384,79.92814616357512,45.29097066231764
318,318,right,calibration,1189,3.592123500084199,1,73.9376286429235,96.6879885128147,51.18726877303228
319,319,left,calibration,1193,0.9329490001164231,0,63.911074108066984,81.72571933490576,46.09642888122822
319,319,right,calibration,1193,0.9329490001164231,0,75.98036445157103,99.47238681189874,52.48834209124334
320,320,left,calibration,1194,8.880550999947445,0,64.02765814773315,81.93152065991404,46.123795635552256
320,320,right,calibration,1194,8.880550999947445,0,76.76063369347322,100.40762350108187,53.11364388586456
321,321,left,calibration,1196,6.801284000175656,1,66.04858566789238,84.55133866507282,47.54583267071197
321,321,right,calibration,1196,6.801284000175656,1,78.17937116155686,102.40903561391637,53.94970670919732
322,322,left,calibration,1199,2.239298499944198,1,67.58725960232603,86.42305422266062,48.75146498199144
322,322,right,calibration,1199,2.239298499944198,1,79.9902577505275,104.59169046938784,55.388825031667196
323,323,left,calibration,1205,4.214857000079064,1,68.34847571581149,87.53766522927191,49.15928620235105
323,323,right,calibration,1205,4.214857000079064,1,81.86102729467825,106.87746607413037,56.844588515226135
324,324,left,calibration,1208,10.701104333293188,1,69.64508965347822,89.2745728950211,50.01560641193538
324,324,right,calibration,1208,10.701104333293188,1,83.64257003890685,109.12717487976374,58.15796519804995
325,325,left,calibration,1208,44.13777366676186,0,69.53754927165664,89.11240865192235,49.96268989139092
325,325,right,calibration,1208,44.13777366676186,0,83.34408316023703,108.73982011083004,57.94834620964402
326,326,left,calibration,1209,10.850790999938908,0,70.09344507064529,90.08386350403107,50.10302663725949
326,326,right,calibration,1209,10.850790999938908,0,83.66793593062378,109.43539539086814,57.900476470379445
327,327,left,calibration,1211,0.5059555001025728,0,75.13202636445334,96.48167337002104,53.78237935888565
327,327,right,calibration,1211,0.5059555001025728,0,89.12770104463803,116.1628932755452,62.092508813730845
328,328,left,calibration,1218,1.2113410000438307,1,77.36758003499398,99.29257599815816,55.44258407182981
328,328,right,calibration,1218,1.2113410000438307,1,90.74190592348248,118.26373805167653,63.22007379528841
329,329,left,calibration,1222,0.07822149996172811,1,77.66949431494803,99.63501252415035,55.70397610574571
329,329,right,calibration,1222,0.07822149996172811,1,91.11014180998764,118.61285376380265,63.60742985617262
330,330,left,calibration,1224,7.072767999943608,0,76.52716479919256,98.05329879108744,55.00103080729768
330,330,right,calibration,1224,7.072767999943608,0,90.0977079021836,117.24940690559849,62.94600889876874
331,331,left,calibration,1225,21.93330849991071,0,76.23410605087729,97.60380002638756,54.864412075367035
331,331,right,calibration,1225,21.93330849991071,0,88.75734849396216,115.28995606779608,62.22474092012824
332,332,left,calibration,1226,7.5876849998621765,1,75.66563417048685,96.71998306931737,54.611285271656335
332,332,right,calibration,1226,7.5876849998621765,1,86.17438939716234,111.85139314209576,60.49738565222894
333,333,left,calibration,1232,0.49080700000558863,1,75.05915484706638,95.79125384025764,54.32705585387514
333,333,right,calibration,1232,0.49080700000558863,1,83.71386934765988,108.4435011246014,58.98423757071832
334,334,left,calibration,1235,1.7552259998865338,1,73.60853656451908,93.8107493028551,53.406323826183076
334,334,right,calibration,1235,1.7552259998865338,1,80.71747835764992,104.42740681945831,57.00754989584151
335,335,left,calibration,1236,29.742933500074287,0,72.00067217842695,91.54552482510668,52.455819531747196
335,335,right,calibration,1236,29.742933500074287,0,78.10987155295092,100.92297974016712,55.29676336573469
336,336,left,calibration,1237,9.803920999956972,1,69.08033678547379,87.60546546706281,50.555208103884766
336,336,right,calibration,1237,9.803920999956972,1,75.04982692629027,96.82088975727612,53.278764095304425
337,337,left,calibration,1240,3.2191519999287266,1,65.92661205081427,83.23520308232865,48.61802101929989
337,337,right,calibration,1240,3.2191519999287266,1,72.06836145610991,92.54085497192689,51.59586794029294
338,338,left,calibration,1248,1.1874980000357027,1,61.84131923992046,77.70224329132547,45.98039518851543
338,338,right,calibration,1248,1.1874980000357027,1,68.19873459108466,87.23387943335521,49.16358974881412
339,339,left,calibration,1252,2.017409000018233,1,57.23457236529428,71.56024622700285,42.90889850358572
339,339,right,calibration,1252,2.017409000018233,1,63.32799350343858,80.69851866099941,45.957468345877714
340,340,left,calibration,1253,12.24693499989371,1,52.20315881272389,64.95610616246384,39.450211462983944
340,340,right,calibration,1253,12.24693499989371,1,58.414010909256376,74.2810729832121,42.54694883530066
341,341,left,calibration,1254,10.13028650004344,1,47.71787649350664,58.98297519923085,36.45277778778243
341,341,right,calibration,1254,10.13028650004344,1,52.73344398080828,66.64909774529445,38.81779021632214
342,342,left,calibration,1256,5.719343000009758,1,43.997678429603106,54.03232816253992,33.963028696666285
342,342,right,calibration,1256,5.719343000009758,1,47.39660999436938,59.70872545196355,35.08449453677519
343,343,left,calibration,1263,0.9339385001112532,1,40.86828965852892,50.00448999165887,31.732089325398942
343,343,right,calibration,1263,0.9339385001112532,1,43.15633163840323,54.070556806821834,32.242106469984634
344,344,left,calibration,1267,1.4145879999887256,0,39.33114218308857,48.213141355794235,30.449143010382908
344,344,right,calibration,1267,1.4145879999887256,0,40.1224556715153,50.18765591866934,30.057255424361237
345,345,left,calibration,1268,18.01728466671193,0,38.34546639919295,47.18134300375913,29.50958979462677
345,345,right,calibration,1268,18.01728466671193,0,38.491950720804056,48.09688036015835,28.887021081449774
346,346,left,calibration,1269,4.888078333124213,1,40.14206651019724,49.963815110483125,30.320317909911353
346,346,right,calibration,1269,4.888078333124213,1,39.265523507557845,48.91784678840826,29.61320022670742
347,347,left,calibration,1274,0.39957400008461263,1,40.78237561446737,51.19818793021723,30.366563298717516
347,347,right,calibration,1274,0.39957400008461263,1,39.621596681035825,49.34168278668282,29.90151057538884
348,348,left,calibration,1280,2.87762599987218,1,41.15413599085498,52.1126939744434,30.19557800726657
348,348,right,calibration,1280,2.87762599987218,1,40.62551772912606,50.6836335028666,30.567401955385513
349,349,left,calibration,1283,15.93863500011139,1,41.711054652464355,52.92376479462729,30.498344510301422
349,349,right,calibration,1283,15.93863500011139,1,40.93869934424523,50.77173837613751,31.10566031235295
350,350,left,calibration,1283,17.154216499875474,1,41.3822297190283,52.62541113365116,30.139048304405446
350,350,right,calibration,1283,17.154216499875474,1,40.59129794291007,50.305306862445754,30.877289023374395
351,351,left,calibration,1285,0.4769519998717442,1,43.92792775110647,55.70343195660142,32.15242354561152
351,351,right,calibration,1285,0.4769519998717442,1,43.419305521597565,53.541455542638836,33.297155500556286
352,352,left,calibration,1291,1.9209575000331824,1,44.741301619328155,56.69984483572281,32.782758402933496
352,352,right,calibration,1291,1.9209575000331824,1,44.168530337744116,54.34915029521053,33.987910380277704
353,353,left,calibration,1298,2.5943409998490097,1,45.539852277878516,57.58567567384311,33.49402888191392
353,353,right,calibration,1298,2.5943409998490097,1,44.5839081059825,54.81553789016782,34.35227832179716
354,354,left,calibration,1303,0.16338266664206458,1,46.17849325162304,58.36724138178181,33.98974512146425
354,354,right,calibration,1303,0.16338266664206458,1,44.82293462080066,55.06693426789326,34.57893497370806
355,355,left,calibration,1305,18.46468566668591,1,46.435732356821696,58.73862483976418,34.132839873879206
355,355,right,calibration,1305,18.46468566668591,1,44.94672029929997,55.34051630040896,34.55292429819097
356,356,left,calibration,1307,7.223645999829387,1,47.410958889768594,60.00907533866572,34.81284244087148
356,356,right,calibration,1307,7.223645999829387,1,45.7996105070221,56.29188709964474,35.30733391439945
357,357,left,calibration,1312,1.9140495001011004,1,48.199044864631155,61.2332104853282,35.16487924393412
357,357,right,calibration,1312,1.9140495001011004,1,45.77227502668701,56.26053593904449,35.28401411432955
358,358,left,calibration,1317,3.223638999998002,1,49.073574902972084,62.41010583842681,35.73704396751733
358,358,right,calibration,1317,3.223638999998002,1,45.18163555108947,55.47571092950054,34.88756017267839
359,359,left,calibration,1320,11.122314499971253,1,49.11214431284001,62.573069892326636,35.651218733353396
359,359,right,calibration,1320,11.122314499971253,1,44.485779702392584,54.45102963652977,34.52052976825542
360,360,left,calibration,1321,0.5127350000293518,0,49.0706930318663,62.492517014183576,35.64886904954903
360,360,right,calibration,1321,0.5127350000293518,0,43.77886719174445,53.50819823129068,34.04953615219823
361,361,left,calibration,1322,6.058299000187617,0,49.89401380854644,63.500945232219905,36.28708238487299
361,361,right,calibration,1322,6.058299000187617,0,44.166939611224116,53.934457751179956,34.39942147126828
362,362,left,calibration,1326,0.2938200000244251,1,50.29358266760762,63.93045097618513,36.65671435903014
362,362,right,calibration,1326,0.2938200000244251,1,43.9127681961855,53.50499660594776,34.32053978642326
363,363,left,calibration,1332,6.216237333319441,1,50.81461995887353,64.63464107548432,36.99459884226274
363,363,right,calibration,1332,6.216237333319441,1,43.86525485535596,53.34992949407317,34.38058021663874
364,364,left,calibration,1337,0.2099936668855662,0,51.196890729963705,65.10505039041274,37.28873106951467
364,364,right,calibration,1337,0.2099936668855662,0,43.92931160294981,53.39515879201839,34.46346441388123
365,365,left,calibration,1338,6.552185999908033,0,51.07580319682664,64.86434704889497,37.287259344758304
365,365,right,calibration,1338,6.552185999908033,0,43.72429391170122,53.09641815886338,34.352169664539055
366,366,left,calibration,1339,19.56333399994037,0,51.26109638998215,65.15987786638857,37.36231491357572
366,366,right,calibration,1339,19.56333399994037,0,43.54733604312126,52.63942905117451,34.45524303506801
367,367,left,calibration,1341,1.0533879999456985,1,50.12014841719847,63.40583151622717,36.83446531816977
367,367,right,calibration,1341,1.0533879999456985,1,42.71233921762153,51.477427531825036,33.947250903418016
368,368,left,calibration,1346,1.9355875001565437,1,48.466575488410946,61.11140652878212,35.82174444803977
368,368,right,calibration,1346,1.9355875001565437,1,42.02202159308478,50.508410330726164,33.5356328554434
369,369,left,calibration,1351,3.5814200000459095,0,47.29033268016879,59.46752371618375,35.11314164415381
369,369,right,calibration,1351,3.5814200000459095,0,42.023531177319136,50.37949316051217,33.66756919412611
370,370,left,calibration,1352,20.788856499848407,0,45.850761813600556,57.512173570422384,34.18935005677873
370,370,right,calibration,1352,20.788856499848407,0,41.44207546564766,49.440042812866935,33.44410811842838
371,371,left,calibration,1353,4.354413999863027,1,45.07454652790713,56.392012316735986,33.75708073907827
371,371,right,calibration,1353,4.354413999863027,1,42.57044014272354,50.81492075471077,34.32595953073631
372,372,left,calibration,1355,0.42381366665722453,1,45.12150391422879,56.419946534600626,33.82306129385695
372,372,right,calibration,1355,0.42381366665722453,1,44.61734982264902,53.35280239093076,35.88189725436728
373,373,left,calibration,1362,3.082393333215805,0,45.64324237319114,56.982235670083014,34.30424907629927
373,373,right,calibration,1362,3.082393333215805,0,46.252468058205785,55.33692293726767,37.168013179143905
374,374,left,calibration,1365,8.475342999872737,0,45.611608706406784,56.87029214513585,34.35292526767773
374,374,right,calibration,1365,8.475342999872737,0,46.76949388088924,55.89061227370364,37.64837548807485
375,375,left,calibration,1366,15.750402000094255,0,44.01978048501785,54.671325700216244,33.368235269819436
375,375,right,calibration,1366,15.750402000094255,0,46.25653708432414,55.1677909688854,37.34528319976287
376,376,left,calibration,1367,3.580945000067004,1,44.85456031449473,55.61243554125665,34.09668508773281
376,376,right,calibration,1367,3.580945000067004,1,46.71659099164538,55.75709552151757,37.6760864617732
377,377,left,calibration,1372,1.5709660001448356,1,43.618440182160036,53.79829059345151,33.43858977086856
377,377,right,calibration,1372,1.5709660001448356,1,45.313575952761184,53.970358863243405,36.656793042278956
378,378,left,calibration,1378,4.524474000163536,1,42.504474691952346,52.228827411116434,32.780121972788265
378,378,right,calibration,1378,4.524474000163536,1,45.659101789001014,54.46378976152158,36.85441381648044
379,379,left,calibration,1380,19.081595500210824,1,41.196365738683475,50.50037814892951,31.892353328437444
379,379,right,calibration,1380,19.081595500210824,1,46.578902139933724,55.67333085834893,37.48447342151853
380,380,left,calibration,1381,1.0059769999770651,0,40.0446302565217,48.90283704218257,31.186423470860813
380,380,right,calibration,1381,1.0059769999770651,0,47.44892904321836,56.851008131669275,38.04684995476744
381,381,left,calibration,1382,8.949162333237837,0,46.05884351362906,56.913236842277534,35.20445018498058
381,381,right,calibration,1382,8.949162333237837,0,55.51635390566959,67.24719368972958,43.78551412160959
382,382,left,calibration,1385,1.6250363335075235,1,48.66108381257728,60.2857750081364,37.036392617018166
382,382,right,calibration,1385,1.6250363335075235,1,58.87407347992437,71.62446780988543,46.123679149963294
383,383,left,calibration,1391,1.7658679998930893,1,52.72084683448101,65.54279217005961,39.8989014989024
383,383,right,calibration,1391,1.7658679998930893,1,64.68864073553404,79.14932336592956,50.227958105138484
384,384,left,calibration,1395,1.423004499883973,1,56.61128660706861,70.58077263524092,42.64180057889631
384,384,right,calibration,1395,1.423004499883973,1,69.51496301905661,85.40567506762143,53.624250970491765
385,385,left,calibration,1396,25.48871399994823,0,57.29098371893241,71.41476798588303,43.16719945198178
385,385,right,calibration,1396,25.48871399994823,0,71.4183417285186,87.8685225407892,54.96816091624801
386,386,left,calibration,1396,7.9261050000241084,0,57.60301409078761,71.84617842833242,43.35984975324279
386,386,right,calibration,1396,7.9261050000241084,0,72.09632993566129,88.76826959112466,55.424390280197905
387,387,left,calibration,1398,2.8779340000255615,1,68.87118328482785,86.44067039577943,51.30169617387628
387,387,right,calibration,1398,2.8779340000255615,1,83.53948066448145,103.46073110217621,63.61823022678668
388,388,left,calibration,1406,1.9169664999481029,1,73.4951520974588,92.36117968388157,54.62912451103604
388,388,right,calibration,1406,1.9169664999481029,1,87.08642443581249,107.97829732608884,66.19455154553614
389,389,left,calibration,1409,1.415669999914826,1,75.70198012003667,95.21661658959519,56.18734365047817
389,389,right,calibration,1409,1.415669999914826,1,89.987213137005,111.74867023042756,68.2257560435824
390,390,left,calibration,1410,28.105064499868604,0,75.93577775206066,95.49739490926957,56.374160594851716
390,390,right,calibration,1410,28.105064499868604,0,90.69042303754887,112.6242818879419,68.75656418715583
391,391,left,calibration,1411,6.223204999969312,1,79.78514628570707,100.38205608225032,59.18823648916384
391,391,right,calibration,1411,6.223204999969312,1,94.97219458291094,118.12389117161706,71.82049799420481
392,392,left,calibration,1415,1.9680739999330399,1,83.55222852884425,105.19896654966246,61.90549050802603
392,392,right,calibration,1415,1.9680739999330399,1,98.90837042534159,123.19218161087065,74.62455923981251
393,393,left,calibration,1420,3.236044999994192,1,85.31424476557518,107.43060070794768,63.197888823202675
393,393,right,calibration,1420,3.236044999994192,1,100.50068467736685,125.23448136543468,75.76688798929902
394,394,left,calibration,1423,2.315948999921602,1,87.53936379819147,110.32590368935011,64.75282390703282
394,394,right,calibration,1423,2.315948999921602,1,101.9459360846542,127.1382507402293,76.75362142907909
395,395,left,calibration,1424,24.58145099990361,0,87.88923443149301,110.70397042240147,65.07449844058456
395,395,right,calibration,1424,24.58145099990361,0,102.31535447814508,127.59775385773352,77.03295509855664
396,396,left,evaluation,1426,3.4241470000324625,1,90.84610818436747,114.46499248487586,67.22722388385904
396,396,right,evaluation,1426,3.4241470000324625,1,102.85864144303446,128.32334197608444,77.39394090998445
397,397,left,evaluation,1432,0.9909679999964283,1,91.25049307581678,114.9948189654048,67.50616718622875
397,397,right,evaluation,1432,0.9909679999964283,1,101.5672337497357,126.68708404443746,76.44738345503394
398,398,left,evaluation,1436,1.2040270000852615,1,89.92847314293137,113.26969628138045,66.58725000448229
398,398,right,evaluation,1436,1.2040270000852615,1,99.29908044415971,123.76788408113461,74.83027680718479
399,399,left,evaluation,1439,11.50401899985809,0,88.74770774558611,111.68619362258028,65.80922186859195
399,399,right,evaluation,1439,11.50401899985809,0,97.22178479275088,121.07208595323183,73.37148363226994
400,400,left,evaluation,1440,20.841025999970952,0,85.70160025113628,107.76206272923594,63.641137773036654
400,400,right,evaluation,1440,20.841025999970952,0,92.00310190488813,114.37316388549611,69.63303992428014
401,401,left,evaluation,1441,2.6250169999002537,1,83.73530428524532,105.2114292772873,62.25917929320333
401,401,right,evaluation,1441,2.6250169999002537,1,90.15378664879026,112.01085236182053,68.29672093575998
402,402,left,evaluation,1448,1.3550180001402623,1,80.50617603721824,101.00639887794787,60.00595319648862
402,402,right,evaluation,1448,1.3550180001402623,1,86.71500641382393,107.59618101827319,65.83383180937469
403,403,left,evaluation,1450,11.974151000003985,0,79.035294582043,99.05970525058663,59.010883913499356
403,403,right,evaluation,1450,11.974151000003985,0,84.95953599500334,105.34183997392063,64.57723201608606
404,404,left,evaluation,1451,9.134099999982936,0,78.30814784498502,98.11682127740903,58.499474412560986
404,404,right,evaluation,1451,9.134099999982936,0,84.3312857598326,104.53016880732848,64.13240271233671
405,405,left,evaluation,1452,13.101997000148913,1,75.73396470147956,94.79994810535149,56.66798129760764
405,405,right,evaluation,1452,13.101997000148913,1,81.86546365663426,101.44755779687031,62.2833695163982
406,406,left,evaluation,1456,3.390359999912107,1,73.0602765437213,91.38750374787456,54.73304933956806
406,406,right,evaluation,1456,3.390359999912107,1,78.1819992250746,96.7208339462783,59.64316450387092
407,407,left,evaluation,1462,3.5749719997966167,1,70.83769324476086,88.57757382302695,53.097812666494725
407,407,right,evaluation,1462,3.5749719997966167,1,76.2498919938977,94.23148323493456,58.26830075286087
408,408,left,evaluation,1465,9.781687500208136,1,68.77193366848465,85.91204592707338,51.63182140989593
408,408,right,evaluation,1465,9.781687500208136,1,73.91261027448752,91.2352961943327,56.589924354642335
409,409,left,evaluation,1465,22.15819200000624,0,68.51705277584344,85.56335254599374,51.47075300569314
409,409,right,evaluation,1465,22.15819200000624,0,74.05285260791098,91.40901661685362,56.69668859896831
410,410,left,evaluation,1466,3.6076979999961623,0,65.63699658523112,81.85373216235294,49.42026100810931
410,410,right,evaluation,1466,3.6076979999961623,0,70.53317257757196,86.9394344179392,54.12691073720473
411,411,left,evaluation,1469,3.7706880000314413,1,63.901454817930755,79.62136756365042,48.1815420722111
411,411,right,evaluation,1469,3.7706880000314413,1,70.18189956007483,86.47252034040255,53.89127877974713
412,412,left,evaluation,1475,2.56720199990923,1,63.74052995527078,79.39465575619256,48.086404154349
412,412,right,evaluation,1475,2.56720199990923,1,70.74983951209126,87.17606171652027,54.32361730766221
413,413,left,evaluation,1479,6.166883000105372,0,63.668625398209414,79.30450986701429,48.032740929404554
413,413,right,evaluation,1479,6.166883000105372,0,71.36986360506157,87.9347320523209,54.80499515780225
414,414,left,evaluation,1480,0.06746349981767708,0,63.47876146296608,79.02722288795415,47.930300037977986
414,414,right,evaluation,1480,0.06746349981767708,0,71.19061259012315,87.63707452088677,54.74415065935951
415,415,left,evaluation,1481,8.920665999994526,1,63.341631586237554,78.81279322783864,47.870469944636476
415,415,right,evaluation,1481,8.920665999994526,1,70.74052762923273,87.01675265107254,54.464302607392916
416,416,left,evaluation,1485,1.692216500032373,1,62.91795345163621,78.22173748981862,47.61416941345379
416,416,right,evaluation,1485,1.692216500032373,1,69.61674286109198,85.51340862720096,53.72007709498297
417,417,left,evaluation,1492,5.052912000110155,0,62.2262893342463,77.2743868755478,47.17819179294481
417,417,right,evaluation,1492,5.052912000110155,0,68.44058311499329,83.88958229348891,52.99158393649766
418,418,left,evaluation,1495,2.005646500037983,0,61.56117056313177,76.38134815123736,46.74099297502619
418,418,right,evaluation,1495,2.005646500037983,0,66.83705808971052,81.77834446764385,51.89577171177719
419,419,left,evaluation,1495,31.410376999929213,0,61.166299267292516,75.85191870684244,46.480679827742605
419,419,right,evaluation,1495,31.410376999929213,0,66.2687525245764,81.00027653016,51.53722851899282
420,420,left,evaluation,1496,14.827392500137648,1,58.38504667465107,72.22637604839592,44.543717300906216
420,420,right,evaluation,1496,14.827392500137648,1,56.86385488082398,68.8046645614344,44.923045200213586
421,421,left,evaluation,1500,0.7229430000279535,1,57.46893981927202,70.97436043293538,43.96351920560864
421,421,right,evaluation,1500,0.7229430000279535,1,54.78569498004403,66.13735873361044,43.43403122647763
422,422,left,evaluation,1503,6.399571999963882,1,56.22221496246662,69.37822552619414,43.06620439873914
422,422,right,evaluation,1503,6.399571999963882,1,52.38239984329696,63.00602337855639,41.758776308037525
423,423,left,evaluation,1504,25.567064000142636,0,55.345025500823944,68.28594860558084,42.404102396067046
423,423,right,evaluation,1504,25.567064000142636,0,50.99896720366866,61.21868955153879,40.77924485579853
424,424,left,evaluation,1505,3.9361319998079125,1,50.52890163589804,62.07195692617468,38.9858463456214
424,424,right,evaluation,1505,3.9361319998079125,1,46.72148214820241,55.660574618227656,37.78238967817717
425,425,left,evaluation,1511,0.18964199989568442,1,47.73657021454211,58.538448295339606,36.93469213374462
425,425,right,evaluation,1511,0.18964199989568442,1,43.89863662994061,52.058366270025374,35.73890698985584
426,426,left,evaluation,1516,2.146380000112913,1,44.687291160829176,54.57717596523484,34.79740635642352
426,426,right,evaluation,1516,2.146380000112913,1,41.24659545948253,48.66257833450773,33.830612584457334
427,427,left,evaluation,1519,3.6053660001016397,1,43.030898380223746,52.43196362204161,33.629833138405864
427,427,right,evaluation,1519,3.6053660001016397,1,40.14058208504194,47.29822598983686,32.98293818024702
428,428,left,evaluation,1520,15.866494999954739,1,41.707012122322524,50.745236631789155,32.668787612855894
428,428,right,evaluation,1520,15.866494999954739,1,39.495643851878675,46.54848963674708,32.44279806701026
429,429,left,evaluation,1521,1.4286109999375185,1,38.09965355010937,46.12122135682065,30.078085743398095
429,429,right,evaluation,1521,1.4286109999375185,1,36.776017846328514,43.25509344958712,30.296942243069918
430,430,left,evaluation,1526,3.3615355000620184,1,36.797161811941194,44.37288604659892,29.221437577283485
430,430,right,evaluation,1526,3.3615355000620184,1,35.51698773076593,41.70251604873922,29.331459412792658
431,431,left,evaluation,1530,1.8046800000774965,0,36.613860592935126,44.136193060015366,29.091528125854886
431,431,right,evaluation,1530,1.8046800000774965,0,35.1899189625151,41.46750710819079,28.912330816839425
432,432,left,evaluation,1534,8.532658500143953,0,36.80260717689242,44.451751529016725,29.15346282476812
432,432,right,evaluation,1534,8.532658500143953,0,34.980422014369864,41.44104274150548,28.51980128723424
433,433,left,evaluation,1535,8.004070999959367,1,37.86536184690884,45.8755078813368,29.855215812480868
433,433,right,evaluation,1535,8.004070999959367,1,35.36592496104168,42.369989330211375,28.36186059187198
434,434,left,evaluation,1538,5.548602000089886,1,41.197885999722835,50.15922716754259,32.23654483190308
434,434,right,evaluation,1538,5.548602000089886,1,37.67165616705398,45.778466637328584,29.56484569677938
435,435,left,evaluation,1543,0.8665010000186157,1,43.45410064275514,52.97719107722345,33.931010208286814
435,435,right,evaluation,1543,0.8665010000186157,1,39.61871054710828,48.46635683167832,30.77106426253822
436,436,left,evaluation,1546,15.97694599990973,1,45.739843300667566,56.000645031179225,35.4790415701559
436,436,right,evaluation,1546,15.97694599990973,1,41.305329926894174,50.78549641882447,31.825163434963883
437,437,left,evaluation,1547,20.758857000146236,0,46.56851882747255,56.924396299633656,36.212641355311455
437,437,right,evaluation,1547,20.758857000146236,0,42.23974821722214,51.989988899527575,32.48950753491671
438,438,left,evaluation,1549,1.0193549999257812,1,52.39773509312041,64.54002302741772,40.25544715882311
438,438,right,evaluation,1549,1.0193549999257812,1,46.69181747826517,57.98083099576333,35.40280396076703
439,439,left,evaluation,1556,2.913221499966312,1,55.96839029860321,69.11200343634559,42.824777160860826
439,439,right,evaluation,1556,2.913221499966312,1,49.475878463595265,61.5573788361762,37.394378091014325
440,440,left,evaluation,1562,4.236902999991798,1,58.90630973897826,72.82016100013084,44.992458477825664
440,440,right,evaluation,1562,4.236902999991798,1,51.69410122164736,64.31541814879583,39.0727842944989
441,441,left,evaluation,1565,11.869840000144904,1,61.17717580511294,75.78153881725069,46.5728127929752
441,441,right,evaluation,1565,11.869840000144904,1,54.005499111369126,67.30511594091631,40.70588228182193
442,442,left,evaluation,1566,17.666032000079213,0,62.732817581254935,77.75193427426748,47.7137008882424
442,442,right,evaluation,1566,17.666032000079213,0,55.56074625518856,69.25618154181718,41.865310968559946
443,443,left,evaluation,1567,5.128975499928856,0,67.2404721870906,83.57277060022834,50.90817377395289
443,443,right,evaluation,1567,5.128975499928856,0,60.84931923893138,76.12708837629606,45.5715501015667
444,444,left,evaluation,1573,1.0267159998420539,1,71.00644079176907,88.46016527616653,53.55271630737159
444,444,right,evaluation,1573,1.0267159998420539,1,65.11520802675552,81.60280303982181,48.62761301368923
445,445,left,evaluation,1578,3.6246810000193364,1,73.31639157686797,91.43565880667263,55.1971243470633
445,445,right,evaluation,1578,3.6246810000193364,1,68.37592942539484,85.79780444237261,50.95405440841709
446,446,left,evaluation,1579,24.12223700002869,0,74.32267213725598,92.67744340390942,55.96790087060252
446,446,right,evaluation,1579,24.12223700002869,0,70.07888128483934,87.9328525029861,52.2249100666926
447,447,left,evaluation,1580,3.1851844998982415,1,74.88641707828683,93.36482701529468,56.408007141278986
447,447,right,evaluation,1580,3.1851844998982415,1,71.86131949936333,90.22448546425866,53.49815353446802
448,448,left,evaluation,1582,3.096154000104434,1,76.78843427692163,95.75947535091929,57.81739320292395
448,448,right,evaluation,1582,3.096154000104434,1,77.89634794468705,98.09154647542464,57.70114941394947
449,449,left,evaluation,1588,2.288017500177375,1,78.19562627649081,97.55132953054652,58.83992302243511
449,449,right,evaluation,1588,2.288017500177375,1,80.77083229983774,101.80994839908719,59.7317162005883
450,450,left,evaluation,1589,16.542780999998286,1,80.20036688983097,100.1551500577751,60.24558372188684
450,450,right,evaluation,1589,16.542780999998286,1,83.5659140048792,105.34157830192456,61.790249707833866
451,451,left,evaluation,1591,6.522762000031435,1,81.15356899811098,101.37944841258263,60.927689583639356
451,451,right,evaluation,1591,6.522762000031435,1,85.18870625391011,107.42338254289002,62.9540299649302
452,452,left,evaluation,1592,10.036230999958207,1,81.85109776753136,102.22066959303822,61.48152594202452
452,452,right,evaluation,1592,10.036230999958207,1,85.94441510208586,108.38881293176897,63.50001727240273
453,453,left,evaluation,1595,5.208393499970043,1,85.71023934798913,107.19547147413807,64.22500722184022
453,453,right,evaluation,1595,5.208393499970043,1,90.1350876046165,113.79329484425855,66.47688036497445
454,454,left,evaluation,1597,0.8953120000114723,1,87.69366684739362,109.74194101516119,65.64539267962604
454,454,right,evaluation,1597,0.8953120000114723,1,92.38177041530224,116.60365284169112,68.15988798891338
455,455,left,evaluation,1600,0.8299460000671388,1,88.62195243816265,110.92072824213203,66.32317663419329
455,455,right,evaluation,1600,0.8299460000671388,1,93.9391335451727,118.53645144975067,69.34181564059472
456,456,left,evaluation,1603,20.88873100001365,0,89.81104339373401,112.46548143315167,67.15660535431633
456,456,right,evaluation,1603,20.88873100001365,0,95.75249727828803,120.85115254302953,70.65384201354655
457,457,left,evaluation,1604,3.9098719998946763,0,89.6504451035638,112.22256986343932,67.07832034368828
457,457,right,evaluation,1604,3.9098719998946763,0,96.28924077836905,121.51081270360969,71.06766885312842
458,458,left,evaluation,1606,2.1610080000300513,1,91.40205559084771,114.59581176787154,68.20829941382387
458,458,right,evaluation,1606,2.1610080000300513,1,98.7454678361536,124.71859572978966,72.7723399425175
459,459,left,evaluation,1612,2.2241704998577916,1,92.73081360336144,116.44046252453896,69.02116468218392
459,459,right,evaluation,1612,2.2241704998577916,1,100.27480532569845,126.80277046127348,73.74684019012341
460,460,left,evaluation,1617,3.682362000063222,0,93.37012193561861,117.36791691708854,69.37232695414872
460,460,right,evaluation,1617,3.682362000063222,0,101.03499856295024,127.87465503578073,74.19534209011974
461,461,left,evaluation,1617,29.70346699999027,0,92.39489778723154,116.20015587545622,68.58963969900687
461,461,right,evaluation,1617,29.70346699999027,0,99.58882228019992,126.17330200824556,73.00434255215427
462,462,left,evaluation,1618,15.20039000001816,1,91.34724185749998,114.93583727112693,67.75864644387302
462,462,right,evaluation,1618,15.20039000001816,1,98.4891479560974,124.94724215292372,72.03105375927107
463,463,left,evaluation,1621,5.316623499993511,1,90.77624100397452,114.24368544758102,67.30879656036798
463,463,right,evaluation,1621,5.316623499993511,1,97.9652542703626,124.60809439753021,71.322414143195
464,464,left,evaluation,1627,0.1837700001487974,1,86.74397063278874,109.08604608633694,64.40189517924058
464,464,right,evaluation,1627,0.1837700001487974,1,92.78006951629536,118.11133048720453,67.44880854538617
465,465,left,evaluation,1631,4.344381999999314,1,83.24949071727242,104.63475915309077,61.86422228145407
465,465,right,evaluation,1631,4.344381999999314,1,87.74279766619297,111.74237244363908,63.74322288874688
466,466,left,evaluation,1632,20.13099600003443,0,80.91467222629446,101.67977301068619,60.149571441902744
466,466,right,evaluation,1632,20.13099600003443,0,84.76451757862208,107.94268549983728,61.58634965740689
467,467,left,evaluation,1632,11.860202499974548,1,78.57965154195702,98.7889505089041,58.37035257500995
467,467,right,evaluation,1632,11.860202499974548,1,82.44907026498979,105.00639150482357,59.89174902515597
468,468,left,evaluation,1634,1.3156089999029064,1,70.17162983387826,87.80636056785178,52.536899099904744
468,468,right,evaluation,1634,1.3156089999029064,1,71.9045497816251,91.34661821801822,52.46248134523195
469,469,left,evaluation,1641,0.8613774998593726,1,64.48309665179218,80.33694032248896,48.62925298109542
469,469,right,evaluation,1641,0.8613774998593726,1,66.03972753264496,83.74234713275527,48.337107932534664
470,470,left,evaluation,1644,8.039099000143324,1,58.77725946418658,72.95275374938811,44.601765178985026
470,470,right,evaluation,1644,8.039099000143324,1,61.870525062447236,78.394534554265,45.34651557062948
471,471,left,evaluation,1645,27.46611599991411,0,56.36277496628601,69.78658069376107,42.93896923881097
471,471,right,evaluation,1645,27.46611599991411,0,59.012070231166376,74.78628853477866,43.23785192755408
472,472,left,evaluation,1646,1.7741519998253352,1,44.351252064465186,53.9777103819716,34.72479374695878
472,472,right,evaluation,1646,1.7741519998253352,1,51.62339658838863,65.09536567990763,38.15142749686964
473,473,left,evaluation,1650,1.9700875000125961,1,39.65471244285381,47.793945360736885,31.515479524970726
473,473,right,evaluation,1650,1.9700875000125961,1,46.649861027868404,58.638817411055605,34.66090464468118
474,474,left,evaluation,1658,1.950902999851678,0,33.96086813086896,40.31841335216727,27.603322909570643
474,474,right,evaluation,1658,1.950902999851678,0,40.168263960166776,50.189901834139235,30.146626086194317
475,475,left,evaluation,1662,0.17895499991027464,0,30.70338994702849,36.06146407745854,25.345315816598433
475,475,right,evaluation,1662,0.17895499991027464,0,36.04972666905475,44.822097747422575,27.27735559068693
476,476,left,evaluation,1663,18.5818110001037,1,29.741458073056663,34.814774778879446,24.668141367233883
476,476,right,evaluation,1663,18.5818110001037,1,34.436160584891596,42.729006144830365,26.14331502495283
477,477,left,evaluation,1665,6.041329000026963,1,28.231661248803494,32.86936426234683,23.593958235260157
477,477,right,evaluation,1665,6.041329000026963,1,27.96468955824373,33.98688652178627,21.942492594701193
478,478,left,evaluation,1667,2.170771499777402,1,27.65228573300862,32.13670946567933,23.167862000337912
478,478,right,evaluation,1667,2.170771499777402,1,26.167259745886195,31.112724504874638,21.22179498689775
479,479,left,evaluation,1674,3.3509219999814377,1,27.63630830195522,32.185473389982995,23.087143213927458
479,479,right,evaluation,1674,3.3509219999814377,1,27.02833093659101,31.880905026406356,22.175756846775652
480,480,left,evaluation,1674,30.524077500103886,0,27.645658391612137,32.24410855960075,23.04720822362353
480,480,right,evaluation,1674,30.524077500103886,0,26.77410336870331,31.464559458634888,22.08364727877174
481,481,left,evaluation,1675,19.253231999982745,0,28.532607898080677,33.52186079275622,23.54335500340514
481,481,right,evaluation,1675,19.253231999982745,0,30.87173135086166,36.52759786945041,25.215864832272906
482,482,left,evaluation,1677,2.473385000257622,0,30.546539923230757,36.30949144357469,24.78358840288682
482,482,right,evaluation,1677,2.473385000257622,0,36.063440944454214,43.14343245324132,28.983449435667087
483,483,left,evaluation,1683,2.0454749999316846,1,31.68741733090932,37.87688987923819,25.497944782580454
483,483,right,evaluation,1683,2.0454749999316846,1,37.67581595974518,45.14153789940091,30.21009402008944
484,484,left,evaluation,1687,3.1969039998784865,1,32.44973683319844,38.88685622810948,26.012617438287407
484,484,right,evaluation,1687,3.1969039998784865,1,39.10834585437997,46.93733942077496,31.279352287984988
485,485,left,evaluation,1690,10.271514000123716,1,33.44069785043784,40.22838524077705,26.653010460098642
485,485,right,evaluation,1690,10.271514000123716,1,41.42905419699578,49.815596715323366,33.04251167866819
486,486,left,evaluation,1691,36.98527350002223,0,34.31043931768973,41.30819518871731,27.312683446662128
486,486,right,evaluation,1691,36.98527350002223,0,42.60261407161482,51.22869163001119,33.97653651321846
487,487,left,evaluation,1691,3.851194999924701,0,35.16311816513395,42.4669573176321,27.859279012635806
487,487,right,evaluation,1691,3.851194999924701,0,43.62178042936274,52.396560660350644,34.84700019837482
488,488,left,evaluation,1695,1.2725604999559437,0,41.36713313167029,50.48478622271877,32.24948004062182
488,488,right,evaluation,1695,1.2725604999559437,0,49.760221348215836,60.15493029187039,39.36551240456129
489,489,left,evaluation,1702,0.2439249999497406,1,44.375359747908746,54.42428528679634,34.326434209021144
489,489,right,evaluation,1702,0.2439249999497406,1,53.51469205443457,64.8888119801798,42.14057212868933
490,490,left,evaluation,1705,9.566383999981554,1,46.991315950344884,57.778073582649085,36.20455831804069
490,490,right,evaluation,1705,9.566383999981554,1,57.02179979385984,69.33718979108107,44.706409796638596
491,491,left,evaluation,1706,5.133515999887095,1,48.27661159684622,59.41685733720219,37.13636585649026
491,491,right,evaluation,1706,5.133515999887095,1,58.70907515838089,71.49340376519152,45.924746551570244
492,492,left,evaluation,1707,23.97619900011705,0,53.83382741385865,66.6088256578852,41.05882916983209
492,492,right,evaluation,1707,23.97619900011705,0,66.09970420925745,80.95621268991938,51.243195728595495
493,493,left,evaluation,1708,4.5811890001914435,1,59.007079009701556,73.290874857192,44.723283162211125
493,493,right,evaluation,1708,4.5811890001914435,1,70.52172213514233,86.62996488326853,54.41347938701615
494,494,left,evaluation,1713,2.1755380000740843,1,65.06942369123782,81.19926124936603,48.939586133109614
494,494,right,evaluation,1713,2.1755380000740843,1,75.27008229421241,92.7583000840162,57.781864504408624
495,495,left,evaluation,1719,6.765319999885833,1,70.17720596887344,87.91055458184572,52.44385735590117
495,495,right,evaluation,1719,6.765319999885833,1,78.92675475858036,97.46526825849729,60.38824125866343
496,496,left,evaluation,1722,12.403975499864828,1,74.36333889544917,93.4006786579433,55.32599913295504
496,496,right,evaluation,1722,12.403975499864828,1,82.41303947254947,101.9107601307841,62.91531881431483
497,497,left,evaluation,1723,11.199354999916977,1,76.2390362840408,95.93770199970572,56.54037056837585
497,497,right,evaluation,1723,11.199354999916977,1,84.50289419224916,104.53091222309759,64.47487616140073
498,498,left,evaluation,1724,15.038410999977714,1,82.37884419387052,103.7465951880157,61.01109319972534
498,498,right,evaluation,1724,15.038410999977714,1,91.37762325673125,113.37785545165359,69.37739106180895
499,499,left,evaluation,1726,7.546065999804341,0,83.69489680773903,105.36895060101995,62.020843014458094
499,499,right,evaluation,1726,7.546065999804341,0,93.24456428438572,115.82749661123913,70.6616319575323
500,500,left,evaluation,1730,0.6962859999930515,0,84.07866628026379,105.72417885672633,62.433153703801295
500,500,right,evaluation,1730,0.6962859999930515,0,96.21925333424005,119.66089367611679,72.77761299236332
501,501,left,evaluation,1736,0.6465689998549351,1,83.97891942558866,105.3931993561946,62.56463949498269
501,501,right,evaluation,1736,0.6465689998549351,1,100.30363961331528,124.89567874899087,75.7116004776397
502,502,left,evaluation,1739,1.1589969999477034,1,84.35680204442038,105.73610969614026,62.977494392700486
502,502,right,evaluation,1739,1.1589969999477034,1,103.74296280399494,129.3173228868706,78.16860272111929
503,503,left,evaluation,1740,26.81102000019564,0,84.68963414934998,106.12100047540855,63.258267823291405
503,503,right,evaluation,1740,26.81102000019564,0,104.45013333443433,130.24954495333083,78.65072171553781
504,504,left,evaluation,1741,32.777832999954626,0,84.80000824542164,106.16864930104148,63.43136718980179
504,504,right,evaluation,1741,32.777832999954626,0,104.08059763016414,129.7450529788195,78.4161422815088
505,505,left,evaluation,1741,0.03674499998851388,1,84.73763370893758,106.03515538920416,63.440112028670946
505,505,right,evaluation,1741,0.03674499998851388,1,103.82574570137635,129.45734313008467,78.19414827266804
506,506,left,evaluation,1744,0.7489585002531385,1,84.97646730536394,106.45824730718307,63.49468730354482
506,506,right,evaluation,1744,0.7489585002531385,1,101.45284605644727,126.47890150440537,76.4267906084892
507,507,left,evaluation,1750,2.861581999923146,1,80.39850481046219,100.62504144316594,60.17196817775844
507,507,right,evaluation,1750,2.861581999923146,1,99.08582898257073,123.44102835121498,74.73062961392647
508,508,left,evaluation,1754,2.5235219998194225,1,74.99354478684717,93.62949796212177,56.35759161157254
508,508,right,evaluation,1754,2.5235219998194225,1,96.40199212899518,120.0656498746791,72.73833438331127
509,509,left,evaluation,1755,17.62589100007972,0,73.56076901664292,91.894207924104,55.22733010918186
509,509,right,evaluation,1755,17.62589100007972,0,94.63429717526408,117.82443546050601,71.44415889002212
510,510,left,evaluation,1755,14.529576499853647,0,72.87443582671104,90.95337356140749,54.795498092014576
510,510,right,evaluation,1755,14.529576499853647,0,93.12360038674859,115.93980124203708,70.30739953146009
511,511,left,evaluation,1757,0.3895800000464078,1,63.20545513343053,78.63415665992459,47.77675360693649
511,511,right,evaluation,1757,0.3895800000464078,1,88.26479170980133,109.67760932469977,66.85197409490286
512,512,left,evaluation,1762,1.6152344999227353,1,59.32280016467091,73.73704981607247,44.90855051326936
512,512,right,evaluation,1762,1.6152344999227353,1,85.86592041158028,106.50644630003235,65.22539452312823
513,513,left,evaluation,1767,3.1531590000213328,1,56.20332838017366,69.72419266757677,42.68246409277056
513,513,right,evaluation,1767,3.1531590000213328,1,81.41127085385912,100.68469405787698,62.137847649841305
514,514,left,evaluation,1768,27.787144999820157,0,54.94959811852112,68.04418135206383,41.85501488497841
514,514,right,evaluation,1768,27.787144999820157,0,78.98061167397627,97.45610825540948,60.5051150925431
515,515,left,evaluation,1769,13.156664000007368,0,53.78775970820775,66.52465361562966,41.05086580078584
515,515,right,evaluation,1769,13.156664000007368,0,77.1245742390957,94.99788373571386,59.25126474247755
516,516,left,evaluation,1770,2.5127134999820555,0,47.446702396874954,58.2310137771748,36.662391016575114
516,516,right,evaluation,1770,2.5127134999820555,0,63.35713919832184,77.25077405240354,49.46350434424012
517,517,left,evaluation,1775,2.7931930001159344,1,44.622296255129285,54.50389430962129,34.74069820063728
517,517,right,evaluation,1775,2.7931930001159344,1,52.71628431036595,63.578555660585224,41.854012960146676
518,518,left,evaluation,1780,0.7825165000667766,1,43.27058860148884,52.49154596712432,34.04963123585336
518,518,right,evaluation,1780,0.7825165000667766,1,48.028852850670674,57.575872971237814,38.48183273010355
519,519,left,evaluation,1783,20.806448000030286,0,42.508501268286956,51.44824947848955,33.56875305808435
519,519,right,evaluation,1783,20.806448000030286,0,44.58352773819307,53.185291885222966,35.981763591163194
520,520,left,evaluation,1784,35.7566529999076,0,42.39116310743074,51.132821310262976,33.64950490459851
520,520,right,evaluation,1784,35.7566529999076,0,44.182336138913676,52.667474379647714,35.69719789817965
521,521,left,evaluation,1784,3.1941019999521814,1,42.615681420029745,51.370801173018776,33.86056166704071
521,521,right,evaluation,1784,3.1941019999521814,1,44.567381697708875,53.151397914390145,35.983365481027604
522,522,left,evaluation,1788,1.737764499921468,1,42.55797878628719,52.08732384755026,33.0286337250241
522,522,right,evaluation,1788,1.737764499921468,1,36.58719036139762,43.403686250385384,29.770694472409843
523,523,left,evaluation,1794,3.5101440000744333,1,43.91859069866702,53.78965470430482,34.0475266930292
523,523,right,evaluation,1794,3.5101440000744333,1,36.73407622582303,43.64617316482326,29.821979286822813
524,524,left,evaluation,1797,6.090997500223239,1,45.28283808164973,55.333684920122195,35.231991243177255
524,524,right,evaluation,1797,6.090997500223239,1,37.483326116435784,44.82502611377988,30.1416261190917
525,525,left,evaluation,1798,29.23823299988726,0,46.465844401700764,56.6598483358085,36.27184046759303
525,525,right,evaluation,1798,29.23823299988726,0,38.65454790508912,46.44959118178245,30.859504628395786
526,526,left,evaluation,1799,2.954016499870704,1,48.27265094993378,59.01493805101664,37.53036384885092
526,526,right,evaluation,1799,2.954016499870704,1,41.95734885831658,50.986690000590634,32.92800771604252
527,527,left,evaluation,1805,0.7635209999534709,1,48.833974301002,59.71516028792073,37.95278831408328
527,527,right,evaluation,1805,0.7635209999534709,1,44.71466491136349,54.82835774226167,34.6009720804653
528,528,left,evaluation,1810,0.7565824998891912,1,49.48903115900619,60.58391673146745,38.39414558654493
528,528,right,evaluation,1810,0.7565824998891912,1,47.95383816340344,59.303441469148105,36.60423485765877
529,529,left,evaluation,1812,5.695779000006951,1,49.7507917021322,60.89856033993957,38.60302306432483
529,529,right,evaluation,1812,5.695779000006951,1,49.13068303001348,60.90945915106138,37.351906908965574
530,530,left,evaluation,1812,27.24130450019402,0,49.19123369647936,60.13623818164696,38.24622921131174
530,530,right,evaluation,1812,27.24130450019402,0,48.98926388255615,60.66140697801624,37.31712078709607
531,531,left,evaluation,1813,4.549130999976114,1,48.71593300224471,59.581659909525285,37.85020609496415
531,531,right,evaluation,1813,4.549130999976114,1,52.67470327887462,65.84842523217993,39.50098132556933
532,532,left,evaluation,1814,0.5861485001332767,1,47.89512530280969,58.55309046649336,37.237160139126026
532,532,right,evaluation,1814,0.5861485001332767,1,53.618447993825875,67.11045234606944,40.12644364158231
533,533,left,evaluation,1821,2.8225010000824113,1,47.71779479038146,58.38822828570237,37.04736129506055
533,533,right,evaluation,1821,2.8225010000824113,1,53.43059711620623,66.90449865962913,39.956695572783325
534,534,left,evaluation,1827,1.005115999987538,1,47.52328068327678,58.16349686144416,36.88306450510938
534,534,right,evaluation,1827,1.005115999987538,1,52.737540736291294,65.95159206360401,39.52348940897856
535,535,left,evaluation,1829,21.827986000062083,0,47.376811237158094,57.989727761054894,36.7638947132613
535,535,right,evaluation,1829,21.827986000062083,0,52.32085631075186,65.39980264583252,39.24190997567119
536,536,left,evaluation,1830,18.199378999952387,1,46.936573659959166,57.50079694346814,36.37235037645019
536,536,right,evaluation,1830,18.199378999952387,1,52.010882703213404,65.01822125891218,39.00354414751463
537,537,left,evaluation,1831,7.161071999917112,1,46.45115320713613,56.73280141521743,36.16950499905484
537,537,right,evaluation,1831,7.161071999917112,1,52.63450569288297,65.77816807210179,39.49084331366413
538,538,left,evaluation,1835,0.8357320000413893,1,46.8105907776267,57.330133140176414,36.291048415076986
538,538,right,evaluation,1835,0.8357320000413893,1,53.070772282743164,66.46371675180883,39.677827813677524
539,539,left,evaluation,1841,2.767458999869632,1,47.233200677764906,57.98779357639522,36.47860777913458
539,539,right,evaluation,1841,2.767458999869632,1,53.398076009394046,66.871134710717,39.9250173080711
540,540,left,evaluation,1842,8.095188499964934,1,47.40109932493971,58.35643711276875,36.44576153711066
540,540,right,evaluation,1842,8.095188499964934,1,53.74663353255281,67.41096892840636,40.08229813669925
541,541,left,evaluation,1843,11.720194000190531,1,47.613884241778386,58.819668234225425,36.408100249331355
541,541,right,evaluation,1843,11.720194000190531,1,54.35372145704444,68.43402022486957,40.273422689219345
542,542,left,evaluation,1844,0.038036999740143074,1,48.0125096024946,59.58505185223936,36.439967352749846
542,542,right,evaluation,1844,0.038036999740143074,1,54.66480170803099,68.99481878503414,40.334784631027844
543,543,left,evaluation,1848,0.8223309998811601,1,48.62056231507189,60.40631458293925,36.83481004720451
543,543,right,evaluation,1848,0.8223309998811601,1,55.079551639988175,69.77467977309433,40.384423506882
544,544,left,evaluation,1852,0.9666589999142161,1,48.76018163629792,60.8163022236442,36.70406104895163
544,544,right,evaluation,1852,0.9666589999142161,1,55.973002914583404,71.26126720649002,40.684738622676775
545,545,left,evaluation,1854,21.446990999947957,0,48.75500599893009,60.932485842141446,36.57752615571873
545,545,right,evaluation,1854,21.446990999947957,0,56.6867367961555,72.47212668757098,40.901346904740045
546,546,left,evaluation,1855,7.589610499962873,0,49.264174747887495,61.89668925745677,36.63166023831822
546,546,right,evaluation,1855,7.589610499962873,0,57.604591379975055,73.97712562625108,41.23205713369903
547,547,left,evaluation,1860,1.3493799999650946,1,49.48631547990607,62.41198996808332,36.56064099172882
547,547,right,evaluation,1860,1.3493799999650946,1,58.427137069364676,75.50709995695071,41.347174181778634
548,548,left,evaluation,1866,1.8912645000455086,1,49.847911611575185,63.153097054060275,36.542726169090095
548,548,right,evaluation,1866,1.8912645000455086,1,59.55579990867854,77.46550549041612,41.64609432694094
549,549,left,evaluation,1869,14.684235000004264,0,50.00079182621527,63.59552342893519,36.406060223495366
549,549,right,evaluation,1869,14.684235000004264,0,60.740766624539766,79.45499637385446,42.026536875225084
550,550,left,evaluation,1870,49.07482299995536,0,50.459388581371556,64.49314359040594,36.42563357233719
550,550,right,evaluation,1870,49.07482299995536,0,62.04534843499649,81.48819925348889,42.60249761650411
551,551,left,evaluation,1870,13.866799999959767,1,51.135408605412266,65.67489492954626,36.59592228127828
551,551,right,evaluation,1870,13.866799999959767,1,63.38795702246775,83.60622326823616,43.16969077669935
552,552,left,evaluation,1873,1.2122574999011704,1,51.805784466480475,66.87170428083412,36.73986465212681
552,552,right,evaluation,1873,1.2122574999011704,1,64.65977302423869,86.04773948662935,43.27180656184805
553,553,left,evaluation,1879,0.873369999908391,1,52.65428657864728,68.29202887326436,37.016544284030225
553,553,right,evaluation,1879,0.873369999908391,1,66.41674750865712,88.91986211838656,43.91363289892768
554,554,left,evaluation,1884,1.8119695000677893,1,53.951684304546745,70.41129889973193,37.492069709361544
554,554,right,evaluation,1884,1.8119695000677893,1,68.90900838246742,92.8611292732787,44.9568874916561
555,555,left,evaluation,1884,30.965202000061254,0,55.05723439607577,72.20368888310122,37.91077990905035
555,555,right,evaluation,1884,30.965202000061254,0,71.07826326424367,96.05939020736244,46.09713632112489
556,556,left,evaluation,1885,1.352367499976026,1,56.13648013127096,73.98566393876068,38.28729632378123
556,556,right,evaluation,1885,1.352367499976026,1,72.60261145950409,98.43424370640045,46.77097921260771
557,557,left,evaluation,1888,3.3305770000424673,1,56.63632344437771,74.98219011849505,38.29045677026036
557,557,right,evaluation,1888,3.3305770000424673,1,74.17433155456241,101.17457147215552,47.174091636969294
558,558,left,evaluation,1895,0.6388424999386189,1,56.86367049565414,75.61190730423667,38.115433687071615
558,558,right,evaluation,1895,0.6388424999386189,1,74.82006894584715,102.39666328092177,47.24347461077251
559,559,left,evaluation,1898,7.86268799993195,0,57.37010939787145,76.62196997874656,38.11824881699635
559,559,right,evaluation,1898,7.86268799993195,0,75.7310324630381,103.89981288547862,47.56225204059758
560,560,left,evaluation,1899,28.67184749993612,0,57.85752782734147,77.58389763190779,38.13115802277514
560,560,right,evaluation,1899,28.67184749993612,0,76.5760368205298,105.24962983715561,47.90244380390397
561,561,left,evaluation,1899,4.679921000160903,1,58.20322927693216,78.17729323475434,38.229165319109995
561,561,right,evaluation,1899,4.679921000160903,1,77.11786219116736,106.0489101431888,48.18681423914591
562,562,left,evaluation,1904,0.5956595002771792,1,58.6165990205108,79.25227227942378,37.9809257615978
562,562,right,evaluation,1904,0.5956595002771792,1,78.58635940874237,108.77109760641846,48.40162121106626
563,563,left,evaluation,1911,1.2229680000928056,1,58.079517147520086,78.62068131732988,37.53835297771029
563,563,right,evaluation,1911,1.2229680000928056,1,79.1786887339132,109.65814864067656,48.69922882714984
564,564,left,evaluation,1915,6.013935000055426,1,57.69211187610627,78.12384602701349,37.26037772519906
564,564,right,evaluation,1915,6.013935000055426,1,79.71189282980156,110.43805264583727,48.985733013765845
565,565,left,evaluation,1915,39.45932399983576,0,57.49459193340944,77.94065671006669,37.0485271567522
565,565,right,evaluation,1915,39.45932399983576,0,80.21200548874711,111.11760018878206,49.306410788712164
566,566,left,evaluation,1916,10.02292800012583,0,57.83742128145057,78.53601453771412,37.13882802518699
566,566,right,evaluation,1916,10.02292800012583,0,80.74776382640648,111.93184569002426,49.56368196278869
567,567,left,evaluation,1919,3.05351400015752,1,58.356290907174944,79.5518707638737,37.160711050476195
567,567,right,evaluation,1919,3.05351400015752,1,81.95394365330654,113.77418295591674,50.13370435069635
568,568,left,evaluation,1926,2.4905585000851715,1,58.50889945069397,80.03427527822993,36.983523623158014
568,568,right,evaluation,1926,2.4905585000851715,1,82.7369226559196,114.90928566191731,50.56455964992193
569,569,left,evaluation,1930,0.19501600013427378,1,58.696074562159446,80.40767431820012,36.98447480611877
569,569,right,evaluation,1930,0.19501600013427378,1,83.672991868883,116.28116737269303,51.064816365072964
570,570,left,evaluation,1930,33.61035350008024,0,59.20522441479416,81.39262148610851,37.01782734347978
570,570,right,evaluation,1930,33.61035350008024,0,84.25384840798918,117.0773632664027,51.43033354957563
571,571,left,evaluation,1931,22.62754399998812,0,59.515952882720796,81.9553431130589,37.07656265238268
571,571,right,evaluation,1931,22.62754399998812,0,84.75802493781919,117.80211162970075,51.71393824593763
572,572,left,evaluation,1932,4.082923499936442,1,59.52042550409747,82.10190894938233,36.93894205881259
572,572,right,evaluation,1932,4.082923499936442,1,85.34666262240282,118.62921292692415,52.064112317881495
573,573,left,evaluation,1938,1.530006000166395,1,59.500608230342536,82.28672823043341,36.71448823025165
573,573,right,evaluation,1938,1.530006000166395,1,85.76656967953711,119.17686205575697,52.356277303317256
574,574,left,evaluation,1942,3.0203169999367674,1,59.529652009860456,82.44516463029196,36.61413938942898
574,574,right,evaluation,1942,3.0203169999367674,1,86.17476805034592,119.77063505357171,52.57890104712011
575,575,left,evaluation,1944,4.470035999929678,0,59.840518232622664,83.06454421025435,36.61649225499097
575,575,right,evaluation,1944,4.470035999929678,0,86.29449590677892,120.06454829394902,52.524443519608816
576,576,left,evaluation,1945,37.50698600015312,0,59.86523377461134,83.1734669484094,36.55700060081329
576,576,right,evaluation,1945,37.50698600015312,0,86.03117289728114,119.78789099312868,52.274454801433556
577,577,left,evaluation,1945,4.07447200018396,1,59.9967192017143,83.37408581952056,36.61935258390804
577,577,right,evaluation,1945,4.07447200018396,1,85.87435278053167,119.59141464379543,52.15729091726793
578,578,left,evaluation,1949,1.3351175000479998,1,60.238447368055446,83.87031203599761,36.60658270011328
578,578,right,evaluation,1949,1.3351175000479998,1,86.07472376626667,119.84483874039181,52.304608792141515
579,579,left,evaluation,1955,5.104647000052864,1,60.27114970939398,83.98210554754161,36.56019387124633
579,579,right,evaluation,1955,5.104647000052864,1,86.04504140957755,119.77793780278384,52.31214501637127
580,580,left,evaluation,1959,4.567517000168664,1,60.121136335563506,83.80113359816511,36.44113907296189
580,580,right,evaluation,1959,4.567517000168664,1,85.58882086966433,119.15581760334335,52.02182413598531
581,581,left,evaluation,1960,4.379399999834277,0,59.740459559302316,83.14834545957441,36.33257365903026
581,581,right,evaluation,1960,4.379399999834277,0,84.75123704925814,117.9432840164502,51.55919008206604
582,582,left,evaluation,1961,10.254871500137597,0,59.270763867943984,82.33057045804196,36.21095727784599
582,582,right,evaluation,1961,10.254871500137597,0,83.66287640095697,116.37258273407613,50.95317006783783
583,583,left,evaluation,1964,0.22027699992577254,1,58.1692315228036,80.50030195300053,35.83816109260669
583,583,right,evaluation,1964,0.22027699992577254,1,82.86523886557639,115.12720688976108,50.603270841391684
584,584,left,evaluation,1970,1.6144454998539004,1,56.742277331237254,77.94275674494963,35.54179791752487
584,584,right,evaluation,1970,1.6144454998539004,1,81.87370276243954,113.62365693409212,50.12374859078694
585,585,left,evaluation,1974,0.5559859998811589,1,55.26446223230543,75.36171354085829,35.16721092375258
585,585,right,evaluation,1974,0.5559859998811589,1,80.54323649449316,111.52271969468993,49.56375329429639
586,586,left,evaluation,1975,23.31623200007016,0,53.79148027367999,72.82528694057297,34.75767360678704
586,586,right,evaluation,1975,23.31623200007016,0,79.41249172737898,109.7112913994957,49.11369205526225
587,587,left,evaluation,1976,19.107013999928313,0,52.326737002461655,70.26421785579902,34.38925614912427
587,587,right,evaluation,1976,19.107013999928313,0,78.506695739542,108.32797304185692,48.685418437227085
588,588,left,evaluation,1976,14.3240084998979,0,51.09654732775564,68.11903557922167,34.0740590762896
588,588,right,evaluation,1976,14.3240084998979,0,77.3574248454601,106.60736406625699,48.1074856246632
589,589,left,evaluation,1978,3.246599000021888,1,48.915125379261156,64.21395414669004,33.61629661183227
589,589,right,evaluation,1978,3.246599000021888,1,75.33418728242245,103.20031765126005,47.468056913584846
590,590,left,evaluation,1986,2.6581849999729457,1,46.48914104256578,59.79375030918557,33.184531775946
590,590,right,evaluation,1986,2.6581849999729457,1,73.82888823649085,100.68535909122446,46.97241738175727
591,591,left,evaluation,1992,4.966104000004634,1,44.702171147641465,56.527365403393404,32.87697689188953
591,591,right,evaluation,1992,4.966104000004634,1,72.49788878679058,98.33288460707445,46.6628929665067
592,592,left,evaluation,1994,11.789892999786389,1,43.01877554566696,53.54083711080159,32.49671398053233
592,592,right,evaluation,1994,11.789892999786389,1,71.1489321276302,95.93722450349269,46.360639751767714
593,593,left,evaluation,1995,16.105080999977872,0,42.13418233324432,51.92321463159666,32.345150034891994
593,593,right,evaluation,1995,16.105080999977872,0,70.32022994003795,94.45803225281512,46.18242762726078
594,594,left,evaluation,1996,4.86890700017284,0,40.854001018748185,49.38891077353103,32.31909126396534
594,594,right,evaluation,1996,4.86890700017284,0,69.2529682097009,92.42535858020005,46.08057783920176
595,595,left,evaluation,2000,2.4809650001316186,1,39.14977446793428,46.148180165280735,32.151368770587816
595,595,right,evaluation,2000,2.4809650001316186,1,67.80765438291738,89.8662609063493,45.74904785948547
596,596,left,evaluation,2007,3.43916400015587,1,38.42039844401212,44.52041459264407,32.320382295380156
596,596,right,evaluation,2007,3.43916400015587,1,66.76791993867943,87.97001238086575,45.56582749649307
597,597,left,evaluation,2011,6.498703000033856,1,37.78999184907358,43.28083723545228,32.29914646269488
597,597,right,evaluation,2011,6.498703000033856,1,65.47822397108833,85.76707517563582,45.18937276654081
598,598,left,evaluation,2012,18.417680000084147,1,36.81853219422503,41.575192071144976,32.06187231730508
598,598,right,evaluation,2012,18.417680000084147,1,64.28065602033773,83.830393483257,44.73091855741846
599,599,left,evaluation,2013,8.813163000013446,1,36.178511294555406,40.42036789306152,31.936654696049295
599,599,right,evaluation,2013,8.813163000013446,1,63.141037903528705,81.8529833853855,44.42909242167194
600,600,left,evaluation,2014,2.0566910000070493,1,35.471117390197705,39.14903979436998,31.793194986025423
600,600,right,evaluation,2014,2.0566910000070493,1,61.51284486107568,79.07468679889033,43.951002923261015
601,601,left,evaluation,2021,4.1537179999977525,1,35.043193536943406,38.36478975780313,31.7215973160837
601,601,right,evaluation,2021,4.1537179999977525,1,60.07926421865519,76.63837374640899,43.5201546909014
602,602,left,evaluation,2026,3.831619499806038,1,35.12921338080154,38.48769876590229,31.770727995700792
602,602,right,evaluation,2026,3.831619499806038,1,59.01921474841936,74.77007444591003,43.2683550509287
603,603,left,evaluation,2027,18.55442199985191,1,35.00741480817399,38.33938365204912,31.67544596429886
603,603,right,evaluation,2027,18.55442199985191,1,57.30970209080631,72.0326463970516,42.58675778456103
604,604,left,evaluation,2028,2.218287000005148,1,35.278473661047855,38.84481078818161,31.712136533914112
604,604,right,evaluation,2028,2.218287000005148,1,56.46263667639907,70.58480600588861,42.34046734690955
605,605,left,evaluation,2033,0.017939999906957382,1,35.86371193647521,39.9257710669428,31.80165280600761
605,605,right,evaluation,2033,0.017939999906957382,1,55.72950115305271,69.3373021682815,42.121700137823915
606,606,left,evaluation,2039,2.15205400013474,1,36.08332261416541,40.45756610221485,31.70907912611596
606,606,right,evaluation,2039,2.15205400013474,1,54.998497840624374,68.1375237116459,41.85947196960287
607,607,left,evaluation,2042,12.519307000047775,0,36.72908398266749,41.84622427810575,31.61194368722921
607,607,right,evaluation,2042,12.519307000047775,0,53.01178209119954,65.11919709027488,40.9043670921242
608,608,left,evaluation,2043,4.251884666700789,0,37.1268039599625,42.64703238558276,31.606575534342227
608,608,right,evaluation,2043,4.251884666700789,0,52.15870469020941,63.82898219879716,40.48842718162167
609,609,left,evaluation,2046,2.2667726666441013,1,37.55714957355421,43.62429025215805,31.49000889495041
609,609,right,evaluation,2046,2.2667726666441013,1,51.14143446138741,62.265400414580995,40.017468508193815
610,610,left,evaluation,2053,0.865456000155973,1,37.86597077959379,44.358022936758296,31.373918622429294
610,610,right,evaluation,2053,0.865456000155973,1,50.45859883002089,61.24922086668822,39.667976793353546
611,611,left,evaluation,2058,1.552809500026342,1,38.49842387865949,45.71161182426782,31.285235933051155
611,611,right,evaluation,2058,1.552809500026342,1,49.827109876191685,60.35930284115794,39.29491691122542
612,612,left,evaluation,2060,22.414326999978584,0,39.2136320226753,47.0771811648904,31.35008288046019
612,612,right,evaluation,2060,22.414326999978584,0,49.12938068273318,59.43444065810951,38.82432070735683
613,613,left,evaluation,2061,3.061605499851794,1,39.51005859981673,47.789673101306526,31.230444098326934
613,613,right,evaluation,2061,3.061605499851794,1,48.27489465930835,58.30446732714593,38.24532199147079
614,614,left,evaluation,2062,6.449062000001504,1,40.07103600976625,48.924950896286205,31.217121123246294
614,614,right,evaluation,2062,6.449062000001504,1,48.55645825933593,58.890199434901454,38.222717083770405
615,615,left,evaluation,2066,1.736342500180399,1,40.609764146688505,49.843104543321125,31.376423750055885
615,615,right,evaluation,2066,1.736342500180399,1,48.33266573325332,58.636766895380575,38.02856457112607
616,616,left,evaluation,2073,1.152652999962811,1,41.24362354994551,51.02116044358152,31.466086656309482
616,616,right,evaluation,2073,1.152652999962811,1,48.3297442018674,58.87333556011072,37.78615284362409
617,617,left,evaluation,2077,3.378527499990014,1,41.96080733744685,52.22943494839372,31.692179726499994
617,617,right,evaluation,2077,3.378527499990014,1,48.904535190708984,59.87818908844467,37.9308812929733
618,618,left,evaluation,2078,24.733299999979863,0,42.327979120771985,52.91058366472642,31.74537457681756
618,618,right,evaluation,2078,24.733299999979863,0,48.993202281816224,60.15281874355553,37.83358582007692
619,619,left,evaluation,2079,24.65913649984941,0,42.495193693667105,53.22875025092312,31.7616371364111
619,619,right,evaluation,2079,24.65913649984941,0,49.32177208553977,60.735982252653116,37.90756191842642
620,620,left,evaluation,2080,4.121484000052078,1,42.99326613027065,53.91229759666135,32.07423466387995
620,620,right,evaluation,2080,4.121484000052078,1,50.14818724397859,61.907071547632746,38.389302940324434
621,621,left,evaluation,2086,0.8064880000802077,1,43.46730102511309,54.6296283602479,32.304973689978276
621,621,right,evaluation,2086,0.8064880000802077,1,50.42500062681374,62.38603969657711,38.46396155705037
622,622,left,evaluation,2091,7.224510000014561,1,43.65491501527877,54.865848501217634,32.443981529339915
622,622,right,evaluation,2091,7.224510000014561,1,50.46081795113473,62.37816201789896,38.54347388437052
623,623,left,evaluation,2095,5.932963000077507,1,43.74067855974488,54.97797933113104,32.50337778835872
623,623,right,evaluation,2095,5.932963000077507,1,50.67156589004662,62.679262342135964,38.66386943795728
624,624,left,evaluation,2096,16.685961999883148,0,43.98232886186977,55.30162714182025,32.6630305819193
624,624,right,evaluation,2096,16.685961999883148,0,50.61944789411275,62.66141306142504,38.57748272680046
625,625,left,evaluation,2097,6.145948000039425,0,44.09076652186555,55.34189074333447,32.83964230039661
625,625,right,evaluation,2097,6.145948000039425,0,50.86396069503322,62.8848392500755,38.84308213999095
626,626,left,evaluation,2100,1.5461860000414163,1,44.193965136475164,55.39282126631218,32.995109006638145
626,626,right,evaluation,2100,1.5461860000414163,1,50.900409194522766,62.887682149047365,38.91313623999817
627,627,left,evaluation,2107,3.6587395002243284,1,44.10585300428877,55.114841860420405,33.096864148157145
627,627,right,evaluation,2107,3.6587395002243284,1,51.10210368612353,63.065390547312575,39.138816824934494
628,628,left,evaluation,2111,4.959541000062018,1,43.71798068230055,54.32705886924083,33.10890249536026
628,628,right,evaluation,2111,4.959541000062018,1,51.29374333793494,63.231386669489964,39.35610000637992
629,629,left,evaluation,2112,16.45914149980854,1,43.46490882503666,53.8056354898168,33.124182160256524
629,629,right,evaluation,2112,16.45914149980854,1,51.6879061738717,63.65460906928472,39.7212032784587
630,630,left,evaluation,2112,17.42609000007178,0,43.40097979133729,53.63524397024514,33.166715612429435
630,630,right,evaluation,2112,17.42609000007178,0,52.20722487918191,64.32303334945797,40.09141640890585
631,631,left,evaluation,2115,5.4567204999784735,0,43.77248046364703,53.882087353937116,33.66287357335695
631,631,right,evaluation,2115,5.4567204999784735,0,53.06118969007042,65.46996734419326,40.65241203594759
632,632,left,evaluation,2121,0.0896779999948194,1,43.92442115057389,54.08033080488199,33.768511496265795
632,632,right,evaluation,2121,0.0896779999948194,1,53.556287525609534,66.1572083127938,40.95536673842527
633,633,left,evaluation,2126,7.438209999918399,1,43.93499808741517,54.005752655764546,33.864243519065774
633,633,right,evaluation,2126,7.438209999918399,1,53.93284733403141,66.74000522655015,41.12568944151265
634,634,left,evaluation,2128,12.85115699988637,1,43.84558007806007,53.93236507409434,33.75879508202579
634,634,right,evaluation,2128,12.85115699988637,1,54.49025241393703,67.66493730178624,41.31556752608781
635,635,left,evaluation,2129,14.380039999878136,1,43.97266386457344,54.131068341041455,33.81425938810543
635,635,right,evaluation,2129,14.380039999878136,1,55.119668766501306,68.63913459018548,41.600202942817134
636,636,left,evaluation,2131,6.183922999980496,1,43.66268187920899,53.89715104826905,33.42821271014891
636,636,right,evaluation,2131,6.183922999980496,1,56.17522551865976,70.4193238944419,41.93112714287763
637,637,left,evaluation,2134,0.9272135000628623,1,44.078023009707145,54.687366747314215,33.46867927210006
637,637,right,evaluation,2134,0.9272135000628623,1,56.885379222505,71.66198292693089,42.10877551807913
638,638,left,evaluation,2141,2.134274999889385,1,44.57489444622215,55.61526851333563,33.53452037910868
638,638,right,evaluation,2141,2.134274999889385,1,57.22345174841247,72.33868198030476,42.108221516520175
639,639,left,evaluation,2144,2.7123820000269916,1,45.21434069061447,56.72432049476411,33.704360886464826
639,639,right,evaluation,2144,2.7123820000269916,1,57.61093890648972,73.04297889150573,42.17889892147372
640,640,left,evaluation,2144,36.43335400010983,0,45.65160073419686,57.49096259494549,33.812238873448216
640,640,right,evaluation,2144,36.43335400010983,0,58.12715531996522,73.93848327116572,42.31582736876469
641,641,left,evaluation,2145,12.787324500095565,0,46.0003522944144,58.15355359021673,33.84715099861205
641,641,right,evaluation,2145,12.787324500095565,0,58.20583347921047,74.12154517675276,42.29012178166818
642,642,left,evaluation,2148,1.5208680001705943,1,46.73061224157247,59.457874608863406,34.00334987428154
642,642,right,evaluation,2148,1.5208680001705943,1,58.418352898166304,74.71093352602153,42.125772270311046
643,643,left,evaluation,2156,3.0721275002179027,1,47.42393940017047,60.66930534525049,34.17857345509044
643,643,right,evaluation,2156,3.0721275002179027,1,58.7925129390034,75.44111519605552,42.14391068195129
644,644,left,evaluation,2158,4.790499999899112,1,48.155464153037556,62.02275100904383,34.2881772970313
644,644,right,evaluation,2158,4.790499999899112,1,59.46647389027703,76.71249422224324,42.22045355831084
645,645,left,evaluation,2159,21.69474699985585,0,48.57663250610414,62.82387260456659,34.329392407641684
645,645,right,evaluation,2159,21.69474699985585,0,60.10166417330377,77.77540391152465,42.4279244350829
646,646,left,evaluation,2160,26.881128000013632,0,48.97071416003566,63.53354398588802,34.4078843341833
646,646,right,evaluation,2160,26.881128000013632,0,60.526552266038,78.5037856339575,42.54931889811851
647,647,left,evaluation,2161,2.517030499802786,0,49.698310449941,64.86041966755256,34.53620123232945
647,647,right,evaluation,2161,2.517030499802786,0,61.11174674260978,79.5785502384197,42.64494324679989
648,648,left,evaluation,2166,0.5913800000598712,1,50.12334387004254,65.75181926838054,34.49486847170454
648,648,right,evaluation,2166,0.5913800000598712,1,61.874707817843465,80.81047552988896,42.938940105797975
649,649,left,evaluation,2171,2.284717500060651,1,50.20811095797075,66.03262291651153,34.383598999429985
649,649,right,evaluation,2171,2.284717500060651,1,62.30196834231725,81.599325666588,43.0046110180465
650,650,left,evaluation,2172,20.888654999907885,0,50.29553276139986,66.2454256878103,34.34563983498944
650,650,right,evaluation,2172,20.888654999907885,0,62.72693917503523,82.32773546454061,43.12614288552985
651,651,left,evaluation,2173,22.033400000054826,0,50.35577498509691,66.46231075623326,34.249239213960564
651,651,right,evaluation,2173,22.033400000054826,0,63.051114694514716,82.92426278774113,43.177966601288304
652,652,left,evaluation,2174,13.975321999851076,1,50.23352632063766,66.40200027232126,34.06505236895405
652,652,right,evaluation,2174,13.975321999851076,1,63.556409241292975,83.79412344843931,43.31869503414664
653,653,left,evaluation,2177,1.314442499733559,1,50.24634995529031,66.54400972591696,33.948690184663675
653,653,right,evaluation,2177,1.314442499733559,1,63.724636223160914,84.1238665547078,43.325405891614025
654,654,left,evaluation,2183,2.5945260001662973,0,50.322020729649765,66.73231689509537,33.91172456420414
654,654,right,evaluation,2183,2.5945260001662973,0,63.44720335112053,83.78101376098122,43.113392941259825
655,655,left,evaluation,2188,2.603005999844754,0,50.46404583603872,67.04354383362154,33.884547838455894
655,655,right,evaluation,2188,2.603005999844754,0,63.23908982492689,83.51960086781442,42.958578782039375
656,656,left,evaluation,2189,12.101793000056205,0,50.58635230610399,67.29292172875289,33.87978288345509
656,656,right,evaluation,2189,12.101793000056205,0,63.38842105625408,83.74108032822772,43.03576178428044
657,657,left,evaluation,2190,17.48112150016823,0,50.73936727146133,67.66018194881016,33.818552594112504
657,657,right,evaluation,2190,17.48112150016823,0,63.31074422981614,83.71518249087764,42.906305968754644
658,658,left,evaluation,2193,3.15917900002205,1,50.705711002507414,67.68932075431889,33.722101250695935
658,658,right,evaluation,2193,3.15917900002205,1,63.52787623448221,84.01505523277878,43.04069723618564
659,659,left,evaluation,2197,14.692656500074008,1,50.55365328840337,67.54443595608589,33.56287062072086
659,659,right,evaluation,2197,14.692656500074008,1,63.64790018055525,84.23062453473435,43.06517582637612
660,660,left,evaluation,2198,6.478726000068491,1,50.347768390892085,67.31494399395146,33.38059278783272
660,660,right,evaluation,2198,6.478726000068491,1,63.681879024044534,84.32071106702679,43.04304698106226
661,661,left,evaluation,2198,27.445320999959222,0,50.55750802730752,67.63654347599304,33.47847257862199
661,661,right,evaluation,2198,27.445320999959222,0,64.07189035006891,84.87044532731957,43.27333537281826
662,662,left,evaluation,2199,3.4301799998956994,1,50.49809193532312,67.52847532505398,33.46770854559226
662,662,right,evaluation,2199,3.4301799998956994,1,64.09475560596454,84.86503070206007,43.32448050986902
663,663,left,evaluation,2202,0.40445799982080644,1,49.891919288232245,66.75342414203193,33.03041443443256
663,663,right,evaluation,2202,0.40445799982080644,1,63.862224294035435,84.61620482117794,43.108243766892926
664,664,left,evaluation,2206,14.725584999951025,1,49.95674146593545,66.87512738743632,33.03835554443456
664,664,right,evaluation,2206,14.725584999951025,1,63.85128010940476,84.62337586472799,43.07918435408155
665,665,left,evaluation,2209,5.951729000116757,1,49.582313750659885,66.36765808674284,32.79696941457695
665,665,right,evaluation,2209,5.951729000116757,1,64.14730889172355,84.96247053536152,43.332147248085604
666,666,left,evaluation,2210,39.31172600005084,0,49.4541367574182,66.16369072867266,32.744582786163754
666,666,right,evaluation,2210,39.31172600005084,0,64.47839226360098,85.34669451453775,43.610090012664216
667,667,left,evaluation,2210,6.241392500214715,1,49.32842072810388,65.99528779102758,32.66155366518017
667,667,right,evaluation,2210,6.241392500214715,1,64.80763306094177,85.72092362348174,43.894342498401826
668,668,left,evaluation,2215,0.6377759998485999,1,48.89985998409285,65.3807446983458,32.418975269839905
668,668,right,evaluation,2215,0.6377759998485999,1,64.87016008100456,85.76390267528048,43.976417486728664
669,669,left,evaluation,2221,0.16056150002441427,1,48.52920238078269,64.76030679705424,32.29809796451114
669,669,right,evaluation,2221,0.16056150002441427,1,65.21184979173088,86.16055381675285,44.263145766708895
670,670,left,evaluation,2223,23.726798000097915,0,48.13608537066886,64.15878503556084,32.11338570577688
670,670,right,evaluation,2223,23.726798000097915,0,65.28026009962268,86.2581792070704,44.30234099217498
671,671,left,evaluation,2224,8.607545999893773,1,47.90145626539011,63.7981889585525,32.00472357222772
671,671,right,evaluation,2224,8.607545999893773,1,64.72157297095586,85.36241718790166,44.08072875401008
672,672,left,evaluation,2228,1.2305850000302598,1,47.64555902734481,63.338069278636894,31.953048776052707
672,672,right,evaluation,2228,1.2305850000302598,1,64.1425346701804,84.5852528883006,43.69981645206019
673,673,left,evaluation,2234,3.277797000009741,1,47.73781215364968,63.371285423617294,32.10433888368207
673,673,right,evaluation,2234,3.277797000009741,1,63.879576075337695,84.25654915675797,43.50260299391742
674,674,left,evaluation,2238,2.8552090000175667,0,47.67238542357741,63.24074446636625,32.10402638078855
674,674,right,evaluation,2238,2.8552090000175667,0,63.621060442795645,83.9505574051015,43.29156348048977
675,675,left,evaluation,2240,19.416887000033967,0,46.86066822654554,61.838268982166575,31.883067470924516
675,675,right,evaluation,2240,19.416887000033967,0,62.88153157259633,82.8103408464637,42.95272229872894
676,676,left,evaluation,2242,0.6106430000727414,1,46.600628537325896,61.387644908422736,31.813612166229053
676,676,right,evaluation,2242,0.6106430000727414,1,62.4701514562611,82.04705986067515,42.89324305184705
677,677,left,evaluation,2248,0.6358830000863236,1,46.11931073261777,60.55464806184422,31.68397340339133
677,677,right,evaluation,2248,0.6358830000863236,1,62.0714582089989,81.35444760826712,42.78846880973068
678,678,left,evaluation,2252,0.09753799986356171,1,45.469641436990976,59.34499108426566,31.594291789716294
678,678,right,evaluation,2252,0.09753799986356171,1,61.70668408041979,80.7347697763962,42.67859838444336
679,679,left,evaluation,2253,27.725843500093106,0,45.40449511666744,59.21136640914267,31.597623824192226
679,679,right,evaluation,2253,27.725843500093106,0,61.14373846809457,79.83055978121521,42.456917154973915
680,680,left,evaluation,2254,5.73114999997415,1,45.06501422110749,58.60657341924739,31.523455022967585
680,680,right,evaluation,2254,5.73114999997415,1,60.36227051490346,78.50063464625754,42.22390638354936
681,681,left,evaluation,2259,2.104531999975734,1,43.58452765589864,56.02063778654728,31.148417525249982
681,681,right,evaluation,2259,2.104531999975734,1,59.52194655318275,76.94949136598422,42.09440174038127
682,682,left,evaluation,2266,2.322435999985828,1,42.72705112755377,54.391811854310205,31.062290400797348
682,682,right,evaluation,2266,2.322435999985828,1,58.88323300980824,75.89018250567027,41.8762835139462
683,683,left,evaluation,2270,3.8432155001828505,1,41.99677926399966,52.81803952826424,31.17551899973509
683,683,right,evaluation,2270,3.8432155001828505,1,58.14866363142362,74.75912842056657,41.53819884228064
684,684,left,evaluation,2271,22.077814999875045,0,41.44463179031705,51.698962703699465,31.19030087693462
684,684,right,evaluation,2271,22.077814999875045,0,57.47656021402831,73.73100161290714,41.22211881514947
685,685,left,evaluation,2272,5.248939000011887,1,40.953983976243975,50.734304038406016,31.173663914081942
685,685,right,evaluation,2272,5.248939000011887,1,56.84425916033878,72.64995683796528,41.03856148271227
686,686,left,evaluation,2276,1.1441680001098575,1,40.44844830988656,49.68664082320106,31.210255796572056
686,686,right,evaluation,2276,1.1441680001098575,1,55.340448411061416,70.36967819721563,40.3112186249072
687,687,left,evaluation,2282,3.858433999994304,1,40.174642624156625,49.11109832607605,31.2381869222372
687,687,right,evaluation,2282,3.858433999994304,1,54.62641063288362,69.29646346160874,39.95635780415853
688,688,left,evaluation,2284,21.634538999933284,0,39.838786239038214,48.58926178116853,31.0883106969079
688,688,right,evaluation,2284,21.634538999933284,0,54.09501160016474,68.43577186517841,39.754251335151054
689,689,left,evaluation,2285,4.949906333422405,0,39.77832441031339,48.49936179932659,31.057287021300176
689,689,right,evaluation,2285,4.949906333422405,0,53.74690061950429,67.86343836093036,39.63036287807824
690,690,left,evaluation,2287,2.397276666442849,1,39.38642506525124,47.9562997133591,30.81655041714338
690,690,right,evaluation,2287,2.397276666442849,1,52.67586873567842,66.21892744440694,39.132810026949905
691,691,left,evaluation,2292,1.7595070000879787,1,39.29982905678811,47.89058169798558,30.709076415590637
691,691,right,evaluation,2292,1.7595070000879787,1,51.98520731636275,65.20067744520011,38.76973718752538
692,692,left,evaluation,2297,1.7914400000336173,1,39.39363081592894,48.03261024458751,30.754651387270364
692,692,right,evaluation,2297,1.7914400000336173,1,51.339773114590926,64.23655784419347,38.442988384988375
693,693,left,evaluation,2300,14.644175000057658,0,39.45377380792202,48.13351867744054,30.77402893840349
693,693,right,evaluation,2300,14.644175000057658,0,50.488051208384086,63.01812675955612,37.957975657212046
694,694,left,evaluation,2301,8.04033750000599,0,39.33150031302649,48.00703550798338,30.6559651180696
694,694,right,evaluation,2301,8.04033750000599,0,49.937036727788566,62.16819546791534,37.705877987661786
695,695,left,evaluation,2303,1.0578459998669132,1,39.199329882681845,47.90457493879412,30.494084826569566
695,695,right,evaluation,2303,1.0578459998669132,1,48.793150333599,60.493151673562885,37.09314899363512
696,696,left,evaluation,2310,0.0995245000012801,1,39.07388975380547,47.77938045373942,30.36839905387152
696,696,right,evaluation,2310,0.0995245000012801,1,48.04342059069306,59.33640775879896,36.75043342258718
697,697,left,evaluation,2313,0.5757570002060675,0,39.02374525544659,47.73106019875732,30.31643031213586
697,697,right,evaluation,2313,0.5757570002060675,0,47.39841666773536,58.402860382731035,36.39397295273968
698,698,left,evaluation,2314,22.71956150002552,0,38.85064757030025,47.473819997900755,30.22747514269974
698,698,right,evaluation,2314,22.71956150002552,0,46.928067607366856,57.72186747211954,36.13426774261415
699,699,left,evaluation,2315,5.657720000044719,1,38.50326494359143,47.04337755980088,29.963152327381987
699,699,right,evaluation,2315,5.657720000044719,1,46.66278901811844,57.269386696240744,36.056191339996126
700,700,left,evaluation,2320,0.41970750021391723,1,38.432975661691536,46.95820876240401,29.907742560979052
700,700,right,evaluation,2320,0.41970750021391723,1,46.708610402591695,57.323102750309104,36.09411805487429
701,701,left,evaluation,2325,0.5265489999146666,1,38.28019108289722,46.765441977418966,29.79494018837547
701,701,right,evaluation,2325,0.5265489999146666,1,46.82160248706479,57.432001956063004,36.21120301806657
702,702,left,evaluation,2328,11.543900499873416,1,38.150777402179294,46.57342453942804,29.72813026493056
702,702,right,evaluation,2328,11.543900499873416,1,46.89973941941034,57.513571821571965,36.285907017248725
703,703,left,evaluation,2329,16.679215000067416,1,38.10378492998996,46.41492230188523,29.7926475580947
703,703,right,evaluation,2329,16.679215000067416,1,46.89920596878995,57.45106466170099,36.347347275878896
704,704,left,evaluation,2330,3.3216729998457595,1,37.921520368652224,46.008902803228324,29.834137934076118
704,704,right,evaluation,2330,3.3216729998457595,1,46.87127213306342,57.385274135470084,36.35727013065677
705,705,left,evaluation,2338,1.2017270000796998,1,37.78803777247322,45.65005280565953,29.9260227392869
705,705,right,evaluation,2338,1.2017270000796998,1,46.85026912354378,57.34881997213661,36.35171827495096
706,706,left,evaluation,2341,1.8587914998988708,1,37.55194805741803,45.11629258792707,29.987603526908998
706,706,right,evaluation,2341,1.8587914998988708,1,47.09150227738881,57.659677986695115,36.52332656808251
707,707,left,evaluation,2342,13.56926499988731,1,37.373071569849486,44.72562500239944,30.02051813729953
707,707,right,evaluation,2342,13.56926499988731,1,47.305362572539984,57.99545593462644,36.61526921045354
708,708,left,evaluation,2343,2.942789499911669,1,37.37197357041637,44.61761769196775,30.126329448865004
708,708,right,evaluation,2343,2.942789499911669,1,47.78843006109277,58.77700262834179,36.799857493843746
709,709,left,evaluation,2349,1.5129659998365241,1,37.65068697180532,45.063976470583526,30.237397473027112
709,709,right,evaluation,2349,1.5129659998365241,1,48.23559566863561,59.53710064211949,36.934090695151724
710,710,left,evaluation,2355,2.441999999973632,1,37.863259193596406,45.48869557977283,30.237822807419974
710,710,right,evaluation,2355,2.441999999973632,1,48.56539231788109,60.13704495619352,36.99373967956867
711,711,left,evaluation,2357,11.469659999875148,1,38.21309225510804,46.14237240895225,30.283812101263823
711,711,right,evaluation,2357,11.469659999875148,1,48.884073071268496,60.71769077412532,37.05045536841167
712,712,left,evaluation,2358,0.5064125000444619,1,38.57550621936165,46.85595683186102,30.295055606862263
712,712,right,evaluation,2358,0.5064125000444619,1,49.0565989868294,61.13758134067174,36.97561663298706
713,713,left,evaluation,2361,14.929401000017606,1,39.04247753944007,47.7174034520593,30.36755162682083
713,713,right,evaluation,2361,14.929401000017606,1,49.36780962013752,61.85647698332086,36.87914225695418
714,714,left,evaluation,2364,1.0260035001010692,1,39.45188624107119,48.59322657076506,30.310545911377325
714,714,right,evaluation,2364,1.0260035001010692,1,49.9780835789089,63.03969472749977,36.91647243031801
715,715,left,evaluation,2371,0.8895460000530875,1,39.90040938931202,49.526882548931916,30.273936229692122
715,715,right,evaluation,2371,0.8895460000530875,1,50.41829852134025,63.88794804277054,36.94864899990996
716,716,left,evaluation,2374,4.046078000101261,1,40.50638470070309,50.64496887795484,30.367800523451336
716,716,right,evaluation,2374,4.046078000101261,1,51.090349528611526,65.00891120924186,37.17178784798119
717,717,left,evaluation,2376,15.676222000138296,1,40.98072285273588,51.52336052366553,30.43808518180622
717,717,right,evaluation,2376,15.676222000138296,1,51.72038643202181,66.02349702503446,37.41727583900915
718,718,left,evaluation,2377,6.966074500041941,1,41.54487364958482,52.460082746959735,30.62966455220991
718,718,right,evaluation,2377,6.966074500041941,1,52.18531350907507,66.89578451955512,37.47484249859501
719,719,left,evaluation,2379,17.58855599996423,1,41.921960544459765,53.148951426215525,30.694969662704022
719,719,right,evaluation,2379,17.58855599996423,1,52.79702517291211,67.8597411374166,37.73430920840759
720,720,left,evaluation,2382,2.4554149999858055,1,42.32636887154042,53.826792789099045,30.825944953981768
720,720,right,evaluation,2382,2.4554149999858055,1,53.157879736946064,68.56476990965592,37.750989564236185
721,721,left,evaluation,2383,24.89888900004189,0,42.61937645999048,54.326777817394614,30.911975102586354
721,721,right,evaluation,2383,24.89888900004189,0,53.54055552890377,69.2192322944312,37.86187876337634
722,722,left,evaluation,2384,4.473301499956506,0,42.93523133854107,54.930940529200015,30.939522147882126
722,722,right,evaluation,2384,4.473301499956506,0,53.902286021873635,69.84193880940894,37.96263323433833
723,723,left,evaluation,2386,0.35808200004794344,1,43.05979552432793,55.221976531588965,30.89761451706692
723,723,right,evaluation,2386,0.35808200004794344,1,53.897545457621604,70.14089891946995,37.65419199577329
724,724,left,evaluation,2392,0.7315939999443799,1,43.25216509436969,55.59276715629021,30.91156303244916
724,724,right,evaluation,2392,0.7315939999443799,1,54.103219640557164,70.58297193176817,37.62346734934617
725,725,left,evaluation,2396,6.260127000132343,1,43.29496507055955,55.79460487922538,30.79532526189373
725,725,right,evaluation,2396,6.260127000132343,1,54.248581376923575,70.92431230364502,37.572850450202125
726,726,left,evaluation,2397,15.814644499869246,1,43.35654279564416,55.97910036852447,30.733985222763845
726,726,right,evaluation,2397,15.814644499869246,1,54.460060706053085,71.24498850806877,37.67513290403739
727,727,left,evaluation,2397,17.39937000002101,1,43.4536065474324,56.14060417909434,30.766608915770455
727,727,right,evaluation,2397,17.39937000002101,1,54.61804227446294,71.47074670021797,37.76533784870791
728,728,left,evaluation,2399,4.863715499823229,1,43.20669731929918,55.92046282151249,30.49293181708587
728,728,right,evaluation,2399,4.863715499823229,1,54.98038011066092,72.19721546610326,37.76354475521857
729,729,left,evaluation,2404,1.7831430000114779,1,43.07434088883082,55.79366571766926,30.35501605999238
729,729,right,evaluation,2404,1.7831430000114779,1,54.99871281020778,72.26604148743334,37.731384132982214
730,730,left,evaluation,2408,2.8718244998344744,1,42.97032177016774,55.64109889564129,30.29954464469419
730,730,right,evaluation,2408,2.8718244998344744,1,54.9800328341758,72.27114852348129,37.688917144870324
731,731,left,evaluation,2410,16.801923000002716,1,42.80167285157163,55.39380980205162,30.209535901091634
731,731,right,evaluation,2410,16.801923000002716,1,54.885016637686604,72.1289643324645,37.641068942908696
732,732,left,evaluation,2411,5.063571999926353,1,42.51095049369644,54.901403505616145,30.120497481776745
732,732,right,evaluation,2411,5.063571999926353,1,54.36887149145264,71.3876138302943,37.350129152610975
733,733,left,evaluation,2413,6.312649999927089,1,42.30825223626888,54.5511119688879,30.065392503649853
733,733,right,evaluation,2413,6.312649999927089,1,53.98744086636956,70.84398702926248,37.13089470347662
734,734,left,evaluation,2418,2.0169024999177054,1,42.07349247937929,54.2051569397835,29.94182801897508
734,734,right,evaluation,2418,2.0169024999177054,1,54.07339224531531,70.99488391119273,37.151900579437886
735,735,left,evaluation,2422,3.4337489998961246,0,41.94950341929788,53.963641449606385,29.935365388989386
735,735,right,evaluation,2422,3.4337489998961246,0,54.1162667289095,71.0273437815008,37.20518967631818
736,736,left,evaluation,2426,2.4220929999501095,0,41.66902261053154,53.49938402351307,29.838661197550003
736,736,right,evaluation,2426,2.4220929999501095,0,53.91499651568125,70.62071357946544,37.209279451897046
737,737,left,evaluation,2428,10.9372849999545,1,41.312846310579246,52.793333253686434,29.832359367472055
737,737,right,evaluation,2428,10.9372849999545,1,53.23975032230241,69.40637449919072,37.07312614541411
738,738,left,evaluation,2432,0.2860090000922355,1,41.0237476961611,52.193066721403284,29.854428670918907
738,738,right,evaluation,2432,0.2860090000922355,1,52.835133574352575,68.49019310467064,37.18007404403452
739,739,left,evaluation,2439,1.911526999947455,1,40.53176006762207,51.27734054353218,29.78617959171196
739,739,right,evaluation,2439,1.911526999947455,1,52.92513508407715,68.4700714129872,37.38019875516709
740,740,left,evaluation,2442,2.316420999932234,1,39.79752048445822,49.87717948504927,29.717861483867182
740,740,right,evaluation,2442,2.316420999932234,1,51.92694870310023,66.89685872602983,36.95703868017064
741,741,left,evaluation,2443,13.349423000136085,1,38.497948338069854,47.37809186668134,29.617804809458374
741,741,right,evaluation,2443,13.349423000136085,1,50.48042600202807,64.44514829182036,36.515703712235776
742,742,left,evaluation,2444,6.7204810002294835,1,37.424225748207434,45.10757799725406,29.740873499160795
742,742,right,evaluation,2444,6.7204810002294835,1,49.17792788100815,62.202162142987035,36.15369361902927
743,743,left,evaluation,2449,0.7803910000347969,0,36.70476106746502,43.64249712956339,29.76702500536665
743,743,right,evaluation,2449,0.7803910000347969,0,47.88063820103091,60.122253630486306,35.63902277157551
744,744,left,evaluation,2455,0.463222999997015,0,36.533682656069956,43.172114172238196,29.895251139901728
744,744,right,evaluation,2455,0.463222999997015,0,46.922990230212676,58.532197919680286,35.313782540745066
745,745,left,evaluation,2458,16.298403000064354,1,36.3504468503581,42.756710543585356,29.94418315713084
745,745,right,evaluation,2458,16.298403000064354,1,46.08306106817453,57.21268572739083,34.953436408958225
746,746,left,evaluation,2459,15.503273500144132,1,36.23072256325396,42.500991713271105,29.960453413236827
746,746,right,evaluation,2459,15.503273500144132,1,45.47652202834041,56.22943116202382,34.723612894656995
747,747,left,evaluation,2463,1.6085520001070108,1,36.027473845113064,42.15343427799887,29.901513412227263
747,747,right,evaluation,2463,1.6085520001070108,1,44.17478736689615,53.98171888428292,34.367855849509375
748,748,left,evaluation,2470,0.7895464998455282,1,36.940146445116326,43.98925873508167,29.891034155150976
748,748,right,evaluation,2470,0.7895464998455282,1,43.31793217501684,52.571231268309376,34.0646330817243
749,749,left,evaluation,2471,20.35492800018801,0,37.707377826045914,45.48882574817723,29.925929903914607
749,749,right,evaluation,2471,20.35492800018801,0,42.7867895704956,51.824908145035124,33.74867099595606
750,750,left,evaluation,2472,23.934212499852947,0,38.98431942969114,47.92315140104762,30.045487458334655
750,750,right,evaluation,2472,23.934212499852947,0,42.435745450134235,51.556297950305705,33.31519294996278
751,751,left,evaluation,2474,1.276281999935236,1,39.76302528308548,49.477262517725045,30.04878804844592
751,751,right,evaluation,2474,1.276281999935236,1,42.45825144891835,51.92833479441644,32.98816810342026
752,752,left,evaluation,2480,0.727185500181804,1,40.73266280561272,51.35638364795616,30.10894196326928
752,752,right,evaluation,2480,0.727185500181804,1,42.555338797250094,52.32359046457043,32.787087129929766
753,753,left,evaluation,2484,2.9812820000643114,1,41.46261184102252,52.746740265912265,30.17848341613278
753,753,right,evaluation,2484,2.9812820000643114,1,42.70108743353175,52.82637924350341,32.57579562356008
754,754,left,evaluation,2485,34.79704649998894,0,41.57408611141476,53.090539992804125,30.057632230025416
754,754,right,evaluation,2485,34.79704649998894,0,42.78637934030293,53.09809009090625,32.47466858969962
755,755,left,evaluation,2485,1.3522130000183097,1,41.6621882084577,53.28962317301212,30.0347532439033
755,755,right,evaluation,2485,1.3522130000183097,1,42.73926914879641,53.177679341491206,32.300858956101614
756,756,left,evaluation,2491,2.072492000024795,1,42.410089493140276,54.54777028161682,30.272408704663725
756,756,right,evaluation,2491,2.072492000024795,1,43.59102964383459,54.48590835568514,32.696150931984036
757,757,left,evaluation,2495,2.6638540000476496,0,42.436642948760586,54.55396013883309,30.31932575868809
757,757,right,evaluation,2495,2.6638540000476496,0,43.789396358391514,54.715649178521154,32.863143538261866
758,758,left,evaluation,2497,16.08263999992232,0,42.74633768502482,55.00297888964959,30.48969648040005
758,758,right,evaluation,2497,16.08263999992232,0,43.87587368136267,54.803147102612186,32.94860026011315
759,759,left,evaluation,2498,1.3491900001554313,1,42.84427479658986,55.11071055714973,30.577839036029978
759,759,right,evaluation,2498,1.3491900001554313,1,43.770886676471804,54.557151941501296,32.98462141144231
760,760,left,evaluation,2501,9.51964399996541,1,43.02677306422087,55.313670816134945,30.7398753123068
760,760,right,evaluation,2501,9.51964399996541,1,43.80470126512605,54.52142040629751,33.087982123954596
761,761,left,evaluation,2506,1.4384429998699488,1,43.01918059852383,55.14969651629544,30.888664680752225
761,761,right,evaluation,2506,1.4384429998699488,1,43.68063430669146,54.190097793199826,33.17117082018309
762,762,left,evaluation,2509,4.240512500018667,1,42.49211685280588,54.154184480552615,30.830049225059145
762,762,right,evaluation,2509,4.240512500018667,1,43.25953101423626,53.3888556491162,33.13020637935631
763,763,left,evaluation,2511,18.81656499995188,0,41.91668942319692,53.10727281675827,30.72610602963556
763,763,right,evaluation,2511,18.81656499995188,0,42.69160230108292,52.25482884414713,33.12837575801871
764,764,left,evaluation,2511,13.468389000081515,0,41.57906500371566,52.330720532408876,30.82740947502245
764,764,right,evaluation,2511,13.468389000081515,0,41.99165392635717,50.93838688065695,33.04492097205739
765,765,left,evaluation,2512,1.2048890000642132,1,41.3315798973415,51.78537203592517,30.877787758757837
765,765,right,evaluation,2512,1.2048890000642132,1,41.56260959102214,49.999518969843415,33.12570021220085
766,766,left,evaluation,2519,0.8361856666851963,1,41.249046352559354,51.5170214749172,30.981071230201508
766,766,right,evaluation,2519,0.8361856666851963,1,41.11918571515378,49.19296972584794,33.04540170445962
767,767,left,evaluation,2524,1.9597186667397182,1,41.06349615857896,51.13113273067671,30.995859586481203
767,767,right,evaluation,2524,1.9597186667397182,1,41.266410023341265,49.36685679336903,33.16596325331351
768,768,left,evaluation,2529,2.2829679999176733,1,41.02020194766168,50.878101831015286,31.162302064308086
768,768,right,evaluation,2529,2.2829679999176733,1,41.07258478343893,48.89179395771441,33.253375609163434
769,769,left,evaluation,2529,28.912865499933105,0,40.68691488146027,50.16789005018376,31.205939712736768
769,769,right,evaluation,2529,28.912865499933105,0,40.88576655114431,48.461788919998085,33.30974418229053
770,770,left,evaluation,2530,7.6687169998876925,1,40.07022573994911,48.909935731125,31.230515748773207
770,770,right,evaluation,2530,7.6687169998876925,1,40.40916532872609,47.51388320461509,33.304447452837096
771,771,left,evaluation,2535,1.0395024999070301,1,39.559074441661984,47.91505638154284,31.203092501781136
771,771,right,evaluation,2535,1.0395024999070301,1,39.979496494628,46.72257216616901,33.236420823086995
772,772,left,evaluation,2542,0.2384940000865754,1,39.132015967707886,47.05687438835334,31.207157547062423
772,772,right,evaluation,2542,0.2384940000865754,1,39.865072495650004,46.490959373373975,33.23918561792602
773,773,left,evaluation,2545,2.4731900000460882,1,38.64790651475024,46.131105600975765,31.164707428524707
773,773,right,evaluation,2545,2.4731900000460882,1,39.94130178424323,46.545456468337825,33.33714710014864
774,774,left,evaluation,2546,32.32778899996447,0,38.1818004630126,45.30016550428477,31.06343542174043
774,774,right,evaluation,2546,32.32778899996447,0,40.01284347567127,46.74158803383165,33.284098917510896
775,775,left,evaluation,2546,0.6081925000671617,0,37.77155289145259,44.56614378077508,30.976962002130115
775,775,right,evaluation,2546,0.6081925000671617,0,40.06624944397131,46.82747708704603,33.3050218008966
776,776,left,evaluation,2550,0.014267999858930125,1,37.27573170702934,43.60729973457719,30.944163679481477
776,776,right,evaluation,2550,0.014267999858930125,1,39.79006544946344,46.507985585092754,33.07214531383411
777,777,left,evaluation,2558,2.373679000129414,1,37.107850287904164,43.392514628918924,30.82318594688943
777,777,right,evaluation,2558,2.373679000129414,1,39.79625423273223,46.5404358402307,33.052072625233755
778,778,left,evaluation,2560,2.124937999951726,1,36.66495785422099,42.69177691484721,30.638138793594756
778,778,right,evaluation,2560,2.124937999951726,1,39.782185112019434,46.62618078610983,32.93818943792903
779,779,left,evaluation,2561,28.52946600000905,0,36.494824322279186,42.39370701646966,30.595941628088724
779,779,right,evaluation,2561,28.52946600000905,0,40.00562574014208,47.23819236159244,32.77305911869172
780,780,left,evaluation,2562,16.90452799994091,1,36.34090499826716,42.049240356839725,30.6325696396946
780,780,right,evaluation,2562,16.90452799994091,1,40.397798219969495,48.2763074285027,32.5192890114363
781,781,left,evaluation,2565,0.8536294999430538,1,36.35836031022422,42.18637091028967,30.53034971015877
781,781,right,evaluation,2565,0.8536294999430538,1,40.58814149803449,49.043953319129955,32.13232967693904
782,782,left,evaluation,2572,0.5765470000369532,1,36.82720867061781,43.22664436772508,30.42777297351055
782,782,right,evaluation,2572,0.5765470000369532,1,41.05909310200555,50.020710380603774,32.09747582340732
783,783,left,evaluation,2576,1.1734199999864359,1,37.52786333670469,44.513216078052984,30.542510595356397
783,783,right,evaluation,2576,1.1734199999864359,1,41.45973803235997,51.013481929314985,31.905994135404967
784,784,left,evaluation,2578,26.15108500003771,0,37.97258437834397,45.502774850388874,30.442393906299053
784,784,right,evaluation,2578,26.15108500003771,0,41.77408858410789,51.75287006322691,31.795307104988886
785,785,left,evaluation,2579,2.6331149999805348,0,38.502648144917565,46.80460464152085,30.200691648314283
785,785,right,evaluation,2579,2.6331149999805348,0,42.19324168676431,52.71898678295438,31.66749659057424
786,786,left,evaluation,2583,1.769928000157961,1,39.65294567210207,48.930670833729714,30.375220510474435
786,786,right,evaluation,2583,1.769928000157961,1,42.65917735687824,54.22524122599962,31.093113487756863
787,787,left,evaluation,2591,1.8689814999106602,1,40.39461863833849,50.634728701091504,30.15450857558548
787,787,right,evaluation,2591,1.8689814999106602,1,43.23194452433967,55.58206175736766,30.881827291311662
788,788,left,evaluation,2595,3.127583999912531,1,41.13573347369738,52.431820680934095,29.839646266460658
788,788,right,evaluation,2595,3.127583999912531,1,43.77973234454637,56.68437536536004,30.87508932373269
789,789,left,evaluation,2596,27.61759500003791,0,41.27761679074876,52.63822757883482,29.917006002662703
789,789,right,evaluation,2596,27.61759500003791,0,44.01973247560254,57.05034932950095,30.989115621704105
790,790,left,evaluation,2597,0.2643870000156312,0,41.38106156463828,52.820183672708346,29.941939456568228
790,790,right,evaluation,2597,0.2643870000156312,0,44.04631821825997,56.92190908871362,31.170727347806327
791,791,left,evaluation,2598,2.024780499823464,0,41.901433463369386,53.802928051031834,29.999938875706953
791,791,right,evaluation,2598,2.024780499823464,0,44.34707143629653,57.52925943847339,31.16488343411968
792,792,left,evaluation,2604,3.4462969999822235,1,41.843887909691546,53.513043560932736,30.174732258450355
792,792,right,evaluation,2604,3.4462969999822235,1,44.20153166968909,57.16315465828421,31.239908681093958
793,793,left,evaluation,2609,4.639257000008001,1,41.462457319077025,52.59034301562563,30.334571622528415
793,793,right,evaluation,2609,4.639257000008001,1,43.63642618591962,55.9794515214208,31.29340085041843
794,794,left,evaluation,2612,22.866507999879104,0,40.517674780114675,50.16874556794629,30.866603992283057
794,794,right,evaluation,2612,22.866507999879104,0,43.079182224307615,54.31084203492044,31.847522413694797
795,795,left,evaluation,2612,12.629061000097863,1,39.37884317063,47.61872248283158,31.13896385842843
795,795,right,evaluation,2612,12.629061000097863,1,42.54553044806464,52.81542202497102,32.27563887115825
796,796,left,evaluation,2613,14.57422399994357,1,37.90205132897334,44.627726239472494,31.176376418474195
796,796,right,evaluation,2613,14.57422399994357,1,42.154545554049506,51.63576746454039,32.673323643558625
797,797,left,evaluation,2616,0.1003059999220568,1,37.21330550918661,43.0879618888005,31.33864912957272
797,797,right,evaluation,2616,0.1003059999220568,1,41.805522935681736,50.92132247988424,32.68972339147922
798,798,left,evaluation,2622,0.9942309998223209,1,36.77720639386054,42.31442971548427,31.23998307223681
798,798,right,evaluation,2622,0.9942309998223209,1,41.9513500543859,50.97881205775518,32.92388805101661
799,799,left,evaluation,2627,3.196898499936651,1,36.586647931027315,42.04094882723799,31.132347034816622
799,799,right,evaluation,2627,3.196898499936651,1,41.92239105989943,50.852562482071754,32.992219637727125
800,800,left,evaluation,2628,26.278613000158657,0,36.55010104917384,42.030659826312906,31.069542272034777
800,800,right,evaluation,2628,26.278613000158657,0,41.65737454168086,50.348317184869636,32.966431898492075
801,801,left,evaluation,2629,1.419976499846598,0,36.644198289740245,42.39640281469278,30.891993764787703
801,801,right,evaluation,2629,1.419976499846598,0,41.65211688623328,50.21494630041468,33.08928747205188
802,802,left,evaluation,2631,6.2961779999568535,1,36.92545767545095,43.238820377536356,30.61209497336555
802,802,right,evaluation,2631,6.2961779999568535,1,40.949908181050986,48.790487502138966,33.109328859963014
803,803,left,evaluation,2637,0.9156300000086048,1,37.282242542204386,43.91062721280137,30.653857871607386
803,803,right,evaluation,2637,0.9156300000086048,1,40.52620452582622,47.93054716122822,33.12186189042423
804,804,left,evaluation,2641,1.309659000071406,0,37.588536354938846,44.470592848409616,30.706479861468075
804,804,right,evaluation,2641,1.309659000071406,0,40.389476619393896,47.69187552197917,33.087077716808615
805,805,left,evaluation,2641,33.00695200005066,0,38.32193195269854,44.72667202511389,31.917191880283212
805,805,right,evaluation,2641,33.00695200005066,0,41.246978521126536,48.73976749100989,33.7541895512432
806,806,left,evaluation,2642,2.670247333298903,1,38.78646146561431,45.26962005496974,32.303302876258876
806,806,right,evaluation,2642,2.670247333298903,1,41.67408332235274,49.26763405154102,34.08053259316445
807,807,left,evaluation,2645,2.499226333156912,1,39.17880371695959,45.922284300459445,32.43532313345973
807,807,right,evaluation,2645,2.499226333156912,1,42.4428964659404,50.38150937340613,34.50428355847467
808,808,left,evaluation,2652,2.494922000096267,1,39.63625237048994,46.64029535192422,32.63220938905565
808,808,right,evaluation,2652,2.494922000096267,1,43.39071676373267,51.650756480932344,35.13067704653301
809,809,left,evaluation,2653,30.122906000087823,0,39.97230853982077,46.854719261198866,33.08989781844268
809,809,right,evaluation,2653,30.122906000087823,0,43.801104003406536,52.21053294805466,35.3916750587584
810,810,left,evaluation,2654,30.189061000100992,0,40.71624273165801,47.98264194934317,33.44984351397284
810,810,right,evaluation,2654,30.189061000100992,0,44.478300189453094,53.35286259400052,35.603737784905675
811,811,left,evaluation,2654,3.632498999877498,0,41.25381241701806,48.623525014462665,33.884099819573464
811,811,right,evaluation,2654,3.632498999877498,0,44.96078929762017,54.13471456357952,35.78686403166082
812,812,left,evaluation,2657,1.7813110000588495,1,41.6292605935108,49.19843949316987,34.06008169385173
812,812,right,evaluation,2657,1.7813110000588495,1,45.770136275796105,55.510210576757615,36.030061974834595
813,813,left,evaluation,2665,1.6595990000496386,1,42.02821129977817,49.67539921377652,34.38102338577981
813,813,right,evaluation,2665,1.6595990000496386,1,46.59611728941648,56.86817200540895,36.324062573424015
814,814,left,evaluation,2669,1.826811999990241,0,42.362962942279886,50.0985051616298,34.627420722929976
814,814,right,evaluation,2669,1.826811999990241,0,47.63095338075499,58.44183614691051,36.820070614599466
815,815,left,evaluation,2672,16.341657499879148,0,42.87538730862788,50.92187609777741,34.82889851947835
815,815,right,evaluation,2672,16.341657499879148,0,48.67640988135734,60.10150699687608,37.25131276583859
816,816,left,evaluation,2673,10.985851999976148,0,43.316028243895644,51.810794212573924,34.82126227521736
816,816,right,evaluation,2673,10.985851999976148,0,50.19510843762038,62.34998455572743,38.040232319513315
817,817,left,evaluation,2675,2.2418394999021984,0,44.04755169774836,53.01174658223958,35.08335681325714
817,817,right,evaluation,2675,2.2418394999021984,0,51.364983148869314,64.14654742429417,38.58341887344447
818,818,left,evaluation,2682,2.1475439998539514,1,44.90173701678947,54.41967873798349,35.383795295595455
818,818,right,evaluation,2682,2.1475439998539514,1,52.318824766577265,65.6124326626668,39.02521687048774
819,819,left,evaluation,2685,5.560890999959156,1,45.72924323995216,55.77941868909259,35.67906779081174
819,819,right,evaluation,2685,5.560890999959156,1,53.251437335870904,67.13407530644369,39.36879936529811
820,820,left,evaluation,2685,39.284557999963,0,46.29068346933694,56.6928200840364,35.888546854637504
820,820,right,evaluation,2685,39.284557999963,0,54.311896349957784,68.7496380156113,39.87415468430428
821,821,left,evaluation,2686,12.459032999913688,0,46.521608355224366,57.04798975392458,35.99522695652415
821,821,right,evaluation,2686,12.459032999913688,0,55.229360751103606,70.11475599909463,40.3439655031126
822,822,left,evaluation,2687,13.346867999871392,1,47.489363062954396,58.33816214527415,36.64056398063464
822,822,right,evaluation,2687,13.346867999871392,1,56.3356771026429,71.62741311178206,41.04394109350375
823,823,left,evaluation,2691,0.11144300015075714,1,47.95095384905038,58.76629774705435,37.13560995104639
823,823,right,evaluation,2691,0.11144300015075714,1,56.72227250047776,72.20577572132973,41.238769279625785
824,824,left,evaluation,2698,0.44593999996322964,1,48.13851315582074,58.732041904713846,37.544984406927625
824,824,right,evaluation,2698,0.44593999996322964,1,56.601632935535164,71.919520953747,41.28374491732334
825,825,left,evaluation,2702,6.304378000095312,1,48.25761824292259,58.686531117792335,37.828705368052844
825,825,right,evaluation,2702,6.304378000095312,1,56.16007728512458,71.17320945699915,41.14694511325
826,826,left,evaluation,2703,15.382967999812536,0,48.33546793419183,58.81599753487755,37.8549383335061
826,826,right,evaluation,2703,15.382967999812536,0,55.172490165532,69.62788260706864,40.717097723995366
827,827,left,evaluation,2703,18.379874500169535,0,47.892801293135484,58.13317474677284,37.65242783949812
827,827,right,evaluation,2703,18.379874500169535,0,53.94927858583619,67.7929859362074,40.10557123546498
828,828,left,evaluation,2706,0.8409690001371928,1,49.10409727927214,59.890223818695766,38.31797073984851
828,828,right,evaluation,2706,0.8409690001371928,1,53.80427215720895,67.06745857522108,40.54108573919682
829,829,left,evaluation,2712,1.2422654999681981,1,49.22412774911051,60.11601857407267,38.33223692414833
829,829,right,evaluation,2712,1.2422654999681981,1,52.94655867223372,65.85262620093985,40.040491143527575
830,830,left,evaluation,2716,1.6926999999213876,1,48.88711209583878,59.620264990453016,38.153959201224545
830,830,right,evaluation,2716,1.6926999999213876,1,52.39168057859333,65.10730506346485,39.67605609372181
831,831,left,evaluation,2717,25.20590800008904,0,48.50894745597856,59.090477554164764,37.927417357792365
831,831,right,evaluation,2717,25.20590800008904,0,51.90405077144747,64.47534122861722,39.33276031427772
832,832,left,evaluation,2717,9.1774439999881,1,48.73005552589538,59.40710651198077,38.05300453980998
832,832,right,evaluation,2717,9.1774439999881,1,51.301691447124156,63.69642783011801,38.906955064130294
833,833,left,evaluation,2719,1.3457454999752372,1,47.71360361714421,58.16842890424548,37.25877833004293
833,833,right,evaluation,2719,1.3457454999752372,1,48.11088732048203,59.96104655447427,36.26072808648978
834,834,left,evaluation,2725,1.6856520001056197,1,46.07068587365223,55.83386175040986,36.30750999689459
834,834,right,evaluation,2725,1.6856520001056197,1,46.49443527173519,57.85805100237906,35.13081954109133
835,835,left,evaluation,2730,1.2228049999976065,1,45.32370115770816,54.80274443507835,35.84465788033795
835,835,right,evaluation,2730,1.2228049999976065,1,45.163202814724684,56.09757823825387,34.22882739119548
836,836,left,evaluation,2734,0.3830390000985062,0,44.98299447446554,54.331177214375785,35.63481173455533
836,836,right,evaluation,2734,0.3830390000985062,0,43.958101741492875,54.484536177252764,33.43166730573299
837,837,left,evaluation,2735,13.701091500024631,0,44.78253053191986,54.03936548446715,35.525695579372574
837,837,right,evaluation,2735,13.701091500024631,0,42.80062574507775,52.859283954730394,32.741967535425104
838,838,left,evaluation,2737,0.39652999998907035,1,44.31575269992264,53.458463194589015,35.17304220525627
838,838,right,evaluation,2737,0.39652999998907035,1,41.28982123458431,50.80104030634453,31.77860216282408
839,839,left,evaluation,2739,16.82218200016905,1,43.83658220439115,52.759943075951284,34.913221332831014
839,839,right,evaluation,2739,16.82218200016905,1,39.691998375742195,48.589170370857076,30.794826380627324
840,840,left,evaluation,2742,3.4226519999265292,0,43.67540922770952,52.61292884139637,34.7378896140227
840,840,right,evaluation,2742,3.4226519999265292,0,38.61503174422619,47.02367040423726,30.20639308421512
841,841,left,evaluation,2742,29.49859299997115,0,43.959004518605354,53.16804032446322,34.7499687127475
841,841,right,evaluation,2742,29.49859299997115,0,37.72885185968196,45.70899864538028,29.748705073983643
842,842,left,evaluation,2743,4.574265999963245,1,44.07273032125434,53.440518376023206,34.704942266485475
842,842,right,evaluation,2743,4.574265999963245,1,36.69023558248537,44.32683301732247,29.05363814764825
843,843,left,evaluation,2748,1.2104820000331529,1,42.7484188934943,51.83214393243135,33.66469385455728
843,843,right,evaluation,2748,1.2104820000331529,1,34.76320733733748,41.85208171441207,27.674332960262888
844,844,left,evaluation,2753,6.573933000026955,1,42.30229476393936,51.30737934385026,33.297210184028465
844,844,right,evaluation,2753,6.573933000026955,1,34.109726398358916,41.304361166336605,26.915091630381227
845,845,left,evaluation,2755,12.093572499907168,1,41.77500838204694,50.75830343040782,32.79171333368605
845,845,right,evaluation,2755,12.093572499907168,1,33.706514093120845,41.08269543395002,26.330332752291678
846,846,left,evaluation,2756,20.164133999969636,0,41.47166944075384,50.35508131932635,32.58825756218133
846,846,right,evaluation,2756,20.164133999969636,0,33.67495421270196,41.19478761448288,26.15512081092105
847,847,left,evaluation,2758,4.914384999892718,1,39.97911674000715,48.4300967317959,31.528136748218408
847,847,right,evaluation,2758,4.914384999892718,1,32.063820989669935,39.082262770204494,25.045379209135373
848,848,left,evaluation,2764,0.40122299992617627,1,38.00553232418747,45.67953218219709,30.33153246617785
848,848,right,evaluation,2764,0.40122299992617627,1,31.22150160423987,37.93579166181647,24.507211546663278
849,849,left,evaluation,2769,0.5241530000148487,1,36.335267245157205,43.21003911106218,29.460495379252244
849,849,right,evaluation,2769,0.5241530000148487,1,31.16625425891646,37.974519849732246,24.357988668100663
850,850,left,evaluation,2770,19.683415000145033,0,35.46229496670139,41.990003185924266,28.934586747478516
850,850,right,evaluation,2770,19.683415000145033,0,31.04088184172562,37.8210460131359,24.260717670315334
851,851,left,evaluation,2771,29.777707999755876,0,34.971783560415695,41.27843542069354,28.665131700137863
851,851,right,evaluation,2771,29.777707999755876,0,30.711022133096645,37.28012746660739,24.141916799585903
852,852,left,evaluation,2771,2.7301760001137154,1,34.82751990353211,40.964014096420236,28.691025710643977
852,852,right,evaluation,2771,2.7301760001137154,1,30.673394043996797,37.10513822416867,24.24164986382493
853,853,left,evaluation,2779,0.19023400000151014,1,34.226819846858156,40.29070110471683,28.16293858899947
853,853,right,evaluation,2779,0.19023400000151014,1,29.878934452072066,35.8259543384764,23.93191456566773
854,854,left,evaluation,2784,0.5677649999142886,1,33.855013028657325,39.74612017984289,27.963905877471763
854,854,right,evaluation,2784,0.5677649999142886,1,29.157191690250567,34.70825682313717,23.606126557363964
855,855,left,evaluation,2787,18.02184949997354,1,33.685485066063734,39.43675449831302,27.93421563381445
855,855,right,evaluation,2787,18.02184949997354,1,28.415734947362306,33.45826603864135,23.373203856083276
856,856,left,evaluation,2788,19.188643000006778,1,33.23483181919862,38.66560521703369,27.804058421363543
856,856,right,evaluation,2788,19.188643000006778,1,27.807828340945775,32.359707920020185,23.255948761871366
857,857,left,evaluation,2789,12.75043250007002,1,32.735996729449916,37.806699226610974,27.66529423228884
857,857,right,evaluation,2789,12.75043250007002,1,27.548536910769464,31.720579073801503,23.376494747737414
858,858,left,evaluation,2792,1.570008000044254,1,32.26625652450163,36.9417718273155,27.59074122168775
858,858,right,evaluation,2792,1.570008000044254,1,27.22333379171955,31.100067164783262,23.346600418655846
859,859,left,evaluation,2799,1.6700060000403028,1,32.069321699307146,36.69892713690492,27.43971626170938
859,859,right,evaluation,2799,1.6700060000403028,1,26.929192131128104,30.48832689329647,23.37005736895973
860,860,left,evaluation,2803,1.3987329998599307,0,32.08149446962718,36.89804704769359,27.264941891560778
860,860,right,evaluation,2803,1.3987329998599307,0,26.809078408488112,30.23865611427679,23.37950070269944
861,861,left,evaluation,2806,18.01546349997807,0,32.34330630490987,37.55070065203718,27.13591195778257
861,861,right,evaluation,2806,18.01546349997807,0,27.056898856209905,30.684787678588094,23.42901003383171
862,862,left,evaluation,2807,11.9543230000545,1,32.63967139427251,38.257732172866916,27.02161061567809
862,862,right,evaluation,2807,11.9543230000545,1,27.527731644404774,31.489108049710456,23.566355239099096
863,863,left,evaluation,2809,1.3546599998335296,1,33.123773309129206,39.29186721848913,26.955679399769288
863,863,right,evaluation,2809,1.3546599998335296,1,28.493814216093472,33.12166252012343,23.86596591206351
864,864,left,evaluation,2815,2.2492609998607804,1,33.568532489010344,40.21525493935634,26.921810038664365
864,864,right,evaluation,2815,2.2492609998607804,1,29.708153829825353,35.19898099693676,24.21732666271394
865,865,left,evaluation,2820,0.7210329999907117,1,34.24840597244094,41.55829652042015,26.938515424461723
865,865,right,evaluation,2820,0.7210329999907117,1,31.463482527485894,38.17862830176924,24.748336753202548
866,866,left,evaluation,2822,20.31445900001927,0,35.2853256877838,43.637339165849504,26.933312209718103
866,866,right,evaluation,2822,20.31445900001927,0,32.80998982758653,40.59062540498116,25.029354250191883
867,867,left,evaluation,2823,10.687631000109832,1,37.01545551324455,46.79028605258971,27.24062497389939
867,867,right,evaluation,2823,10.687631000109832,1,33.211148895080065,41.44256486389444,24.97973292626569
868,868,left,evaluation,2825,4.449711999995998,1,37.962811583866454,48.64470727080303,27.280915896929873
868,868,right,evaluation,2825,4.449711999995998,1,33.64595001842226,42.157060120160395,25.134839916684136
869,869,left,evaluation,2826,10.680159666662803,1,38.57536972831407,49.82966997522521,27.32106948140294
869,869,right,evaluation,2826,10.680159666662803,1,34.607512031894444,43.779512600125926,25.43551146366297
870,870,left,evaluation,2828,12.437092666687022,1,38.38515347228424,49.514768878534426,27.255538066034045
870,870,right,evaluation,2828,12.437092666687022,1,35.60066168942465,45.44743758762472,25.753885791224583
871,871,left,evaluation,2829,1.35479799996574,1,38.037285499706535,48.99152309337522,27.083047906037837
871,871,right,evaluation,2829,1.35479799996574,1,36.57142039630439,46.965764392869545,26.177076399739242
872,872,left,evaluation,2832,1.4491044998976577,1,37.908338104948676,48.863597651743234,26.953078558154107
872,872,right,evaluation,2832,1.4491044998976577,1,38.32574782503,50.06741153219953,26.58408411786047
873,873,left,evaluation,2838,0.7208529998479207,1,37.37432923361383,48.0622218395511,26.686436627676574
873,873,right,evaluation,2838,0.7208529998479207,1,39.08983605293225,51.29019998468531,26.88947212117919
874,874,left,evaluation,2842,3.51731299997482,0,35.43761523750238,44.4235383614923,26.45169211351247
874,874,right,evaluation,2842,3.51731299997482,0,39.034241318829096,51.260002959732695,26.808479677925487
875,875,left,evaluation,2843,17.80436100011684,0,34.98491624810437,43.52738900456944,26.442443491639295
875,875,right,evaluation,2843,17.80436100011684,0,39.00895459705747,51.18972165409805,26.828187540016877
876,876,left,evaluation,2844,1.0747490000539983,1,34.28112470604212,41.98064321438915,26.581606197695095
876,876,right,evaluation,2844,1.0747490000539983,1,39.51772600370339,52.177836172165655,26.857615835241113
877,877,left,evaluation,2849,1.0250320001432556,1,33.892638451260915,40.98650605924626,26.79877084327557
877,877,right,evaluation,2849,1.0250320001432556,1,39.77746291627846,52.576119235585466,26.97880659697146
878,878,left,evaluation,2854,1.3434709999273764,1,33.65678386814393,40.365069075408954,26.948498660878915
878,878,right,evaluation,2854,1.3434709999273764,1,39.279441535465814,51.548173090335055,27.010709980596584
879,879,left,evaluation,2857,18.273114000066926,1,33.72105327160976,40.34401468027109,27.09809186294846
879,879,right,evaluation,2857,18.273114000066926,1,39.18133601186414,51.334786058820555,27.02788596490773
880,880,left,evaluation,2858,23.439798000026713,0,33.94162482849059,40.52900327852025,27.354246378460935
880,880,right,evaluation,2858,23.439798000026713,0,38.85351185590085,50.70865205498158,26.998371656820115
881,881,left,evaluation,2859,5.178371000056359,1,34.19717934148821,41.08080784782097,27.313550835155446
881,881,right,evaluation,2859,5.178371000056359,1,38.04112606769571,49.05541748476545,27.026834650625965
882,882,left,evaluation,2863,1.7856594997738284,1,34.97510335771126,42.10192554330417,27.848281172118373
882,882,right,evaluation,2863,1.7856594997738284,1,37.794378624950994,48.42823948367655,27.160517766225446
883,883,left,evaluation,2869,5.339157999969757,1,35.59045719339427,42.6333957148585,28.54751867193006
883,883,right,evaluation,2869,5.339157999969757,1,37.37473246629296,47.17646171396638,27.573003218619533
884,884,left,evaluation,2872,14.030833500100925,1,36.48773872280811,43.53848844103583,29.43698900458037
884,884,right,evaluation,2872,14.030833500100925,1,37.75156306835435,47.23612936562422,28.26699677108447
885,885,left,evaluation,2872,19.43624499995167,0,37.493201028408336,44.5853782070558,30.40102384976088
885,885,right,evaluation,2872,19.43624499995167,0,38.128399457311986,47.49597836187926,28.76082055274471
886,886,left,evaluation,2874,1.3211529999352933,0,38.952215867252896,47.01438391739847,30.890047817107323
886,886,right,evaluation,2874,1.3211529999352933,0,38.56529505824081,47.92044506453536,29.210145051946267
887,887,left,evaluation,2878,1.631024000062098,1,40.12558887525549,48.926052083533634,31.325125666977335
887,887,right,evaluation,2878,1.631024000062098,1,38.825942785548236,48.234847064438746,29.41703850665773
888,888,left,evaluation,2884,3.4491379999508354,1,41.21105765826336,50.69582703447876,31.726288282047943
888,888,right,evaluation,2884,3.4491379999508354,1,39.78753733328929,49.743397778964585,29.83167688761402
889,889,left,evaluation,2887,5.08728400018299,1,41.82079467259352,51.6079553877179,32.03363395746913
889,889,right,evaluation,2887,5.08728400018299,1,40.3951516449111,50.6718770804324,30.118426209389792
890,890,left,evaluation,2888,17.287637999970684,1,42.349498736451125,52.34472363520632,32.35427383769592
890,890,right,evaluation,2888,17.287637999970684,1,40.51880207105093,50.83993076870327,30.197673373398594
891,891,left,evaluation,2889,5.290747000117335,0,42.89461052345129,53.16187655255062,32.62734449435197
891,891,right,evaluation,2889,5.290747000117335,0,40.479641100931325,50.70801307745135,30.2512691244113
892,892,left,evaluation,2894,1.083689499864704,0,43.47793343471344,54.15525283439611,32.80061403503077
892,892,right,evaluation,2894,1.083689499864704,0,41.013661489015085,51.51249893023588,30.514824047794292
893,893,left,evaluation,2902,2.2235310000269237,1,43.89587303387394,54.680883410702435,33.110862657045445
893,893,right,evaluation,2902,2.2235310000269237,1,41.48560248085606,52.14645032030796,30.824754641404166
894,894,left,evaluation,2906,1.2359555000784894,1,44.205933458309424,55.127308897987106,33.28455801863173
894,894,right,evaluation,2906,1.2359555000784894,1,42.330359905767594,53.39719446815339,31.263525343381794
895,895,left,evaluation,2908,0.3628510000908136,0,44.43352194156785,55.42930467821718,33.43773920491853
895,895,right,evaluation,2908,0.3628510000908136,0,43.20040191592181,54.60947508710956,31.791328744734056
896,896,left,evaluation,2909,29.016940999781582,0,44.598760018716945,55.55780275295225,33.63971728448165
896,896,right,evaluation,2909,29.016940999781582,0,43.79967831896657,55.39014608562318,32.209210552309955
897,897,left,evaluation,2910,1.047782000114239,1,44.6824525597964,55.59504529655887,33.76985982303393
897,897,right,evaluation,2910,1.047782000114239,1,44.20095516260148,55.940126633398776,32.46178369180417
898,898,left,evaluation,2914,1.2464779999845632,1,44.66049915628742,55.433807284636046,33.8871910279388
898,898,right,evaluation,2914,1.2464779999845632,1,44.59242681879935,56.37642395322896,32.808429684369756
899,899,left,evaluation,2915,6.482160999894404,1,44.41614065395349,55.012443789350904,33.819837518556064
899,899,right,evaluation,2915,6.482160999894404,1,45.39559703060245,57.557080137287684,33.23411392391722
900,900,left,evaluation,2916,17.925120499967306,1,43.997081398298725,54.332204941333316,33.661957855264134
900,900,right,evaluation,2916,17.925120499967306,1,45.572021217500705,57.789547731718855,33.354494703282555
901,901,left,evaluation,2917,4.425002999823846,0,43.69868213341091,53.873855285027766,33.523508981794066
901,901,right,evaluation,2917,4.425002999823846,0,45.53823108764887,57.65600989084074,33.42045228445697
902,902,left,evaluation,2918,8.20929350015831,0,43.46690146740209,53.530891298334,33.40291163647018
902,902,right,evaluation,2918,8.20929350015831,0,45.78015715277848,57.83796803672128,33.722346268835665
903,903,left,evaluation,2920,2.17518099998415,1,43.43981875476707,53.51107507576164,33.36856243377249
903,903,right,evaluation,2920,2.17518099998415,1,45.44092739771914,57.176174536743225,33.70568025869506
904,904,left,evaluation,2927,2.0054519998211617,1,43.644236753946764,53.792970327363356,33.49550318053016
904,904,right,evaluation,2927,2.0054519998211617,1,45.295763678819576,56.842770222637114,33.74875713500206
905,905,left,evaluation,2932,4.261170999825481,1,43.97431831714462,54.29965232058471,33.64898431370453
905,905,right,evaluation,2932,4.261170999825481,1,45.415241220906196,56.937684008963274,33.89279843284912
906,906,left,evaluation,2934,17.16832500005694,1,43.99439695748498,54.36995496725153,33.618838947718416
906,906,right,evaluation,2934,17.16832500005694,1,45.22498047510267,56.48081571031264,33.96914523989271
907,907,left,evaluation,2935,16.094247999944855,0,44.074926819701865,54.4784354692584,33.671418170145316
907,907,right,evaluation,2935,16.094247999944855,0,44.81232262998792,55.80701231938076,33.81763294059506
908,908,left,evaluation,2936,5.355081500056258,0,44.484174356183516,55.078139382618055,33.890209329748984
908,908,right,evaluation,2936,5.355081500056258,0,45.60805860848069,56.859849489680755,34.35626772728064
909,909,left,evaluation,2940,1.8800459999965824,1,45.00468691984509,55.919293003249436,34.09008083644075
909,909,right,evaluation,2940,1.8800459999965824,1,46.10065672758498,57.40199603772495,34.799317417445025
910,910,left,evaluation,2946,1.6673064999395137,1,44.95453142515844,55.894342410251646,34.01472044006524
910,910,right,evaluation,2946,1.6673064999395137,1,46.09398194459875,57.253072054858606,34.9348918343389
911,911,left,evaluation,2950,0.005594999947788892,1,44.8947914688182,55.85529206980088,33.9342908678355
911,911,right,evaluation,2950,0.005594999947788892,1,46.12584922881065,57.07609814486589,35.175600312755414
912,912,left,evaluation,2950,33.483831500007,0,44.53182897057975,55.31695162015958,33.746706320999934
912,912,right,evaluation,2950,33.483831500007,0,45.4787390743436,56.02746957138983,34.930008577297386
913,913,left,evaluation,2951,7.140132000131416,0,44.379544445200686,55.12033587343801,33.63875301696335
913,913,right,evaluation,2951,7.140132000131416,0,45.2192241492052,55.57535854053076,34.86308975787964
914,914,left,evaluation,2952,4.8551244999544,0,45.26777841246314,56.442385523473945,34.09317130145233
914,914,right,evaluation,2952,4.8551244999544,0,47.41090740590964,58.4200661163683,36.401748695450976
915,915,left,evaluation,2954,10.286625999924581,1,45.68096216566755,57.13273782692111,34.229186504414024
915,915,right,evaluation,2954,10.286625999924581,1,48.02955574620417,59.22820268156846,36.83090881083988
916,916,left,evaluation,2958,2.0842634999098664,1,46.05387072039201,57.56332633181288,34.54441510897115
916,916,right,evaluation,2958,2.0842634999098664,1,48.317018199278365,59.49289204299455,37.14114435556219
917,917,left,evaluation,2963,7.965202999912435,1,46.38100652103128,58.09310112140074,34.66891192066182
917,917,right,evaluation,2963,7.965202999912435,1,48.56344340990684,59.72464908997385,37.402237729839825
918,918,left,evaluation,2965,11.308300499877078,1,46.447468466837805,58.149202561353206,34.74573437232241
918,918,right,evaluation,2965,11.308300499877078,1,48.97033828930881,60.32520416888739,37.61547240973023
919,919,left,evaluation,2966,0.6905449999976554,0,46.622728639245665,58.44468717275113,34.8007701057402
919,919,right,evaluation,2966,0.6905449999976554,0,49.24992867722411,60.726730468451976,37.77312688599625
920,920,left,evaluation,2967,8.842186999800106,0,47.436319322842785,59.50954413723974,35.36309450844584
920,920,right,evaluation,2967,8.842186999800106,0,50.52212595161994,62.467787027393875,38.576464875846014
921,921,left,evaluation,2970,2.3736660000395204,1,47.66517181685902,59.862100771181034,35.468242862537004
921,921,right,evaluation,2970,2.3736660000395204,1,51.120503141303956,63.30902294496259,38.93198333764532
922,922,left,evaluation,2977,0.24512300001333642,1,48.00604321870699,60.32933119652148,35.68275524089249
922,922,right,evaluation,2977,0.24512300001333642,1,51.4193278440589,63.63747481677284,39.20118087134494
923,923,left,evaluation,2981,0.4562480000913638,1,48.30901317028851,60.70105572918719,35.91697061138982
923,923,right,evaluation,2981,0.4562480000913638,1,52.07268210785187,64.52729118433112,39.61807303137262
924,924,left,evaluation,2982,25.999696500093705,0,48.29506358560569,60.66065795178681,35.92946921942458
924,924,right,evaluation,2982,25.999696500093705,0,52.23441718824311,64.70810188117657,39.76073249530964
925,925,left,evaluation,2983,8.180827999922258,1,48.38938575572227,60.72387554992845,36.0548959615161
925,925,right,evaluation,2983,8.180827999922258,1,52.345039658873155,64.77212801309366,39.91795130465266
926,926,left,evaluation,2987,2.762276500106964,1,49.27407579684471,61.89082148416095,36.65733010952848
926,926,right,evaluation,2987,2.762276500106964,1,53.84669252374651,66.67849816492162,41.01488688257139
927,927,left,evaluation,2994,1.2743249999402906,1,49.629430310902585,62.226085846151435,37.03277477565374
927,927,right,evaluation,2994,1.2743249999402906,1,54.220989815911686,67.15124736073292,41.29073227109046
928,928,left,evaluation,2998,9.337657999822113,1,49.81838529572105,62.27651583999604,37.360254751446064
928,928,right,evaluation,2998,9.337657999822113,1,54.3806209281968,67.3456136956402,41.4156281607534
929,929,left,evaluation,2998,42.728157999817995,0,49.29134813765213,61.31022975532524,37.27246651997901
929,929,right,evaluation,2998,42.728157999817995,0,54.35866842771507,67.26239189771283,41.45494495771729
930,930,left,evaluation,2999,12.737818499999776,0,49.27398003668351,61.063099898444214,37.484860174922794
930,930,right,evaluation,2999,12.737818499999776,0,54.831640636823614,67.87215175741167,41.791129516235564
931,931,left,evaluation,3002,8.149566000156483,1,49.45832327985387,61.198031915572685,37.71861464413505
931,931,right,evaluation,3002,8.149566000156483,1,55.19840711435961,68.27160049144061,42.1252137372786
932,932,left,evaluation,3007,1.9410659999721247,1,49.04873743732652,60.48446851039107,37.61300636426196
932,932,right,evaluation,3007,1.9410659999721247,1,54.79119449643076,67.71805739708176,41.86433159577975
933,933,left,evaluation,3011,3.1478010000682843,1,48.49796538857787,59.63563920540538,37.360291571750366
933,933,right,evaluation,3011,3.1478010000682843,1,54.24882060923569,67.0441094912009,41.45353172727047
934,934,left,evaluation,3014,9.297796500050026,1,47.66986878909283,58.56469937241216,36.7750382057735
934,934,right,evaluation,3014,9.297796500050026,1,53.76888323977018,66.39264799845736,41.145118481083
935,935,left,evaluation,3014,44.37121799992383,0,47.41946093604095,58.28175261322374,36.55716925885815
935,935,right,evaluation,3014,44.37121799992383,0,53.196100386788075,65.58963705233536,40.802563721240794
936,936,left,evaluation,3015,12.6769255000454,0,45.83531608825961,56.384004948079124,35.28662722844011
936,936,right,evaluation,3015,12.6769255000454,0,52.976711449768615,65.22101002885923,40.732412870678004
937,937,left,evaluation,3018,1.8942199999401055,1,45.015531460479,55.32946049553932,34.70160242541866
937,937,right,evaluation,3018,1.8942199999401055,1,52.11443782763229,63.917478715245466,40.31139694001911
938,938,left,evaluation,3024,1.485389999970721,1,44.13350831698364,54.25618317805205,34.01083345591521
938,938,right,evaluation,3024,1.485389999970721,1,50.718533030924846,62.00043638072118,39.4366296811285
939,939,left,evaluation,3029,3.3480479999070667,0,43.301547385097976,53.32761896861352,33.27547580158243
939,939,right,evaluation,3029,3.3480479999070667,0,49.247923440498546,60.07513990469097,38.42070697630613
940,940,left,evaluation,3030,12.871093999820005,0,43.45233849452497,53.60225288150756,33.30242410754239
940,940,right,evaluation,3030,12.871093999820005,0,48.476205030587906,59.020076414870026,37.93233364630579
941,941,left,evaluation,3031,7.691235000038432,1,41.80816982639011,51.48506559969984,32.131274053080375
941,941,right,evaluation,3031,7.691235000038432,1,46.061159263972385,55.780861469029105,36.34145705891568
942,942,left,evaluation,3035,1.1434005000410252,1,41.50550557901591,51.21390059909449,31.797110558937334
942,942,right,evaluation,3035,1.1434005000410252,1,45.491006644030314,54.96895413342289,36.01305915463774
943,943,left,evaluation,3041,0.6315880000329344,1,41.502501304215386,51.35327307726866,31.6517295311621
943,943,right,evaluation,3041,0.6315880000329344,1,44.29350526247508,53.27666906006264,35.310341464887514
944,944,left,evaluation,3044,8.772013499765308,1,41.367717337808564,51.0821372181105,31.653297457506618
944,944,right,evaluation,3044,8.772013499765308,1,43.168324492202636,51.81163396633141,34.52501501807388
945,945,left,evaluation,3044,42.179313999895385,0,41.463726156336904,50.61096913649112,32.316483176182686
945,945,right,evaluation,3044,42.179313999895385,0,42.658436088045825,51.29872782578889,34.01814435030276
946,946,left,evaluation,3045,10.093003000065437,0,41.93021840117674,50.33767495541976,33.522761846933726
946,946,right,evaluation,3045,10.093003000065437,0,42.998112722649786,52.02068257741804,33.97554286788153
947,947,left,evaluation,3048,1.7357389999688166,1,42.26456034059671,50.250279738131,34.278840943062434
947,947,right,evaluation,3048,1.7357389999688166,1,42.06799689214073,50.94458257368227,33.19141121059919
948,948,left,evaluation,3054,0.10811299989654799,1,42.93577215880727,50.98754039786404,34.88400391975049
948,948,right,evaluation,3054,0.10811299989654799,1,42.013962985482394,50.929078282427106,33.098847688537674
949,949,left,evaluation,3057,3.6990090000017517,1,43.25647521026282,51.36036251026447,35.152587910261175
949,949,right,evaluation,3057,3.6990090000017517,1,41.33817482211826,49.97894499679738,32.697404647439136
950,950,left,evaluation,3060,16.675106000093365,1,42.959792416847606,50.86290121948737,35.056683614207834
950,950,right,evaluation,3060,16.675106000093365,1,40.71650731991048,49.050161219378204,32.38285342044276
951,951,left,evaluation,3061,22.9004249999889,0,42.84016154399127,50.756918968519436,34.9234041194631
951,951,right,evaluation,3061,22.9004249999889,0,40.910383446219704,49.39595742449775,32.42480946794166
952,952,left,evaluation,3063,2.4894695000057254,1,44.4917522952813,52.96901234179809,36.01449224876452
952,952,right,evaluation,3063,2.4894695000057254,1,39.200231281268216,46.84189184045246,31.55857072208396
953,953,left,evaluation,3069,2.347301000099833,1,44.6607670364352,53.35026370580279,35.97127036706762
953,953,right,evaluation,3069,2.347301000099833,1,39.58779466287327,47.475816061778694,31.699773263967852
954,954,left,evaluation,3074,0.9903430000122171,1,44.83588928336771,53.76870068494736,35.903077881788064
954,954,right,evaluation,3074,0.9903430000122171,1,40.18735222746763,48.35334900010051,32.02135545483474
955,955,left,evaluation,3075,3.795910000008007,0,44.84181242366604,53.97215374294821,35.711471104383875
955,955,right,evaluation,3075,3.795910000008007,0,40.912785792764026,49.50936041371253,32.31621117181552
956,956,left,evaluation,3076,10.571187500090673,0,45.01603362199517,54.466310793119646,35.565756450870694
956,956,right,evaluation,3076,10.571187500090673,0,42.25954139531335,51.47924866003599,33.03983413059072
957,957,left,evaluation,3080,2.9697539998778666,1,45.5922502108103,55.5529812642946,35.631519157326
957,957,right,evaluation,3080,2.9697539998778666,1,43.3427935660225,53.17781656884561,33.50777056319937
958,958,left,evaluation,3085,8.610377999957564,1,46.2676430982092,56.57654597636129,35.95874022005711
958,958,right,evaluation,3085,8.610377999957564,1,43.67851057068209,53.70202323222569,33.6549979091385
959,959,left,evaluation,3086,1.819108000063352,1,47.22340406427075,58.136504849852045,36.31030327868946
959,959,right,evaluation,3086,1.819108000063352,1,43.81824267698177,53.87939584905113,33.75708950491241
960,960,left,evaluation,3087,19.446931999937078,1,47.658130197425166,58.87996485361879,36.43629554123155
960,960,right,evaluation,3087,19.446931999937078,1,43.79476362039746,53.79587224487985,33.79365499591508
961,961,left,evaluation,3088,25.665781000043353,0,48.09103995131598,59.670020946784646,36.5120589558473
961,961,right,evaluation,3088,25.665781000043353,0,43.668370901125805,53.49757314763896,33.83916865461266
962,962,left,evaluation,3089,2.1928480000497075,1,48.6243793783326,60.57374284400036,36.67501591266485
962,962,right,evaluation,3089,2.1928480000497075,1,44.11996606098482,54.042474429468754,34.1974576925009
963,963,left,evaluation,3096,0.5101729998386872,1,49.08211382775587,61.230512522012326,36.93371513349942
963,963,right,evaluation,3096,0.5101729998386872,1,44.44803342563725,54.474687034723274,34.42137981655122
964,964,left,evaluation,3101,1.9956404998993094,1,49.39415649008946,61.69589213728525,37.09242084289367
964,964,right,evaluation,3101,1.9956404998993094,1,44.96676154572544,55.14367608913394,34.789847002316925
965,965,left,evaluation,3102,25.40351900006499,0,49.44365247777837,61.721991986616615,37.16531296894012
965,965,right,evaluation,3102,25.40351900006499,0,45.377113980301104,55.79896743938836,34.955260521213845
966,966,left,evaluation,3103,3.583303499908652,0,49.53149323576008,61.90591378126576,37.15707269025442
966,966,right,evaluation,3103,3.583303499908652,0,46.1802417541043,56.86506034503897,35.49542316316963
967,967,left,evaluation,3106,1.9538069998361607,1,49.48916726860554,61.74942981969671,37.228904717514375
967,967,right,evaluation,3106,1.9538069998361607,1,46.685528356742694,57.58625706273593,35.784799650749434
968,968,left,evaluation,3114,6.518621999930474,1,49.62408198676427,61.908049735617865,37.3401142379107
968,968,right,evaluation,3114,6.518621999930474,1,46.879650386165665,57.8800306772161,35.879270095115245
969,969,left,evaluation,3117,20.922340999959488,0,49.703226582515924,62.00982183569538,37.39663132933647
969,969,right,evaluation,3117,20.922340999959488,0,47.521513880479276,58.83724291436723,36.205784846591314
970,970,left,evaluation,3117,47.91084499993303,0,49.94642104573616,62.36853901051093,37.524303080961396
970,970,right,evaluation,3117,47.91084499993303,0,47.78724771536486,59.197102394839774,36.37739303588995
971,971,left,evaluation,3118,35.30151200016007,0,50.01829130646414,62.48466498941406,37.551917623514214
971,971,right,evaluation,3118,35.30151200016007,0,48.174064475479724,59.76185163257922,36.586277318380226
972,972,left,evaluation,3118,1.8853635001505609,0,50.199962586514495,62.7461140514052,37.65381112162379
972,972,right,evaluation,3118,1.8853635001505609,0,49.09716169276364,61.165582067762294,37.028741317765
973,973,left,evaluation,3124,0.3378050000719668,1,49.97565733266949,62.4211119999566,37.53020266538239
973,973,right,evaluation,3124,0.3378050000719668,1,50.52702734546785,63.31247393689881,37.74158075403689
974,974,left,evaluation,3130,0.10849699992832029,1,50.102713286319954,62.649954803087795,37.55547176955211
974,974,right,evaluation,3130,0.10849699992832029,1,51.330244572631656,64.55407813433494,38.10641101092837
975,975,left,evaluation,3133,8.159489000036046,1,50.39138915198552,63.1998729297272,37.58290537424385
975,975,right,evaluation,3133,8.159489000036046,1,52.535975131629684,66.27609721117796,38.79585305208141
976,976,left,evaluation,3133,18.617019999965123,1,51.06900711741481,64.31618191054099,37.82183232428864
976,976,right,evaluation,3133,18.617019999965123,1,53.66224502204834,67.90201202158784,39.42247802250885
977,977,left,evaluation,3134,21.47768800000449,0,52.612583456908666,66.62760723181563,38.59755968200169
977,977,right,evaluation,3134,21.47768800000449,0,54.94177535740314,69.5275024957242,40.356048219082076
978,978,left,evaluation,3137,1.5249650000441761,0,53.661800088372104,68.21356898288562,39.11003119385861
978,978,right,evaluation,3137,1.5249650000441761,0,56.227893232493,71.37370489478981,41.082081570196195
979,979,left,evaluation,3144,1.985708000120212,1,54.04246851263432,68.79532096028547,39.28961606498318
979,979,right,evaluation,3144,1.985708000120212,1,56.46967681353158,71.67548632497945,41.263867302083725
980,980,left,evaluation,3150,0.01902450003399281,1,54.27599337591103,69.20787018786561,39.34411656395645
980,980,right,evaluation,3150,0.01902450003399281,1,57.01530897684013,72.52697439151373,41.503643562166516
981,981,left,evaluation,3152,8.143622000034156,0,54.33072270689197,69.36310533154992,39.29834008223399
981,981,right,evaluation,3152,8.143622000034156,0,56.87747651593188,72.29504736888262,41.45990566298116
982,982,left,evaluation,3153,14.53450949998114,0,54.29915529078244,69.34808725206967,39.250223329495185
982,982,right,evaluation,3153,14.53450949998114,0,58.35343065487956,74.29567141753581,42.411189892223305
983,983,left,evaluation,3154,20.330199999989418,0,53.62481464139838,68.3727163915853,38.876912891211454
983,983,right,evaluation,3154,20.330199999989418,0,58.229382241464805,73.980936302229,42.47782818070059
984,984,left,evaluation,3156,1.1526265000156855,1,54.4777029140846,69.58299804316238,39.37240778500682
984,984,right,evaluation,3156,1.1526265000156855,1,61.43535218313374,78.57550741898265,44.29519694728482
985,985,left,evaluation,3163,1.5118320000055974,1,54.31988626138872,69.33838414736407,39.30138837541337
985,985,right,evaluation,3163,1.5118320000055974,1,61.14260898795726,78.11352081099979,44.17169716491473
986,986,left,evaluation,3167,0.5904134998218069,1,54.04372653512966,68.88196912745269,39.20548394280661
986,986,right,evaluation,3167,0.5904134998218069,1,60.700996732132865,77.407344098865,43.99464936540072
987,987,left,evaluation,3168,24.660600000061095,0,53.502758793918204,68.04937190043655,38.956145687399854
987,987,right,evaluation,3168,24.660600000061095,0,59.81299327978434,76.07832936828984,43.54765719127882
988,988,left,evaluation,3169,0.1641424998979346,0,53.29683972699511,67.80059762722101,38.79308182676922
988,988,right,evaluation,3169,0.1641424998979346,0,59.497745409161055,75.58139099423754,43.41409982408458
989,989,left,evaluation,3170,2.129625999941709,1,52.802970054742545,67.0068837755238,38.599056333961286
989,989,right,evaluation,3170,2.129625999941709,1,59.18126071505003,75.04113281283735,43.32138861726271
990,990,left,evaluation,3177,1.68186249993596,1,52.322103798461,66.16090950449825,38.483298092423745
990,990,right,evaluation,3177,1.68186249993596,1,58.59989856424606,74.11212501423073,43.087672114261395
991,991,left,evaluation,3181,3.2768390001365333,1,51.75595861879358,65.23898409125488,38.27293314633227
991,991,right,evaluation,3181,3.2768390001365333,1,57.718703983997514,72.81642146499334,42.62098650300169
992,992,left,evaluation,3182,6.538814000123239,1,51.29872963243889,64.46438665288125,38.133072611996525
992,992,right,evaluation,3182,6.538814000123239,1,56.69203911959321,71.31492329012005,42.06915494906638
993,993,left,evaluation,3183,21.204444000204603,0,51.056031424553474,63.97321461493915,38.138848234167796
993,993,right,evaluation,3183,21.204444000204603,0,55.623649421428055,69.77862393842791,41.46867490442823
994,994,left,evaluation,3184,0.5417030001808598,1,50.428366203733006,62.96033353272965,37.89639887473636
994,994,right,evaluation,3184,0.5417030001808598,1,54.77201353369962,68.47924109263975,41.06478597475949
995,995,left,evaluation,3190,0.45809300013388565,1,49.91728659556368,62.034809016822315,37.799764174305054
995,995,right,evaluation,3190,0.45809300013388565,1,53.46272012777867,66.54092174664727,40.38451850891007
996,996,left,evaluation,3194,1.6941446667715354,1,49.207974297895724,60.99364815725901,37.42230043853245
996,996,right,evaluation,3194,1.6941446667715354,1,52.59482119906822,65.28908217937914,39.90056021875731
997,997,left,evaluation,3196,11.13528966652666,1,48.71567720556392,60.21592380706793,37.21543060405991
997,997,right,evaluation,3196,11.13528966652666,1,51.805254749059046,64.07769933126738,39.53281016685069
998,998,left,evaluation,3197,2.216449999878023,1,47.9881289201082,59.24286537811626,36.733392462100134
998,998,right,evaluation,3197,2.216449999878023,1,50.92886304947679,62.729738886541384,39.12798721241219
999,999,left,evaluation,3203,1.8626769999627868,1,46.42365850283368,56.987012743159504,35.86030426250785
999,999,right,evaluation,3203,1.8626769999627868,1,48.10820957928516,58.67824972692419,37.538169431646125
1000,1000,left,evaluation,3208,1.260583666862658,1,45.42551769574466,55.68989296227187,35.161142429217456
1000,1000,right,evaluation,3208,1.260583666862658,1,46.8502169843615,56.82786073606405,36.87257323265895
1001,1001,left,evaluation,3211,7.271070333217722,0,44.918916078982356,54.99355727009082,34.8442748878739
1001,1001,right,evaluation,3211,7.271070333217722,0,45.82740843062447,55.38499992749473,36.26981693375421
1002,1002,left,evaluation,3212,24.676878000036595,0,43.88865226321913,53.55273568258368,34.224568843854556
1002,1002,right,evaluation,3212,24.676878000036595,0,44.36552226831592,53.32992491503975,35.40111962159209
1003,1003,left,evaluation,3213,0.4247790000135865,0,42.55217366887408,51.55784883283418,33.54649850491399
1003,1003,right,evaluation,3213,0.4247790000135865,0,42.2014822469125,50.276566451039116,34.126398042785866
1004,1004,left,evaluation,3218,3.3823010001015064,1,41.36366253665234,49.881808175152244,32.84551689815244
1004,1004,right,evaluation,3218,3.3823010001015064,1,40.72856287036855,48.139005141226825,33.318120599510266
1005,1005,left,evaluation,3222,0.4512010000325972,0,39.36194801271781,47.04052193807436,31.683374087361262
1005,1005,right,evaluation,3222,0.4512010000325972,0,39.16471442667829,45.864409869246174,32.465018984110394
1006,1006,left,evaluation,3224,1.4528330000302958,0,38.11513532762739,45.40246198429257,30.827808670962206
1006,1006,right,evaluation,3224,1.4528330000302958,0,38.223396073737135,44.48955728692099,31.957234860553285
1007,1007,left,evaluation,3225,22.073821000049065,0,37.384340201718324,44.48190871226062,30.28677169117602
1007,1007,right,evaluation,3225,22.073821000049065,0,37.118168718702954,42.97009153639939,31.266245901006517
1008,1008,left,evaluation,3226,0.7048329998724512,1,36.801907457881256,43.65051120260167,29.953303713160818
1008,1008,right,evaluation,3226,0.7048329998724512,1,36.083430436756274,41.575793153087304,30.59106772042524
1009,1009,left,evaluation,3233,0.04217100013192976,1,36.508035468145785,43.26841814494539,29.747652791346173
1009,1009,right,evaluation,3233,0.04217100013192976,1,35.16208328255427,40.40496289117866,29.91920367392988
1010,1010,left,evaluation,3239,9.166695499970956,1,36.35413558369636,43.180916376133695,29.52735479125901
1010,1010,right,evaluation,3239,9.166695499970956,1,34.703747032463056,39.996294855451524,29.411199209474603
1011,1011,left,evaluation,3240,16.401828999960344,1,36.42733048902244,43.39060085167961,29.46406012636528
1011,1011,right,evaluation,3240,16.401828999960344,1,34.417205085337706,39.78376941842747,29.05064075224795
1012,1012,left,evaluation,3241,21.039845333234553,0,36.597884282779766,43.5430446613096,29.65272390424994
1012,1012,right,evaluation,3241,21.039845333234553,0,34.25588169865911,39.80155262743017,28.71021076988805
1013,1013,left,evaluation,3244,1.141806666737466,1,36.73003191835701,43.81197409660099,29.648089740113022
1013,1013,right,evaluation,3244,1.141806666737466,1,33.94505705038074,39.62329680109971,28.266817299661767
1014,1014,left,evaluation,3251,1.5615269999216252,1,36.770560263017146,44.03014453469269,29.510975991341628
1014,1014,right,evaluation,3251,1.5615269999216252,1,33.913034105464654,39.84577699345734,27.98029121747196
1015,1015,left,evaluation,3254,3.722163000247747,1,36.851804307473984,44.38670063908115,29.316907975866833
1015,1015,right,evaluation,3254,3.722163000247747,1,34.13191977053366,40.59123077018305,27.672608770884278
1016,1016,left,evaluation,3254,36.45302000018091,0,36.93040477268765,44.64177013207076,29.21903941330454
1016,1016,right,evaluation,3254,36.45302000018091,0,34.60111072715961,41.69386692299578,27.50835453132343
1017,1017,left,evaluation,3255,3.898945500168338,0,37.005804488579045,44.93375206660464,29.077856910553447
1017,1017,right,evaluation,3255,3.898945500168338,0,35.23502843902126,43.14455711304887,27.32549976499365
1018,1018,left,evaluation,3256,5.140612999866789,1,37.01195868387861,45.23317193373991,28.79074543401731
1018,1018,right,evaluation,3256,5.140612999866789,1,35.48254168605343,43.923405244152,27.041678127954867
1019,1019,left,evaluation,3259,2.862244999732866,1,36.99713497901618,45.24774826307557,28.746521694956794
1019,1019,right,evaluation,3259,2.862244999732866,1,36.20302624096696,45.39189419781614,27.014158284117798
1020,1020,left,evaluation,3262,7.859578999841688,1,36.93874614356786,45.00032692360627,28.87716536352944
1020,1020,right,evaluation,3262,7.859578999841688,1,37.00908619300141,46.95769441075977,27.06047797524306
1021,1021,left,evaluation,3263,2.759048499910932,1,36.84360760612504,44.652625764869086,29.034589447380995
1021,1021,right,evaluation,3263,2.759048499910932,1,37.442364191734114,47.778852959241455,27.10587542422678
1022,1022,left,evaluation,3264,10.964718000195717,0,36.638870968489655,44.140635026415374,29.13710691056395
1022,1022,right,evaluation,3264,10.964718000195717,0,38.54278763454987,49.70424946343136,27.381325805668375
1023,1023,left,evaluation,3267,1.1560950001694437,0,36.12988003179798,43.07459148663724,29.185168576958734
1023,1023,right,evaluation,3267,1.1560950001694437,0,39.23139717593204,50.94889916612766,27.51389518573641
1024,1024,left,evaluation,3273,1.0091750000356114,1,36.02097123940466,42.74507558312646,29.296866895682864
1024,1024,right,evaluation,3273,1.0091750000356114,1,39.94955832644557,52.27774989893017,27.621366753960995
1025,1025,left,evaluation,3277,0.6285624999691208,1,36.04942208971336,42.81237717384933,29.2864670055774
1025,1025,right,evaluation,3277,0.6285624999691208,1,40.453714199165,53.12914350718347,27.778284891146523
1026,1026,left,evaluation,3277,32.816034000006766,0,36.18542123237104,43.00919611222257,29.3616463525195
1026,1026,right,evaluation,3277,32.816034000006766,0,40.703144442225785,53.55510666036711,27.851182224084454
1027,1027,left,evaluation,3278,19.434263499988447,0,36.19419366640573,42.968701899469245,29.41968543334222
1027,1027,right,evaluation,3278,19.434263499988447,0,41.020189607885264,54.00037368573336,28.04000553003717
1028,1028,left,evaluation,3279,0.9804599999370112,1,36.634734984579886,43.541483199685345,29.727986769474438
1028,1028,right,evaluation,3279,0.9804599999370112,1,41.120959631971715,54.048457109824746,28.193462154118663
1029,1029,left,evaluation,3285,1.2123569999857864,1,37.06531475051368,44.12363727432314,30.006992226704227
1029,1029,right,evaluation,3285,1.2123569999857864,1,41.28053134191187,54.25754512749363,28.3035175563301
1030,1030,left,evaluation,3289,1.5448619999460789,1,37.499566146596464,44.74561657365224,30.253515719540683
1030,1030,right,evaluation,3289,1.5448619999460789,1,41.79246902859899,55.0879436563053,28.496994400892664
1031,1031,left,evaluation,3291,19.312346499873456,1,37.877856914193444,45.19272664374586,30.56298718464103
1031,1031,right,evaluation,3291,19.312346499873456,1,41.592740084024264,54.66267490262413,28.5228052654244
1032,1032,left,evaluation,3292,50.20813300006921,0,38.55403358257199,46.108428398107876,30.999638767036124
1032,1032,right,evaluation,3292,50.20813300006921,0,41.127206966460115,53.660945028807554,28.593468904112694
1033,1033,left,evaluation,3292,16.290434000211462,0,38.9893326241627,46.569323619082645,31.40934162924275
1033,1033,right,evaluation,3292,16.290434000211462,0,40.95230829247155,53.24513550929612,28.659481075646983
1034,1034,left,evaluation,3295,1.2271010000404203,1,40.01113795785891,48.13062172530129,31.891654190416524
1034,1034,right,evaluation,3295,1.2271010000404203,1,40.30798287661142,51.83557622749474,28.7803895257281
1035,1035,left,evaluation,3300,0.21151750001990877,1,40.64683170404171,49.01064931391423,32.2830140941692
1035,1035,right,evaluation,3300,0.21151750001990877,1,40.00560124575953,51.08101402672115,28.93018846479789
1036,1036,left,evaluation,3304,4.161581000062142,1,41.343658951090134,49.84525922039552,32.84205868178475
1036,1036,right,evaluation,3304,4.161581000062142,1,39.5855408431735,50.126287190259,29.044794496087995
1037,1037,left,evaluation,3306,10.686527999951068,1,42.510360893825805,51.41021326650493,33.61050852114668
1037,1037,right,evaluation,3306,10.686527999951068,1,39.194898909279246,49.01452410589745,29.375273712661055
1038,1038,left,evaluation,3307,34.168066000120234,0,43.7280399736866,53.22510288334969,34.2309770640235
1038,1038,right,evaluation,3307,34.168066000120234,0,38.81575791069721,47.69265615066849,29.93885967072592
1039,1039,left,evaluation,3307,3.65681150015007,0,44.67224730009443,54.58740983919493,34.757084760993926
1039,1039,right,evaluation,3307,3.65681150015007,0,38.81733800481526,47.293471177608915,30.34120483202161
1040,1040,left,evaluation,3310,0.5226140001468593,1,45.76481616386414,56.1535580507372,35.37607427699107
1040,1040,right,evaluation,3310,0.5226140001468593,1,38.60354523111796,46.42037880625652,30.786711655979406
1041,1041,left,evaluation,3317,1.9641710000541934,1,46.254938052768715,56.822222807942225,35.687653297595205
1041,1041,right,evaluation,3317,1.9641710000541934,1,38.694687077671574,46.23193195783046,31.157442197512694
1042,1042,left,evaluation,3322,0.2963590000035765,0,46.62979629724906,57.38385937352997,35.875733220968144
1042,1042,right,evaluation,3322,0.2963590000035765,0,38.8895189633065,46.27117019129936,31.507867735313653
1043,1043,left,evaluation,3323,28.208628500124178,0,46.948589790999144,57.8132501171012,36.08392946489709
1043,1043,right,evaluation,3323,28.208628500124178,0,39.19212401312114,46.47390284656897,31.910345179673293
1044,1044,left,evaluation,3324,16.407487999913428,1,47.11017578576427,57.99904818706457,36.22130338446397
1044,1044,right,evaluation,3324,16.407487999913428,1,39.538489053289,46.784718949478574,32.29225915709942
1045,1045,left,evaluation,3325,2.5907105000442243,1,47.43376492025484,58.40504150517795,36.462488335331734
1045,1045,right,evaluation,3325,2.5907105000442243,1,40.12154687340548,47.739332892336435,32.50376085447452
1046,1046,left,evaluation,3332,2.5601340000775963,1,47.41373503590241,58.26056204773149,36.56690802407333
1046,1046,right,evaluation,3332,2.5601340000775963,1,40.53498939405875,48.293822629409696,32.77615615870779
1047,1047,left,evaluation,3334,11.169160500003272,1,47.19040656460952,57.876683583590605,36.50412954562844
1047,1047,right,evaluation,3334,11.169160500003272,1,40.67317216140751,48.37612652457743,32.970217798237584
1048,1048,left,evaluation,3335,13.404633999925863,0,46.88861191330953,57.36238262968592,36.41484119693313
1048,1048,right,evaluation,3335,13.404633999925863,0,40.97614611642893,48.77326134827503,33.17903088458284
1049,1049,left,evaluation,3336,12.133166500007064,0,46.649979809804975,56.950477856366795,36.34948176324315
1049,1049,right,evaluation,3336,12.133166500007064,0,41.29832472161655,49.28539998938955,33.31124945384355
1050,1050,left,evaluation,3338,2.617703000169058,1,46.43154547576469,56.56610786322466,36.29698308830473
1050,1050,right,evaluation,3338,2.617703000169058,1,41.54913110192604,49.65437857953877,33.443883624313315
1051,1051,left,evaluation,3344,7.006247999925108,1,46.075756223430346,56.01731125837792,36.13420118848277
1051,1051,right,evaluation,3344,7.006247999925108,1,41.699411896910675,49.86476753799751,33.53405625582384
1052,1052,left,evaluation,3346,13.117469000007986,0,45.57181796657281,55.24797318907641,35.895662744069206
1052,1052,right,evaluation,3346,13.117469000007986,0,41.29105896065317,49.29501551981531,33.287102401491026
1053,1053,left,evaluation,3347,20.44754999997167,0,44.94299937565364,54.262515187992996,35.62348356331429
1053,1053,right,evaluation,3347,20.44754999997167,0,39.886399017708335,47.198935789685166,32.5738622457315
1054,1054,left,evaluation,3347,12.553728000057163,1,44.2147631350859,53.25058110574148,35.17894516443033
1054,1054,right,evaluation,3347,12.553728000057163,1,38.171116065791544,44.745782562232264,31.596449569350806
1055,1055,left,evaluation,3351,2.7084599998943304,1,43.79683115932711,52.65447352853731,34.93918879011692
1055,1055,right,evaluation,3351,2.7084599998943304,1,37.36704550385859,43.515607970661954,31.218483037055222
1056,1056,left,evaluation,3356,4.848532000096384,1,42.752139643705185,51.15290609369642,34.35137319371395
1056,1056,right,evaluation,3356,4.848532000096384,1,36.70159858319484,42.55400767061549,30.84918949577418
1057,1057,left,evaluation,3360,2.533981499936999,1,41.481878620469004,49.279377407927846,33.68437983301017
1057,1057,right,evaluation,3360,2.533981499936999,1,35.79726682602857,41.13153727340254,30.462996378654587
1058,1058,left,evaluation,3360,36.29752799997732,0,40.75732135866158,48.22940726765318,33.28523544966998
1058,1058,right,evaluation,3360,36.29752799997732,0,35.03544068211475,39.95497498234498,30.115906381884532
1059,1059,left,evaluation,3361,4.301217999909568,1,40.23373715543653,47.42917726079151,33.038297050081546
1059,1059,right,evaluation,3361,4.301217999909568,1,34.382070751691764,38.90007967687703,29.864061826506504
1060,1060,left,evaluation,3366,2.298619999919538,1,39.77361939791736,46.97856561426364,32.568673181571064
1060,1060,right,evaluation,3366,2.298619999919538,1,33.94439475109685,38.72954423298401,29.15924526920969
1061,1061,left,evaluation,3371,4.847699000038119,1,39.612493373417,46.79136206121068,32.43362468562332
1061,1061,right,evaluation,3371,4.847699000038119,1,33.961148345560424,39.03862286479074,28.883673826330096
1062,1062,left,evaluation,3372,19.02717300004042,0,39.381418457830094,46.52277421904067,32.24006269661952
1062,1062,right,evaluation,3372,19.02717300004042,0,33.82221699461275,39.01897206003497,28.625461929190514
1063,1063,left,evaluation,3373,11.90038850018027,0,38.90905394443504,45.80769512814932,32.01041276072074
1063,1063,right,evaluation,3373,11.90038850018027,0,34.0209060369157,39.525732005277,28.516080068554402
1064,1064,left,evaluation,3374,1.6330230000676238,1,38.47732028666279,45.21594723854248,31.73869333478309
1064,1064,right,evaluation,3374,1.6330230000676238,1,34.91718419312893,41.49982730976647,28.334541076491398
1065,1065,left,evaluation,3378,1.7103054999552114,1,38.23157751293136,45.007805831318095,31.455349194544635
1065,1065,right,evaluation,3378,1.7103054999552114,1,35.53747841014929,42.93677695771211,28.13817986258648
1066,1066,left,evaluation,3384,4.694948999940607,1,38.181692680322215,45.09424993104436,31.269135429600066
1066,1066,right,evaluation,3384,4.694948999940607,1,35.888536592635056,43.81877590689123,27.958297278378875
1067,1067,left,evaluation,3385,21.936793499889973,0,37.95936802231482,44.90856615206807,31.010169892561557
1067,1067,right,evaluation,3385,21.936793499889973,0,36.316605786405795,44.799962955937424,27.83324861687417
1068,1068,left,evaluation,3386,33.833080999784215,0,37.89061465401617,44.93912174354727,30.842107564485076
1068,1068,right,evaluation,3386,33.833080999784215,0,36.55526583858662,45.45271541447859,27.65781626269465
1069,1069,left,evaluation,3386,0.07357149979725364,0,38.1269645439802,45.400260739152046,30.853668348808345
1069,1069,right,evaluation,3386,0.07357149979725364,0,36.76461243322964,46.028292936373376,27.500931930085898
1070,1070,left,evaluation,3389,1.648863000127676,1,37.95073649050076,45.44537919460056,30.45609378640096
1070,1070,right,evaluation,3389,1.648863000127676,1,37.12950792553157,47.058627459674135,27.20038839138899
1071,1071,left,evaluation,3396,1.7176174997075577,1,37.962954371894014,45.72809805715066,30.197810686637364
1071,1071,right,evaluation,3396,1.7176174997075577,1,37.522785539573185,48.01886473883224,27.02670634031413
1072,1072,left,evaluation,3398,2.4625220000871195,0,38.05567014904129,46.1576690125985,29.95367128548408
1072,1072,right,evaluation,3398,2.4625220000871195,0,38.066517602451945,49.17279955013957,26.96023565476431
1073,1073,left,evaluation,3399,19.297198499998558,0,38.29125496600031,46.82015984317805,29.76235008882258
1073,1073,right,evaluation,3399,19.297198499998558,0,38.78772633062216,50.58356273862513,26.991889922619187
1074,1074,left,evaluation,3400,12.058328999955847,1,38.361850431491895,47.38000579575043,29.34369506723335
1074,1074,right,evaluation,3400,12.058328999955847,1,39.52272267153732,52.06340133498303,26.982044008091613
1075,1075,left,evaluation,3402,0.8809629998722812,1,38.57546958396099,47.9773280082551,29.173611159666887
1075,1075,right,evaluation,3402,0.8809629998722812,1,40.29266963675714,53.508762959651584,27.07657631386268
1076,1076,left,evaluation,3409,0.6945169998289202,1,38.64353061089146,48.331419209190905,28.955642012592012
1076,1076,right,evaluation,3409,0.6945169998289202,1,41.18491099553945,55.139037152102674,27.230784838976223
1077,1077,left,evaluation,3412,4.1176030001679464,1,38.905801257713954,48.96071753381035,28.850884981617554
1077,1077,right,evaluation,3412,4.1176030001679464,1,42.081578943684136,56.73624410959415,27.42691377777411
1078,1078,left,evaluation,3412,38.36993599998095,0,39.048822442011975,49.228496495983016,28.869148388040934
1078,1078,right,evaluation,3412,38.36993599998095,0,43.11496611176807,58.48397787967893,27.745954343857203
1079,1079,left,evaluation,3413,9.829614499949457,1,39.26534346765685,49.94283623530349,28.58785070001021
1079,1079,right,evaluation,3413,9.829614499949457,1,44.468329408284966,60.90361243742566,28.033046379144253
1080,1080,left,evaluation,3418,1.745519999985845,1,39.197119292141494,49.946485741749115,28.447752842533873
1080,1080,right,evaluation,3418,1.745519999985845,1,45.50210708152388,62.70890439765956,28.295309765388204
1081,1081,left,evaluation,3423,6.3365564999458,1,38.93994880097936,49.633193752852875,28.246703849105835
1081,1081,right,evaluation,3423,6.3365564999458,1,46.24195902553025,64.01321268151612,28.47070536954438
1082,1082,left,evaluation,3427,0.8910999999898195,0,38.945307956194036,49.5981875262354,28.292428386152682
1082,1082,right,evaluation,3427,0.8910999999898195,0,46.789355189479735,65.04275509500908,28.535955283950408
1083,1083,left,evaluation,3428,29.19769250001991,0,38.91862162226626,49.377445779813776,28.459797464718765
1083,1083,right,evaluation,3428,29.19769250001991,0,47.10926674364767,65.58690869578025,28.631624791515087
1084,1084,left,evaluation,3429,1.0185099999944214,1,38.854169527916675,49.14684386624041,28.561495189592925
1084,1084,right,evaluation,3429,1.0185099999944214,1,47.52875454851093,66.35290431497741,28.70460478204444
1085,1085,left,evaluation,3436,1.468319999958112,1,38.75168001053579,48.81564601389549,28.68771400717612
1085,1085,right,evaluation,3436,1.468319999958112,1,47.94813978943218,67.09149963333132,28.804779945533028
1086,1086,left,evaluation,3441,2.0918090001487144,1,38.714785482066944,48.59863835664407,28.83093260748983
1086,1086,right,evaluation,3441,2.0918090001487144,1,48.01016722465527,67.16730448256774,28.8530299667428
1087,1087,left,evaluation,3444,18.427620500006014,1,38.626510211602906,48.248849396986905,29.004171026218906
1087,1087,right,evaluation,3444,18.427620500006014,1,48.04253219183785,67.19560011182003,28.889464271855672
1088,1088,left,evaluation,3445,23.299934000078792,0,38.247968400292464,47.31569921122906,29.18023758935585
1088,1088,right,evaluation,3445,23.299934000078792,0,47.92889335894285,66.85789994607252,28.99988677181318
1089,1089,left,evaluation,3446,6.230601499964905,1,38.36666051114837,47.40389927305377,29.329421749242982
1089,1089,right,evaluation,3446,6.230601499964905,1,47.685665214345704,66.35272290436222,29.018607524329184
1090,1090,left,evaluation,3453,2.4909139999635954,1,38.57325260374289,47.617039913210114,29.529465294275646
1090,1090,right,evaluation,3453,2.4909139999635954,1,47.40732068464184,65.81953643819632,28.995104931087347
1091,1091,left,evaluation,3458,1.1518484998305212,1,38.73975309266474,47.74084777986817,29.73865840546132
1091,1091,right,evaluation,3458,1.1518484998305212,1,46.945868756130885,64.8699546803825,29.02178283187927
1092,1092,left,evaluation,3459,20.028192000154377,0,38.76595066529071,47.602430804487334,29.929470526094086
1092,1092,right,evaluation,3459,20.028192000154377,0,46.56962907801579,64.03454748521803,29.104710670813535
1093,1093,left,evaluation,3459,12.64272449998316,0,38.94820342701527,47.61815248036218,30.278254373668357
1093,1093,right,evaluation,3459,12.64272449998316,0,46.46905285018493,63.729703036494854,29.208402663875
1094,1094,left,evaluation,3461,0.9317000001374254,1,39.374250546370114,47.980726023443296,30.76777506929693
1094,1094,right,evaluation,3461,0.9317000001374254,1,46.224841602581776,63.215776977766836,29.23390622739671
1095,1095,left,evaluation,3468,0.9641789999932371,1,39.554670282554646,47.92736097054975,31.18197959455953
1095,1095,right,evaluation,3468,0.9641789999932371,1,45.89091697516856,62.51282822342661,29.2690057269105
1096,1096,left,evaluation,3473,1.0237870001219562,1,40.02629402527416,48.44160260841246,31.610985442135863
1096,1096,right,evaluation,3473,1.0237870001219562,1,45.55539087446302,61.70418943370278,29.40659231522327
1097,1097,left,evaluation,3474,24.944319000042015,0,40.365491919727276,48.88203296251168,31.848950876942876
1097,1097,right,evaluation,3474,24.944319000042015,0,45.46997915712955,61.45445086718812,29.48550744707098
1098,1098,left,evaluation,3475,15.208035999876302,1,40.92302556871125,49.48310459388339,32.36294654353913
1098,1098,right,evaluation,3475,15.208035999876302,1,45.29118549117045,60.90428656804657,29.67808441429431
1099,1099,left,evaluation,3476,0.2296464999744785,1,41.90363314453328,50.79173050661821,33.01553578244835
1099,1099,right,evaluation,3476,0.2296464999744785,1,44.967587297239504,60.16097618514035,29.77419840933866
1100,1100,left,evaluation,3482,0.2858049999758805,1,42.762496922156025,51.94923587349265,33.575757970819424
1100,1100,right,evaluation,3482,0.2858049999758805,1,44.62487384049508,59.38729162173827,29.862456059251883
1101,1101,left,evaluation,3488,4.284779000045091,1,43.314651586183274,52.70282518574587,33.92647798662067
1101,1101,right,evaluation,3488,4.284779000045091,1,44.297921192265946,58.63126046847897,29.96458191605293
1102,1102,left,evaluation,3490,17.421306999949593,0,43.8582792280001,53.39983516518957,34.31672329081063
1102,1102,right,evaluation,3490,17.421306999949593,0,43.96050922568103,57.748104486174235,30.17291396518784
1103,1103,left,evaluation,3491,15.944971000180885,0,44.25685868654157,53.80865097323012,34.70506639985303
1103,1103,right,evaluation,3491,15.944971000180885,0,43.80248079918566,57.330086099807204,30.274875498564114
1104,1104,left,evaluation,3493,1.9482199998037686,1,44.973224739538196,54.86438687561449,35.08206260346189
1104,1104,right,evaluation,3493,1.9482199998037686,1,43.356155970917754,56.221331133308276,30.49098080852723
1105,1105,left,evaluation,3500,0.615016999972795,1,45.363478198104524,55.42694020227377,35.30001619393528
1105,1105,right,evaluation,3500,0.615016999972795,1,43.13859011035686,55.481666418428745,30.795513802284955
1106,1106,left,evaluation,3503,8.650958000089304,1,45.490562766289074,55.48228480951512,35.49884072306302
1106,1106,right,evaluation,3503,8.650958000089304,1,42.74467261736217,54.46112135186481,31.02822388285951
1107,1107,left,evaluation,3504,37.450896000109424,0,45.45786469637507,55.36498212597594,35.550747266774195
1107,1107,right,evaluation,3504,37.450896000109424,0,42.2742592903984,53.41130762912572,31.13721095167108
1108,1108,left,evaluation,3504,3.246558000000732,0,45.31425346871613,55.082339321584485,35.54616761584778
1108,1108,right,evaluation,3504,3.246558000000732,0,41.94883391306705,52.70962281988973,31.188045006244373
1109,1109,left,evaluation,3507,0.8725130001039361,0,45.606347726930345,55.34341964004824,35.869275813812465
1109,1109,right,evaluation,3507,0.8725130001039361,0,41.66480154736081,51.76797796057391,31.561625134147704
1110,1110,left,evaluation,3512,2.8426850001324055,1,45.69145298784505,55.42794331982166,35.95496265586843
1110,1110,right,evaluation,3512,2.8426850001324055,1,41.471949441742986,51.17835953916386,31.76553934432212
1111,1111,left,evaluation,3516,2.445883499831325,1,45.85852805892638,55.590103647594745,36.126952470258026
1111,1111,right,evaluation,3516,2.445883499831325,1,41.371925429145946,50.72942404659551,32.014426811696374
1112,1112,left,evaluation,3517,27.94159700010823,0,45.951075376235515,55.76144542957231,36.140705322898725
1112,1112,right,evaluation,3517,27.94159700010823,0,41.33068648702053,50.404096168960464,32.25727680508059
1113,1113,left,evaluation,3518,2.950600500071232,1,45.990789084652235,55.800687004913925,36.18089116439053
1113,1113,right,evaluation,3518,2.950600500071232,1,41.29131039708331,50.16200249805418,32.42061829611246
1114,1114,left,evaluation,3519,6.740484999909313,1,46.66232940740649,56.810959984016606,36.513698830796386
1114,1114,right,evaluation,3519,6.740484999909313,1,40.8420019012345,49.050440791697675,32.63356301077132
1115,1115,left,evaluation,3525,0.3710470000442001,1,46.90323173701553,57.18759950140718,36.618863972623856
1115,1115,right,evaluation,3525,0.3710470000442001,1,40.75181577009778,48.72730837504465,32.776323165150885
1116,1116,left,evaluation,3531,6.719996999891009,1,47.31705127820434,57.818031903212876,36.816070653195794
1116,1116,right,evaluation,3531,6.719996999891009,1,40.81911357426375,48.723238871420584,32.91498827710693
1117,1117,left,evaluation,3536,7.646162500122955,1,47.70374785453198,58.42393707398001,36.983558635083966
1117,1117,right,evaluation,3536,7.646162500122955,1,40.91932061465231,48.8125723901188,33.0260688391858
1118,1118,left,evaluation,3538,15.188539000064338,0,47.92236067888727,58.74141445676382,37.103306901010725
1118,1118,right,evaluation,3538,15.188539000064338,0,41.11266620390039,49.054031147062695,33.171301260738076
1119,1119,left,evaluation,3539,7.751273499934541,0,48.09522942283307,59.08150201260652,37.10895683305965
1119,1119,right,evaluation,3539,7.751273499934541,0,41.00414125810401,48.79805534710236,33.210227169105664
1120,1120,left,evaluation,3543,1.9463400001313858,1,48.58222461197936,59.83257852209264,37.33187070186609
1120,1120,right,evaluation,3543,1.9463400001313858,1,41.17503761744588,48.97299737654428,33.37707785834748
1121,1121,left,evaluation,3549,1.7366724998737482,1,48.88984711848021,60.382470651484866,37.397223585475565
1121,1121,right,evaluation,3549,1.7366724998737482,1,41.32174071165324,49.181562233013445,33.461919190293045
1122,1122,left,evaluation,3552,11.057903999926566,1,49.120931857144264,60.837449733427846,37.40441398086069
1122,1122,right,evaluation,3552,11.057903999926566,1,41.451624628267396,49.461526127966124,33.441723128568675
1123,1123,left,evaluation,3552,22.154285499937032,0,49.431018212681735,61.383694965400856,37.478341459962635
1123,1123,right,evaluation,3552,22.154285499937032,0,41.707068027046915,49.906336387713935,33.50779966637991
1124,1124,left,evaluation,3553,29.736816999957227,0,50.24279558603662,62.73479378802612,37.75079738404712
1124,1124,right,evaluation,3553,29.736816999957227,0,42.29270856058938,50.940897101939804,33.64452001923895
1125,1125,left,evaluation,3553,3.7050440000712115,0,50.793228775460975,63.58653605073475,37.99992150018721
1125,1125,right,evaluation,3553,3.7050440000712115,0,42.77419626369452,51.76875376248442,33.77963876490463
1126,1126,left,evaluation,3558,2.222741999958089,1,51.62908601117931,64.89939378918933,38.35877823316928
1126,1126,right,evaluation,3558,2.222741999958089,1,43.27481025382496,52.658965797034526,33.890654710615415
1127,1127,left,evaluation,3564,5.532908000077441,1,51.8831362091327,65.41735178205508,38.348920636210345
1127,1127,right,evaluation,3564,5.532908000077441,1,43.54828815763271,53.223647746819815,33.872928568445616
1128,1128,left,evaluation,3566,15.149839000059728,0,52.07496944972445,65.78802996944162,38.36190893000728
1128,1128,right,evaluation,3566,15.149839000059728,0,43.55005911185779,53.25100877827848,33.8491094454371
1129,1129,left,evaluation,3567,10.27692599996044,0,52.36189624291755,66.21945324454457,38.50433924129052
1129,1129,right,evaluation,3567,10.27692599996044,0,43.204782314809094,52.71955408067605,33.69001054894213
1130,1130,left,evaluation,3568,5.682352999883733,1,53.03848613059464,67.18453159406216,38.89244066712711
1130,1130,right,evaluation,3568,5.682352999883733,1,43.69964047620456,53.541145495704555,33.85813545670456
1131,1131,left,evaluation,3572,0.22751400001652655,1,53.80724391704479,68.12659902288132,39.48788881120826
1131,1131,right,evaluation,3572,0.22751400001652655,1,43.435126505622705,53.35783489649805,33.512418114747376
1132,1132,left,evaluation,3578,1.8921256666999398,1,53.82337960735545,68.07768737759284,39.56907183711804
1132,1132,right,evaluation,3578,1.8921256666999398,1,42.78248826984442,52.45235625385658,33.11262028583226
1133,1133,left,evaluation,3580,7.992881333166224,0,53.322146645859746,67.23880699929404,39.40548629242546
1133,1133,right,evaluation,3580,7.992881333166224,0,41.99592766503695,51.3239137017036,32.667941628370315
1134,1134,left,evaluation,3581,9.763203000147769,0,52.628143909993014,66.03897279992461,39.21731502006143
1134,1134,right,evaluation,3581,9.763203000147769,0,41.32945899947526,50.3743328576727,32.28458514127783
1135,1135,left,evaluation,3581,23.921255499772087,0,51.69158290122829,64.41031987751047,38.972845924946085
1135,1135,right,evaluation,3581,23.921255499772087,0,40.271037938196024,48.689275434177254,31.8528004422148
1136,1136,left,evaluation,3582,1.7621499998767831,1,51.313675824248115,63.55256584080919,39.074785807687036
1136,1136,right,evaluation,3582,1.7621499998767831,1,39.25705480905365,47.30127053516414,31.21283908294315
1137,1137,left,evaluation,3588,1.6743974999826605,1,49.78600949108681,61.32304829676658,38.24897068540704
1137,1137,right,evaluation,3588,1.6743974999826605,1,37.98194354494835,45.58706343530655,30.376823654590147
1138,1138,left,evaluation,3591,20.579075999876295,0,48.12687363831558,58.908510708128766,37.34523656850239
1138,1138,right,evaluation,3591,20.579075999876295,0,37.091170574844035,44.33978555686385,29.842555592824215
1139,1139,left,evaluation,3591,13.51475800015578,1,47.46029659350934,58.05103271590524,36.86956047111344
1139,1139,right,evaluation,3591,13.51475800015578,1,36.799459786617845,43.99299996058214,29.605919612653555
1140,1140,left,evaluation,3592,10.257802999831256,1,46.0465053687888,56.22895564340443,35.86405509417318
1140,1140,right,evaluation,3592,10.257802999831256,1,36.651844771670724,44.09162569202137,29.212063851320096
1141,1141,left,evaluation,3596,1.9688864999807265,1,45.24138872225626,55.28698127263757,35.19579617187494
1141,1141,right,evaluation,3596,1.9688864999807265,1,36.501091607164994,44.228491151855316,28.77369206247467
1142,1142,left,evaluation,3602,1.1737149998225505,1,44.78274482184456,54.85396372086579,34.71152592282332
1142,1142,right,evaluation,3602,1.1737149998225505,1,36.871867357012476,45.1327850509205,28.610949663104446
1143,1143,left,evaluation,3605,1.2354569998933584,1,44.391393480313766,54.45664670709586,34.32614025353166
1143,1143,right,evaluation,3605,1.2354569998933584,1,37.30431034844052,46.191797836921054,28.41682285995996
1144,1144,left,evaluation,3608,3.538676000061969,1,44.10724461814945,54.304040447449644,33.91044878884927
1144,1144,right,evaluation,3608,3.538676000061969,1,37.84290010904142,47.39691321534446,28.288887002738385
1145,1145,left,evaluation,3609,13.754098999697817,1,43.77978529057317,54.036030689709584,33.52353989143676
1145,1145,right,evaluation,3609,13.754098999697817,1,38.39607529545729,48.70833237942868,28.083818211485898
1146,1146,left,evaluation,3612,0.4610169999068603,1,43.01902811700061,53.33605922903996,32.701997004961264
1146,1146,right,evaluation,3612,0.4610169999068603,1,38.93186159431914,50.00343599400747,27.86028719463082
1147,1147,left,evaluation,3618,4.2055679998611595,1,43.23310897884484,53.92885833683895,32.53735962085074
1147,1147,right,evaluation,3618,4.2055679998611595,1,39.88976973182563,51.96531910657045,27.814220357080814
1148,1148,left,evaluation,3620,12.437931000022218,1,43.30325499119333,54.19847145573497,32.40803852665169
1148,1148,right,evaluation,3620,12.437931000022218,1,40.94741484076025,54.05318565746386,27.84164402405663
1149,1149,left,evaluation,3621,20.31097949998184,0,43.51012655932437,54.693010193050895,32.32724292559786
1149,1149,right,evaluation,3621,20.31097949998184,0,41.922274171870654,55.93418576472275,27.91036257901855
1150,1150,left,evaluation,3624,1.7105669999182282,1,42.96456674225109,54.36898438028603,31.56014910421614
1150,1150,right,evaluation,3624,1.7105669999182282,1,42.87320459824056,58.034732931102894,27.71167626537823
1151,1151,left,evaluation,3630,0.927158500189762,1,42.59511250916362,54.29306644531086,30.897158573016373
1151,1151,right,evaluation,3630,0.927158500189762,1,43.748518166851056,59.776318162231334,27.720718171470764
1152,1152,left,evaluation,3634,5.888845000072251,0,42.70132602067374,54.87843968775987,30.524212353587604
1152,1152,right,evaluation,3634,5.888845000072251,0,44.411107493622566,61.03938989796145,27.782825089283687
1153,1153,left,evaluation,3636,12.647339500063026,0,43.066875122059315,55.96408510828253,30.169665135836105
1153,1153,right,evaluation,3636,12.647339500063026,0,45.44887776970491,63.0179676674105,27.879787871999298
1154,1154,left,evaluation,3637,4.133060999947702,1,43.37887193032071,56.92068471827677,29.83705914236466
1154,1154,right,evaluation,3637,4.133060999947702,1,46.39636424961542,64.86586983228298,27.92685866694784
1155,1155,left,evaluation,3640,2.113573500082566,1,43.366216540982784,57.39243392215699,29.33999915980857
1155,1155,right,evaluation,3640,2.113573500082566,1,47.449727370907084,66.81811950976076,28.08133523205339
1156,1156,left,evaluation,3646,0.8651040000131616,1,43.32514872545585,57.65078297259313,28.999514478318552
1156,1156,right,evaluation,3646,0.8651040000131616,1,48.42981010079035,68.58581170998966,28.273808491591048
1157,1157,left,evaluation,3650,8.154325500072446,1,43.29968620781438,57.588488835788915,29.010883579839845
1157,1157,right,evaluation,3650,8.154325500072446,1,49.011338286505705,69.63163311791298,28.39104345509843
1158,1158,left,evaluation,3651,26.97101300009308,0,43.13712606184881,57.02687834310027,29.24737378059735
1158,1158,right,evaluation,3651,26.97101300009308,0,49.630038462605455,70.70317505488254,28.556901870328367
1159,1159,left,evaluation,3652,0.9172179998131469,0,42.99330418152162,56.63949752572548,29.34711083731778
1159,1159,right,evaluation,3652,0.9172179998131469,0,50.25671782814944,71.82661016756303,28.68682548873586
1160,1160,left,evaluation,3658,1.6348850001577375,1,42.95916051651801,56.27466920823995,29.64365182479608
1160,1160,right,evaluation,3658,1.6348850001577375,1,50.70796859635774,72.61961037009698,28.7963268226185
1161,1161,left,evaluation,3664,2.7958439998201357,1,42.91764447745186,55.95415024450996,29.88113871039376
1161,1161,right,evaluation,3664,2.7958439998201357,1,50.76142736893225,72.67014358362428,28.85271115424024
1162,1162,left,evaluation,3668,8.40861399979076,0,42.73266399909083,55.51575604806627,29.94957195011541
1162,1162,right,evaluation,3668,8.40861399979076,0,50.57987516685485,72.18866268665393,28.97108764705579
1163,1163,left,evaluation,3669,41.11695850019714,0,42.5168011361949,54.799161522512804,30.234440749877002
1163,1163,right,evaluation,3669,41.11695850019714,0,50.316835369873495,71.40905840122981,29.224612338517176
1164,1164,left,evaluation,3669,4.49574100002792,1,41.99628355420562,53.5281332518028,30.464433856608434
1164,1164,right,evaluation,3669,4.49574100002792,1,50.20353163376843,70.74909729776085,29.657965969776
1165,1165,left,evaluation,3674,1.8702085001223168,1,41.33854817896029,52.17848635080926,30.498610007111303
1165,1165,right,evaluation,3674,1.8702085001223168,1,50.00339174834049,70.12941112068154,29.877372375999435
1166,1166,left,evaluation,3679,5.1356090000354016,1,40.80781505778908,51.075357351384966,30.540272764193173
1166,1166,right,evaluation,3679,5.1356090000354016,1,49.56678793779109,69.13075175154383,30.00282412403837
1167,1167,left,evaluation,3681,16.867899500084604,1,40.22749623041277,49.95156128615084,30.50343117467471
1167,1167,right,evaluation,3681,16.867899500084604,1,48.78402013373286,67.60300506610093,29.9650352013648
1168,1168,left,evaluation,3682,11.908898999990924,0,39.72312965845832,48.95794816777804,30.48831114913861
1168,1168,right,evaluation,3682,11.908898999990924,0,48.013799443441606,66.01912519649079,30.008473690392428
1169,1169,left,evaluation,3683,13.907294000091497,0,38.82894374378877,47.18165241506363,30.476235072513894
1169,1169,right,evaluation,3683,13.907294000091497,0,47.038062935577614,64.07813567840884,29.997990192746386
1170,1170,left,evaluation,3686,0.24704700012989633,1,38.76158777046741,46.86835261677428,30.654822924160527
1170,1170,right,evaluation,3686,0.24704700012989633,1,45.523145015438196,61.21008610076482,29.836203930111584
1171,1171,left,evaluation,3693,0.02879199996641546,1,38.48187395257273,46.22268729705792,30.741060608087537
1171,1171,right,evaluation,3693,0.02879199996641546,1,44.494287582699044,59.18220380404286,29.806371361355247
1172,1172,left,evaluation,3696,7.608506999986275,1,38.20544132658798,45.46645930985963,30.944423343316338
1172,1172,right,evaluation,3696,7.608506999986275,1,43.39854501368676,57.12031854522716,29.676771482146364
1173,1173,left,evaluation,3697,15.73476299995491,1,38.160475356500946,45.19173274447688,31.12921796852502
1173,1173,right,evaluation,3697,15.73476299995491,1,42.57720353910905,55.50408542375749,29.65032165446062
1174,1174,left,evaluation,3698,33.13777499988646,0,37.93069168047567,44.581995274108166,31.279388086843163
1174,1174,right,evaluation,3698,33.13777499988646,0,41.302718600967225,53.04402217862469,29.561415023309774
1175,1175,left,evaluation,3698,0.5868410000857693,0,37.87977696358512,44.33560767868712,31.423946248483126
1175,1175,right,evaluation,3698,0.5868410000857693,0,40.47692658995425,51.44382840719495,29.510024772713553
1176,1176,left,evaluation,3704,2.2492319999400934,1,37.569479609712104,43.7538971376798,31.385062081744422
1176,1176,right,evaluation,3704,2.2492319999400934,1,39.60641600334439,49.655710240589265,29.557121766099527
1177,1177,left,evaluation,3710,6.388500499951988,1,37.48189010655344,43.59005511161257,31.373725101494312
1177,1177,right,evaluation,3710,6.388500499951988,1,38.79761795825479,48.066534045362864,29.528701871146723
1178,1178,left,evaluation,3713,6.472576999840385,1,37.54749028699822,43.692227874722406,31.40275269927404
1178,1178,right,evaluation,3713,6.472576999840385,1,38.060204922035666,46.55077237293668,29.569637471134666
1179,1179,left,evaluation,3714,7.73744799994347,1,37.62150519095962,43.754623400648825,31.488386981270406
1179,1179,right,evaluation,3714,7.73744799994347,1,37.76855560360749,45.869038533183875,29.668072674031112
1180,1180,left,evaluation,3715,19.48270599996249,1,37.47194456403562,43.524731186950085,31.419157941121142
1180,1180,right,evaluation,3715,19.48270599996249,1,37.47376536153269,45.120654488729606,29.826876234335778
1181,1181,left,evaluation,3715,12.33116000003065,1,37.71007393964448,43.89073197261895,31.529415906670003
1181,1181,right,evaluation,3715,12.33116000003065,1,37.82982940572914,45.62226949976478,30.0373893116935
1182,1182,left,evaluation,3719,2.2228440000162664,1,37.65133223636125,43.81043550479277,31.492228967929712
1182,1182,right,evaluation,3719,2.2228440000162664,1,37.2085929606592,44.25282844059102,30.164357480727386
1183,1183,left,evaluation,3725,0.19791950012404413,1,37.74721219869658,43.960360824161405,31.534063573231766
1183,1183,right,evaluation,3725,0.19791950012404413,1,37.04251669868163,43.805318319932375,30.279715077430886
1184,1184,left,evaluation,3729,0.45073500018588675,1,38.075894176758446,44.44028607339152,31.71150228012538
1184,1184,right,evaluation,3729,0.45073500018588675,1,36.78147217999498,43.334131051851315,30.228813308138637
1185,1185,left,evaluation,3730,3.848871500167661,1,38.490311050896565,45.02974469997647,31.950877401816662
1185,1185,right,evaluation,3730,3.848871500167661,1,36.73213425742077,43.28654612865139,30.17772238619014
1186,1186,left,evaluation,3731,7.6481320002130815,1,39.18363268353587,46.104368664245534,32.262896702826204
1186,1186,right,evaluation,3731,7.6481320002130815,1,36.54974540195952,42.78773417170602,30.31175663221303
1187,1187,left,evaluation,3736,0.4033110001273599,1,39.66541310939406,46.85220243389331,32.47862378489481
1187,1187,right,evaluation,3736,0.4033110001273599,1,36.40382061560901,42.430720779461915,30.3769204517561
1188,1188,left,evaluation,3743,0.5359159999898111,1,40.180417471574835,47.61379927499447,32.7470356681552
1188,1188,right,evaluation,3743,0.5359159999898111,1,36.27437719784747,42.125930398020515,30.42282399767443
1189,1189,left,evaluation,3747,1.696788500112234,1,40.859545588035175,48.759338148077674,32.95975302799269
1189,1189,right,evaluation,3747,1.696788500112234,1,36.30506188086305,42.16411113108087,30.44601263064522
1190,1190,left,evaluation,3749,6.042917999820929,0,41.39697094602913,49.44715406416533,33.34678782789293
1190,1190,right,evaluation,3749,6.042917999820929,0,36.35451125244555,42.21668483730398,30.492337667587115
1191,1191,left,evaluation,3749,26.666725500263055,0,41.60105244122775,49.7525407561863,33.44956412626921
1191,1191,right,evaluation,3749,26.666725500263055,0,36.35127554860469,42.096188372909786,30.6063627242996
1192,1192,left,evaluation,3750,1.0749650000434485,1,41.837893779075365,50.04426910641588,33.63151845173485
1192,1192,right,evaluation,3750,1.0749650000434485,1,36.53364221357354,42.15493666983686,30.912347757310236
1193,1193,left,evaluation,3756,0.0570340000649594,1,42.28235929725038,50.745481109010676,33.81923748549008
1193,1193,right,evaluation,3756,0.0570340000649594,1,37.16996838576059,43.25901303015351,31.080923741367677
1194,1194,left,evaluation,3761,1.450910999892585,1,42.4253482355154,50.92572303063599,33.92497344039482
1194,1194,right,evaluation,3761,1.450910999892585,1,37.605731733542505,43.84444921642178,31.36701425066323
1195,1195,left,evaluation,3764,2.2312675000648596,1,42.6128282904607,51.14922948980129,34.0764270911201
1195,1195,right,evaluation,3764,2.2312675000648596,1,37.902947440780736,44.24186585902691,31.564029022534566
1196,1196,left,evaluation,3765,5.33312799984742,0,42.72621911229136,51.2185930305076,34.23384519407513
1196,1196,right,evaluation,3765,5.33312799984742,0,38.20420800621727,44.659734876033966,31.748681136400585
1197,1197,left,evaluation,3767,3.1695474999651196,0,43.057216783357866,51.66040956384826,34.45402400286746
1197,1197,right,evaluation,3767,3.1695474999651196,0,38.82193507538361,45.62172248746989,32.02214766329733
1198,1198,left,evaluation,3768,8.28608599999825,1,43.52985344598724,52.38860552441115,34.67110136756335
1198,1198,right,evaluation,3768,8.28608599999825,1,39.94776312972901,47.48795922486157,32.40756703459647
1199,1199,left,evaluation,3772,1.9645874999696389,1,43.61215708869369,52.570323954242454,34.65399022314494
1199,1199,right,evaluation,3772,1.9645874999696389,1,40.91031156707696,48.976181529596786,32.84444160455715
1200,1200,left,evaluation,3775,9.02956400000221,1,43.77915442492862,52.941897090341946,34.61641175951528
1200,1200,right,evaluation,3775,9.02956400000221,1,41.77918182387559,50.309396002655745,33.24896764509544
1201,1201,left,evaluation,3776,40.706069999941974,0,44.06097270316995,53.45863779860334,34.66330760773655
1201,1201,right,evaluation,3776,40.706069999941974,0,41.88446465708374,50.410618743163056,33.358310571004445
1202,1202,left,evaluation,3776,7.7544270000089455,1,43.89361311338031,53.36471093566922,34.42251529109141
1202,1202,right,evaluation,3776,7.7544270000089455,1,41.5463907824046,49.867520717629226,33.22526084717998
1203,1203,left,evaluation,3780,0.7242185001814505,1,44.37514779274177,54.045659996085206,34.70463558939835
1203,1203,right,evaluation,3780,0.7242185001814505,1,42.11825369073368,50.788984896945216,33.44752248452214
1204,1204,left,evaluation,3786,4.635467000071003,1,44.2113276578372,53.85451383436781,34.56814148130659
1204,1204,right,evaluation,3786,4.635467000071003,1,41.87908060734156,50.368851749333295,33.38930946534983
1205,1205,left,evaluation,3790,4.084614000021247,1,43.42798820682587,52.77927748681964,34.07669892683212
1205,1205,right,evaluation,3790,4.084614000021247,1,40.80334745279528,48.704631203934845,32.90206370165572
1206,1206,left,evaluation,3792,1.273080000146365,1,42.2312136609185,51.02551846936012,33.43690885247687
1206,1206,right,evaluation,3792,1.273080000146365,1,39.417269256873695,46.57102984544781,32.263508668299586
1207,1207,left,evaluation,3793,0.7507594998514833,1,41.352399965325915,49.64290794795555,33.06189198269627
1207,1207,right,evaluation,3793,0.7507594998514833,1,38.41002474843961,44.97276019462386,31.847289302255355
1208,1208,left,evaluation,3795,4.284898999912912,1,41.02341733437251,49.063904213929895,32.982930454815126
1208,1208,right,evaluation,3795,4.284898999912912,1,36.94287021668536,42.741526053723575,31.144214379647146
1209,1209,left,evaluation,3802,2.1475055000337306,1,40.69351583040868,48.488230159550014,32.898801501267336
1209,1209,right,evaluation,3802,2.1475055000337306,1,35.50965380286898,40.65620919195433,30.363098413783625
1210,1210,left,evaluation,3806,2.8068350000012288,1,40.13963485815496,47.654900943290016,32.62436877301992
1210,1210,right,evaluation,3806,2.8068350000012288,1,34.768701701444144,39.57312117911563,29.96428222377265
1211,1211,left,evaluation,3808,18.802086500045334,1,39.58872626757195,46.80556087271564,32.37189166242827
1211,1211,right,evaluation,3808,18.802086500045334,1,34.08543602213388,38.6231507197772,29.54772132449055
1212,1212,left,evaluation,3809,4.3725289999656525,1,38.77549770088534,45.63785743569848,31.913137966072192
1212,1212,right,evaluation,3809,4.3725289999656525,1,33.25277817203852,37.430980163141946,29.07457618093509
1213,1213,left,evaluation,3815,0.8717980001620163,1,37.48891896959807,43.69756575482293,31.2802721843732
1213,1213,right,evaluation,3815,0.8717980001620163,1,32.39772721474564,36.09012332816917,28.70533110132211
1214,1214,left,evaluation,3820,2.2953189998133894,1,36.37813338047944,42.033965267361836,30.722301493597037
1214,1214,right,evaluation,3820,2.2953189998133894,1,31.933135779614048,35.48321832498118,28.383053234246905
1215,1215,left,evaluation,3821,30.014900499963915,0,35.318282694501136,40.52851983939981,30.108045549602462
1215,1215,right,evaluation,3821,30.014900499963915,0,31.611266446264704,35.14284940562327,28.07968348690614
1216,1216,left,evaluation,3821,3.185345000019879,1,34.34850365591286,39.152380646886584,29.54462666493913
1216,1216,right,evaluation,3821,3.185345000019879,1,31.447169612170676,35.02075009425505,27.873589130086298
1217,1217,left,evaluation,3825,4.020676000209278,1,33.87808769921473,38.51502029078486,29.24115510764459
1217,1217,right,evaluation,3825,4.020676000209278,1,31.209428465939407,34.74067609921306,27.67818083266576
1218,1218,left,evaluation,3832,2.461003000007622,1,33.28749575762679,37.735696943570915,28.83929457168266
1218,1218,right,evaluation,3832,2.461003000007622,1,31.167011496110366,34.84614927724406,27.48787371497666
1219,1219,left,evaluation,3836,2.8568614998221165,1,33.01928037246262,37.37242107592671,28.666139668998532
1219,1219,right,evaluation,3836,2.8568614998221165,1,31.170465854581796,35.034086060716135,27.30684564844745
1220,1220,left,evaluation,3838,11.693043999912334,1,32.78320901191487,37.03081445253183,28.535603571297905
1220,1220,right,evaluation,3838,11.693043999912334,1,31.272477278837908,35.35785247146589,27.187102086209922
1221,1221,left,evaluation,3839,21.31153400000585,0,33.08511859287048,37.67000141554553,28.500235770195435
1221,1221,right,evaluation,3839,21.31153400000585,0,31.50806001285224,35.890228040466404,27.12589198523808
1222,1222,left,evaluation,3840,3.4943129999192024,1,33.302893844027395,37.851982549973386,28.7538051380814
1222,1222,right,evaluation,3840,3.4943129999192024,1,31.767256635864374,36.426173294446606,27.10833997728215
1223,1223,left,evaluation,3847,0.6111949999194621,1,33.89010882466484,38.898733852853425,28.881483796476267
1223,1223,right,evaluation,3847,0.6111949999194621,1,32.2661516549348,37.42720471626634,27.105098593603277
1224,1224,left,evaluation,3852,1.9022389999463485,0,34.91261276505136,40.59023531909727,29.234990211005446
1224,1224,right,evaluation,3852,1.9022389999463485,0,32.87973863209732,38.57312683155523,27.186350432639408
1225,1225,left,evaluation,3853,14.066100500031098,0,35.196658133582545,41.0679737438445,29.325342523320604
1225,1225,right,evaluation,3853,14.066100500031098,0,33.45396221266699,39.57179716358116,27.3361272617528
1226,1226,left,evaluation,3854,6.374721000156569,1,35.67154083951707,41.896452788126055,29.446628890908094
1226,1226,right,evaluation,3854,6.374721000156569,1,33.84630924086292,40.25822219167564,27.43439629005021
1227,1227,left,evaluation,3858,2.4202580000292073,1,36.54120602362482,43.015508085175625,30.066903962074008
1227,1227,right,evaluation,3858,2.4202580000292073,1,34.425035281779216,41.14742928725279,27.702641276305645
1228,1228,left,evaluation,3860,9.351103999961197,0,37.11586885146799,43.79640190193434,30.435335801001646
1228,1228,right,evaluation,3860,9.351103999961197,0,34.90058070538317,41.90121103380797,27.899950376958373
1229,1229,left,evaluation,3861,17.915767500198854,0,37.30772399317136,44.051279967508904,30.564168018833822
1229,1229,right,evaluation,3861,17.915767500198854,0,35.07195632170095,42.14780455420761,27.996108089194287
1230,1230,left,evaluation,3862,4.25112499988245,1,37.30467734717027,43.983712933913154,30.625641760427378
1230,1230,right,evaluation,3862,4.25112499988245,1,35.15192894165456,42.2856221408197,28.018235742489413
1231,1231,left,evaluation,3864,2.980514499995479,1,37.739027487363366,44.24972906967421,31.22832590505252
1231,1231,right,evaluation,3864,2.980514499995479,1,35.67248319274141,43.03325931852705,28.311707066955773
1232,1232,left,evaluation,3872,1.8791729999065865,1,37.96799576737052,44.417484963667164,31.518506571073885
1232,1232,right,evaluation,3872,1.8791729999065865,1,35.88406537603486,43.31728774399264,28.450843008077083
1233,1233,left,evaluation,3876,2.7467295001315506,1,38.21077624106715,44.722642308978074,31.69891017315623
1233,1233,right,evaluation,3876,2.7467295001315506,1,36.12492145856245,43.673584964656776,28.576257952468136
1234,1234,left,evaluation,3877,8.45374499999707,1,38.341237711543364,44.93049330253056,31.751982120556175
1234,1234,right,evaluation,3877,8.45374499999707,1,36.37164135450551,43.93120927475948,28.812073434251545
1235,1235,left,evaluation,3878,3.265966000071785,1,38.46527569191121,45.10341605364611,31.827135330176315
1235,1235,right,evaluation,3878,3.265966000071785,1,36.344198785692384,43.80193656798206,28.886461003402694
1236,1236,left,evaluation,3885,0.2683140000954154,1,38.53931134235912,45.092631807312664,31.985990877405573
1236,1236,right,evaluation,3885,0.2683140000954154,1,36.23142063863962,43.60670855581288,28.85613272146636
1237,1237,left,evaluation,3890,1.5451774997927714,1,38.555627365481534,45.09943691904828,32.011817811914796
1237,1237,right,evaluation,3890,1.5451774997927714,1,36.00384224468244,43.03813337915538,28.969551110209487
1238,1238,left,evaluation,3893,1.9533620002221141,0,38.636519931099386,45.390079566854126,31.882960295344652
1238,1238,right,evaluation,3893,1.9533620002221141,0,35.589332980333474,42.09626792759923,29.08239803306771
1239,1239,left,evaluation,3894,17.689221999944493,0,38.606150683839246,45.51206453193471,31.700236835743777
1239,1239,right,evaluation,3894,17.689221999944493,0,35.05230347728324,40.80060677159683,29.304000182969638
1240,1240,left,evaluation,3896,1.4196500001162349,1,37.98232155606796,44.42215718895075,31.542485923185165
1240,1240,right,evaluation,3896,1.4196500001162349,1,34.3726678809025,39.12032509036752,29.62501067143747
1241,1241,left,evaluation,3903,0.5194494999614108,1,37.49219848235974,43.4901337841893,31.494263180530197
1241,1241,right,evaluation,3903,0.5194494999614108,1,33.44184298871568,37.08397307255423,29.79971290487713
1242,1242,left,evaluation,3908,0.6952339999770629,1,36.979213120174485,42.580785510037714,31.377640730311253
1242,1242,right,evaluation,3908,0.6952339999770629,1,33.378062456607495,36.87451272348231,29.88161218973268
1243,1243,left,evaluation,3910,24.18562299999394,0,36.55377558958163,41.84102646392606,31.26652471523721
1243,1243,right,evaluation,3910,24.18562299999394,0,33.82524370588858,37.51897306266066,30.131514349116497
1244,1244,left,evaluation,3910,9.273354000015388,1,36.053889219650856,40.99235129237128,31.115427146930415
1244,1244,right,evaluation,3910,9.273354000015388,1,34.63876158326711,38.96516508812049,30.31235807841373
1245,1245,left,evaluation,3913,1.5689364997797384,1,35.17545105787043,39.52722915698978,30.823672958751093
1245,1245,right,evaluation,3913,1.5689364997797384,1,35.51244338141137,40.64510088588943,30.379785876933312
1246,1246,left,evaluation,3920,1.7098460000397608,1,34.67070937777862,38.7128329803634,30.628585775193834
1246,1246,right,evaluation,3920,1.7098460000397608,1,36.27759827048645,42.174345016798995,30.38085152417392
1247,1247,left,evaluation,3924,4.246139000088078,1,34.787106520383794,38.928859739162235,30.64535330160536
1247,1247,right,evaluation,3924,4.246139000088078,1,37.074530181524324,43.86527966777121,30.283780695277443
1248,1248,left,evaluation,3926,14.377167000020563,0,35.143498382546305,39.59525936637169,30.69173739872092
1248,1248,right,evaluation,3926,14.377167000020563,0,37.58401895096353,44.83737211294249,30.33066578898457
1249,1249,left,evaluation,3927,6.098976999965089,0,35.487081417909685,40.293185846620304,30.680976989199063
1249,1249,right,evaluation,3927,6.098976999965089,0,38.15869217414077,45.5868331587189,30.730551189562618
1250,1250,left,evaluation,3931,1.7692019998776232,1,35.84479714144936,41.148318447401344,30.5412758354974
1250,1250,right,evaluation,3931,1.7692019998776232,1,38.39790511157562,45.98614851899543,30.809661704155808
1251,1251,left,evaluation,3938,2.0555605001391086,1,36.237338468897384,42.13160483771351,30.34307210008125
1251,1251,right,evaluation,3938,2.0555605001391086,1,38.686606682133906,46.411582160665894,30.96163120360192
1252,1252,left,evaluation,3944,3.4762029999910737,0,36.54089600390425,42.6943836616539,30.387408346154597
1252,1252,right,evaluation,3944,3.4762029999910737,0,38.9141757967366,46.402135404808234,31.426216188664974
1253,1253,left,evaluation,3947,9.199934000207577,0,36.815096778241866,43.21761406568425,30.41257949079947
1253,1253,right,evaluation,3947,9.199934000207577,0,39.04949085125993,46.524066295447966,31.574915407071888
1254,1254,left,evaluation,3948,1.1003509998772643,1,37.144162953908854,43.72839761107875,30.559928296738956
1254,1254,right,evaluation,3948,1.1003509998772643,1,39.13661434493016,46.51247708929968,31.76075160056064
1255,1255,left,evaluation,3949,7.226909499877365,1,37.54809110408321,44.18987067255237,30.90631153561406
1255,1255,right,evaluation,3949,7.226909499877365,1,39.754831612590394,47.360271138817744,32.14939208636302
1256,1256,left,evaluation,3953,4.967722999936086,1,38.229030023751974,45.22596785335124,31.232092194152692
1256,1256,right,evaluation,3953,4.967722999936086,1,40.800426034004786,48.85931054768596,32.741541520323615
1257,1257,left,evaluation,3956,5.29045700000097,1,38.67222576009317,46.02578441264032,31.318667107546027
1257,1257,right,evaluation,3956,5.29045700000097,1,41.38226702054231,49.7296248895942,33.034909151490425
1258,1258,left,evaluation,3957,20.359072000019296,0,39.087387878441746,46.68966728283581,31.485108474047685
1258,1258,right,evaluation,3957,20.359072000019296,0,42.377665560011906,51.348909367338045,33.406421752685766
1259,1259,left,evaluation,3958,28.95146100013335,0,39.7568327086872,47.79995427788573,31.71371113948867
1259,1259,right,evaluation,3958,28.95146100013335,0,43.67113678056841,53.535994295678464,33.80627926545837
1260,1260,left,evaluation,3959,0.03954199996769603,1,40.33762341054687,48.73470748972746,31.940539331366267
1260,1260,right,evaluation,3959,0.03954199996769603,1,44.60341391968946,55.11678509475971,34.0900427446192
1261,1261,left,evaluation,3966,1.753494500007946,1,41.210618200050085,49.872810908542995,32.54842549155719
1261,1261,right,evaluation,3966,1.753494500007946,1,46.00519516443178,57.45928340921804,34.55110691964552
1262,1262,left,evaluation,3969,5.699606999996831,1,42.975561278266454,52.41009442166122,33.54102813487168
1262,1262,right,evaluation,3969,5.699606999996831,1,47.34129563138693,59.54139187656807,35.1411993862058
1263,1263,left,evaluation,3971,17.14294149996931,1,44.29658614589023,54.61789706973569,33.97527522204477
1263,1263,right,evaluation,3971,17.14294149996931,1,48.533916613452455,61.416308491122834,35.65152473578206
1264,1264,left,evaluation,3972,30.906803999869226,0,45.63751705886934,56.91412883467332,34.36090528306536
1264,1264,right,evaluation,3972,30.906803999869226,0,49.953759010471614,63.55965600275473,36.34786201818851
1265,1265,left,evaluation,3972,0.5907700001444027,0,46.89192563817196,59.01142260547029,34.77242867087364
1265,1265,right,evaluation,3972,0.5907700001444027,0,50.61412411458539,64.5751267691152,36.65312146005558
1266,1266,left,evaluation,3978,1.6954349998741236,1,48.86730494601058,62.1701507138569,35.564459178164256
1266,1266,right,evaluation,3978,1.6954349998741236,1,52.81907545719582,68.05033867034994,37.5878122440417
1267,1267,left,evaluation,3983,4.25047499993525,1,49.816741847945636,63.569846014864915,36.06363768102636
1267,1267,right,evaluation,3983,4.25047499993525,1,53.96668923693291,69.82372247224065,38.10965600162516
1268,1268,left,evaluation,3986,3.4348910000971955,1,50.98690269238353,65.41980027292819,36.55400511183886
1268,1268,right,evaluation,3986,3.4348910000971955,1,55.340190378778104,71.98759345813906,38.69278729941716
1269,1269,left,evaluation,3986,29.916673499883473,0,51.70472056580813,66.54440594589893,36.86503518571734
1269,1269,right,evaluation,3986,29.916673499883473,0,56.28216236995206,73.44689393141907,39.117430808485075
1270,1270,left,evaluation,3987,14.088375000028464,1,52.42691520182503,67.6435251241283,37.210305279521776
1270,1270,right,evaluation,3987,14.088375000028464,1,57.05815456523614,74.57643110684498,39.53987802362725
1271,1271,left,evaluation,3990,2.4314074998983415,1,53.35029807208057,69.11889825155693,37.58169789260419
1271,1271,right,evaluation,3990,2.4314074998983415,1,57.88147544539466,75.90188058981836,39.861070300970965
1272,1272,left,evaluation,3995,4.4369310001002304,1,53.46979177596567,69.29944255447666,37.64014099745468
1272,1272,right,evaluation,3995,4.4369310001002304,1,58.294670047355964,76.5373706381562,40.05196945655571
1273,1273,left,evaluation,3997,3.6314095000307134,1,53.37553012032017,69.14789439883526,37.6031658418051
1273,1273,right,evaluation,3997,3.6314095000307134,1,58.301229898369215,76.49189549999377,40.110564296744656
1274,1274,left,evaluation,3999,22.91147699997964,0,53.191268265670104,68.81035326416047,37.57218326717972
1274,1274,right,evaluation,3999,22.91147699997964,0,58.1190642617104,76.15245257451939,40.085675948901425
1275,1275,left,evaluation,4000,10.700866499973927,0,52.60213937216948,67.82432182368589,37.379956920653065
1275,1275,right,evaluation,4000,10.700866499973927,0,57.747226232542026,75.48098336009622,40.013469104987834
1276,1276,left,evaluation,4003,1.2102999999115127,0,52.52214517254536,67.58451038344121,37.4597799616495
1276,1276,right,evaluation,4003,1.2102999999115127,0,57.806230361116135,75.54675839604008,40.065702326192195
1277,1277,left,evaluation,4010,2.0280510000247887,0,52.20060329024297,67.07177203773799,37.329434542747926
1277,1277,right,evaluation,4010,2.0280510000247887,0,57.648624848657946,75.22234030009048,40.0749093972254
1278,1278,left,evaluation,4015,0.5649439999615424,1,51.83802300921599,66.62239626143324,37.053649756998745
1278,1278,right,evaluation,4015,0.5649439999615424,1,57.39380464755917,74.78753547977621,40.00007381534214
1279,1279,left,evaluation,4018,11.622773999988567,1,51.69106629051445,66.52181160383869,36.86032097719023
1279,1279,right,evaluation,4018,11.622773999988567,1,56.94794293390818,74.03285089364488,39.86303497417148
1280,1280,left,evaluation,4018,44.94302799980687,0,51.59685732016425,66.50107711657736,36.69263752375112
1280,1280,right,evaluation,4018,44.94302799980687,0,56.684919725803944,73.69999918511691,39.669840266490965
1281,1281,left,evaluation,4019,29.28226350013574,0,51.31571827306084,66.04189848966186,36.5895380564598
1281,1281,right,evaluation,4019,29.28226350013574,0,56.51549550791888,73.49537697629773,39.53561403954002
1282,1282,left,evaluation,4019,4.23643599992829,0,50.715766046506936,65.10975402706683,36.32177806594704
1282,1282,right,evaluation,4019,4.23643599992829,0,56.27632806659144,73.06313989581398,39.4895162373689
1283,1283,left,evaluation,4022,0.7604464999531046,0,49.94322307370247,63.985076216080095,35.90136993132487
1283,1283,right,evaluation,4022,0.7604464999531046,0,56.294353703021976,72.9257393961072,39.66296800993673
1284,1284,left,evaluation,4027,5.903657000089879,1,48.9403096872503,62.43755232833578,35.44306704616483
1284,1284,right,evaluation,4027,5.903657000089879,1,55.31051791839245,71.30602263620621,39.315013200578704
1285,1285,left,evaluation,4029,10.892337999848678,1,47.92881116544792,60.88698302500209,34.97063930589375
1285,1285,right,evaluation,4029,10.892337999848678,1,53.87866818703297,68.91315795153722,38.844178422528714
1286,1286,left,evaluation,4030,5.576990000008664,1,46.894340192688404,59.42301819343095,34.365662191945844
1286,1286,right,evaluation,4030,5.576990000008664,1,52.78474458388126,67.11392521924388,38.45556394851864
1287,1287,left,evaluation,4031,36.74400550016799,0,46.18470936904828,58.60302770984822,33.76639102824835
1287,1287,right,evaluation,4031,36.74400550016799,0,51.178900270241485,64.69011382652582,37.66768671395716
1288,1288,left,evaluation,4031,2.3040749999836407,1,45.489015433271035,57.81554165361011,33.16248921293194
1288,1288,right,evaluation,4031,2.3040749999836407,1,49.46752498103615,62.20946650126598,36.725583460806305
1289,1289,left,evaluation,4037,2.265999000201191,1,44.516120777722946,56.571047491763295,32.46119406368261
1289,1289,right,evaluation,4037,2.265999000201191,1,46.98044931352679,58.54468641185853,35.41621221519506
1290,1290,left,evaluation,4041,1.849774999982401,1,43.89475211114921,55.6709307821238,32.11857344017463
1290,1290,right,evaluation,4041,1.849774999982401,1,45.4091312680955,56.369175786977664,34.44908674921332
1291,1291,left,evaluation,4044,3.153434499836294,1,43.62858472595404,55.33408559081041,31.923083861097677
1291,1291,right,evaluation,4044,3.153434499836294,1,44.15796203027409,54.87545150394076,33.440472556607446
1292,1292,left,evaluation,4045,16.6026739998415,0,43.26476898434985,54.808410460152935,31.721127508546772
1292,1292,right,evaluation,4045,16.6026739998415,0,42.467658072047215,52.59677730435758,32.33853883973685
1293,1293,left,evaluation,4046,15.894365500116692,0,42.624684669866326,53.785527076040616,31.463842263692033
1293,1293,right,evaluation,4046,15.894365500116692,0,41.824274426007776,51.74032585380634,31.908222998209226
1294,1294,left,evaluation,4048,4.093177999948239,1,41.85485939160773,52.42467336537415,31.28504541784132
1294,1294,right,evaluation,4048,4.093177999948239,1,40.9783691197776,50.493420540790495,31.4633176987647
1295,1295,left,evaluation,4055,1.4235955000003742,1,41.075602034480696,50.94720801043758,31.203996058523806
1295,1295,right,evaluation,4055,1.4235955000003742,1,39.51950987104922,48.358682304263745,30.6803374378347
1296,1296,left,evaluation,4059,6.77649899989774,1,40.189428825582105,49.32792115920431,31.050936491959895
1296,1296,right,evaluation,4059,6.77649899989774,1,38.540414125139044,46.90644057439029,30.174387675887807
1297,1297,left,evaluation,4061,0.8101485000224784,1,39.651657352935366,48.34393018918806,30.959384516682668
1297,1297,right,evaluation,4061,0.8101485000224784,1,38.30001979270497,46.64210842902052,29.957931156389428
1298,1298,left,evaluation,4062,15.033979000008912,1,39.356362517421765,47.63030691792568,31.082418116917847
1298,1298,right,evaluation,4062,15.033979000008912,1,37.90045623647222,46.23581492651022,29.56509754643423
1299,1299,left,evaluation,4064,0.5503585000496969,1,39.282681830264316,47.460052180063926,31.1053114804647
1299,1299,right,evaluation,4064,0.5503585000496969,1,37.92870102001628,46.496320132948284,29.361081907084262
1300,1300,left,evaluation,4071,0.7352770001034514,1,39.46239218285189,47.64773521042859,31.277049155275186
1300,1300,right,evaluation,4071,0.7352770001034514,1,37.975735251845535,46.88532051440004,29.06614998929104
1301,1301,left,evaluation,4075,4.462051000018619,1,39.525400216475234,47.84850274059353,31.20229769235692
1301,1301,right,evaluation,4075,4.462051000018619,1,38.08993057020158,47.36975052348736,28.8101106169158
1302,1302,left,evaluation,4076,2.0254510000086157,1,39.55537064322394,48.11470242384365,30.99603886260423
1302,1302,right,evaluation,4076,2.0254510000086157,1,38.23746242672086,47.858278337226054,28.616646516215678
1303,1303,left,evaluation,4077,0.45194750009613927,1,39.62156755614861,48.27384387625164,30.96929123604558
1303,1303,right,evaluation,4077,0.45194750009613927,1,38.35762857676541,48.08227965065053,28.632977502880273
1304,1304,left,evaluation,4081,2.1762090000265744,1,39.47639485617433,48.183462164716055,30.769327547632617
1304,1304,right,evaluation,4081,2.1762090000265744,1,38.22702270918473,47.725543039023805,28.728502379345656
1305,1305,left,evaluation,4086,2.5795184999424237,1,38.85045210558607,47.359445957685374,30.34145825348678
1305,1305,right,evaluation,4086,2.5795184999424237,1,37.9328664521623,46.89618278462784,28.969550119696756
1306,1306,left,evaluation,4089,1.8914110000878281,1,37.97997665446895,45.93838845931097,30.02156484962693
1306,1306,right,evaluation,4089,1.8914110000878281,1,38.166498132525916,46.93933630074169,29.393659964310167
1307,1307,left,evaluation,4090,28.47764549983367,0,37.10851763528983,44.57508613030884,29.64194914027083
1307,1307,right,evaluation,4090,28.47764549983367,0,38.89465118523937,48.16345993146174,29.625842439017
1308,1308,left,evaluation,4090,5.462141000180054,1,36.18419366947753,42.99960729622978,29.36878004272528
1308,1308,right,evaluation,4090,5.462141000180054,1,39.3329214162532,48.946879464442524,29.71896336806386
1309,1309,left,evaluation,4095,1.3396800000009534,1,35.74251981696927,42.21085254336987,29.27418709056868
1309,1309,right,evaluation,4095,1.3396800000009534,1,40.065836623778154,50.463320194503055,29.668353053053245
1310,1310,left,evaluation,4102,0.858601999880193,1,36.06535191851626,43.00154145326713,29.129162383765383
1310,1310,right,evaluation,4102,0.858601999880193,1,40.62040912261523,51.55396279868715,29.68685544654329
1311,1311,left,evaluation,4106,0.3240615001232072,1,36.894239641346104,44.90853763878886,28.87994164390335
1311,1311,right,evaluation,4106,0.3240615001232072,1,41.20414676252686,52.64614188326554,29.762151641788183
1312,1312,left,evaluation,4107,25.01354400010314,0,37.68650260916652,46.44883356505545,28.92417165327757
1312,1312,right,evaluation,4107,25.01354400010314,0,41.68732169814167,53.565009698159415,29.809633698123925
1313,1313,left,evaluation,4108,2.9445044999647507,1,38.141533347677225,47.546806088566925,28.736260606787518
1313,1313,right,evaluation,4108,2.9445044999647507,1,41.83488805149601,53.818340060621665,29.851436042370363
1314,1314,left,evaluation,4115,0.45721300011791755,1,38.46371547907917,48.19623940422018,28.73119155393814
1314,1314,right,evaluation,4115,0.45721300011791755,1,42.15582263378865,54.36951553196368,29.942129735613634
1315,1315,left,evaluation,4120,3.0555724997611833,1,38.95203677452881,49.01736487453731,28.886708674520303
1315,1315,right,evaluation,4120,3.0555724997611833,1,42.391212188154704,54.64655002226177,30.135874354047644
1316,1316,left,evaluation,4121,27.262321000080192,0,39.1947064779908,49.39859155293904,28.99082140304256
1316,1316,right,evaluation,4121,27.262321000080192,0,42.726190592218714,55.02039121380297,30.43198997063447
1317,1317,left,evaluation,4122,10.891898999943805,1,39.503727161144,49.919235459039996,29.088218863248017
1317,1317,right,evaluation,4122,10.891898999943805,1,43.2002812574848,55.65081641696238,30.749746098007204
1318,1318,left,evaluation,4124,0.6033990000560152,1,40.13282179608543,51.008312038454996,29.25733155371587
1318,1318,right,evaluation,4124,0.6033990000560152,1,43.98245592721442,56.687353015839264,31.277558838589574
1319,1319,left,evaluation,4129,8.633674500060806,1,40.480260019822005,51.457415405340996,29.503104634303007
1319,1319,right,evaluation,4129,8.633674500060806,1,44.66584895554779,57.500956686474865,31.830741224620716
1320,1320,left,evaluation,4132,9.05402199987293,0,41.14779539609704,52.55524357818649,29.740347214007592
1320,1320,right,evaluation,4132,9.05402199987293,0,45.83991564123965,58.88770766768475,32.792123614794534
1321,1321,left,evaluation,4133,24.526629999854777,0,41.17371978725511,52.36040593501015,29.987033639500066
1321,1321,right,evaluation,4133,24.526629999854777,0,47.01044179371974,60.58196767288943,33.43891591455006
1322,1322,left,evaluation,4134,0.7944040000893438,1,41.28738484181024,52.5130606493864,30.061709034234077
1322,1322,right,evaluation,4134,0.7944040000893438,1,47.48870559180972,61.4373369555752,33.54007422804424
1323,1323,left,evaluation,4139,1.1097860001427762,1,41.39492671457134,52.67855143852878,30.11130199061389
1323,1323,right,evaluation,4139,1.1097860001427762,1,47.98900007612293,62.22874716094103,33.74925299130482
1324,1324,left,evaluation,4145,0.7258309999542689,1,41.46025909604032,52.72511584503976,30.195402347040886
1324,1324,right,evaluation,4145,0.7258309999542689,1,48.544829573535466,63.05934215693968,34.03031699013126
1325,1325,left,evaluation,4147,7.90451599982589,1,41.45405071840517,52.65345614228305,30.2546452945273
1325,1325,right,evaluation,4147,7.90451599982589,1,48.82881765382025,63.42206567706446,34.23556963057605
1326,1326,left,evaluation,4148,29.881458000090788,0,41.48743249990081,52.619483982688905,30.355381017112723
1326,1326,right,evaluation,4148,29.881458000090788,0,49.46249116116116,64.3609194269422,34.56406289538012
1327,1327,left,evaluation,4149,0.7940074999623903,1,41.868486626709945,53.31222198180226,30.42475127161763
1327,1327,right,evaluation,4149,0.7940074999623903,1,50.02584762243469,65.26790062796162,34.78379461690776
1328,1328,left,evaluation,4154,1.9911260001208575,1,42.496913449486286,54.391911042550554,30.60191585642202
1328,1328,right,evaluation,4154,1.9911260001208575,1,50.34351765525011,65.77948964362571,34.90754566687451
1329,1329,left,evaluation,4159,1.8585105001420743,1,43.267285984525046,55.658456520480776,30.876115448569305
1329,1329,right,evaluation,4159,1.8585105001420743,1,51.19703983416694,67.02749371531122,35.36658595302265
1330,1330,left,evaluation,4162,5.502325999941604,0,43.761874147112394,56.236076169615714,31.287672124609067
1330,1330,right,evaluation,4162,5.502325999941604,0,52.179611780017765,68.45911050807908,35.90011305195646
1331,1331,left,evaluation,4163,11.2434889999804,0,43.28769980872337,55.137167328706674,31.438232288740068
1331,1331,right,evaluation,4163,11.2434889999804,0,51.93528287099684,68.03824982763128,35.83231591436241
1332,1332,left,evaluation,4164,4.283681999822875,1,42.6453217939809,53.97709759572375,31.31354599223804
1332,1332,right,evaluation,4164,4.283681999822875,1,51.10406429039828,66.86752045281563,35.34060812798093
1333,1333,left,evaluation,4170,0.9636620002311247,1,42.1753451163436,53.11270216975955,31.237988062927638
1333,1333,right,evaluation,4170,0.9636620002311247,1,49.99221786459067,65.07771149403776,34.906724235143585
1334,1334,left,evaluation,4174,4.2343220000020665,1,41.468802659362396,51.81075757455926,31.126847744165538
1334,1334,right,evaluation,4174,4.2343220000020665,1,48.66420213267222,62.80613070143711,34.52227356390733
1335,1335,left,evaluation,4175,20.33680199997434,0,40.82611654628878,50.76570988485058,30.886523207726974
1335,1335,right,evaluation,4175,20.33680199997434,0,47.73876932200541,61.11231848347935,34.36522016053148
1336,1336,left,evaluation,4176,18.59199799991984,1,40.14409201333226,49.503103660282434,30.7850803663821
1336,1336,right,evaluation,4176,18.59199799991984,1,47.21219094185336,60.20008741507271,34.22429446863399
1337,1337,left,evaluation,4178,1.0998174998348986,1,38.75421148789977,46.88218443265033,30.626238543149224
1337,1337,right,evaluation,4178,1.0998174998348986,1,45.586453770905315,57.6770886258934,33.495818915917226
1338,1338,left,evaluation,4185,1.7913189999489987,1,37.60350642912262,44.78823163293022,30.41878122531502
1338,1338,right,evaluation,4185,1.7913189999489987,1,44.37137561392401,55.64875418460399,33.09399704324401
1339,1339,left,evaluation,4190,1.0450490001403523,1,36.896556042481194,43.59636675868165,30.196745326280745
1339,1339,right,evaluation,4190,1.0450490001403523,1,43.31793945871986,53.854035526878455,32.78184339056128
1340,1340,left,evaluation,4193,21.92596899999444,0,36.28157342378659,42.434551073556754,30.128595774016446
1340,1340,right,evaluation,4193,21.92596899999444,0,42.51209742666772,52.52959645042463,32.494598402910825
1341,1341,left,evaluation,4194,2.8999129999647266,0,35.77159554346541,41.630391036216714,29.91280005071411
1341,1341,right,evaluation,4194,2.8999129999647266,0,41.85727564063241,51.48273540735297,32.231815873911856
1342,1342,left,evaluation,4197,1.8682160000480508,1,35.31799835680339,40.91027973430723,29.725716979299555
1342,1342,right,evaluation,4197,1.8682160000480508,1,41.01904758238043,50.33362007399088,31.70447509076999
1343,1343,left,evaluation,4202,2.894629499905932,1,35.05232875098058,40.62566874308844,29.47898875887271
1343,1343,right,evaluation,4202,2.894629499905932,1,40.48122790891852,49.51846369914896,31.443992118688083
1344,1344,left,evaluation,4207,2.1536740000556165,0,34.792352826062306,40.225578638301705,29.359127013822917
1344,1344,right,evaluation,4207,2.1536740000556165,0,39.971141863751285,48.8408353587597,31.101448368742876
1345,1345,left,evaluation,4210,0.387599499845237,0,34.878232984574254,40.60540168229725,29.151064286851266
1345,1345,right,evaluation,4210,0.387599499845237,0,39.23492876116073,47.774664036056876,30.695193486264582
1346,1346,left,evaluation,4211,23.89186300001711,0,34.7727835642788,40.51044139858722,29.03512572997038
1346,1346,right,evaluation,4211,23.89186300001711,0,38.935267682295894,47.35551810338901,30.515017261202757
1347,1347,left,evaluation,4212,3.1577335000747553,1,34.64691416979776,40.30444971261604,28.98937862697948
1347,1347,right,evaluation,4212,3.1577335000747553,1,38.431467051160546,46.69377785457422,30.169156247746862
1348,1348,left,evaluation,4214,1.0018870000294555,1,34.11050546756759,39.139002938009995,29.08200799712518
1348,1348,right,evaluation,4214,1.0018870000294555,1,38.20640955053552,46.61405877282286,29.798760328248164
1349,1349,left,evaluation,4216,2.886489500042444,1,33.71798759266024,38.38038983019102,29.055585355129477
1349,1349,right,evaluation,4216,2.886489500042444,1,38.42731031329792,47.33328605724679,29.52133456934906
1350,1350,left,evaluation,4217,26.763177000020733,0,33.4032262804454,37.848439044437725,28.958013516453093
1350,1350,right,evaluation,4217,26.763177000020733,0,38.686084752311295,48.07599367961307,29.29617582500952
1351,1351,left,evaluation,4218,2.7532964998044918,1,33.99130256855777,39.19072841156517,28.791876725550367
1351,1351,right,evaluation,4218,2.7532964998044918,1,39.087651124927774,49.088773251315786,29.08652899853977
1352,1352,left,evaluation,4221,0.24791300006654637,1,35.461432964662855,42.00091783162761,28.9219480976981
1352,1352,right,evaluation,4221,0.24791300006654637,1,39.72856202519064,50.792582686529364,28.664541363851917
1353,1353,left,evaluation,4227,2.8552225001021725,1,36.8782415689641,44.89941040584891,28.857072732079292
1353,1353,right,evaluation,4227,2.8552225001021725,1,40.54997275041613,52.53232413946834,28.56762136136394
1354,1354,left,evaluation,4231,8.074737000015375,0,37.89627571151182,47.01146890959403,28.781082513429624
1354,1354,right,evaluation,4231,8.074737000015375,0,41.41147110733497,54.33043380132392,28.492508413346012
1355,1355,left,evaluation,4232,18.486105499960104,0,38.712447588529116,48.64061358928975,28.784281587768486
1355,1355,right,evaluation,4232,18.486105499960104,0,41.95596922658812,55.55608855097032,28.355849902205925
1356,1356,left,evaluation,4233,6.0995359999651555,1,39.65269679847822,50.4507330998541,28.854660497102344
1356,1356,right,evaluation,4233,6.0995359999651555,1,42.786793956777146,57.25042352010072,28.323164393453574
1357,1357,left,evaluation,4236,2.0261800000298535,1,40.72113341067292,52.563906118112776,28.878360703233067
1357,1357,right,evaluation,4236,2.0261800000298535,1,43.59587450197606,58.87411549733821,28.31763350661391
1358,1358,left,evaluation,4244,0.5684420000307,1,41.39738936707059,53.94000184851417,28.854776885627007
1358,1358,right,evaluation,4244,0.5684420000307,1,44.44123031761591,60.50863422824892,28.373826406982904
1359,1359,left,evaluation,4246,8.356927500017264,1,42.05833486332832,55.21662118651212,28.900048540144525
1359,1359,right,evaluation,4246,8.356927500017264,1,44.960414233195834,61.581090447802055,28.339738018589607
1360,1360,left,evaluation,4247,2.2665300000426214,0,42.67512401302786,56.450231621562594,28.900016404493147
1360,1360,right,evaluation,4247,2.2665300000426214,0,45.416521975274385,62.50385057759222,28.329193372956553
1361,1361,left,evaluation,4248,10.590225499981898,0,43.317935565200145,57.68862946915474,28.94724166124554
1361,1361,right,evaluation,4248,10.590225499981898,0,46.121741844264264,63.942037599751146,28.30144608877738
1362,1362,left,evaluation,4250,8.230452000134392,1,43.81854108207396,58.71521149104583,28.921870673102084
1362,1362,right,evaluation,4250,8.230452000134392,1,46.50478147936955,64.72197154603444,28.287591412704653
1363,1363,left,evaluation,4255,2.0040995000272233,1,44.31765734401863,59.79512419007225,28.840190497965004
1363,1363,right,evaluation,4255,2.0040995000272233,1,46.79523488815133,65.36835492070279,28.22211485559987
1364,1364,left,evaluation,4260,3.5020479999730014,1,44.66455766298031,60.504154345578215,28.824960980382393
1364,1364,right,evaluation,4260,3.5020479999730014,1,47.01028320222492,65.82162190216374,28.198944502286103
1365,1365,left,evaluation,4262,0.8107604999167961,1,44.413995844160326,60.056957255631495,28.771034432689152
1365,1365,right,evaluation,4262,0.8107604999167961,1,47.120439658482425,66.16192312133587,28.078956195628972
1366,1366,left,evaluation,4263,25.115522999840323,0,43.90553822218949,59.12730159298701,28.683774851391966
1366,1366,right,evaluation,4263,25.115522999840323,0,47.07463469883867,66.25026502026529,27.899004377412062
1367,1367,left,evaluation,4264,4.944154499980868,0,43.415651289498534,58.06637863245412,28.764923946542943
1367,1367,right,evaluation,4264,4.944154499980868,0,47.049005412706734,66.22147571892987,27.8765351064836
1368,1368,left,evaluation,4270,1.7646090000198456,1,42.6180212343805,56.40218770021405,28.833854768546963
1368,1368,right,evaluation,4270,1.7646090000198456,1,46.775635877032734,65.60520494945997,27.946066804605493
1369,1369,left,evaluation,4275,7.124295333369446,1,41.91231881369781,55.1091884620058,28.715449165389828
1369,1369,right,evaluation,4275,7.124295333369446,1,46.59563629118225,65.08706839523259,28.104204187131916
1370,1370,left,evaluation,4277,12.447440333289705,0,41.37155851803595,54.11198707826729,28.631129957804596
1370,1370,right,evaluation,4277,12.447440333289705,0,46.58619254856059,64.93711483905159,28.235270258069573
1371,1371,left,evaluation,4278,12.806814999976268,0,40.86434087725956,53.10847239511251,28.620209359406612
1371,1371,right,evaluation,4278,12.806814999976268,0,46.5334905319686,64.73680933818211,28.330171725755093
1372,1372,left,evaluation,4278,19.240236000086952,0,40.170939501943465,51.68228869916089,28.65959030472603
1372,1372,right,evaluation,4278,19.240236000086952,0,46.18328135258979,63.852029843780464,28.514532861399125
1373,1373,left,evaluation,4280,0.28177300009701867,1,38.93746177007289,49.344877409323345,28.530046130822438
1373,1373,right,evaluation,4280,0.28177300009701867,1,46.632522501577746,64.52379145636162,28.741253546793878
1374,1374,left,evaluation,4287,0.5860404999111779,1,37.86455127700897,47.20625710399807,28.52284545001988
1374,1374,right,evaluation,4287,0.5860404999111779,1,46.41473675033816,63.86709707088765,28.962376429788662
1375,1375,left,evaluation,4291,0.843949000000066,1,37.076298420285795,45.843250721755275,28.309346118816325
1375,1375,right,evaluation,4291,0.843949000000066,1,45.969410585073646,62.77063448915933,29.16818668098797
1376,1376,left,evaluation,4292,19.69807600016793,1,36.790894628012936,45.31336758179238,28.268421674233497
1376,1376,right,evaluation,4292,19.69807600016793,1,45.149787300776524,61.01285946285409,29.28671513869897
1377,1377,left,evaluation,4293,38.990388000001985,0,36.17217457163429,44.28939283237541,28.054956310893157
1377,1377,right,evaluation,4293,38.990388000001985,0,44.3234367507461,58.981097422989265,29.665776078502937
1378,1378,left,evaluation,4293,5.994124000153533,0,36.60564745893038,44.97151097613694,28.23978394172381
1378,1378,right,evaluation,4293,5.994124000153533,0,43.4010808696577,57.0262126263446,29.7759491129708
1379,1379,left,evaluation,4298,0.9662209999987681,1,37.00358599838639,45.674807217162034,28.33236477961076
1379,1379,right,evaluation,4298,0.9662209999987681,1,42.15962169498579,54.50006154128696,29.819181848684593
1380,1380,left,evaluation,4303,0.6437709998863284,1,37.348767466731616,46.240067992744024,28.457466940719193
1380,1380,right,evaluation,4303,0.6437709998863284,1,40.510947953445545,51.26276882035463,29.75912708653646
1381,1381,left,evaluation,4305,19.062505999954737,1,37.86634336985439,46.924967658243304,28.807719081465486
1381,1381,right,evaluation,4305,19.062505999954737,1,39.72388003399331,49.69141122948496,29.75634883850166
1382,1382,left,evaluation,4306,34.123664999924586,0,38.399695114132186,47.697962805923524,29.101427422340844
1382,1382,right,evaluation,4306,34.123664999924586,0,39.17800184757463,48.62445019446854,29.73155350068071
1383,1383,left,evaluation,4306,3.204298999889943,1,38.8915779439777,48.20821407780098,29.57494181015442
1383,1383,right,evaluation,4306,3.204298999889943,1,38.78836269242127,47.73850133393635,29.838224050906206
1384,1384,left,evaluation,4311,1.1013444998297928,1,39.8102480208734,49.49381381185392,30.12668222989289
1384,1384,right,evaluation,4311,1.1013444998297928,1,37.62642977436728,45.378072833209,29.874786715525566
1385,1385,left,evaluation,4317,3.9065299999947456,1,40.53336856728505,50.338709205816585,30.728027928753505
1385,1385,right,evaluation,4317,3.9065299999947456,1,38.24380573994841,46.39799991977331,30.0896115601235
1386,1386,left,evaluation,4320,9.661651999977039,1,41.13965008527827,51.01362472302712,31.26567544752941
1386,1386,right,evaluation,4320,9.661651999977039,1,38.60486231390307,46.93615244058283,30.273572187223316
1387,1387,left,evaluation,4321,3.088717000082397,0,41.516498062717424,51.17187381875532,31.861122306679533
1387,1387,right,evaluation,4321,3.088717000082397,0,38.96877257452834,47.403940548235,30.53360460082169
1388,1388,left,evaluation,4322,3.795917999923404,0,42.1486496986018,52.13424270318923,32.16305669401436
1388,1388,right,evaluation,4322,3.795917999923404,0,39.98442633627992,49.054970323126895,30.913882349432935
1389,1389,left,evaluation,4327,2.4842220000209636,1,42.365624562990405,52.67044447505377,32.06080465092703
1389,1389,right,evaluation,4327,2.4842220000209636,1,41.06800094302292,50.67365138926338,31.46235049678246
1390,1390,left,evaluation,4333,4.996342499907769,1,42.59886850786632,52.97459198072268,32.22314503500995
1390,1390,right,evaluation,4333,4.996342499907769,1,42.26364814572191,52.37979954316349,32.147496748280325
1391,1391,left,evaluation,4337,11.020336999990832,1,42.890487023081356,53.24618387755729,32.534790168605426
1391,1391,right,evaluation,4337,11.020336999990832,1,42.698415440897705,53.055863547390835,32.340967334404596
1392,1392,left,evaluation,4338,18.781434499942407,1,42.64671839768179,52.61128333799287,32.68215345737071
1392,1392,right,evaluation,4338,18.781434499942407,1,42.338668665009756,52.38666779543543,32.290669534584076
1393,1393,left,evaluation,4338,15.67858399994293,1,42.648105796788094,52.500238155468104,32.79597343810808
1393,1393,right,evaluation,4338,15.67858399994293,1,42.43499227752822,52.48103849741135,32.38894605764508
1394,1394,left,evaluation,4341,1.7814779998843733,1,43.44733109719941,53.833731037547395,33.06093115685142
1394,1394,right,evaluation,4341,1.7814779998843733,1,43.420917352884565,54.0338071767041,32.80802752906504
1395,1395,left,evaluation,4348,1.8339969999487948,1,43.63790433503104,54.0245507102396,33.251257959822475
1395,1395,right,evaluation,4348,1.8339969999487948,1,43.40898449559714,54.05099406909701,32.766974922097276
1396,1396,left,evaluation,4353,1.5475299999252456,1,44.11136431155243,54.77253454208066,33.45019408102418
1396,1396,right,evaluation,4353,1.5475299999252456,1,43.282859612814924,53.84738844045986,32.71833078516999
1397,1397,left,evaluation,4355,20.691178999868498,0,43.989881625917235,54.48853229908158,33.491230952752886
1397,1397,right,evaluation,4355,20.691178999868498,0,43.496907302694645,54.214862391333654,32.778952214055636
1398,1398,left,evaluation,4356,3.7191899998560984,0,44.71889431415733,55.689853573307346,33.74793505500731
1398,1398,right,evaluation,4356,3.7191899998560984,0,43.680654364442255,54.46655268138397,32.89475604750053
1399,1399,left,evaluation,4362,1.5984279998519924,1,45.55835127055293,57.34564939714802,33.77105314395785
1399,1399,right,evaluation,4362,1.5984279998519924,1,43.57617816048277,54.1882340097152,32.964122311250335
1400,1400,left,evaluation,4367,7.761547000200153,1,46.42992505802301,58.89082546207533,33.96902465397069
1400,1400,right,evaluation,4367,7.761547000200153,1,43.35643264987445,53.8616045334604,32.8512607662885
1401,1401,left,evaluation,4369,15.33150399995975,1,47.172821804944455,60.20388593639567,34.141757673493245
1401,1401,right,evaluation,4369,15.33150399995975,1,43.48492007980684,54.080506438404754,32.88933372120893
1402,1402,left,evaluation,4370,14.465499499920043,1,47.445083886578125,60.75986535792517,34.13030241523107
1402,1402,right,evaluation,4370,14.465499499920043,1,43.36547820159592,53.981356994685385,32.749599408506455
1403,1403,left,evaluation,4371,15.134739000131958,1,48.36153916811101,62.61905811277239,34.104020223449616
1403,1403,right,evaluation,4371,15.134739000131958,1,44.28344461687608,55.3525673464845,33.21432188726767
1404,1404,left,evaluation,4374,2.600037000092925,1,49.08381486637451,64.00687577126331,34.160753961485696
1404,1404,right,evaluation,4374,2.600037000092925,1,44.9084657057749,56.333418303526386,33.483513108023416
1405,1405,left,evaluation,4379,1.2311949999457283,1,49.35441423550104,64.54048382957157,34.168344641430494
1405,1405,right,evaluation,4379,1.2311949999457283,1,45.11211567583858,56.75719001656804,33.467041335109116
1406,1406,left,evaluation,4382,6.134684500011645,1,49.67006358390118,65.06330207530374,34.27682509249863
1406,1406,right,evaluation,4382,6.134684500011645,1,45.52959861482829,57.59210732392842,33.467089905728166
1407,1407,left,evaluation,4383,35.10624099999404,0,49.76734421238702,65.28606854836563,34.248619876408426
1407,1407,right,evaluation,4383,35.10624099999404,0,46.37786050558392,59.084143048855346,33.6715779623125
1408,1408,left,evaluation,4383,3.6007175001486758,0,49.3616184156705,64.69724788418213,34.025988947158865
1408,1408,right,evaluation,4383,3.6007175001486758,0,46.583663993754,59.598579061764084,33.56874892574392
1409,1409,left,evaluation,4385,4.7976380001273355,1,49.371874744143035,64.6425676349962,34.10118185328987
1409,1409,right,evaluation,4385,4.7976380001273355,1,46.792729532698466,59.903933065642455,33.68152599975447
1410,1410,left,evaluation,4391,1.0559704999195674,1,48.5150404090826,63.18726944617515,33.84281137199006
1410,1410,right,evaluation,4391,1.0559704999195674,1,47.00371129180994,60.34472300254197,33.66269958107792
1411,1411,left,evaluation,4394,8.828097000105117,1,47.619849520109256,61.70282476089594,33.53687427932257
1411,1411,right,evaluation,4394,8.828097000105117,1,46.58165777767891,59.8095771264017,33.35373842895614
1412,1412,left,evaluation,4395,18.854543000088597,1,47.01687447199491,60.71025987288026,33.32348907110955
1412,1412,right,evaluation,4395,18.854543000088597,1,45.74587005013567,58.75308117618759,32.73865892408375
1413,1413,left,evaluation,4395,18.125582000038776,0,46.41561696552954,59.68685152887427,33.144382402184796
1413,1413,right,evaluation,4395,18.125582000038776,0,44.03866105415259,56.29333946467186,31.783982643633305
1414,1414,left,evaluation,4397,1.0391429998435342,0,46.25094400181312,59.42864350569924,33.07324449792699
1414,1414,right,evaluation,4397,1.0391429998435342,0,43.36620100017874,55.29606177309821,31.436340227259258
1415,1415,left,evaluation,4402,2.4587120001342555,1,45.998982100668854,59.25859597400783,32.73936822732986
1415,1415,right,evaluation,4402,2.4587120001342555,1,42.60288287388689,54.238460083129766,30.96730566464401
1416,1416,left,evaluation,4406,2.14797700004965,1,45.7372630485156,59.17953765994472,32.29498843708648
1416,1416,right,evaluation,4406,2.14797700004965,1,42.28667629140587,53.980843010749176,30.592509572062546
1417,1417,left,evaluation,4409,20.581928999945376,0,45.70914708364462,59.114058740489426,32.30423542679982
1417,1417,right,evaluation,4409,20.581928999945376,0,42.42504311248881,54.38899216588605,30.46109405909156
1418,1418,left,evaluation,4409,12.877719500011153,1,45.781952784068764,59.2735798605936,32.290325707543936
1418,1418,right,evaluation,4409,12.877719500011153,1,42.499564375906346,54.73761581184306,30.261512939969634
1419,1419,left,evaluation,4410,6.561573999988468,1,46.43984970729254,60.230769863662566,32.648929550922496
1419,1419,right,evaluation,4410,6.561573999988468,1,42.58965371361542,55.095874391311234,30.08343303591959
1420,1420,left,evaluation,4414,1.0759859999325272,1,47.19842137560319,61.25202391790852,33.14481883329788
1420,1420,right,evaluation,4414,1.0759859999325272,1,42.62920272656275,55.34036096080111,29.918044492324405
1421,1421,left,evaluation,4420,4.6782140000232175,1,47.05760881010055,60.84231509431464,33.272902525886444
1421,1421,right,evaluation,4420,4.6782140000232175,1,42.73812967250612,55.56872770243103,29.907531642581194
1422,1422,left,evaluation,4423,10.570831499990163,1,46.73810616909584,59.95299246680223,33.52321987138946
1422,1422,right,evaluation,4423,10.570831499990163,1,42.152298901928006,54.32183813408233,29.982759669773678
1423,1423,left,evaluation,4424,5.961518000049182,1,45.2331282150043,56.80649148565901,33.6597649443496
1423,1423,right,evaluation,4424,5.961518000049182,1,40.78847287943502,51.60231739467321,29.974628364196832
1424,1424,left,evaluation,4425,1.5613445000326465,1,43.84062816237047,53.67278774901486,34.0084685757261
1424,1424,right,evaluation,4425,1.5613445000326465,1,40.3854471684197,50.1405663717773,30.630327965062122
1425,1425,left,evaluation,4430,2.4070040001333837,1,42.394053004760885,50.614122219503386,34.17398379001837
1425,1425,right,evaluation,4430,2.4070040001333837,1,39.82676856543648,48.24782397630682,31.40571315456615
1426,1426,left,evaluation,4435,0.7507860000259825,1,41.60322765369294,48.827622217925,34.37883308946088
1426,1426,right,evaluation,4435,0.7507860000259825,1,39.693897892205456,47.19520979084066,32.192585993570255
1427,1427,left,evaluation,4437,20.88270600006581,0,41.001215986441736,47.531935271021005,34.47049670186247
1427,1427,right,evaluation,4437,20.88270600006581,0,40.784035318086794,48.39560071585778,33.172469920315805
1428,1428,left,evaluation,4438,15.321310999979687,1,41.01964012026433,47.45171134790418,34.58756889262446
1428,1428,right,evaluation,4438,15.321310999979687,1,42.39622093596575,50.58194355861595,34.21049831331555
1429,1429,left,evaluation,4440,4.488883000021815,1,41.120336008869465,47.681418488961796,34.55925352877714
1429,1429,right,evaluation,4440,4.488883000021815,1,42.63638737253358,51.06224211445692,34.21053263061022
1430,1430,left,evaluation,4446,0.9088754998174409,1,41.114380371567464,47.79711251727974,34.43164822585519
1430,1430,right,evaluation,4446,0.9088754998174409,1,43.58713007341313,52.56952529620922,34.604734850617035
1431,1431,left,evaluation,4452,3.20697500001188,1,41.892610118999144,49.072997214699015,34.712223023299266
1431,1431,right,evaluation,4452,3.20697500001188,1,44.52832397400797,54.33739546154186,34.71925248647407
1432,1432,left,evaluation,4456,1.574352000034196,1,43.30848022451545,51.419459273253004,35.197501175777894
1432,1432,right,evaluation,4456,1.574352000034196,1,45.89121288181236,56.68780435343126,35.09462141019346
1433,1433,left,evaluation,4457,26.365176000126667,0,44.782260497287325,53.693007222166536,35.871513772408115
1433,1433,right,evaluation,4457,26.365176000126667,0,47.59551411564222,59.3923544155327,35.79867381575174
1434,1434,left,evaluation,4458,4.984067000123105,1,46.535040371335064,56.529772218464856,36.54030852420526
1434,1434,right,evaluation,4458,4.984067000123105,1,48.67877807980965,61.17111023307656,36.18644592654275
1435,1435,left,evaluation,4462,0.15671400001338043,1,47.65133230956758,58.66272248745495,36.63994213168022
1435,1435,right,evaluation,4462,0.15671400001338043,1,49.041042738235035,62.327807179415046,35.754278297055016
1436,1436,left,evaluation,4469,0.6216904998836981,1,48.856270477409126,60.74100738850827,36.97153356630998
1436,1436,right,evaluation,4469,0.6216904998836981,1,49.69170075168581,63.675798351614205,35.707603151757404
1437,1437,left,evaluation,4470,20.888616000092952,0,49.90698437167699,62.58479369549576,37.22917504785823
1437,1437,right,evaluation,4470,20.888616000092952,0,50.40586857421624,65.00593691103897,35.80580023739351
1438,1438,left,evaluation,4471,12.779491499941287,0,51.184730574706634,64.93399912574687,37.43546202366641
1438,1438,right,evaluation,4471,12.779491499941287,0,52.261523871841256,68.16390678570097,36.35914095798154
1439,1439,left,evaluation,4474,2.169446000152675,1,52.79919211383949,67.66171525222902,37.93666897544998
1439,1439,right,evaluation,4474,2.169446000152675,1,53.72252033126578,70.7014974835631,36.743543178968444
1440,1440,left,evaluation,4479,2.126708000105282,1,53.90865545454445,69.62448664053971,38.1928242685492
1440,1440,right,evaluation,4479,2.126708000105282,1,54.241063128289184,71.58195951163617,36.90016674494218
1441,1441,left,evaluation,4482,0.2695310001854523,1,54.44559355976571,70.68578206844649,38.20540505108496
1441,1441,right,evaluation,4482,0.2695310001854523,1,54.85397019386302,72.69177838465588,37.01616200307014
1442,1442,left,evaluation,4482,33.208876499884354,0,54.52979329645056,70.98514912877536,38.07443746412578
1442,1442,right,evaluation,4482,33.208876499884354,0,55.09324138795266,73.25087847045249,36.93560430545285
1443,1443,left,evaluation,4483,35.50528100004158,0,55.1987123297038,72.3490552252338,38.048369434173786
1443,1443,right,evaluation,4483,35.50528100004158,0,55.54916122260248,74.11115178710392,36.98717065810105
1444,1444,left,evaluation,4483,1.9585730001381307,0,55.43037907535948,72.89902660378434,37.96173154693462
1444,1444,right,evaluation,4483,1.9585730001381307,0,55.88815327821637,74.8259654481453,36.95034110828743
1445,1445,left,evaluation,4485,0.2785020001283556,1,56.456774881739726,74.98138754258923,37.9321622208902
1445,1445,right,evaluation,4485,0.2785020001283556,1,56.18324179845712,75.33142181539407,37.035061781520184
1446,1446,left,evaluation,4491,2.4031554999055516,1,56.867666693726605,75.80019823784899,37.93513514960423
1446,1446,right,evaluation,4491,2.4031554999055516,1,56.39278673204892,75.7325782103903,37.05299525370751
1447,1447,left,evaluation,4494,0.27569300004870456,1,56.73190296988846,75.60321564638673,37.8605902933902
1447,1447,right,evaluation,4494,0.27569300004870456,1,56.35506317888837,75.70302067380457,37.007105683972185
1448,1448,left,evaluation,4494,32.59013199999572,0,55.19722057956466,72.8439305794162,37.550510579713105
1448,1448,right,evaluation,4494,32.59013199999572,0,55.547134486586764,74.30327434660406,36.79099462656948
1449,1449,left,evaluation,4495,16.290179999941756,1,54.33357226968942,71.20995319898513,37.457191340393706
1449,1449,right,evaluation,4495,16.290179999941756,1,55.09534301916257,73.40804766967014,36.782638368654986
1450,1450,left,evaluation,4497,2.4117820000810752,1,53.47395613779106,69.57422071265674,37.37369156292538
1450,1450,right,evaluation,4497,2.4117820000810752,1,54.51531517385696,72.22194277208186,36.808687575632064
1451,1451,left,evaluation,4503,0.05291299999043986,1,52.68954652292125,68.06929949848964,37.30979354735284
1451,1451,right,evaluation,4503,0.05291299999043986,1,53.85285147420744,70.89400222687848,36.81170072153638
1452,1452,left,evaluation,4506,2.292149500135565,1,51.48704788604787,65.7624676964618,37.21162807563395
1452,1452,right,evaluation,4506,2.292149500135565,1,52.70306452746102,68.7060086669036,36.70012038801842
1453,1453,left,evaluation,4507,27.322614000013346,0,50.50829332109737,63.98478236258067,37.03180427961406
1453,1453,right,evaluation,4507,27.322614000013346,0,51.4638369129227,66.41750353471453,36.5101702911309
1454,1454,left,evaluation,4508,14.723205500104086,0,49.49861626403614,62.224942659788745,36.77228986828354
1454,1454,right,evaluation,4508,14.723205500104086,0,50.52706938562927,64.6964441626871,36.357694608571435
1455,1455,left,evaluation,4510,0.6133050001153606,1,48.39510862624619,60.3160083930365,36.47420885945589
1455,1455,right,evaluation,4510,0.6133050001153606,1,49.955622247100194,63.732448267989945,36.17879622621046
1456,1456,left,evaluation,4516,2.375025999981517,1,47.33396155158492,58.4473971192449,36.22052598392494
1456,1456,right,evaluation,4516,2.375025999981517,1,49.231720979478816,62.48933388653127,35.97410807242636
1457,1457,left,evaluation,4519,6.0486170000331185,1,46.52428119302466,57.04545599746361,36.003106388585714
1457,1457,right,evaluation,4519,6.0486170000331185,1,48.67075381488272,61.58348285391393,35.75802477585152
1458,1458,left,evaluation,4520,25.596741000072143,0,45.732446874834935,55.694694849819484,35.77019889985039
1458,1458,right,evaluation,4520,25.596741000072143,0,47.76968214852742,60.08730987641015,35.4520544206447
1459,1459,left,evaluation,4521,0.6931430000349792,0,45.03521453465517,54.55832994455977,35.51209912475055
1459,1459,right,evaluation,4521,0.6931430000349792,0,46.97808449720318,58.796369755674334,35.15979923873202
1460,1460,left,evaluation,4523,2.0266130002255522,0,43.96671383577517,52.790968214055454,35.142459457494866
1460,1460,right,evaluation,4523,2.0266130002255522,0,46.49271707570017,58.10569619200146,34.87973795939887
1461,1461,left,evaluation,4529,0.559944999849904,1,43.106512427166834,51.410316102969475,34.802708751364186
1461,1461,right,evaluation,4529,0.559944999849904,1,45.62011449229956,56.76750203643113,34.47272694816799
1462,1462,left,evaluation,4535,3.048476499998287,1,42.33483993939229,50.378682474860966,34.29099740392362
1462,1462,right,evaluation,4535,3.048476499998287,1,44.765511634737166,55.470871945574785,34.06015132389955
1463,1463,left,evaluation,4538,12.736165999967852,1,41.90860115640148,49.9461634841854,33.871038828617564
1463,1463,right,evaluation,4538,12.736165999967852,1,43.93610285477003,54.16133241019033,33.710873299349714
1464,1464,left,evaluation,4538,44.34269399985169,0,41.729369183314496,49.98532990224636,33.473408464382636
1464,1464,right,evaluation,4538,44.34269399985169,0,43.0654874088294,52.887093211975866,33.24388160568292
1465,1465,left,evaluation,4539,16.505537000057302,1,41.67737101427256,50.18422901443383,33.17051301411128
1465,1465,right,evaluation,4539,16.505537000057302,1,42.621091738379576,52.38224912067803,32.859934356081126
1466,1466,left,evaluation,4540,1.099134000014601,1,41.62326472890707,50.605807033605124,32.64072242420902
1466,1466,right,evaluation,4540,1.099134000014601,1,42.16657405671602,51.86309415411323,32.47005395931882
1467,1467,left,evaluation,4542,21.983818000080646,0,41.62239214577117,51.06629909055713,32.178485200985214
1467,1467,right,evaluation,4542,21.983818000080646,0,41.82207568041407,51.58238099148489,32.061770369343265
1468,1468,left,evaluation,4544,2.179897000132769,1,41.520627650436225,51.35365762271368,31.68759767815876
1468,1468,right,evaluation,4544,2.179897000132769,1,41.514706428975664,51.42922715369256,31.600185704258774
1469,1469,left,evaluation,4547,3.6695500000405445,0,41.64150638442659,51.87310144300219,31.409911325851
1469,1469,right,evaluation,4547,3.6695500000405445,0,41.32664450333534,51.4032700204358,31.25001898623487
1470,1470,left,evaluation,4548,25.859726000135197,0,41.95408076042885,52.697459362030486,31.210702158827218
1470,1470,right,evaluation,4548,25.859726000135197,0,41.30604856884911,51.52033764504349,31.091759492654727
1471,1471,left,evaluation,4549,1.6576709999753803,1,41.94365861055216,52.789850395147184,31.097466825957156
1471,1471,right,evaluation,4549,1.6576709999753803,1,41.166363233611015,51.41406809334211,30.918658373879918
1472,1472,left,evaluation,4555,1.1649690000012924,1,41.964054344754246,52.849798158391536,31.078310531116934
1472,1472,right,evaluation,4555,1.1649690000012924,1,41.19584373573126,51.38098741122063,31.010700060241895
1473,1473,left,evaluation,4559,4.502809000086927,1,41.78398307957322,52.25523131225204,31.312734846894397
1473,1473,right,evaluation,4559,4.502809000086927,1,41.16186199128488,51.20893120973028,31.114792772839472
1474,1474,left,evaluation,4560,11.86258849998012,1,41.66617698917904,51.81155139509296,31.520802583265123
1474,1474,right,evaluation,4560,11.86258849998012,1,41.19804315782285,51.07397770378096,31.322108611864746
1475,1475,left,evaluation,4561,25.537957999858918,0,41.628207344346194,51.42267420545179,31.833740483240582
1475,1475,right,evaluation,4561,25.537957999858918,0,41.25767835390898,50.96023567035184,31.555121037466115
1476,1476,left,evaluation,4561,5.198648500254421,1,41.43392086545835,50.6597833932224,32.20805833769429
1476,1476,right,evaluation,4561,5.198648500254421,1,41.25075721880769,50.87135734386516,31.63015709375022
1477,1477,left,evaluation,4565,0.06561999998666579,1,41.409212765566586,50.45220084875675,32.36622468237641
1477,1477,right,evaluation,4565,0.06561999998666579,1,41.35473473028233,50.94512300718928,31.76434645337539
1478,1478,left,evaluation,4571,3.9669750001394277,1,41.31845288489278,49.993570507945634,32.64333526183992
1478,1478,right,evaluation,4571,3.9669750001394277,1,41.43480752362702,51.0130089404113,31.856606106842754
1479,1479,left,evaluation,4574,6.352110000079847,1,41.25822980643561,49.5380056661462,32.97845394672502
1479,1479,right,evaluation,4574,6.352110000079847,1,41.46402281856829,50.893516202112515,32.03452943502406
1480,1480,left,evaluation,4575,29.084115999921778,0,41.18278861637941,49.19885321900417,33.16672401375465
1480,1480,right,evaluation,4575,29.084115999921778,0,41.56297263021102,50.9396899303146,32.186255330107436
1481,1481,left,evaluation,4576,0.35597100008999405,1,41.96353346585085,50.08588272019331,33.84118421150838
1481,1481,right,evaluation,4576,0.35597100008999405,1,41.9507972309482,51.30455389648034,32.597040565416066
1482,1482,left,evaluation,4580,0.6202800000210118,1,42.15742576817566,49.92966030589915,34.385191230452186
1482,1482,right,evaluation,4580,0.6202800000210118,1,41.99678847596553,51.232513380812804,32.761063571118264
1483,1483,left,evaluation,4586,1.7425349999484752,1,42.11415183060119,49.59283939719195,34.635464264010416
1483,1483,right,evaluation,4586,1.7425349999484752,1,42.091115231905306,51.20264446011036,32.97958600370024
1484,1484,left,evaluation,4587,2.648475499881897,1,41.96121568497388,49.08713237068306,34.835298999264694
1484,1484,right,evaluation,4587,2.648475499881897,1,42.20913809855644,51.36807598050575,33.05020021660713
1485,1485,left,evaluation,4590,0.6013869999605959,0,41.986229467259726,48.86734910419894,35.10510983032052
1485,1485,right,evaluation,4590,0.6013869999605959,0,42.575203789819646,51.83112832268298,33.31927925695631
1486,1486,left,evaluation,4591,14.905506500099364,0,42.0852746687128,48.852742535034096,35.3178068023915
1486,1486,right,evaluation,4591,14.905506500099364,0,42.769836279797396,52.111236485457006,33.42843607413779
1487,1487,left,evaluation,4594,5.216800000198418,1,42.412650092911235,49.19814780958101,35.62715237624146
1487,1487,right,evaluation,4594,5.216800000198418,1,43.16055045173181,52.7333661512532,33.587734752210416
1488,1488,left,evaluation,4600,2.648877499950686,1,42.625130522509465,49.4779749921534,35.77228605286553
1488,1488,right,evaluation,4600,2.648877499950686,1,43.54958185763403,53.377201369935406,33.72196234533266
1489,1489,left,evaluation,4604,5.094611000004079,1,42.765679468972415,49.650043464078315,35.88131547386651
1489,1489,right,evaluation,4604,5.094611000004079,1,43.83842479013381,53.9343242893537,33.742525290913925
1490,1490,left,evaluation,4605,23.346968499936338,0,43.05045458371014,50.100103235961406,36.00080593145887
1490,1490,right,evaluation,4605,23.346968499936338,0,44.18077122255939,54.539911569990444,33.82163087512835
1491,1491,left,evaluation,4606,4.638599000145405,1,43.323793214983915,50.58999659412582,36.057589835841995
1491,1491,right,evaluation,4606,4.638599000145405,1,44.58898771692918,55.270336835910186,33.90763859794817
1492,1492,left,evaluation,4606,27.95498449995648,0,43.4994761903801,50.920090303861556,36.078862076898645
1492,1492,right,evaluation,4606,27.95498449995648,0,44.94040113368136,55.94294185137862,33.9378604159841
1493,1493,left,evaluation,4607,5.765640999925381,0,43.67047943820741,51.11493883995071,36.22602003646411
1493,1493,right,evaluation,4607,5.765640999925381,0,45.41267666369125,56.757631504847225,34.06772182253527
1494,1494,left,evaluation,4611,1.9174369999745977,0,44.033241066663585,51.80314281348069,36.26333931984647
1494,1494,right,evaluation,4611,1.9174369999745977,0,45.305112209700916,56.629727653980545,33.980496765421286
1495,1495,left,evaluation,4616,2.3149429998738924,1,44.21057276047033,52.185388416983336,36.235757103957305
1495,1495,right,evaluation,4616,2.3149429998738924,1,45.45245385977876,56.9322723737237,33.97263534583383
1496,1496,left,evaluation,4618,9.87747149997631,1,44.36818620240855,52.54125574428372,36.1951166605334
1496,1496,right,evaluation,4618,9.87747149997631,1,45.58065508063872,57.20207472249954,33.959235438777924
1497,1497,left,evaluation,4619,1.2358819999462867,1,44.67060693657295,53.19303805295541,36.14817582019049
1497,1497,right,evaluation,4619,1.2358819999462867,1,45.727042100754694,57.49886466259868,33.95521953891069
1498,1498,left,evaluation,4619,35.86575650001578,0,44.894397686110075,53.66013041156903,36.128664960651115
1498,1498,right,evaluation,4619,35.86575650001578,0,46.09084469396635,58.13791123340975,34.04377815452297
1499,1499,left,evaluation,4620,12.393940000038128,1,45.11686037209883,54.15725604828971,36.076464695907944
1499,1499,right,evaluation,4620,12.393940000038128,1,46.23386257408096,58.468809070557384,33.99891607760453
1500,1500,left,evaluation,4621,4.964074000099572,1,45.302790017585345,54.597016596636266,36.00856343853444
1500,1500,right,evaluation,4621,4.964074000099572,1,46.15418357120677,58.35401009035188,33.954357052061674
1501,1501,left,evaluation,4625,0.6174740001370083,1,45.3355848891359,54.70236272132415,35.96880705694766
1501,1501,right,evaluation,4625,0.6174740001370083,1,46.06421700698933,58.14115531325348,33.9872787007252
1502,1502,left,evaluation,4631,2.1115024999289744,1,45.31188031160533,54.73505719581594,35.88870342739473
1502,1502,right,evaluation,4631,2.1115024999289744,1,45.98386955375642,57.99186201617579,33.97587709133706
1503,1503,left,evaluation,4635,2.664195000079417,1,45.28941882781619,54.762846399702525,35.815991255929866
1503,1503,right,evaluation,4635,2.664195000079417,1,45.921588812050345,57.81541640213029,34.02776122197041
1504,1504,left,evaluation,4637,22.738653000260456,0,45.12602994586547,54.50679756081786,35.745262330913064
1504,1504,right,evaluation,4637,22.738653000260456,0,45.87238446021571,57.74160334506519,34.00316557536624
1505,1505,left,evaluation,4638,0.12345099980848318,1,44.919787479072056,54.15899981774796,35.68057514039614
1505,1505,right,evaluation,4638,0.12345099980848318,1,45.91175444945403,57.79641226041058,34.02709663849751
1506,1506,left,evaluation,4640,2.9007860000547225,1,44.62846619402138,53.88508019076736,35.371852197275395
1506,1506,right,evaluation,4640,2.9007860000547225,1,46.016699190897576,57.98195201500285,34.05144636679232
1507,1507,left,evaluation,4645,0.7879059999140736,1,44.49901141176254,53.68217422078875,35.315848602736324
1507,1507,right,evaluation,4645,0.7879059999140736,1,45.993018539747055,57.966332955202425,34.01970412429167
1508,1508,left,evaluation,4650,0.6684694999421481,1,44.50101221722393,53.72743918413964,35.274585250308206
1508,1508,right,evaluation,4650,0.6684694999421481,1,45.9647534493554,57.909559620586194,34.01994727812461
1509,1509,left,evaluation,4652,7.0255680000173015,0,44.54986402467368,53.84845672691008,35.25127132243729
1509,1509,right,evaluation,4652,7.0255680000173015,0,45.86397646242434,57.69249018194023,34.03546274290845
1510,1510,left,evaluation,4653,16.65444150012263,0,44.43482999791471,53.745524892168575,35.12413510366084
1510,1510,right,evaluation,4653,16.65444150012263,0,45.644579448248315,57.32564574856782,33.96351314792882
1511,1511,left,evaluation,4655,0.011014999927283498,1,44.321311612103116,53.648318082390645,34.99430514181557
1511,1511,right,evaluation,4655,0.011014999927283498,1,45.44215786595912,57.01218722650758,33.87212850541067
1512,1512,left,evaluation,4660,2.093695999974443,1,44.29715148673278,53.65005885301996,34.9442441204456
1512,1512,right,evaluation,4660,2.093695999974443,1,45.21055789545882,56.65302643950105,33.76808935141659
1513,1513,left,evaluation,4665,5.09881400012091,1,44.20447648155461,53.53352221764884,34.87543074546038
1513,1513,right,evaluation,4665,5.09881400012091,1,45.04759564278741,56.369930820880654,33.72526046469416
1514,1514,left,evaluation,4666,21.816303999912634,0,44.038014001331184,53.27726214568952,34.79876585697286
1514,1514,right,evaluation,4666,21.816303999912634,0,44.9440901782932,56.17043121143854,33.71774914514786
1515,1515,left,evaluation,4667,13.309836000189534,1,43.95649315965897,53.103918415037946,34.80906790428
1515,1515,right,evaluation,4667,13.309836000189534,1,44.739016550544115,55.76719548442331,33.71083761666491
1516,1516,left,evaluation,4670,2.7901695002583438,1,43.511975216893795,52.41269522008529,34.61125521370231
1516,1516,right,evaluation,4670,2.7901695002583438,1,44.597872929801035,55.62245611078195,33.57328974882013
1517,1517,left,evaluation,4676,1.747008999927857,1,43.282364502388354,52.06687024555504,34.49785875922168
1517,1517,right,evaluation,4676,1.747008999927857,1,44.39055531974444,55.28906575363959,33.492044885849296
1518,1518,left,evaluation,4681,1.1805589999767108,1,42.87049470226695,51.39824628032899,34.34274312420493
1518,1518,right,evaluation,4681,1.1805589999767108,1,44.032591365174575,54.62259654440426,33.442586185944904
1519,1519,left,evaluation,4685,0.8611830000972986,1,42.54807249735212,50.87180376540489,34.22434122929935
1519,1519,right,evaluation,4685,0.8611830000972986,1,43.85640052040486,54.34453972598207,33.36826131482766
1520,1520,left,evaluation,4685,34.33409500007656,0,42.44442691609089,50.719847998540374,34.16900583364141
1520,1520,right,evaluation,4685,34.33409500007656,0,43.75628300537618,54.1245380313757,33.38802797937667
1521,1521,left,evaluation,4686,6.958201999850644,1,42.36623678099305,50.6578856597126,34.07458790227351
1521,1521,right,evaluation,4686,6.958201999850644,1,43.438174682771475,53.58557890041844,33.290770465124496
1522,1522,left,evaluation,4691,2.1094715000344877,1,42.07562488193601,50.22105483872953,33.93019492514249
1522,1522,right,evaluation,4691,2.1094715000344877,1,43.11178108761915,53.25105672620566,32.97250544903264
1523,1523,left,evaluation,4696,0.8352609997928084,1,42.04791426629671,50.20042226103922,33.8954062715542
1523,1523,right,evaluation,4696,0.8352609997928084,1,42.80082781356128,52.72304700205389,32.87860862506866
1524,1524,left,evaluation,4700,13.158652999891274,1,42.016084826238135,50.213490358021446,33.81867929445483
1524,1524,right,evaluation,4700,13.158652999891274,1,42.505541283024,52.230774637771525,32.78030792827646
1525,1525,left,evaluation,4701,10.535054000001765,1,41.973717597566875,50.33551876898811,33.61191642614564
1525,1525,right,evaluation,4701,10.535054000001765,1,42.247928827713345,51.87675683603786,32.61910081938883
1526,1526,left,evaluation,4705,2.21820149999985,1,42.14378619728335,50.79110427967045,33.49646811489625
1526,1526,right,evaluation,4705,2.21820149999985,1,41.87482124173646,51.35737067419507,32.39227180927786
1527,1527,left,evaluation,4706,11.95923499994933,1,42.225124268538565,51.04640579449819,33.40384274257893
1527,1527,right,evaluation,4706,11.95923499994933,1,41.18122637764889,50.331872350022245,32.03058040527553
1528,1528,left,evaluation,4708,9.691506500075775,1,42.143582525958905,50.91549047962388,33.37167457229392
1528,1528,right,evaluation,4708,9.691506500075775,1,40.555065006852324,49.31878027768418,31.791349736020464
1529,1529,left,evaluation,4709,11.556114999848432,1,41.97682713315297,50.72482228880383,33.22883197750211
1529,1529,right,evaluation,4709,11.556114999848432,1,39.953720863273496,48.40773728340765,31.499704443139354
1530,1530,left,evaluation,4711,2.0604150001872767,1,41.76732126142147,50.582443925014545,32.95219859782839
1530,1530,right,evaluation,4711,2.0604150001872767,1,39.427120219160855,47.64932572941692,31.204914708904788
1531,1531,left,evaluation,4717,1.0719800000060786,1,41.682765595995946,50.58543654265857,32.780094649333314
1531,1531,right,evaluation,4717,1.0719800000060786,1,38.98570207280826,47.0647466200546,30.90665752556192
1532,1532,left,evaluation,4721,1.7345240000850026,1,41.639465480017115,50.64100057830811,32.63793038172612
1532,1532,right,evaluation,4721,1.7345240000850026,1,38.568845679549774,46.47727587959063,30.660415479508924
1533,1533,left,evaluation,4723,20.574983999949836,0,41.452115358011845,50.45644131410445,32.447789401919245
1533,1533,right,evaluation,4723,20.574983999949836,0,37.880291436116465,45.45726670210124,30.303316170131687
1534,1534,left,evaluation,4724,2.759802999889871,0,41.15962506098141,50.06155460093246,32.25769552103036
1534,1534,right,evaluation,4724,2.759802999889871,0,37.31551039762008,44.625718055226336,30.005302740013825
1535,1535,left,evaluation,4725,8.239423999839346,0,40.29458882808227,48.94717035371637,31.642007302448178
1535,1535,right,evaluation,4725,8.239423999839346,0,36.36149988221459,43.26787101463101,29.455128749798167
1536,1536,left,evaluation,4729,0.6247349999739527,1,39.5550111834559,47.91739819064181,31.192624176269995
1536,1536,right,evaluation,4729,0.6247349999739527,1,35.32053106981068,41.733879895097886,28.907182244523465
1537,1537,left,evaluation,4733,2.4175949999971635,1,39.07018785417279,47.17495964421736,30.96541606412822
1537,1537,right,evaluation,4733,2.4175949999971635,1,34.45210681648189,40.52185034637728,28.382363286586504
1538,1538,left,evaluation,4735,10.701111999878776,0,38.60612062846955,46.275179313439956,30.93706194349914
1538,1538,right,evaluation,4735,10.701111999878776,0,33.858550949430565,39.772126038381415,27.944975860479712
1539,1539,left,evaluation,4736,19.43868050011588,0,38.12792143915796,45.36248127061667,30.89336160769924
1539,1539,right,evaluation,4736,19.43868050011588,0,33.28105667963,38.908243648103735,27.65386971115627
1540,1540,left,evaluation,4738,3.511965999905442,1,37.46454460097656,44.184864159885755,30.744225042067363
1540,1540,right,evaluation,4738,3.511965999905442,1,32.33657969482345,37.3963108281297,27.276848561517188
1541,1541,left,evaluation,4744,1.606448500069746,1,36.775654213768256,42.906157261584994,30.64515116595151
1541,1541,right,evaluation,4744,1.606448500069746,1,31.838241164465217,36.58558184489435,27.090900484036077
1542,1542,left,evaluation,4749,3.147876999946675,1,36.258793769181935,41.81853603056494,30.69905150779895
1542,1542,right,evaluation,4749,3.147876999946675,1,31.23350167995854,35.5922467733467,26.874756586570367
1543,1543,left,evaluation,4751,9.018123999794625,1,36.06562995970416,41.17864310365427,30.952616815754048
1543,1543,right,evaluation,4751,9.018123999794625,1,30.644722504257835,34.5838033728789,26.705641635636773
1544,1544,left,evaluation,4752,17.109114000049885,0,36.23430139740082,41.01819412570893,31.450408669092713
1544,1544,right,evaluation,4752,17.109114000049885,0,29.71133835440876,32.84343126607209,26.579245442745428
1545,1545,left,evaluation,4753,4.103658500071106,0,36.94886019147237,41.81861780906373,32.079102573881
1545,1545,right,evaluation,4753,4.103658500071106,0,28.70012504993854,30.976409532294177,26.423840567582904
1546,1546,left,evaluation,4758,0.5679289999989123,1,37.78091320971485,43.012597839069606,32.5492285803601
1546,1546,right,evaluation,4758,0.5679289999989123,1,28.81402665153981,31.011008487201888,26.617044815877726
1547,1547,left,evaluation,4764,0.5606969998552813,1,38.12295085966114,43.645417058671185,32.60048466065109
1547,1547,right,evaluation,4764,0.5606969998552813,1,28.812806857737893,30.969361772869195,26.656251942606605
1548,1548,left,evaluation,4769,1.642220999883648,0,38.41141370711978,44.25144128207929,32.57138613216025
1548,1548,right,evaluation,4769,1.642220999883648,0,28.809728029016775,30.810882040673846,26.80857401735971
1549,1549,left,evaluation,4770,24.384155999996437,0,39.052623777419704,45.36261082095249,32.74263673388693
1549,1549,right,evaluation,4770,24.384155999996437,0,29.303391744402433,31.542158676031626,27.064624812773246
1550,1550,left,evaluation,4771,4.233634999991409,1,40.28507731823767,47.673214391167576,32.89694024530775
1550,1550,right,evaluation,4771,4.233634999991409,1,30.259643856558007,33.003198560098284,27.51608915301773
1551,1551,left,evaluation,4776,0.3165380001064477,1,41.80553540443115,50.45815084837277,33.15291996048952
1551,1551,right,evaluation,4776,0.3165380001064477,1,31.918709623063357,35.714958996047784,28.122460250078937
1552,1552,left,evaluation,4782,4.576734000011129,1,42.61803873472766,51.987650561046436,33.248426908408874
1552,1552,right,evaluation,4782,4.576734000011129,1,33.48749344962944,38.59316118435851,28.381825714900373
1553,1553,left,evaluation,4784,17.201868000029208,1,43.57013535786193,53.680634351193135,33.45963636453071
1553,1553,right,evaluation,4784,17.201868000029208,1,34.87141530097841,41.17092192018645,28.571908681770367
1554,1554,left,evaluation,4784,16.1502850000943,1,44.382931508145134,55.15804131361169,33.60782170267858
1554,1554,right,evaluation,4784,16.1502850000943,1,36.08396051884749,43.50434890346217,28.663572134232812
1555,1555,left,evaluation,4785,0.6245289998787484,1,45.584042123118515,57.00689630600637,34.161187940230654
1555,1555,right,evaluation,4785,0.6245289998787484,1,37.537058375525774,46.166918126573236,28.90719862447832
1556,1556,left,evaluation,4792,2.0825950000471494,1,46.51585740513008,58.57994862363309,34.45176618662706
1556,1556,right,evaluation,4792,2.0825950000471494,1,38.83513639469835,48.577397495232944,29.092875294163754
1557,1557,left,evaluation,4794,8.629184000028545,1,47.690260319251834,60.52864339706878,34.851877241434906
1557,1557,right,evaluation,4794,8.629184000028545,1,40.13882125056453,51.018054667766066,29.259587833363003
1558,1558,left,evaluation,4794,24.91720499983785,0,48.36922578076302,61.61095223432318,35.12749932720285
1558,1558,right,evaluation,4794,24.91720499983785,0,40.75380398364868,52.07363380913374,29.433974158163625
1559,1559,left,evaluation,4795,16.184408499839265,0,48.98972193912951,62.576242053409395,35.403201824849624
1559,1559,right,evaluation,4795,16.184408499839265,0,41.647906192864205,53.745440215727555,29.550372170000855
1560,1560,left,evaluation,4797,2.4978379999538447,1,49.83063092063431,63.928960424804245,35.73230141646438
1560,1560,right,evaluation,4797,2.4978379999538447,1,43.53073482780862,57.248825306944184,29.812644348673064
1561,1561,left,evaluation,4804,1.099280499829547,1,50.39141964704324,64.76146405259261,36.02137524149387
1561,1561,right,evaluation,4804,1.099280499829547,1,44.4492335202624,58.88207364570642,30.01639339481838
1562,1562,left,evaluation,4809,1.7462109999542008,0,50.60935386394824,65.18190259722675,36.03680513066973
1562,1562,right,evaluation,4809,1.7462109999542008,0,44.91101074759437,59.589446027612475,30.232575467576254
1563,1563,left,evaluation,4809,30.85040900009517,0,50.86650045735222,65.49587525532746,36.237125659376986
1563,1563,right,evaluation,4809,30.85040900009517,0,45.51282484041773,60.57578932807197,30.449860352763476
1564,1564,left,evaluation,4810,1.5437320000728505,1,50.796931790304214,65.36670376006931,36.227159820539114
1564,1564,right,evaluation,4810,1.5437320000728505,1,45.800675628513126,61.03343391841116,30.567917338615086
1565,1565,left,evaluation,4813,2.4330700000518846,1,50.74791857991855,65.54744058504647,35.94839657479064
1565,1565,right,evaluation,4813,2.4330700000518846,1,46.117436329738034,61.817541001281064,30.417331658195014
1566,1566,left,evaluation,4819,1.52089099992736,1,50.747394077532185,65.57552745203893,35.91926070302544
1566,1566,right,evaluation,4819,1.52089099992736,1,46.392260002632774,62.37435976084811,30.410160244417447
1567,1567,left,evaluation,4821,19.388089999893054,1,51.02853421659121,66.02672244410095,36.030345989081454
1567,1567,right,evaluation,4821,19.388089999893054,1,47.10615751651382,63.594290879601964,30.618024153425683
1568,1568,left,evaluation,4822,29.722915999855104,0,51.56735894964389,66.89457615330126,36.24014174598652
1568,1568,right,evaluation,4822,29.722915999855104,0,47.800836952078086,64.82126978208926,30.780404122066905
1569,1569,left,evaluation,4823,1.378162000037264,0,52.39236396163974,68.13871547998502,36.64601244329445
1569,1569,right,evaluation,4823,1.378162000037264,0,48.8418389030433,66.6134839002035,31.07019390588311
1570,1570,left,evaluation,4830,1.1747810001452308,1,53.2308519547898,69.43415291513878,37.027550994440816
1570,1570,right,evaluation,4830,1.1747810001452308,1,50.02481059429498,68.6408175106116,31.408803677978362
1571,1571,left,evaluation,4835,0.7863475000249309,1,54.337801580949325,71.1093354068514,37.56626775504724
1571,1571,right,evaluation,4835,0.7863475000249309,1,51.38136732064498,70.9406800925144,31.822054548775554
1572,1572,left,evaluation,4837,23.09028800004853,0,55.73814101256882,73.27293340717499,38.20334861796263
1572,1572,right,evaluation,4837,23.09028800004853,0,52.45124015417309,72.73188910276184,32.170591205584344
1573,1573,left,evaluation,4838,19.47821099997782,1,57.75285342586536,76.31572336748842,39.18998348424232
1573,1573,right,evaluation,4838,19.47821099997782,1,54.40549456305564,76.04775664558436,32.76323248052693
1574,1574,left,evaluation,4839,3.4309970001231704,1,58.396986448985196,77.54159482986779,39.25237806810261
1574,1574,right,evaluation,4839,3.4309970001231704,1,55.63004341034624,78.26808339959163,32.99200342110085
1575,1575,left,evaluation,4844,0.6866690000606468,1,58.73962075392304,78.0850113605337,39.394230147312385
1575,1575,right,evaluation,4844,0.6866690000606468,1,56.48079459081951,79.76276975468244,33.19881942695657
1576,1576,left,evaluation,4850,3.7358670001594874,1,59.19590088521776,78.80710069955879,39.58470107087677
1576,1576,right,evaluation,4850,3.7358670001594874,1,57.20309796276628,81.00758183748829,33.39861408804427
1577,1577,left,evaluation,4853,2.733067999997729,0,61.35186108342028,81.81931391672889,40.88440825011164
1577,1577,right,evaluation,4853,2.733067999997729,0,58.565990582377914,83.30027520126164,33.83170596349419
1578,1578,left,evaluation,4854,31.271262666678012,0,61.740945466538676,82.28763941631344,41.194251516763906
1578,1578,right,evaluation,4854,31.271262666678012,0,58.80304866890732,83.72224647020907,33.88385086760555
1579,1579,left,evaluation,4854,2.2010396667155874,1,61.58059097121022,82.03314261970031,41.12803932272014
1579,1579,right,evaluation,4854,2.2010396667155874,1,58.675110356934184,83.47878157478654,33.87143913908183
1580,1580,left,evaluation,4859,0.4186720000234345,1,61.17383828814617,81.52292782511131,40.82474875118102
1580,1580,right,evaluation,4859,0.4186720000234345,1,58.694175854740294,83.5837130490459,33.80463866043469
1581,1581,left,evaluation,4866,1.3439164999908826,1,59.96945027826719,79.7565820468096,40.18231850972474
1581,1581,right,evaluation,4866,1.3439164999908826,1,57.612981092110786,81.8575347873826,33.36842739683895
1582,1582,left,evaluation,4869,7.674795999946582,0,58.62328330521926,77.86782376283618,39.37874284760234
1582,1582,right,evaluation,4869,7.674795999946582,0,56.14196800870801,79.42227374596959,32.86166227144643
1583,1583,left,evaluation,4869,26.452872000163552,0,55.1889279959776,72.68591168018938,37.69194431176584
1583,1583,right,evaluation,4869,26.452872000163552,0,52.48517947651413,73.08624983633612,31.884109116692155
1584,1584,left,evaluation,4870,8.535988500170788,1,53.01313096821881,69.38565672754137,36.640605208896226
1584,1584,right,evaluation,4870,8.535988500170788,1,50.622127390925115,69.94857391011678,31.29568087173346
1585,1585,left,evaluation,4874,1.8368559999544232,1,50.90884581568156,66.26380309348029,35.55388853788283
1585,1585,right,evaluation,4874,1.8368559999544232,1,48.549393998832144,66.45181660133018,30.64697139633413
1586,1586,left,evaluation,4880,0.41136100003313913,1,48.62446015713059,62.710479416070676,34.5384408981905
1586,1586,right,evaluation,4880,0.41136100003313913,1,46.617781347765735,63.015000235751096,30.220562459780364
1587,1587,left,evaluation,4880,33.05879200001982,0,46.842259327320924,59.940359136448976,33.74415951819287
1587,1587,right,evaluation,4880,33.05879200001982,0,45.027748673997856,60.15984523318216,29.89565211481356
1588,1588,left,evaluation,4881,22.60414050010695,0,45.041204057292404,57.032746841181016,33.04966127340379
1588,1588,right,evaluation,4881,22.60414050010695,0,43.0490653141879,56.545559331106645,29.55257129726915
1589,1589,left,evaluation,4882,5.120690000012473,1,42.690889864449986,53.21034604566036,32.171433683239606
1589,1589,right,evaluation,4882,5.120690000012473,1,41.155798160455184,52.9743515153098,29.33724480560058
1590,1590,left,evaluation,4887,1.437031500017838,1,41.00941481547028,50.41412234375645,31.604707287184112
1590,1590,right,evaluation,4887,1.437031500017838,1,39.36590665740996,49.639495888997814,29.092317425822102
1591,1591,left,evaluation,4891,3.9059240000369755,0,40.766259853799696,49.978910909780595,31.5536087978188
1591,1591,right,evaluation,4891,3.9059240000369755,0,37.67309513467659,46.47969313063119,28.866497138721996
1592,1592,left,evaluation,4892,10.763932499912698,0,40.52949723510339,49.516067722440866,31.542926747765915
1592,1592,right,evaluation,4892,10.763932499912698,0,36.489868446467334,44.205109056618284,28.77462783631638
1593,1593,left,evaluation,4893,4.419648000066445,1,39.36618906157192,47.43623270086943,31.296145422274424
1593,1593,right,evaluation,4893,4.419648000066445,1,34.848879449982846,41.07490689673703,28.62285200322866
1594,1594,left,evaluation,4898,0.7316604999232368,1,38.35662180827576,45.608666088715054,31.104577527836465
1594,1594,right,evaluation,4898,0.7316604999232368,1,33.45036870221819,38.29584064239545,28.604896762040944
1595,1595,left,evaluation,4904,0.5459279998376587,0,36.798476929652935,42.87836660759631,30.718587251709568
1595,1595,right,evaluation,4904,0.5459279998376587,0,32.625557831505695,36.7026802012281,28.548435461783292
1596,1596,left,evaluation,4906,18.05830350008364,0,35.46891998434262,40.633449776769126,30.304390191916116
1596,1596,right,evaluation,4906,18.05830350008364,0,32.09498782653314,35.672861894664706,28.517113758401575
1597,1597,left,evaluation,4907,27.293104000136736,0,34.65415844618481,39.22085502354234,30.08746186882728
1597,1597,right,evaluation,4907,27.293104000136736,0,31.747164325950962,34.97838533867116,28.515943313230764
1598,1598,left,evaluation,4908,1.1776900000768364,1,33.778207058516514,37.78104870878225,29.775365408250774
1598,1598,right,evaluation,4908,1.1776900000768364,1,32.117759416239,35.520185102604486,28.715333729873514
1599,1599,left,evaluation,4913,1.2688790000083827,1,33.429153065658625,37.175493499056635,29.682812632260614
1599,1599,right,evaluation,4913,1.2688790000083827,1,32.1108117828828,35.458548282382154,28.763075283383426
1600,1600,left,evaluation,4919,1.6196665001189103,1,33.03112007480401,36.619758095797394,29.44248205381062
1600,1600,right,evaluation,4919,1.6196665001189103,1,32.50371504156011,36.16869986307394,28.83873022004629
1601,1601,left,evaluation,4921,6.054470999970363,1,33.081309948308274,36.906210710923574,29.256409185692963
1601,1601,right,evaluation,4921,6.054470999970363,1,32.70179447140144,36.56606369505869,28.837525247744214
1602,1602,left,evaluation,4922,27.67762133339602,0,33.28631499224293,37.361205831616715,29.21142415286913
1602,1602,right,evaluation,4922,27.67762133339602,0,33.235876581303515,37.55297968194814,28.91877348065888
1603,1603,left,evaluation,4923,0.4900583332982933,1,33.495222354266836,37.82253782620276,29.167906882330907
1603,1603,right,evaluation,4923,0.4900583332982933,1,33.62688664988736,38.34526487300935,28.908508426765383
1604,1604,left,evaluation,4929,1.2490969997998036,1,33.919620068327866,38.72869140786405,29.11054872879169
1604,1604,right,evaluation,4929,1.2490969997998036,1,34.01431518858897,39.10661806218475,28.922012314993196
1605,1605,left,evaluation,4933,1.4690119999158924,1,35.52112612672464,41.83646908892839,29.20578316452088
1605,1605,right,evaluation,4933,1.4690119999158924,1,35.1703987152426,41.32493968918151,29.015857741303684
1606,1606,left,evaluation,4935,17.51144266677329,1,36.30255811674125,43.30181955276839,29.303296680714105
1606,1606,right,evaluation,4935,17.51144266677329,1,35.8057349069165,42.456214013259014,29.15525580057399
1607,1607,left,evaluation,4936,14.27600366673687,0,37.115337104244404,44.78975810300021,29.440916105488594
1607,1607,right,evaluation,4936,14.27600366673687,0,36.3013760005241,43.270005351245565,29.332746649802637
1608,1608,left,evaluation,4937,0.22304999993139063,0,37.88157253434342,46.08892430586709,29.67422076281975
1608,1608,right,evaluation,4937,0.22304999993139063,0,36.65138719027492,43.832246078438956,29.470528302110875
1609,1609,left,evaluation,4941,0.917465500151593,0,38.62810130849691,47.28965252133753,29.966550095656295
1609,1609,right,evaluation,4941,0.917465500151593,0,37.14741611545459,44.534708666071914,29.760123564837254
1610,1610,left,evaluation,4948,0.503070000149819,1,38.963994919077344,47.5976625202925,30.330327317862203
1610,1610,right,evaluation,4948,0.503070000149819,1,37.249812321169685,44.40982177843527,30.089802863904104
1611,1611,left,evaluation,4954,1.881355500245263,1,39.232296094089136,47.75693659972903,30.707655588449246
1611,1611,right,evaluation,4954,1.881355500245263,1,37.33508472297454,44.37767930430489,30.2924901416442
1612,1612,left,evaluation,4956,25.11626199998318,0,39.22163907670582,47.32325151883253,31.12002663457912
1612,1612,right,evaluation,4956,25.11626199998318,0,37.36240261002772,44.235272634661975,30.48953258539346
1613,1613,left,evaluation,4957,14.625609500171777,1,39.22806680179552,47.059243803056084,31.396889800534943
1613,1613,right,evaluation,4957,14.625609500171777,1,37.387489604607694,43.97993249924492,30.795046709970457
1614,1614,left,evaluation,4958,3.4587269999519776,1,39.47846406720688,47.34431858873817,31.612609545675582
1614,1614,right,evaluation,4958,3.4587269999519776,1,37.86183473020782,44.59678107625864,31.126888384156995
1615,1615,left,evaluation,4964,0.24214699988078792,1,39.32997331438981,46.517408272065055,32.14253835671455
1615,1615,right,evaluation,4964,0.24214699988078792,1,38.434837245581676,44.986868865594815,31.88280562556853
1616,1616,left,evaluation,4970,2.326700999901732,1,39.54495786665244,46.4917142003315,32.59820153297336
1616,1616,right,evaluation,4970,2.326700999901732,1,38.59224917735302,45.145884784133386,32.03861357057264
1617,1617,left,evaluation,4971,3.0328719999488385,1,40.25190399643618,47.11509217985954,33.3887158130128
1617,1617,right,evaluation,4971,3.0328719999488385,1,38.990246277012744,45.66633006654995,32.31416248747554
1618,1618,left,evaluation,4974,15.056319499990423,1,40.29942100986004,46.90302821821408,33.695813801506006
1618,1618,right,evaluation,4974,15.056319499990423,1,39.237610649522786,45.990848709356236,32.48437258968933
1619,1619,left,evaluation,4978,1.9574079999529204,1,40.71858984807701,47.27819216330687,34.15898753284715
1619,1619,right,evaluation,4978,1.9574079999529204,1,39.912461936388695,46.95090360153497,32.87402027124241
1620,1620,left,evaluation,4984,1.1574650000056863,1,41.16529076341984,47.77329413916508,34.5572873876746
1620,1620,right,evaluation,4984,1.1574650000056863,1,40.45664217807985,47.79092623393867,33.12235812222103
1621,1621,left,evaluation,4988,4.60069099995053,1,41.30967132990874,47.731770231728134,34.88757242808934
1621,1621,right,evaluation,4988,4.60069099995053,1,41.09600822624021,48.776974121664644,33.41504233081576
1622,1622,left,evaluation,4989,14.2569199999798,1,41.36885965919269,47.77218790444003,34.965531413945335
1622,1622,right,evaluation,4989,14.2569199999798,1,41.41949596812929,49.32528743827928,33.513704497979305
1623,1623,left,evaluation,4990,5.554427000106443,1,42.18091040157082,48.82843378143622,35.53338702170542
1623,1623,right,evaluation,4990,5.554427000106443,1,42.28678656251552,50.783222265947636,33.79035085908342
1624,1624,left,evaluation,4994,2.498791999869354,1,42.70637883506983,49.54783654475572,35.86492112538393
1624,1624,right,evaluation,4994,2.498791999869354,1,42.98757452167025,52.00652005469285,33.96862898864763
1625,1625,left,evaluation,5000,1.2241665001511137,1,43.029253220953954,50.02542211296699,36.03308432894092
1625,1625,right,evaluation,5000,1.2241665001511137,1,43.66723749907009,53.2116404432871,34.122834554853085
1626,1626,left,evaluation,5003,7.420692000096096,0,43.31496194174032,50.4782380366734,36.15168584680724
1626,1626,right,evaluation,5003,7.420692000096096,0,44.27215985079421,54.28173265900155,34.26258704258687
1627,1627,left,evaluation,5004,17.50582549993851,0,43.709309717571,51.05768094126881,36.36093849387317
1627,1627,right,evaluation,5004,17.50582549993851,0,44.83106115858248,55.275787517167316,34.386334799997655
1628,1628,left,evaluation,5007,1.9327929999235494,1,44.1599060315868,51.76446319594264,36.55534886723096
1628,1628,right,evaluation,5007,1.9327929999235494,1,45.383936620759656,56.313355646969725,34.45451759454959
1629,1629,left,evaluation,5013,0.5237615000623919,1,44.632808512034934,52.57949462475826,36.6861223993116
1629,1629,right,evaluation,5013,0.5237615000623919,1,45.76003402054472,57.05956002973063,34.46050801135881
1630,1630,left,evaluation,5017,2.4176699998861295,1,45.042427106852564,53.365230088638285,36.719624125066844
1630,1630,right,evaluation,5017,2.4176699998861295,1,46.15820375830976,57.8375119638571,34.478895552762424
1631,1631,left,evaluation,5018,1.9388399998661043,1,45.36100505716571,54.00499677241813,36.71701334191329
1631,1631,right,evaluation,5018,1.9388399998661043,1,46.57177624255606,58.615494039924144,34.52805844518799
1632,1632,left,evaluation,5019,5.8551790000365145,1,45.86212813868016,54.900342515348335,36.823913762012005
1632,1632,right,evaluation,5019,5.8551790000365145,1,47.08871941404376,59.57431603586279,34.60312279222473
1633,1633,left,evaluation,5023,0.29257450000841345,1,46.42293519653401,55.92617366776085,36.91969672530717
1633,1633,right,evaluation,5023,0.29257450000841345,1,47.38443250377603,60.09079482309299,34.67807018445907
1634,1634,left,evaluation,5029,6.015208999997412,1,46.76799540407849,56.61414552671513,36.921845281441826
1634,1634,right,evaluation,5029,6.015208999997412,1,47.69902536157254,60.671870021520704,34.726180701624386
1635,1635,left,evaluation,5032,1.8671489999633195,0,47.31815083851442,57.64791972638085,36.98838195064799
1635,1635,right,evaluation,5032,1.8671489999633195,0,48.467921646270554,61.98816812608718,34.947675166453934
1636,1636,left,evaluation,5034,22.65730999988591,0,47.48509321391787,57.9945677106812,36.975618717154546
1636,1636,right,evaluation,5034,22.65730999988591,0,48.56911053180795,62.177337041608496,34.960884022007406
1637,1637,left,evaluation,5035,0.22813000009591633,1,47.60924218305145,58.24862223891715,36.96986212718575
1637,1637,right,evaluation,5035,0.22813000009591633,1,48.621834921854315,62.21884247383245,35.024827369876185
1638,1638,left,evaluation,5041,2.1900340000229335,1,47.855459887873735,58.77343016264393,36.93748961310352
1638,1638,right,evaluation,5041,2.1900340000229335,1,48.564341130697066,62.12777391934283,35.00090834205132
1639,1639,left,evaluation,5047,1.0067029998026555,1,47.985609289561,59.10542568866718,36.86579289045481
1639,1639,right,evaluation,5047,1.0067029998026555,1,48.073384211749556,61.212407127665585,34.934361295833526
1640,1640,left,evaluation,5050,0.8305470000777859,0,47.95037892988245,59.0559271266092,36.844830733155696
1640,1640,right,evaluation,5050,0.8305470000777859,0,47.61286807127282,60.399274331389265,34.82646181115638
1641,1641,left,evaluation,5051,11.177017999898453,0,47.748546164397254,58.65841037756677,36.83868195122772
1641,1641,right,evaluation,5051,11.177017999898453,0,47.251296560331035,59.69594290182071,34.806650218841376
1642,1642,left,evaluation,5053,0.20278300007703365,1,47.52538400328604,58.30422048106699,36.7465475255051
1642,1642,right,evaluation,5053,0.20278300007703365,1,46.84998817118075,58.99152360307073,34.70845273929075
1643,1643,left,evaluation,5059,2.52917299985711,1,47.15238890132285,57.65287195845118,36.65190584419453
1643,1643,right,evaluation,5059,2.52917299985711,1,46.41566593297276,58.11818348620361,34.7131483797419
1644,1644,left,evaluation,5064,0.8597220000865491,1,46.80199471493334,56.9738442316498,36.63014519821691
1644,1644,right,evaluation,5064,0.8597220000865491,1,45.92335021380621,57.18110412702906,34.66559630058336
1645,1645,left,evaluation,5066,23.707585000011022,0,46.49595272394451,56.351085518039575,36.64081992984946
1645,1645,right,evaluation,5066,23.707585000011022,0,45.12010544647373,55.763559395048915,34.47665149789855
1646,1646,left,evaluation,5067,2.2494429999824206,1,46.43556803420381,56.211324482903386,36.659811585504244
1646,1646,right,evaluation,5067,2.2494429999824206,1,44.673756621765754,54.90136820376715,34.446145039764374
1647,1647,left,evaluation,5068,2.732320999939475,1,46.506700637302814,56.13629622484435,36.87710504976128
1647,1647,right,evaluation,5068,2.732320999939475,1,44.29564578143108,54.3372594452173,34.25403211764485
1648,1648,left,evaluation,5074,1.4636519999839948,1,46.46101962288128,55.91316800918619,37.00887123657637
1648,1648,right,evaluation,5074,1.4636519999839948,1,43.650694939147414,53.206667390335724,34.09472248795909
1649,1649,left,evaluation,5079,5.628832999946098,0,46.44058599523494,55.91273216065714,36.968439829812745
1649,1649,right,evaluation,5079,5.628832999946098,0,42.39340266760948,51.10649674003783,33.68030859518114
1650,1650,left,evaluation,5082,12.197248333222888,0,46.42591986786344,55.91532840578911,36.93651132993777
1650,1650,right,evaluation,5082,12.197248333222888,0,42.16558905649529,50.74443873020891,33.586739382781666
1651,1651,left,evaluation,5083,9.251458333210394,1,46.24535626960509,55.65166391019519,36.83904862901498
1651,1651,right,evaluation,5083,9.251458333210394,1,41.9069130236029,50.29908207478306,33.514743972422735
1652,1652,left,evaluation,5088,0.4841180000312306,1,45.73538654200509,54.94520143401296,36.52557164999721
1652,1652,right,evaluation,5088,0.4841180000312306,1,41.825359185810825,50.21301247794222,33.437705893679436
1653,1653,left,evaluation,5094,1.5207609999379201,1,45.23538988117909,54.14621657394629,36.3245631884119
1653,1653,right,evaluation,5094,1.5207609999379201,1,41.42259440211221,49.54816577155814,33.297023032666274
1654,1654,left,evaluation,5098,1.3341950000267389,0,44.47926193307826,52.87137481178432,36.087149054372205
1654,1654,right,evaluation,5098,1.3341950000267389,0,40.659492478321575,48.28874362756364,33.030241329079495
1655,1655,left,evaluation,5099,25.061779499992554,0,43.882472311906845,51.946583546391864,35.81836107742181
1655,1655,right,evaluation,5099,25.061779499992554,0,39.95737251462844,47.18283376707337,32.73191126218351
1656,1656,left,evaluation,5101,3.145035999978063,1,43.0627909508704,50.714693293703235,35.41088860803758
1656,1656,right,evaluation,5101,3.145035999978063,1,39.03848317925265,45.74486793010312,32.332098428402176
1657,1657,left,evaluation,5106,2.3131975001433602,1,42.57945136742265,50.07180700060427,35.08709573424103
1657,1657,right,evaluation,5106,2.3131975001433602,1,38.435777466310334,44.91657025043145,31.954984682189217
1658,1658,left,evaluation,5111,0.6801600000017061,0,41.97493075961368,49.29994204346892,34.64991947575844
1658,1658,right,evaluation,5111,0.6801600000017061,0,37.97279744783768,44.32665989245652,31.618935003218848
1659,1659,left,evaluation,5113,24.212388000023566,0,41.398063968753874,48.762220045887716,34.03390789162004
1659,1659,right,evaluation,5113,24.212388000023566,0,37.26304384937893,43.65838322257791,30.867704476179945
1660,1660,left,evaluation,5115,0.8636680001927743,1,41.038402399008,48.56711768459241,33.50968711342358
1660,1660,right,evaluation,5115,0.8636680001927743,1,36.38891030003292,42.53458185704167,30.243238743024158
1661,1661,left,evaluation,5119,2.133637000042654,1,40.50139613056395,47.95790946939483,33.04488279173305
1661,1661,right,evaluation,5119,2.133637000042654,1,35.572078987769274,41.52844770669956,29.615710268838995
1662,1662,left,evaluation,5124,1.225726000029681,1,39.94144431183427,47.30271045781917,32.58017816584937
1662,1662,right,evaluation,5124,1.225726000029681,1,34.95037502146159,40.84429041486804,29.056459628055116
1663,1663,left,evaluation,5125,22.437910999997257,0,38.78243867707379,45.6014953769987,31.963381977148877
1663,1663,right,evaluation,5125,22.437910999997257,0,33.82172224258176,39.52455919964193,28.11888528552158
1664,1664,left,evaluation,5126,28.358979333233947,0,38.430747061358105,45.04370738977405,31.817786732942146
1664,1664,right,evaluation,5126,28.358979333233947,0,33.29954468639086,38.740633745834636,27.858455626947098
1665,1665,left,evaluation,5127,2.4511686667665344,1,38.03695226523735,44.651396057251816,31.422508473222894
1665,1665,right,evaluation,5127,2.4511686667665344,1,32.30618740937419,37.30785712212438,27.304517696623986
1666,1666,left,evaluation,5132,0.7076609999785433,1,37.42815187021767,43.67603583458322,31.180267905852123
1666,1666,right,evaluation,5132,0.7076609999785433,1,31.729724333801023,36.49024912143351,26.969199546168532
1667,1667,left,evaluation,5139,1.9872410000516538,1,35.65088806332064,40.41429168717504,30.887484439466256
1667,1667,right,evaluation,5139,1.9872410000516538,1,29.962164094192723,33.71145059929599,26.212877589089466
1668,1668,left,evaluation,5144,4.530414999862842,1,34.7341214162987,38.79283100396854,30.67541182862886
1668,1668,right,evaluation,5144,4.530414999862842,1,29.64836524270306,33.208335889734975,26.088394595671144
1669,1669,left,evaluation,5144,28.932945999940785,0,34.33601312041802,37.95384110975259,30.71818513108345
1669,1669,right,evaluation,5144,28.932945999940785,0,29.363148623696805,32.733026095024094,25.993271152369505
1670,1670,left,evaluation,5145,7.050787000025593,1,33.82651079229208,37.02035714558555,30.632664438998614
1670,1670,right,evaluation,5145,7.050787000025593,1,29.186501107206066,32.43895155146886,25.93405066294327
1671,1671,left,evaluation,5149,1.4848825001081423,1,32.825951530167266,35.44666936598584,30.20523369434868
1671,1671,right,evaluation,5149,1.4848825001081423,1,29.02039943217203,31.962240680371565,26.078558183972497
1672,1672,left,evaluation,5155,2.2342639999806124,1,32.17040924362127,34.32477184478803,30.016046642454523
1672,1672,right,evaluation,5155,2.2342639999806124,1,28.75029988216027,31.520162409264618,25.98043735505592
1673,1673,left,evaluation,5159,1.6825795000841026,1,31.783428701900952,33.732134844122925,29.834722559678994
1673,1673,right,evaluation,5159,1.6825795000841026,1,29.176980253687002,32.3803772200488,25.973583287325198
1674,1674,left,evaluation,5160,31.211230000053547,0,33.15148776839176,36.07971070091625,30.22326483586727
1674,1674,right,evaluation,5160,31.211230000053547,0,29.75977228251462,33.405215271579394,26.114329293449856
1675,1675,left,evaluation,5160,1.8738159999429627,0,35.68984463045039,40.38487347457252,30.994815786328246
1675,1675,right,evaluation,5160,1.8738159999429627,0,30.631591989809927,35.08082733548686,26.182356644133
1676,1676,left,evaluation,5163,0.528700999893772,1,38.15365038230411,44.499747567956106,31.807553196652112
1676,1676,right,evaluation,5163,0.528700999893772,1,32.97676371392886,39.5617609067449,26.391766521112828
1677,1677,left,evaluation,5164,2.7653579998059286,1,40.66086947770217,48.737126293404,32.58461266200034
1677,1677,right,evaluation,5164,2.7653579998059286,1,35.37928612859646,44.18718978225194,26.571382474940993
1678,1678,left,evaluation,5167,9.022475999927337,0,42.22532862382862,51.42098159413583,33.029675653521394
1678,1678,right,evaluation,5167,9.022475999927337,0,37.20494852130735,47.55078561430381,26.8591114283109
1679,1679,left,evaluation,5168,36.277941499974986,0,43.79748615600103,54.25013585946348,33.34483645253857
1679,1679,right,evaluation,5168,36.277941499974986,0,38.69175696860145,50.20346573954548,27.18004819765743
1680,1680,left,evaluation,5168,3.2740659999035415,1,45.44318479078216,56.74798004346278,34.13838953810155
1680,1680,right,evaluation,5168,3.2740659999035415,1,40.294074661393964,53.28784914477468,27.30030017801324
1681,1681,left,evaluation,5173,0.859085000001869,1,47.7647207886643,61.7326776853419,33.79676389198671
1681,1681,right,evaluation,5173,0.859085000001869,1,43.50901239491873,58.85795232498182,28.160072464855638
1682,1682,left,evaluation,5178,2.3883040000782785,1,50.22999253012719,65.8942619943275,34.565723065926875
1682,1682,right,evaluation,5178,2.3883040000782785,1,45.4728721519061,62.18421004149535,28.761534262316864
1683,1683,left,evaluation,5181,0.17359949993078772,1,52.297193691604164,69.4260287050295,35.16835867817885
1683,1683,right,evaluation,5181,0.17359949993078772,1,46.87093827268556,64.50628694111018,29.235589604260934
1684,1684,left,evaluation,5181,33.67736399991372,0,53.36787025801849,71.18555085604675,35.55018965999025
1684,1684,right,evaluation,5181,33.67736399991372,0,48.16693724117333,66.65514298585413,29.67873149649255
1685,1685,left,evaluation,5182,14.644258500084106,0,54.70775718294417,73.81891035389381,35.59660401199452
1685,1685,right,evaluation,5182,14.644258500084106,0,50.51082909272183,70.33961838780272,30.682039797640943
1686,1686,left,evaluation,5185,1.894848999882015,1,55.93943622722453,75.93427899230065,35.94459346214841
1686,1686,right,evaluation,5185,1.894848999882015,1,52.46762181230266,73.15067348929475,31.784570135310567
1687,1687,left,evaluation,5190,3.4799430000020948,1,56.77837760173604,77.23491421191196,36.32184099156016
1687,1687,right,evaluation,5190,3.4799430000020948,1,54.59496450720136,76.29043240693714,32.899496607465565
1688,1688,left,evaluation,5194,7.72102700011601,1,56.77341454811926,77.29805192365468,36.248777172583814
1688,1688,right,evaluation,5194,7.72102700011601,1,56.055497368313205,78.3753539454459,33.73564079118053
1689,1689,left,evaluation,5195,4.964393999898675,1,56.65251780745098,77.25401386155413,36.051021753347825
1689,1689,right,evaluation,5195,4.964393999898675,1,57.23084874483461,80.11547395410679,34.34622353556243
1690,1690,left,evaluation,5196,7.73777299991707,1,54.7127348940311,74.90905583987104,34.51641394819116
1690,1690,right,evaluation,5196,7.73777299991707,1,58.57360959666032,81.42038131649409,35.72683787682656
1691,1691,left,evaluation,5200,0.4476665001220681,1,53.06112046264752,72.56937035595494,33.55287056934007
1691,1691,right,evaluation,5200,0.4476665001220681,1,59.64773720356585,82.57046053777239,36.72501386935932
1692,1692,left,evaluation,5206,0.7210569999642757,1,51.713410725203815,70.28065827002263,33.146163180385
1692,1692,right,evaluation,5206,0.7210569999642757,1,61.478333870288246,84.71848263951843,38.23818510105807
1693,1693,left,evaluation,5210,1.0537814998770045,1,50.62759436563979,68.2343773234944,33.020811407785175
1693,1693,right,evaluation,5210,1.0537814998770045,1,63.35536422056087,86.86918531710663,39.84154312401512
1694,1694,left,evaluation,5211,22.6201250000031,0,50.36306204669542,67.42570804481032,33.30041604858053
1694,1694,right,evaluation,5211,22.6201250000031,0,65.27450816251753,89.08972209563953,41.459294229395525
1695,1695,left,evaluation,5212,1.9707290000496869,1,50.730754527148264,67.29983008782861,34.1616789664679
1695,1695,right,evaluation,5212,1.9707290000496869,1,66.65067148915541,90.35471766629159,42.94662531201924
1696,1696,left,evaluation,5214,0.9890859998904489,1,50.44274016456534,66.21713402626325,34.66834630286744
1696,1696,right,evaluation,5214,0.9890859998904489,1,67.45125870862165,90.7604461531868,44.14207126405647
1697,1697,left,evaluation,5221,0.9428734999801236,1,50.22172679602125,65.24542221448054,35.198031377561946
1697,1697,right,evaluation,5221,0.9428734999801236,1,68.12446824675287,90.89340661370149,45.35552987980427
1698,1698,left,evaluation,5226,5.321355999967636,1,48.92788231956725,62.79833919584413,35.05742544329038
1698,1698,right,evaluation,5226,5.321355999967636,1,68.4726841453342,90.5253752086082,46.41999308206021
1699,1699,left,evaluation,5229,5.22707949994583,1,46.81659826171614,58.92955419396228,34.70364232946998
1699,1699,right,evaluation,5229,5.22707949994583,1,68.12112252933561,89.1100015426434,47.132243516027785
1700,1700,left,evaluation,5229,27.919953000036912,0,46.96656402989923,58.576032924977156,35.357095134821314
1700,1700,right,evaluation,5229,27.919953000036912,0,66.93327587226005,87.12397860666115,46.74257313785895
1701,1701,left,evaluation,5230,7.3228619999099465,0,47.103074670710406,57.82465956640198,36.381489775018835
1701,1701,right,evaluation,5230,7.3228619999099465,0,65.67188901744935,84.5449016414839,46.798876393414794
1702,1702,left,evaluation,5234,1.9862780000039493,1,53.042699562553835,64.3139611936148,41.771437931492876
1702,1702,right,evaluation,5234,1.9862780000039493,1,68.591076027774,86.72401985202086,50.458132203527114
1703,1703,left,evaluation,5242,0.6678964998627634,1,56.180920741505396,67.99435613920272,44.36748534380807
1703,1703,right,evaluation,5242,0.6678964998627634,1,69.86845443080719,87.61856606700374,52.11834279461067
1704,1704,left,evaluation,5247,0.1618720000351459,1,58.30750422951587,70.47230220479021,46.142706254241546
1704,1704,right,evaluation,5247,0.1618720000351459,1,70.23755815919095,87.70143905325219,52.773677265129706
1705,1705,left,evaluation,5247,33.29939049990571,0,60.058126616427636,72.62428761266568,47.49196562018958
1705,1705,right,evaluation,5247,33.29939049990571,0,70.51395381193512,87.77820550679496,53.24970211707531
1706,1706,left,evaluation,5248,1.434889999927691,1,62.18156375884479,75.35323918809321,49.00988832959637
1706,1706,right,evaluation,5248,1.434889999927691,1,70.55637339163818,87.55116909961058,53.56157768366579
1707,1707,left,evaluation,5251,1.1353379998126911,1,65.11290065152113,78.9629512315137,51.262850071528554
1707,1707,right,evaluation,5251,1.1353379998126911,1,69.17789178251374,85.71422372941439,52.641559835613066
1708,1708,left,evaluation,5255,13.987219999989975,1,67.28582613957833,81.91108968845745,52.660562590699215
1708,1708,right,evaluation,5255,13.987219999989975,1,68.70398010990718,84.85995471244063,52.548005507373716
1709,1709,left,evaluation,5258,1.3504810001450096,1,69.79839526428188,85.39421939664237,54.20257113192139
1709,1709,right,evaluation,5258,1.3504810001450096,1,67.84927457003698,83.31201921144793,52.38652992862603
1710,1710,left,evaluation,5259,21.11353100008273,0,71.30821241359216,87.43380117423455,55.18262365294977
1710,1710,right,evaluation,5259,21.11353100008273,0,66.50944428289237,81.17715839948593,51.8417301662988
1711,1711,left,evaluation,5260,0.17828000022745982,1,73.82337224454412,90.93132917178941,56.71541531729885
1711,1711,right,evaluation,5260,0.17828000022745982,1,67.15410895774491,81.52004462959052,52.78817328589927
1712,1712,left,evaluation,5267,0.028616000008696574,1,75.35180415731186,93.10611911726583,57.59748919735788
1712,1712,right,evaluation,5267,0.028616000008696574,1,67.23421555587842,81.39943170732099,53.06899940443581
1713,1713,left,evaluation,5272,0.6896709999182349,1,76.92785385968499,95.35786329973493,58.49784441963501
1713,1713,right,evaluation,5272,0.6896709999182349,1,66.99628394185336,80.87386678684948,53.118701096857215
1714,1714,left,evaluation,5274,8.389401999920665,0,78.10639014991126,97.1216142193251,59.091166080497416
1714,1714,right,evaluation,5274,8.389401999920665,0,66.6023836865315,80.17812213545118,53.02664523761182
1715,1715,left,evaluation,5274,23.336533500241785,0,79.58508959997918,99.15185712311037,60.018322076847994
1715,1715,right,evaluation,5274,23.336533500241785,0,66.51502627197809,79.96310259521746,53.066949948738696
1716,1716,left,evaluation,5276,3.7909340001078817,1,79.13057038468938,98.93531302516276,59.32582774421602
1716,1716,right,evaluation,5276,3.7909340001078817,1,66.00186025867484,80.03002651601955,51.97369400133014
1717,1717,left,evaluation,5282,1.7388615001436847,1,79.11275141987605,99.13094916955063,59.09455367020147
1717,1717,right,evaluation,5282,1.7388615001436847,1,65.08410298459533,79.10771755328764,51.06048841590304
1718,1718,left,evaluation,5286,1.9984939999631024,1,79.63588683322737,100.08525619595882,59.186517470495936
1718,1718,right,evaluation,5286,1.9984939999631024,1,64.97897459682778,79.37672610396984,50.58122308968572
1719,1719,left,evaluation,5288,25.091059999795107,0,79.2503378834589,99.96320172084408,58.537474046073726
1719,1719,right,evaluation,5288,25.091059999795107,0,64.24769231895716,78.84594819159865,49.649436446315676
1720,1720,left,evaluation,5288,8.348236000074394,1,80.31844156848557,101.47034475047994,59.16653838649121
1720,1720,right,evaluation,5288,8.348236000074394,1,65.04496722868274,80.03918662052153,50.05074783684391
1721,1721,left,evaluation,5290,5.217559999891819,1,78.98413363524597,100.10073078348361,57.86753648700831
1721,1721,right,evaluation,5290,5.217559999891819,1,60.950956044877785,75.52926827128992,46.37264381846565
1722,1722,left,evaluation,5295,0.9692620001260366,1,78.83393473301322,100.04185287577604,57.626016590250416
1722,1722,right,evaluation,5295,0.9692620001260366,1,59.86723677160512,74.46369629420607,45.27077724900415
1723,1723,left,evaluation,5300,0.5549040001824324,1,78.61147263914287,99.9794809311044,57.24346434718134
1723,1723,right,evaluation,5300,0.5549040001824324,1,58.15503761358872,72.54919328127811,43.76088194589932
1724,1724,left,evaluation,5300,32.637266999927306,0,78.66137975080623,100.07326347308705,57.249496028525435
1724,1724,right,evaluation,5300,32.637266999927306,0,57.919021607999674,72.18036599658201,43.65767721941735
1725,1725,left,evaluation,5301,1.9978474999788887,0,78.89351496839092,100.60970604487282,57.17732389190902
1725,1725,right,evaluation,5301,1.9978474999788887,0,56.66275817951363,70.43599369264902,42.88952266637822
1726,1726,left,evaluation,5307,1.6950310000538593,1,76.46503870259741,97.82159576451303,55.108481640681774
1726,1726,right,evaluation,5307,1.6950310000538593,1,51.345579829895335,63.27729631439418,39.41386334539651
1727,1727,left,evaluation,5313,2.167724999935672,1,75.69438278326669,97.09321395719758,54.2955516093358
1727,1727,right,evaluation,5313,2.167724999935672,1,47.73033594201241,57.67445959305159,37.78621229097323
1728,1728,left,evaluation,5316,0.3019089999725111,0,75.24638063684098,96.63973327882222,53.853027994859744
1728,1728,right,evaluation,5316,0.3019089999725111,0,42.71094768965805,49.39075092294809,36.031144456368
1729,1729,left,evaluation,5317,30.779118999817,0,75.34009089378351,96.92666448859892,53.75351729896808
1729,1729,right,evaluation,5317,30.779118999817,0,39.04703920004626,43.18899555048623,34.90508284960629
1730,1730,left,evaluation,5317,2.644649000103527,1,75.77732441820436,97.72576067791226,53.82888815849644
1730,1730,right,evaluation,5317,2.644649000103527,1,38.80469175438579,43.09214201816574,34.51724149060584
1731,1731,left,evaluation,5321,1.2984029999643099,1,72.15753434558259,93.24961700624021,51.06545168492498
1731,1731,right,evaluation,5321,1.2984029999643099,1,45.203072287507,53.59996621925269,36.80617835576131
1732,1732,left,evaluation,5327,4.2416389999289095,1,70.67232248551993,91.36739544198942,49.97724952905045
1732,1732,right,evaluation,5327,4.2416389999289095,1,51.76571133529611,63.77990381793802,39.75151885265421
1733,1733,left,evaluation,5328,14.243435500020496,1,70.27214657189012,90.93735391989631,49.606939223883955
1733,1733,right,evaluation,5328,14.243435500020496,1,56.68588838543612,71.15545420917806,42.216322561694184
1734,1734,left,evaluation,5329,0.08504800007358426,1,68.7181462605622,88.96798725222267,48.468305268901716
1734,1734,right,evaluation,5329,0.08504800007358426,1,62.639744841872755,79.75963515820936,45.51985452553616
1735,1735,left,evaluation,5330,1.0286424999321753,1,65.34650242026498,84.20642042700796,46.48658441352203
1735,1735,right,evaluation,5330,1.0286424999321753,1,71.14175922927737,92.86835156660538,49.41516689194939
1736,1736,left,evaluation,5332,17.167799999924682,1,63.630425595930696,81.43621215954849,45.82463903231289
1736,1736,right,evaluation,5332,17.167799999924682,1,75.90165787686635,99.86246922063454,51.94084653309818
1737,1737,left,evaluation,5334,0.7023394998668664,1,62.26731778186223,78.96813721715846,45.56649834656599
1737,1737,right,evaluation,5334,0.7023394998668664,1,83.12935610772837,110.27215533960165,55.98655687585507
1738,1738,left,evaluation,5336,28.660479999871313,0,62.160224290241466,78.46047987662456,45.85996870385834
1738,1738,right,evaluation,5336,28.660479999871313,0,89.84783062177209,119.25796169585178,60.437699547692375
1739,1739,left,evaluation,5337,0.734286499891823,1,62.00454546420824,78.17546080193321,45.833630126483285
1739,1739,right,evaluation,5337,0.734286499891823,1,95.63100321359128,127.05549904255595,64.20650738462662
1740,1740,left,evaluation,5343,1.015088000031028,1,61.78925309487896,77.66207611615555,45.91643007360236
1740,1740,right,evaluation,5343,1.015088000031028,1,102.45556864952482,135.86801093686137,69.04312636218826
1741,1741,left,evaluation,5348,1.2751980000302865,1,61.260101975921884,76.59912825451272,45.921075697331055
1741,1741,right,evaluation,5348,1.2751980000302865,1,108.40355733255362,143.68014022523897,73.1269744398683
1742,1742,left,evaluation,5351,18.674580999913815,0,61.13008792578908,76.29928705896455,45.9608887926136
1742,1742,right,evaluation,5351,18.674580999913815,0,113.10478605609403,149.6299443845983,76.57962772758971
1743,1743,left,evaluation,5353,13.370312000006379,0,59.4609999616206,74.19143853783649,44.730561385404705
1743,1743,right,evaluation,5353,13.370312000006379,0,120.3531968075675,159.05087344239865,81.65552017273632
1744,1744,left,evaluation,5357,0.26049200005218154,1,58.15605021948145,72.47728382976784,43.83481660919506
1744,1744,right,evaluation,5357,0.26049200005218154,1,125.26106287233918,165.21434609469452,85.30777964998383
1745,1745,left,evaluation,5363,2.1256595000522793,1,56.88472596350243,70.71531075729945,43.05414116970542
1745,1745,right,evaluation,5363,2.1256595000522793,1,129.11614232846128,170.033311732112,88.19897292481055
1746,1746,left,evaluation,5365,1.8498169999929814,1,55.18354544695853,68.48999127657787,41.877099617339184
1746,1746,right,evaluation,5365,1.8498169999929814,1,131.79005243656744,173.27409930105682,90.30600557207806
1747,1747,left,evaluation,5366,28.932080000004134,0,53.46349079989157,66.15580609373325,40.77117550604987
1747,1747,right,evaluation,5366,28.932080000004134,0,133.68071890063408,175.4986868227234,91.86275097854465
1748,1748,left,evaluation,5367,30.292229999986375,0,51.0148821820785,62.649255110746616,39.38050925341038
1748,1748,right,evaluation,5367,30.292229999986375,0,134.83892641743296,176.84314214076812,92.83471069409781
1749,1749,left,evaluation,5368,0.320832499937751,0,48.04584895280525,58.998159742765644,37.09353816284486
1749,1749,right,evaluation,5368,0.320832499937751,0,135.17699114652493,176.63631742928004,93.71766486376981
1750,1750,left,evaluation,5373,1.24744799995824,1,46.8111267194982,57.323255796622945,36.29899764237344
1750,1750,right,evaluation,5373,1.24744799995824,1,133.63713413718088,174.31357594766328,92.96069232669845
1751,1751,left,evaluation,5379,1.15442800006349,1,46.44624360165083,56.80721744149774,36.08526976180391
1751,1751,right,evaluation,5379,1.15442800006349,1,131.83300363585258,171.49891900960304,92.16708826210211
1752,1752,left,evaluation,5381,22.27035999999316,0,46.62721617788082,57.0703648243199,36.184067531441734
1752,1752,right,evaluation,5381,22.27035999999316,0,129.5384324318372,168.14789051734,90.92897434633441
1753,1753,left,evaluation,5382,20.874756000011985,0,47.26946849997394,58.15616130015758,36.3827756997903
1753,1753,right,evaluation,5382,20.874756000011985,0,125.15525848607004,161.83910523020432,88.47141174193575
1754,1754,left,evaluation,5382,12.707781000017349,1,47.26376284684669,58.19797360527345,36.32955208841994
1754,1754,right,evaluation,5382,12.707781000017349,1,119.93752037615657,154.66938668628904,85.20565406602405
1755,1755,left,evaluation,5386,1.6760030000568804,1,50.70663063210585,62.271309024944934,39.14195223926674
1755,1755,right,evaluation,5386,1.6760030000568804,1,115.95522774843695,148.53524546603063,83.37521003084335
1756,1756,left,evaluation,5394,2.528691999941657,1,51.92953160158048,63.91108971033147,39.9479734928295
1756,1756,right,evaluation,5394,2.528691999941657,1,113.75642521573738,144.98408895557318,82.52876147590163
1757,1757,left,evaluation,5397,0.5285549998461647,1,52.77361769595973,64.94464411774081,40.60259127417862
1757,1757,right,evaluation,5397,0.5285549998461647,1,113.00983768218327,143.3439570137026,82.67571835066391
1758,1758,left,evaluation,5398,3.3130229999187577,1,52.63206847521589,64.71628410778258,40.54785284264918
1758,1758,right,evaluation,5398,3.3130229999187577,1,110.54331485944776,139.48899958361744,81.59763013527808
1759,1759,left,evaluation,5399,19.938476499874014,1,53.55437622226598,65.86246303706739,41.24628940746457
1759,1759,right,evaluation,5399,19.938476499874014,1,110.47339035434928,138.67980152298492,82.2669791857136
1760,1760,left,evaluation,5401,0.8578389999911451,1,53.74827392582506,66.0991112389352,41.39743661271491
1760,1760,right,evaluation,5401,0.8578389999911451,1,111.52832375485619,139.52396401076288,83.53268349894951
1761,1761,left,evaluation,5407,1.5217550001125346,1,53.269550138431136,65.52497117746574,41.01412909939652
1761,1761,right,evaluation,5407,1.5217550001125346,1,111.68191496645272,139.22500106868583,84.13882886421962
1762,1762,left,evaluation,5409,10.03592100005335,1,52.78548222697269,64.89275592178087,40.6782085321645
1762,1762,right,evaluation,5409,10.03592100005335,1,111.6587250802457,138.81710215106585,84.5003480094256
1763,1763,left,evaluation,5410,25.870442666473537,0,52.82893378108704,64.69917300134577,40.958694560828306
1763,1763,right,evaluation,5410,25.870442666473537,0,111.29016347069644,138.20683532369114,84.37349161770173
1764,1764,left,evaluation,5412,1.3469183334109402,1,51.67089190341553,63.4211122837505,39.92067152308056
1764,1764,right,evaluation,5412,1.3469183334109402,1,113.22867692929985,140.57425154175957,85.88310231684021
1765,1765,left,evaluation,5416,2.1954910000658856,1,50.98473008552323,62.523944837932525,39.44551533311394
1765,1765,right,evaluation,5416,2.1954910000658856,1,112.50926245233877,139.6048890083009,85.41363589637666
1766,1766,left,evaluation,5420,15.744641000082993,0,50.7978426107443,62.21594137557596,39.37974384591264
1766,1766,right,evaluation,5420,15.744641000082993,0,109.35849407626635,135.43224542531348,83.28474272721925
1767,1767,left,evaluation,5421,15.800933333366629,0,49.62000150362589,60.72554329312845,38.51445971412333
1767,1767,right,evaluation,5421,15.800933333366629,0,109.87860799921725,136.28364638628477,83.47356961214973
1768,1768,left,evaluation,5422,8.146298666588336,1,48.824851893135396,59.79455328283723,37.85515050343356
1768,1768,right,evaluation,5422,8.146298666588336,1,109.08060096245838,135.34223823506034,82.81896368985642
1769,1769,left,evaluation,5425,2.8283019998980308,1,48.691650006852754,59.72141029355373,37.66188972015176
1769,1769,right,evaluation,5425,2.8283019998980308,1,106.97838981467126,132.68593259275775,81.2708470365848
1770,1770,left,evaluation,5431,1.6329430000041611,1,48.6457464173787,59.76939782561309,37.52209500914431
1770,1770,right,evaluation,5431,1.6329430000041611,1,103.88592161520197,128.73930663395726,79.03253659644665
1771,1771,left,evaluation,5434,1.2805189999198774,1,48.712484849695564,59.8755857655221,37.549383933869024
1771,1771,right,evaluation,5434,1.2805189999198774,1,100.2512081864178,124.08762569387329,76.4147906789623
1772,1772,left,evaluation,5435,2.565941999819188,1,50.56947549104161,62.518417867937615,38.62053311414561
1772,1772,right,evaluation,5435,2.565941999819188,1,99.5314490924256,123.13083363852215,75.93206454632903
1773,1773,left,evaluation,5436,4.76082199998018,1,52.97228618555012,65.92904434760382,40.015528023496394
1773,1773,right,evaluation,5436,4.76082199998018,1,96.35614035679518,119.09490893641737,73.617371777173
1774,1774,left,evaluation,5440,2.5118480000401178,1,57.521233693531336,72.52790739437447,42.514559992688206
1774,1774,right,evaluation,5440,2.5118480000401178,1,93.79681997997156,115.72219370396968,71.87144625597342
1775,1775,left,evaluation,5446,5.950626333287801,1,57.87608768057389,73.1964009454222,42.555774415725566
1775,1775,right,evaluation,5446,5.950626333287801,1,92.83140637499369,114.51999931843258,71.14281343155477
1776,1776,left,evaluation,5448,15.625107333335109,0,58.09518005899673,73.63800978683645,42.552350331157015
1776,1776,right,evaluation,5448,15.625107333335109,0,91.37071542693553,112.64403458756479,70.09739626630626
1777,1777,left,evaluation,5449,29.754370999853563,0,58.07326175988845,73.76104787121409,42.38547564856283
1777,1777,right,evaluation,5449,29.754370999853563,0,90.43369643283657,111.39751768925491,69.46987517641824
1778,1778,left,evaluation,5449,2.397981000285654,0,57.87740429463504,73.54022670412454,42.214581885145535
1778,1778,right,evaluation,5449,2.397981000285654,0,89.8928633901285,110.70095404652466,69.08477273373236
1779,1779,left,evaluation,5454,1.5881600002103369,1,56.037588625499176,71.92399859574225,40.1511786552561
1779,1779,right,evaluation,5454,1.5881600002103369,1,83.77902433013924,103.03481019274038,64.52323846753806
1780,1780,left,evaluation,5460,7.9844790002425725,1,54.04136608862656,69.56204453373269,38.52068764352042
1780,1780,right,evaluation,5460,7.9844790002425725,1,81.67305205657009,100.3576374164049,62.98846669673527
1781,1781,left,evaluation,5464,10.142302999838648,0,52.25140180881406,67.43410138575447,37.068702231873644
1781,1781,right,evaluation,5464,10.142302999838648,0,80.19665032258945,98.54646108249814,61.846839562680735
1782,1782,left,evaluation,5465,20.77406349985722,0,48.24925033102018,62.22931105191509,34.26918961012525
1782,1782,right,evaluation,5465,20.77406349985722,0,76.37005832324118,93.73090575252263,59.00921089395972
1783,1783,left,evaluation,5466,2.433075999988432,1,46.354392727985186,59.692654105591814,33.01613135037856
1783,1783,right,evaluation,5466,2.433075999988432,1,75.16777856297281,92.19783755937074,58.13771956657489
1784,1784,left,evaluation,5470,1.4240345001326205,1,44.407924766995066,57.17366663408188,31.64218289990826
1784,1784,right,evaluation,5470,1.4240345001326205,1,73.79899883517164,90.53439875965526,57.063598910688015
1785,1785,left,evaluation,5473,1.7065349998119927,1,43.29809190195497,55.65760353791061,30.938580265999327
1785,1785,right,evaluation,5473,1.7065349998119927,1,72.70286142854084,89.22172526124652,56.18399759583516
1786,1786,left,evaluation,5475,19.292050500098412,1,41.88389786322013,53.74655693877479,30.021238787665453
1786,1786,right,evaluation,5475,19.292050500098412,1,71.68950232451428,87.92808358820011,55.45092106082842
1787,1787,left,evaluation,5476,0.11127400011901045,1,40.87637557133902,52.20677815081651,29.545972991861515
1787,1787,right,evaluation,5476,0.11127400011901045,1,71.32646458133416,87.39638547489224,55.256543687776045
1788,1788,left,evaluation,5480,0.14674600015496253,1,37.788027571164186,47.74525395563222,27.830801186696153
1788,1788,right,evaluation,5480,0.14674600015496253,1,67.92379005306805,83.08648488604149,52.76109522009458
1789,1789,left,evaluation,5486,2.426837000029991,1,36.298096437538824,45.49080626951829,27.105386605559357
1789,1789,right,evaluation,5486,2.426837000029991,1,66.31825311707078,81.06897766865211,51.567528565489454
1790,1790,left,evaluation,5491,2.28813200010336,1,35.72234415294242,44.547823918792595,26.89686438709224
1790,1790,right,evaluation,5491,2.28813200010336,1,64.68946190483007,78.9935383477031,50.385385461957064
1791,1791,left,evaluation,5495,1.6561579998324305,0,35.07493088946113,43.369584231421086,26.78027754750115
1791,1791,right,evaluation,5495,1.6561579998324305,0,62.886321759095964,76.71700770657367,49.05563581161823
1792,1792,left,evaluation,5496,22.82962449999104,0,35.33438550212838,43.62757929897497,27.04119170528179
1792,1792,right,evaluation,5496,22.82962449999104,0,61.83923723987429,75.37279258052149,48.30568189922711
1793,1793,left,evaluation,5498,1.9138220000058936,1,34.55692690574944,42.07693157261736,27.036922238881537
1793,1793,right,evaluation,5498,1.9138220000058936,1,59.64211667497847,72.56409916365195,46.720134186305
1794,1794,left,evaluation,5505,0.234336000175972,1,34.71825903040603,41.80113118972563,27.63538687108645
1794,1794,right,evaluation,5505,0.234336000175972,1,57.1925529979913,69.44799488573315,44.937111110249454
1795,1795,left,evaluation,5510,1.5821029999187886,0,35.96182240582762,42.89087438822456,29.03277042343069
1795,1795,right,evaluation,5510,1.5821029999187886,0,54.661624325566926,66.1768896476366,43.14635900349726
1796,1796,left,evaluation,5513,15.213820499866415,0,37.17817580351992,44.2372668865271,30.119084720512728
1796,1796,right,evaluation,5513,15.213820499866415,0,52.659425748377586,63.623464633566435,41.69538686318875
1797,1797,left,evaluation,5514,9.444474000019909,1,39.22671209754431,46.457642474708145,31.995781720380467
1797,1797,right,evaluation,5514,9.444474000019909,1,49.94388333704087,60.20514285302723,39.682623821054506
1798,1798,left,evaluation,5518,4.767184500224175,1,42.209716037615316,50.079458732829124,34.33997334240151
1798,1798,right,evaluation,5518,4.767184500224175,1,46.88837574597669,56.16688737817949,37.60986411377387
1799,1799,left,evaluation,5524,0.0013470000794768566,1,44.47215541188844,52.916483218872216,36.02782760490467
1799,1799,right,evaluation,5524,0.0013470000794768566,1,44.37706523709461,52.86895818603889,35.88517228815034
1800,1800,left,evaluation,5529,4.677341499927934,1,46.80160944682221,55.805061578623075,37.798157315021356
1800,1800,right,evaluation,5529,4.677341499927934,1,42.09380353288336,49.82671351566778,34.36089355009894
1801,1801,left,evaluation,5529,35.90435300020545,0,48.81136523655676,58.521501720553694,39.10122875255982
1801,1801,right,evaluation,5529,35.90435300020545,0,40.383528122605796,47.441769822666004,33.32528642254559
1802,1802,left,evaluation,5530,15.003167666691297,0,51.179145928431964,61.74753042933251,40.61076142753143
1802,1802,right,evaluation,5530,15.003167666691297,0,38.48699145547781,44.897785126405935,32.07619778454968
1803,1803,left,evaluation,5532,0.501207666729897,1,53.66127044584829,64.86031240443174,42.46222848726485
1803,1803,right,evaluation,5532,0.501207666729897,1,36.0988066972036,42.02072614131423,30.176887253092975
1804,1804,left,evaluation,5539,3.2749969998349115,1,55.69195636937567,67.56639437453505,43.8175183642163
1804,1804,right,evaluation,5539,3.2749969998349115,1,34.24087037534355,39.52746201346812,28.954278737218964
1805,1805,left,evaluation,5543,1.372733000152948,1,57.75937113746927,70.40237981189638,45.11636246304216
1805,1805,right,evaluation,5543,1.372733000152948,1,32.5881424774022,37.199715432625354,27.976569522179062
1806,1806,left,evaluation,5545,7.267660000024989,1,59.30658293208571,72.55523591654341,46.05792994762801
1806,1806,right,evaluation,5545,7.267660000024989,1,31.411156963556028,35.64017920198103,27.18213472513103
1807,1807,left,evaluation,5545,35.45399299991914,0,62.30279453238268,76.62075856605807,47.98483049870728
1807,1807,right,evaluation,5545,35.45399299991914,0,30.84300298798167,34.47394263299319,27.21206334297017
1808,1808,left,evaluation,5546,19.676449333246637,0,63.51289168383395,78.37778207065375,48.64800129701412
1808,1808,right,evaluation,5546,19.676449333246637,0,30.365591355173155,33.748096393239585,26.98308631710674
1809,1809,left,evaluation,5548,1.5410286669066409,1,64.88661905302908,80.3462134309111,49.42702467514704
1809,1809,right,evaluation,5548,1.5410286669066409,1,30.66202551599834,34.96930703404466,26.354743997952017
1810,1810,left,evaluation,5553,0.06077000011828204,1,65.84138095199253,81.6998550695492,49.98290683443587
1810,1810,right,evaluation,5553,0.06077000011828204,1,32.11998790138551,37.761388106298305,26.478587696472715
1811,1811,left,evaluation,5557,1.9016569997347688,1,66.97841836418256,83.3085686808643,50.64826804750084
1811,1811,right,evaluation,5557,1.9016569997347688,1,34.07537428451755,41.103904055308064,27.046844513727034
1812,1812,left,evaluation,5561,13.28840099995432,1,67.57740621348424,84.18132469050389,50.97348773646455
1812,1812,right,evaluation,5561,13.28840099995432,1,36.43495301187704,45.12725116150466,27.742654862249434
1813,1813,left,evaluation,5562,34.83901450022131,0,68.13579101800744,85.22232816817134,51.04925386784349
1813,1813,right,evaluation,5562,34.83901450022131,0,38.541186496227965,48.58351510188307,28.49885789057286
1814,1814,left,evaluation,5562,1.740524000069854,0,68.44409905983296,85.75297351650009,51.13522460316584
1814,1814,right,evaluation,5562,1.740524000069854,0,39.5557633651161,50.13108357459993,28.980443155632265
1815,1815,left,evaluation,5565,0.1754299998992792,0,66.73412439122527,83.70983760521483,49.758411177235686
1815,1815,right,evaluation,5565,0.1754299998992792,0,39.76771566265381,50.54981819692642,28.985613128381214
1816,1816,left,evaluation,5571,0.37312599988581496,1,65.72928359065125,82.60977060774488,48.848796573557635
1816,1816,right,evaluation,5571,0.37312599988581496,1,40.45231747694051,51.536881415523645,29.367753538357345
1817,1817,left,evaluation,5575,2.4287955000090733,1,64.7247280038113,81.5336238159613,47.915832191661295
1817,1817,right,evaluation,5575,2.4287955000090733,1,40.830374453864465,52.07441667447695,29.586332233251994
1818,1818,left,evaluation,5578,16.433817000006457,1,63.1853973657001,79.55135332944981,46.81944140195042
1818,1818,right,evaluation,5578,16.433817000006457,1,41.32465013858915,52.772068480829056,29.877231796349243
1819,1819,left,evaluation,5579,30.429337499981557,0,61.75714373883325,77.47432112005484,46.039966357611696
1819,1819,right,evaluation,5579,30.429337499981557,0,41.355760473828106,52.88120869897402,29.830312248682173
1820,1820,left,evaluation,5579,1.8021439998392452,0,60.64142527984135,75.96401431894142,45.3188362407413
1820,1820,right,evaluation,5579,1.8021439998392452,0,40.911115061823466,52.170622500560775,29.651607623086164
1821,1821,left,evaluation,5583,1.7966064997381181,0,55.22495121860261,68.9069171455497,41.54298529165553
1821,1821,right,evaluation,5583,1.7966064997381181,0,40.0427744842139,50.64785128995844,29.437697678469355
1822,1822,left,evaluation,5589,4.057737000039197,1,53.03045442029205,65.85914915481722,40.20175968576687
1822,1822,right,evaluation,5589,4.057737000039197,1,38.86485497453096,48.69296804918327,29.03674189987863
1823,1823,left,evaluation,5593,8.498637000229792,1,50.39922187981442,61.93332814230136,38.865115617327476
1823,1823,right,evaluation,5593,8.498637000229792,1,37.41614494465676,46.193968409680025,28.638321479633504
1824,1824,left,evaluation,5594,17.031139999971856,1,49.02105391633749,59.84566889497787,38.19643893769712
1824,1824,right,evaluation,5594,17.031139999971856,1,36.34978747367227,44.18957270533565,28.510002242008902
1825,1825,left,evaluation,5595,18.301824999980454,1,47.73757087527015,57.88186791381311,37.59327383672719
1825,1825,right,evaluation,5595,18.301824999980454,1,35.40417844087126,42.33667162259142,28.471685259151126
1826,1826,left,evaluation,5595,15.441342000031,1,48.0385628938432,58.27096885168635,37.80615693600002
1826,1826,right,evaluation,5595,15.441342000031,1,34.70055135906729,40.892901646500825,28.508201071633767
1827,1827,left,evaluation,5599,2.7149439999902825,1,46.73550895732505,56.96173762156896,36.509280293081154
1827,1827,right,evaluation,5599,2.7149439999902825,1,32.24467266251464,36.90300885637539,27.586336468653876
1828,1828,left,evaluation,5603,0.6308570000328473,0,46.17516305641861,56.02116703691797,36.329159075919264
1828,1828,right,evaluation,5603,0.6308570000328473,0,31.530905215593684,35.62076681854928,27.441043612638094
1829,1829,left,evaluation,5605,2.2852089998650627,0,46.12345539312021,55.81070026329387,36.436210522946546
1829,1829,right,evaluation,5605,2.2852089998650627,0,31.127093239430025,34.96902372923193,27.285162749628135
1830,1830,left,evaluation,5606,4.968450999967899,1,45.96547450794025,55.69271600886361,36.23823300701689
1830,1830,right,evaluation,5606,4.968450999967899,1,30.67842661503276,34.49941639692849,26.857436833137022
1831,1831,left,evaluation,5613,2.2586226666589937,1,45.31908442933341,55.16994769705009,35.468221161616725
1831,1831,right,evaluation,5613,2.2586226666589937,1,30.49794229950938,34.483468887812805,26.512415711205943
1832,1832,left,evaluation,5619,3.5606446667770797,1,45.34869597396921,55.400900040607176,35.29649190733122
1832,1832,right,evaluation,5619,3.5606446667770797,1,30.617266237779432,34.60712927357277,26.627403201986084
1833,1833,left,evaluation,5623,8.232581999891408,1,45.761415220616826,56.259067229687574,35.263763211546056
1833,1833,right,evaluation,5623,8.232581999891408,1,30.956767339579432,35.066941585912744,26.84659309324611
1834,1834,left,evaluation,5624,41.38179200003833,0,46.44448059640319,57.855960020387535,35.03300117241885
1834,1834,right,evaluation,5624,41.38179200003833,0,31.409998025999293,35.28830554719533,27.531690504803272
1835,1835,left,evaluation,5624,9.418949333394266,1,46.805194178004825,58.57890099614732,35.031487359862346
1835,1835,right,evaluation,5624,9.418949333394266,1,31.63580895108393,35.51546621871014,27.756151683457727
1836,1836,left,evaluation,5628,2.792036666733111,1,47.59415604865841,60.15705222507523,35.031259872241584
1836,1836,right,evaluation,5628,2.792036666733111,1,33.20175497210756,37.9968484435606,28.406661500654526
1837,1837,left,evaluation,5634,0.9962740000446502,1,48.17221424476186,61.32599018103989,35.01843830848382
1837,1837,right,evaluation,5634,0.9962740000446502,1,33.91981064957083,38.989419071440864,28.850202227700795
1838,1838,left,evaluation,5639,0.28398000017659797,1,49.110903802888046,63.264672773275514,34.95713483250058
1838,1838,right,evaluation,5639,0.28398000017659797,1,34.83802968768288,40.02864546613176,29.647413909234
1839,1839,left,evaluation,5640,31.7632239998602,0,49.515452111076534,64.23017935532063,34.80072486683243
1839,1839,right,evaluation,5640,31.7632239998602,0,35.31284758586267,40.68248685054329,29.94320832118205
1840,1840,left,evaluation,5641,1.9217040000967245,1,49.72061695024372,64.73826405106092,34.70296984942652
1840,1840,right,evaluation,5641,1.9217040000967245,1,36.74789593232705,42.87346826671224,30.622323597941847
1841,1841,left,evaluation,5647,0.1669086666424846,1,49.85093154265852,65.02727025147342,34.67459283384361
1841,1841,right,evaluation,5647,0.1669086666424846,1,37.31635948749963,43.74743629377286,30.885282681226403
1842,1842,left,evaluation,5653,1.1917483332126722,1,49.85180788166706,65.11853188220269,34.58508388113145
1842,1842,right,evaluation,5653,1.1917483332126722,1,38.09487346413082,45.048669810705654,31.141077117555984
1843,1843,left,evaluation,5658,1.353713000071366,1,49.87631726553697,65.25571692271669,34.49691760835725
1843,1843,right,evaluation,5658,1.353713000071366,1,38.82670615453154,46.24846126867658,31.404951040386504
1844,1844,left,evaluation,5659,1.5892135002104624,1,50.038691204384044,65.7116246521459,34.36575775662218
1844,1844,right,evaluation,5659,1.5892135002104624,1,39.25169537625351,46.96317820765334,31.540212544853677
1845,1845,left,evaluation,5660,2.6678270000957127,1,49.83465061800614,65.57783112914817,34.091470106864094
1845,1845,right,evaluation,5660,2.6678270000957127,1,39.918938168398974,48.13843307808414,31.699443258713792
1846,1846,left,evaluation,5665,1.2923020001380792,1,49.79096652059521,65.64757096779266,33.93436207339778
1846,1846,right,evaluation,5665,1.2923020001380792,1,40.65412782818326,49.311130579833375,31.997125076533155
1847,1847,left,evaluation,5672,1.6864700000951416,1,49.75057632774966,65.62353014785731,33.877622507642
1847,1847,right,evaluation,5672,1.6864700000951416,1,41.03747453514802,49.90376314490145,32.171185925394596
1848,1848,left,evaluation,5676,2.9356950001329096,1,49.736783371110434,65.6231069181994,33.850459824021485
1848,1848,right,evaluation,5676,2.9356950001329096,1,41.28562261728593,50.34169954062571,32.22954569394615
1849,1849,left,evaluation,5677,1.6085859999748209,1,49.44799814839355,65.22765604959967,33.66834024718741
1849,1849,right,evaluation,5677,1.6085859999748209,1,41.39272034889986,50.52559694712904,32.259843750670676
1850,1850,left,evaluation,5678,6.862205500056007,1,49.10769732790862,64.60761032280224,33.60778433301498
1850,1850,right,evaluation,5678,6.862205500056007,1,41.48149382424019,50.63567876755742,32.32730888092297
1851,1851,left,evaluation,5681,0.4382179999993241,1,48.817325720309846,64.02224775544124,33.61240368517845
1851,1851,right,evaluation,5681,0.4382179999993241,1,41.557305164687925,50.628213255670694,32.48639707370516
1852,1852,left,evaluation,5688,1.939472999993086,1,48.20378142681743,62.90905307057115,33.49850978306373
1852,1852,right,evaluation,5688,1.939472999993086,1,41.54390119334176,50.53067548593496,32.55712690074856
1853,1853,left,evaluation,5692,4.687603999855128,0,47.31199576321632,61.22034494944271,33.40364657698994
1853,1853,right,evaluation,5692,4.687603999855128,0,41.42669763527688,50.27723859251961,32.57615667803414
1854,1854,left,evaluation,5693,0.2781094999591005,0,46.495481747853724,59.63168057085593,33.35928292485152
1854,1854,right,evaluation,5693,0.2781094999591005,0,41.206590227677324,49.86982670764725,32.54335374770743
1855,1855,left,evaluation,5696,4.286067000066396,1,45.70957407076505,57.98438832836187,33.43475981316823
1855,1855,right,evaluation,5696,4.286067000066396,1,40.64568703426977,48.727402975601926,32.56397109293759
1856,1856,left,evaluation,5697,20.328149999841116,0,44.63611570192864,56.00742278218701,33.26480862167027
1856,1856,right,evaluation,5697,20.328149999841116,0,40.0534826987391,47.59622604195279,32.51073935552541
1857,1857,left,evaluation,5698,1.6794729999674018,1,43.40437819598715,53.78614459616989,33.02261179580442
1857,1857,right,evaluation,5698,1.6794729999674018,1,39.34276354379931,46.23945298201202,32.44607410558659
1858,1858,left,evaluation,5700,10.842943500165347,1,42.24906389335854,51.769046921128236,32.72908086558884
1858,1858,right,evaluation,5700,10.842943500165347,1,38.6639565661132,45.01230837865097,32.31560475357543
1859,1859,left,evaluation,5700,21.514352999929542,0,41.32526208328546,50.250658540588105,32.39986562598282
1859,1859,right,evaluation,5700,21.514352999929542,0,38.20075361278653,44.18071160277744,32.2207956227956
1860,1860,left,evaluation,5701,4.247788500151728,1,40.15702045040383,48.35813697065442,31.955903930153237
1860,1860,right,evaluation,5701,4.247788500151728,1,37.83677068759869,43.54206143002167,32.13147994517571
1861,1861,left,evaluation,5707,0.7936950000839715,1,39.10452394835536,46.54270663641589,31.666341260294825
1861,1861,right,evaluation,5707,0.7936950000839715,1,37.73153069316915,43.48311403946806,31.979947346870244
1862,1862,left,evaluation,5711,1.7827915000907524,1,38.57476847835363,45.75342994335304,31.396107013354218
1862,1862,right,evaluation,5711,1.7827915000907524,1,37.79471574947803,43.647730859184776,31.941700639771284
1863,1863,left,evaluation,5714,5.063940000127332,1,38.40399429480313,45.507953156261856,31.30003543334441
1863,1863,right,evaluation,5714,5.063940000127332,1,37.89246989694286,43.91863343003071,31.86630636385501
1864,1864,left,evaluation,5715,25.917305499888244,0,38.474737981195744,45.827336726500334,31.122139235891147
1864,1864,right,evaluation,5715,25.917305499888244,0,38.36931341128247,44.8957764722866,31.842850350278344
1865,1865,left,evaluation,5716,0.18574700015960843,1,38.43342501541812,45.81715096092064,31.04969906991561
1865,1865,right,evaluation,5716,0.18574700015960843,1,39.24330723566963,46.621792616398935,31.864821854940327
1866,1866,left,evaluation,5721,2.2971260002577765,1,38.57645703507247,46.0578708482537,31.09504322189124
1866,1866,right,evaluation,5721,2.2971260002577765,1,39.79577409604924,47.6366232195582,31.954924972540283
1867,1867,left,evaluation,5727,8.530185999916284,1,38.82036949362033,46.39187563620491,31.248863351035755
1867,1867,right,evaluation,5727,8.530185999916284,1,40.2463526757659,48.4328747557487,32.0598305957831
1868,1868,left,evaluation,5729,0.9357105000162846,1,38.992910498706586,46.51717295991953,31.46864803749363
1868,1868,right,evaluation,5729,0.9357105000162846,1,40.46620471204464,48.75993798018054,32.17247144390876
1869,1869,left,evaluation,5729,34.19202099985341,0,38.94683932930319,46.29494411332941,31.59873454527699
1869,1869,right,evaluation,5729,34.19202099985341,0,40.489751550212134,48.63817970156628,32.341323398857995
1870,1870,left,evaluation,5730,12.1414980001191,0,39.15349047568388,46.496270750486055,31.810710200881715
1870,1870,right,evaluation,5730,12.1414980001191,0,40.29512202308379,48.06437563395747,32.52586841221013
1871,1871,left,evaluation,5732,4.013503000123819,1,39.159790547835556,46.07929643677691,32.240284658894204
1871,1871,right,evaluation,5732,4.013503000123819,1,40.405707230557404,48.08446107816309,32.72695338295171
1872,1872,left,evaluation,5739,0.11406299995542213,1,39.27486402447816,45.97909782787291,32.570630221083434
1872,1872,right,evaluation,5739,0.11406299995542213,1,40.425928667063786,47.90990139948621,32.94195593464134
1873,1873,left,evaluation,5741,0.6162980000681273,1,39.1045854856324,45.58590199909507,32.623268972169726
1873,1873,right,evaluation,5741,0.6162980000681273,1,40.24255424169689,47.47081254859394,33.01429593479984
1874,1874,left,evaluation,5742,25.615589999915755,0,38.77045995041503,44.955165315637984,32.58575458519208
1874,1874,right,evaluation,5742,25.615589999915755,0,40.12648352543996,47.169022189357065,33.08394486152286
1875,1875,left,evaluation,5743,8.15796599999885,0,38.785323900654475,44.67625605000442,32.894391751304525
1875,1875,right,evaluation,5743,8.15796599999885,0,40.46386479509387,47.5755669546415,33.352162635546236
1876,1876,left,evaluation,5746,2.920591499787406,0,38.901810702961384,44.515821234166026,33.28780017175675
1876,1876,right,evaluation,5746,2.920591499787406,0,40.85145576589967,48.03047656427218,33.67243496752717
1877,1877,left,evaluation,5752,2.014142999996693,1,38.797264732341695,44.11434882419801,33.480180640485386
1877,1877,right,evaluation,5752,2.014142999996693,1,41.064639708031095,48.18314796859001,33.94613144747217
1878,1878,left,evaluation,5757,5.902371500042136,1,38.677426399058085,43.79969259044945,33.55516020766671
1878,1878,right,evaluation,5757,5.902371500042136,1,41.24649478880175,48.36467261745592,34.12831696014757
1879,1879,left,evaluation,5760,0.6470330001775437,1,38.633019483365494,43.68768773231008,33.57835123442091
1879,1879,right,evaluation,5760,0.6470330001775437,1,41.153535431191294,48.10632746752512,34.20074339485747
1880,1880,left,evaluation,5760,31.139523500087307,0,38.712482104056264,43.81371243033252,33.61125177778
1880,1880,right,evaluation,5760,31.139523500087307,0,41.37272111826487,48.321928956270156,34.423513280259584
1881,1881,left,evaluation,5761,14.714570000023741,0,38.845154380102706,44.109210299796,33.581098460409414
1881,1881,right,evaluation,5761,14.714570000023741,0,41.520046604872725,48.49466070098659,34.54543250875887
1882,1882,left,evaluation,5763,1.4962225000090257,0,39.22514534171313,44.767357377989576,33.68293330543668
1882,1882,right,evaluation,5763,1.4962225000090257,0,41.82030411698454,49.002399790802436,34.63820844316664
1883,1883,left,evaluation,5770,0.6764529998690705,1,39.53491642226715,45.32435421328664,33.74547863124767
1883,1883,right,evaluation,5770,0.6764529998690705,1,42.089509751137214,49.45847100584199,34.72054849643243
1884,1884,left,evaluation,5774,6.029059499951472,1,39.85498445907412,45.86017666023548,33.84979225791275
1884,1884,right,evaluation,5774,6.029059499951472,1,42.48209113695797,50.10900781195526,34.85517446196068
1885,1885,left,evaluation,5774,28.78527400002895,0,39.99275046205722,46.09468748246453,33.89081344164991
1885,1885,right,evaluation,5774,28.78527400002895,0,42.69635980968571,50.459484270271865,34.93323534909955
1886,1886,left,evaluation,5775,32.764720499926625,0,40.268303891404436,46.64817761171645,33.88843017109242
1886,1886,right,evaluation,5775,32.764720499926625,0,43.575732359088576,51.9113280068554,35.24013671132176
1887,1887,left,evaluation,5775,0.03416999993532954,1,40.32584507423955,46.803088979189674,33.84860116928943
1887,1887,right,evaluation,5775,0.03416999993532954,1,43.757445328071796,52.18799468207817,35.326895974065415
1888,1888,left,evaluation,5782,0.747126999840475,1,40.52583674124232,47.15864732772216,33.8930261547625
1888,1888,right,evaluation,5782,0.747126999840475,1,44.15737687591877,52.81655571197997,35.49819803985757
1889,1889,left,evaluation,5787,1.3563520001298457,1,40.67698738052374,47.37722653453727,33.976748226510225
1889,1889,right,evaluation,5787,1.3563520001298457,1,44.48654764610086,53.40172450429175,35.57137078790998
1890,1890,left,evaluation,5788,28.366208500074208,0,40.75619054018888,47.5991452331581,33.91323584721967
1890,1890,right,evaluation,5788,28.366208500074208,0,44.67404307458884,53.698193814139174,35.6498923350385
1891,1891,left,evaluation,5789,4.4796649999625515,1,40.90278495777552,47.85899839395068,33.94657152160037
1891,1891,right,evaluation,5789,4.4796649999625515,1,44.82546038055147,53.96798751777608,35.682933243326865
1892,1892,left,evaluation,5790,3.1562125000164087,1,40.952750064154095,47.98920220965165,33.916297918656525
1892,1892,right,evaluation,5790,3.1562125000164087,1,44.95307068207478,54.15776084349757,35.74838052065199
1893,1893,left,evaluation,5795,2.491674999873794,1,40.922737454618286,48.00066805935068,33.8448068498859
1893,1893,right,evaluation,5795,2.491674999873794,1,45.11199945836806,54.458002320535115,35.76599659620099
1894,1894,left,evaluation,5802,1.2867779998941842,1,40.707035889072664,47.64314648243875,33.77092529570658
1894,1894,right,evaluation,5802,1.2867779998941842,1,44.97692605253591,54.28279606097435,35.67105604409746
1895,1895,left,evaluation,5806,1.1587300000428513,1,40.12403072299377,46.267353127628084,33.98070831835946
1895,1895,right,evaluation,5806,1.1587300000428513,1,44.48722872982473,53.5329411722465,35.44151628740295
1896,1896,left,evaluation,5807,18.08632149982259,1,39.594982917135596,45.2502664614325,33.93969937283868
1896,1896,right,evaluation,5807,18.08632149982259,1,43.738043209034224,52.384638028222504,35.09144838984595
1897,1897,left,evaluation,5808,1.4378060000126425,1,39.46827674012318,45.1483189701427,33.788234510103656
1897,1897,right,evaluation,5808,1.4378060000126425,1,42.88512877111709,51.06861461656335,34.70164292567081
1898,1898,left,evaluation,5813,1.3856049999958486,1,39.77723077688589,45.86099686606871,33.693464687703056
1898,1898,right,evaluation,5813,1.3856049999958486,1,42.135338884146236,49.9188867757276,34.35179099256488
1899,1899,left,evaluation,5817,0.6897920000028535,1,39.909646206731324,46.300417945250715,33.51887446821194
1899,1899,right,evaluation,5817,0.6897920000028535,1,41.647468894271874,49.12681963867331,34.16811814987044
1900,1900,left,evaluation,5820,10.25522050008476,1,40.071324617494895,46.77844270748546,33.36420652750432
1900,1900,right,evaluation,5820,10.25522050008476,1,40.970407390525665,47.984030719410356,33.95678406164099
1901,1901,left,evaluation,5821,24.076394999838158,0,40.450228484130584,47.476678025849324,33.42377894241186
1901,1901,right,evaluation,5821,24.076394999838158,0,40.94794486708758,47.99962193419263,33.89626779998254
1902,1902,left,evaluation,5822,0.3823985000508401,1,40.92275258866526,48.44131413228354,33.404191045046986
1902,1902,right,evaluation,5822,0.3823985000508401,1,40.39207113359172,47.162812373028345,33.621329894155096
1903,1903,left,evaluation,5828,0.3983700000844692,1,41.32393688245645,49.16735264970841,33.48052111520449
1903,1903,right,evaluation,5828,0.3983700000844692,1,40.397872620246034,47.29446237328997,33.50128286720211
1904,1904,left,evaluation,5833,3.2704820000617474,1,41.7462121051074,49.84934329676183,33.64308091345298
1904,1904,right,evaluation,5833,3.2704820000617474,1,40.58320682273438,47.61899574253435,33.54741790293441
1905,1905,left,evaluation,5834,24.494143000083568,0,41.585411158861106,49.40108101891974,33.76974129880248
1905,1905,right,evaluation,5834,24.494143000083568,0,40.67402369177849,47.708032874510266,33.64001450904671
1906,1906,left,evaluation,5835,2.750223000020924,0,41.25470088928587,48.54495050154892,33.96445127702283
1906,1906,right,evaluation,5835,2.750223000020924,0,40.89131299897011,47.94180154331395,33.84082445462627
1907,1907,left,evaluation,5839,0.0468010000531649,1,40.90393142694084,47.9018142739597,33.90604857992197
1907,1907,right,evaluation,5839,0.0468010000531649,1,41.57556431048637,49.129579476286,34.02154914468675
1908,1908,left,evaluation,5845,1.7389689999163238,1,40.88320682279437,47.80345862417538,33.96295502141336
1908,1908,right,evaluation,5845,1.7389689999163238,1,42.04835834825387,49.84939626389097,34.247320432616775
1909,1909,left,evaluation,5850,1.313064999976632,1,41.30764208559228,48.51961381952052,34.09567035166405
1909,1909,right,evaluation,5850,1.313064999976632,1,42.688723552025465,50.92903652741595,34.44841057663496
1910,1910,left,evaluation,5852,28.071584999906918,0,41.741265356436074,49.14223907416256,34.34029163870959
1910,1910,right,evaluation,5852,28.071584999906918,0,43.175005484850566,51.75330951191438,34.596701457786764
1911,1911,left,evaluation,5854,0.09162600008494337,1,42.527274134471305,50.435357559721616,34.619190709220995
1911,1911,right,evaluation,5854,0.09162600008494337,1,43.88008782042511,52.94006651363552,34.82010912721469
1912,1912,left,evaluation,5858,0.025733000029504183,1,42.9791371903649,51.21830682565144,34.73996755507837
1912,1912,right,evaluation,5858,0.025733000029504183,1,44.411775937641934,53.86794855234645,34.95560332293743
1913,1913,left,evaluation,5863,0.4145419998167199,1,43.31098565873895,51.91459560314767,34.70737571433023
1913,1913,right,evaluation,5863,0.4145419998167199,1,44.99674723034491,54.892608587165306,35.1008858735245
1914,1914,left,evaluation,5866,14.618610000070476,1,43.622220588876075,52.46546503692292,34.77897614082923
1914,1914,right,evaluation,5866,14.618610000070476,1,45.43980729057166,55.6400367227087,35.2395778584346
1915,1915,left,evaluation,5867,1.8086200000198005,1,43.79500644341128,52.780364512847825,34.809648373974746
1915,1915,right,evaluation,5867,1.8086200000198005,1,45.76053764067197,56.172396758462824,35.348678522881116
1916,1916,left,evaluation,5868,6.224726499794997,1,44.88262909034056,54.486865982247636,35.278392198433494
1916,1916,right,evaluation,5868,6.224726499794997,1,46.534947911849585,57.45897818405702,35.61091763964217
1917,1917,left,evaluation,5873,3.19197399994664,1,44.882573485773285,54.46950573541411,35.29564123613246
1917,1917,right,evaluation,5873,3.19197399994664,1,46.80194895668158,57.9441699479991,35.65972796536405
1918,1918,left,evaluation,5876,6.140559999948891,1,44.42141162887016,53.70673189854834,35.13609135919198
1918,1918,right,evaluation,5876,6.140559999948891,1,46.60374605590623,57.618560931905016,35.58893117990743
1919,1919,left,evaluation,5877,5.468113000006269,1,43.49410809148325,52.04749685289894,34.94071933006755
1919,1919,right,evaluation,5877,5.468113000006269,1,46.018440058926515,56.59013026984618,35.44674984800684
1920,1920,left,evaluation,5878,0.512895999918328,1,41.91478214175955,49.20212646112876,34.62743782239035
1920,1920,right,evaluation,5878,0.512895999918328,1,44.75453076114953,54.567813237344374,34.9412482849547
1921,1921,left,evaluation,5883,1.187802999993437,1,40.71771945785346,47.199668167246486,34.23577074846044
1921,1921,right,evaluation,5883,1.187802999993437,1,43.294729302445816,52.262209019550596,34.32724958534103
1922,1922,left,evaluation,5890,3.5629770000014105,1,40.22187830306398,46.755861843457865,33.6878947626701
1922,1922,right,evaluation,5890,3.5629770000014105,1,41.4627482804446,49.478491951857734,33.44700460903147
1923,1923,left,evaluation,5894,9.014718999878824,0,40.483524115950665,47.634922273293604,33.33212595860773
1923,1923,right,evaluation,5894,9.014718999878824,0,40.17233428256945,47.60789786390038,32.73677070123853
1924,1924,left,evaluation,5896,15.800508999973317,0,40.771774531535044,48.49022664514191,33.05332241792818
1924,1924,right,evaluation,5896,15.800508999973317,0,39.071612597460785,45.995479755541304,32.14774543938026
1925,1925,left,evaluation,5898,0.8042739998472825,1,40.842794186877484,48.81907748584668,32.8665108879083
1925,1925,right,evaluation,5898,0.8042739998472825,1,38.75214302415501,45.694309216340166,31.809976831969855
1926,1926,left,evaluation,5905,1.0294804999375629,1,40.79191143986852,48.88817869571553,32.69564418402151
1926,1926,right,evaluation,5905,1.0294804999375629,1,38.52613980699469,45.573804558038674,31.478475055950703
1927,1927,left,evaluation,5910,0.6818710000970896,0,41.07279523844859,49.65157244924965,32.49401802764754
1927,1927,right,evaluation,5910,0.6818710000970896,0,38.47279185545559,45.75152488869939,31.194058822211776
1928,1928,left,evaluation,5912,21.70959350019075,0,41.10942544238943,49.91772397523475,32.30112690954412
1928,1928,right,evaluation,5912,21.70959350019075,0,38.526501543843686,46.035762483831945,31.01724060385542
1929,1929,left,evaluation,5913,3.356277999955637,1,41.621460459166066,51.17839021224863,32.06453070608349
1929,1929,right,evaluation,5913,3.356277999955637,1,38.295740645648145,46.00386632413727,30.587614967159027
1930,1930,left,evaluation,5917,2.097128000059456,1,41.785339289039236,51.7920040546951,31.77867452338337
1930,1930,right,evaluation,5917,2.097128000059456,1,38.47974872719131,46.716844385203714,30.242653069178907
1931,1931,left,evaluation,5922,0.7822469999609893,1,42.11676580959946,52.588702507340294,31.644829111858627
1931,1931,right,evaluation,5922,0.7822469999609893,1,38.50832278161529,47.154799480474715,29.861846082755875
1932,1932,left,evaluation,5926,14.944031499908306,1,42.58754279248907,53.46174009632718,31.71334548865097
1932,1932,right,evaluation,5926,14.944031499908306,1,38.51670607765016,47.518331207933265,29.51508094736704
1933,1933,left,evaluation,5927,40.720672999896124,0,43.01761061810326,54.51534439272448,31.519876843482045
1933,1933,right,evaluation,5927,40.720672999896124,0,38.37762295143208,47.5219095480464,29.233336354817766
1934,1934,left,evaluation,5927,8.090140999911455,1,43.364389365388135,55.131522554396255,31.597256176379993
1934,1934,right,evaluation,5927,8.090140999911455,1,38.42969963972645,47.72664377044667,29.132755509006245
1935,1935,left,evaluation,5931,0.40737099993748416,1,44.582213105743975,57.174611512565015,31.989814698922924
1935,1935,right,evaluation,5931,0.40737099993748416,1,38.727966516867156,48.38177427245593,29.074158761278387
1936,1936,left,evaluation,5937,1.0533300001043244,1,44.89671056042363,57.75448358303614,32.038937537811115
1936,1936,right,evaluation,5937,1.0533300001043244,1,39.00325081086125,48.882868186414214,29.123633435308296
1937,1937,left,evaluation,5943,6.663448000153949,1,45.24564333298513,58.29792710683432,32.19335955913594
1937,1937,right,evaluation,5943,6.663448000153949,1,39.50153172063706,49.73454212870338,29.268521312570734
1938,1938,left,evaluation,5947,0.314222500037431,1,45.52680991359262,58.575881019762235,32.47773880742301
1938,1938,right,evaluation,5947,0.314222500037431,1,40.09100289517164,50.539783626375886,29.642222163967404
1939,1939,left,evaluation,5949,9.834405999981755,1,45.6367045676832,58.333212340249034,32.940196795117366
1939,1939,right,evaluation,5949,9.834405999981755,1,40.51248336741895,50.809013977990745,30.215952756847166
1940,1940,left,evaluation,5951,1.0062894998554839,1,45.47738717506873,57.49088730570704,33.463887044430415
1940,1940,right,evaluation,5951,1.0062894998554839,1,40.83256753421105,50.72364447219865,30.941490596223453
1941,1941,left,evaluation,5957,1.7053510000550887,1,45.22624658016423,56.61837493883187,33.83411822149657
1941,1941,right,evaluation,5957,1.7053510000550887,1,40.70857841993965,50.045068468024084,31.372088371855206
1942,1942,left,evaluation,5963,1.2415689998306334,1,44.607610719241556,55.479331277779785,33.73589016070331
1942,1942,right,evaluation,5963,1.2415689998306334,1,40.27037523676355,49.257262567230455,31.283487906296642
1943,1943,left,evaluation,5966,3.178256000182955,1,44.26291332732119,54.88182736896364,33.64399928567876
1943,1943,right,evaluation,5966,3.178256000182955,1,40.151708285395564,48.99162070798047,31.311795862810662
1944,1944,left,evaluation,5967,10.714548999885665,1,44.35297283266117,54.819583226271746,33.88636243905059
1944,1944,right,evaluation,5967,10.714548999885665,1,40.48458586914734,49.448299104998775,31.5208726332959
1945,1945,left,evaluation,5970,0.10980799993376422,1,44.50895488156453,54.81046224663139,34.20744751649765
1945,1945,right,evaluation,5970,0.10980799993376422,1,40.06132994864197,48.637038099048894,31.48562179823505
1946,1946,left,evaluation,5971,10.40719699994952,1,44.29490423527606,54.28192393907426,34.30788453147785
1946,1946,right,evaluation,5971,10.40719699994952,1,39.52970228617229,47.62876200419599,31.430642568148585
1947,1947,left,evaluation,5974,2.416584000002331,0,43.99532317107436,53.78053476949219,34.21011157265652
1947,1947,right,evaluation,5974,2.416584000002331,0,39.49557282325344,47.57460919296465,31.416536453542232
1948,1948,left,evaluation,5975,26.884195500088026,0,43.7069249762937,53.24381389223422,34.17003606035318
1948,1948,right,evaluation,5975,26.884195500088026,0,39.283266883436674,47.25115229984389,31.315381467029464
1949,1949,left,evaluation,5976,2.05200599998534,1,44.00718737108325,53.67312885389241,34.34124588827409
1949,1949,right,evaluation,5976,2.05200599998534,1,39.27894097097549,47.22969379596393,31.32818814598706
1950,1950,left,evaluation,5982,2.3096140000689047,1,44.27596523404959,54.10799720802521,34.44393326007398
1950,1950,right,evaluation,5982,2.3096140000689047,1,39.35761405468133,47.31940369238659,31.395824416976076
1951,1951,left,evaluation,5987,0.01077000001714623,1,44.19065628345254,53.94910392836657,34.43220863853851
1951,1951,right,evaluation,5987,0.01077000001714623,1,39.34797834703954,47.330060770117605,31.36589592396148
1952,1952,left,evaluation,5988,27.03266150001582,0,44.17457511164387,53.92765465435296,34.42149556893478
1952,1952,right,evaluation,5988,27.03266150001582,0,39.39578460638013,47.3946712875242,31.396897925236054
1953,1953,left,evaluation,5989,12.02334399999927,1,44.178628514601485,53.97733152702015,34.379925502182815
1953,1953,right,evaluation,5989,12.02334399999927,1,39.48729206831925,47.54795756446343,31.426626572175053
1954,1954,left,evaluation,5992,0.4252109999924869,1,44.207712635592465,54.04885674765425,34.366568523530674
1954,1954,right,evaluation,5992,0.4252109999924869,1,39.580191300195125,47.75154328798592,31.408839312404343
1955,1955,left,evaluation,5998,0.42896199988717854,1,44.16689653478531,53.99700183147119,34.33679123809943
1955,1955,right,evaluation,5998,0.42896199988717854,1,39.56661851129344,47.74234900862938,31.39088801395751
1956,1956,left,evaluation,6002,1.0851370000182214,1,44.148867174360944,53.9789897920337,34.31874455668819
1956,1956,right,evaluation,6002,1.0851370000182214,1,39.57319628500723,47.75429785511154,31.392094714902907
1957,1957,left,evaluation,6004,17.7564269999948,0,44.07802919517701,53.866972931847656,34.28908545850636
1957,1957,right,evaluation,6004,17.7564269999948,0,39.55857079485095,47.75787651709576,31.35926507260615
1958,1958,left,evaluation,6005,1.6568380001444893,0,44.03466774206396,53.821576304363326,34.2477591797646
1958,1958,right,evaluation,6005,1.6568380001444893,0,39.57520993105434,47.79197307948943,31.35844678261926
1959,1959,left,evaluation,6009,2.3701810000602563,1,44.10713313843213,53.92246863502157,34.29179764184269
1959,1959,right,evaluation,6009,2.3701810000602563,1,39.551393334620236,47.7374631484621,31.36532352077837
1960,1960,left,evaluation,6016,2.8857035001692566,1,44.06385535487641,53.85944138258706,34.26826932716576
1960,1960,right,evaluation,6016,2.8857035001692566,1,39.49621999498021,47.66230480800056,31.33013518195985
1961,1961,left,evaluation,6020,2.6325139999698877,1,43.93381193129288,53.66909399712067,34.19852986546508
1961,1961,right,evaluation,6020,2.6325139999698877,1,39.485841513193854,47.657055923052006,31.314627103335702
1962,1962,left,evaluation,6021,20.6472315001065,0,43.92466168238941,53.675798369085534,34.17352499569328
1962,1962,right,evaluation,6021,20.6472315001065,0,39.557158617254075,47.77242254450864,31.341894689999513
1963,1963,left,evaluation,6022,16.57278800007589,1,43.94908934427444,53.71085378226314,34.187324906285745
1963,1963,right,evaluation,6022,16.57278800007589,1,39.545035272140225,47.7386812031099,31.351389341170535
1964,1964,left,evaluation,6025,1.1799870001141244,1,43.90143935365334,53.688140852281336,34.11473785502535
1964,1964,right,evaluation,6025,1.1799870001141244,1,39.48641667146517,47.690657139275956,31.28217620365438
1965,1965,left,evaluation,6033,1.0575290000360837,1,43.86813183834691,53.63525608907181,34.10100758762202
1965,1965,right,evaluation,6033,1.0575290000360837,1,39.47536125641769,47.690089984646306,31.260632528189085
1966,1966,left,evaluation,6037,5.069299500064517,1,43.8613990525897,53.670362097955504,34.0524360072239
1966,1966,right,evaluation,6037,5.069299500064517,1,39.49417428647821,47.722572076235124,31.26577649672131
1967,1967,left,evaluation,6039,0.5158960000244406,0,43.80175153771936,53.59204155981386,34.01146151562485
1967,1967,right,evaluation,6039,0.5158960000244406,0,39.46021394901974,47.652505451645276,31.26792244639421
1968,1968,left,evaluation,6040,17.119266000008793,0,43.81617522407098,53.59598589895936,34.03636454918258
1968,1968,right,evaluation,6040,17.119266000008793,0,39.54921925726204,47.71258829384824,31.38585022067584
1969,1969,left,evaluation,6041,1.5044900001157657,1,43.88375773966437,53.66202002751263,34.105495451816104
1969,1969,right,evaluation,6041,1.5044900001157657,1,39.52805558710952,47.67226072977395,31.383850444445084
1970,1970,left,evaluation,6047,1.2695179998445383,1,43.831506925455514,53.58183228915569,34.08118156175534
1970,1970,right,evaluation,6047,1.2695179998445383,1,39.45629654921072,47.564299510323266,31.348293588098187
1971,1971,left,evaluation,6052,3.104642000153035,0,43.84999826514757,53.630754321978465,34.06924220831669
1971,1971,right,evaluation,6052,3.104642000153035,0,39.50555889485992,47.67158065577043,31.339537133949413
1972,1972,left,evaluation,6054,4.506358499838825,0,43.818052809474906,53.566678371278314,34.06942724767149
1972,1972,right,evaluation,6054,4.506358499838825,0,39.63661332405067,47.813143648858905,31.460082999242445
1973,1973,left,evaluation,6055,18.11036200001581,1,43.89115510694363,53.64229181373396,34.140018400153316
1973,1973,right,evaluation,6055,18.11036200001581,1,39.78851056780556,48.024745818092526,31.552275317518603
1974,1974,left,evaluation,6057,2.072322999993048,1,43.87846307246828,53.60160987000203,34.155316274934535
1974,1974,right,evaluation,6057,2.072322999993048,1,39.794550260042435,48.02396428841389,31.565136231670976
1975,1975,left,evaluation,6063,6.803682000054323,1,43.867999019977944,53.58193245244362,34.154065587512285
1975,1975,right,evaluation,6063,6.803682000054323,1,39.711132127347526,47.8946169055583,31.52764734913675
1976,1976,left,evaluation,6064,5.452846000025602,1,43.85075896964484,53.550341528894855,34.151176410394854
1976,1976,right,evaluation,6064,5.452846000025602,1,39.65648448151913,47.808487483085365,31.504481479952904
1977,1977,left,evaluation,6066,22.47285749990624,0,43.841098009369915,53.5692450073009,34.11295101143893
1977,1977,right,evaluation,6066,22.47285749990624,0,39.71091163748171,47.90303339816929,31.51878987679411
1978,1978,left,evaluation,6066,11.061068000117302,1,43.83885816422937,53.56659043588538,34.11112589257336
1978,1978,right,evaluation,6066,11.061068000117302,1,39.713212333172024,47.90898198394584,31.5174426823982
1979,1979,left,evaluation,6070,0.26026950013147143,1,43.822508983353416,53.46545708872795,34.179560877978886
1979,1979,right,evaluation,6070,0.26026950013147143,1,39.69562302976989,47.86761464270855,31.523631416831233
1980,1980,left,evaluation,6076,1.8420789999709086,1,43.82651159333969,53.4400991176906,34.21292406898878
1980,1980,right,evaluation,6076,1.8420789999709086,1,39.63540030434463,47.79683820269781,31.473962405991454
