output_frame,source_rgb_frame,mapping_kind,derived_color_device_timestamp_us,cmm_fractional_frame_counter,lower_camera_timecode_id,upper_camera_timecode_id,nearest_anchor_alignment_error_ms,camera_glove_valid
0,0,camera_timecode_anchor,1788012770764807.000,274504.228442,1,1,1.903684,0
1,1,timestamp_inferred,1788012770798231.250,274507.516011,1,2,1.903684,0
2,2,timestamp_inferred,1788012770831655.750,274510.803580,1,2,0.759580,0
3,3,camera_timecode_anchor,1788012770865080.000,274514.091150,2,2,0.759580,0
4,4,timestamp_inferred,1788012770898503.000,274518.356094,2,3,0.759580,0
5,5,camera_timecode_anchor,1788012770931926.000,274522.621039,3,3,-3.158005,1
6,6,timestamp_inferred,1788012770965351.500,274527.047630,3,4,-3.158005,1
7,7,camera_timecode_anchor,1788012770998777.000,274531.474221,4,4,-4.381495,1
8,8,timestamp_inferred,1788012771032200.000,274535.547190,4,5,-4.381495,1
9,9,camera_timecode_anchor,1788012771065623.000,274539.620160,5,5,-3.165330,1
10,10,timestamp_inferred,1788012771099048.000,274543.746035,5,6,-3.165330,1
11,11,camera_timecode_anchor,1788012771132473.000,274547.871910,6,6,-1.067415,0
12,12,timestamp_inferred,1788012771165896.500,274551.929103,6,7,-1.067415,0
13,13,camera_timecode_anchor,1788012771199320.000,274555.986295,7,7,-0.114209,1
14,14,timestamp_inferred,1788012771232741.000,274560.103942,7,8,-0.114209,1
15,15,camera_timecode_anchor,1788012771266162.000,274564.221589,8,8,1.846572,1
16,16,timestamp_inferred,1788012771299585.000,274568.264493,8,9,1.846572,1
17,17,camera_timecode_anchor,1788012771333008.000,274572.307397,9,9,2.561641,1
18,18,timestamp_inferred,1788012771366430.500,274576.367078,9,10,2.561641,1
19,19,camera_timecode_anchor,1788012771399853.000,274580.426759,10,10,3.556325,1
20,20,timestamp_inferred,1788012771433273.500,274584.566679,10,11,3.556325,1
21,21,camera_timecode_anchor,1788012771466694.000,274588.706600,11,11,-2.445004,0
22,22,timestamp_inferred,1788012771500120.500,274592.699586,11,12,-2.445004,0
23,23,camera_timecode_anchor,1788012771533547.000,274596.692572,12,12,-2.561903,1
24,24,timestamp_inferred,1788012771566970.500,274600.849456,12,13,-2.561903,1
25,25,camera_timecode_anchor,1788012771600394.000,274605.006340,13,13,0.052831,1
26,26,timestamp_inferred,1788012771633818.250,274607.758394,13,14,0.052831,1
27,27,timestamp_inferred,1788012771667242.750,274610.510448,13,14,2.187523,1
28,28,camera_timecode_anchor,1788012771700667.000,274613.262503,14,14,2.187523,1
29,29,timestamp_inferred,1788012771734092.000,274617.367382,14,15,2.187523,1
30,30,camera_timecode_anchor,1788012771767517.000,274621.472262,15,15,-4.397820,0
31,31,timestamp_inferred,1788012771800940.000,274625.605909,15,16,-4.397820,0
32,32,camera_timecode_anchor,1788012771834363.000,274629.739557,16,16,-2.170356,1
33,33,timestamp_inferred,1788012771867789.500,274633.821663,16,17,-2.170356,1
34,34,camera_timecode_anchor,1788012771901216.000,274637.903769,17,17,-0.801927,0
35,35,timestamp_inferred,1788012771934641.000,274641.975084,17,18,-0.801927,0
36,36,camera_timecode_anchor,1788012771968066.000,274646.046399,18,18,0.386658,1
37,37,timestamp_inferred,1788012772001492.500,274650.226070,18,19,0.386658,1
38,38,camera_timecode_anchor,1788012772034919.000,274654.405741,19,19,3.381172,1
39,39,timestamp_inferred,1788012772068344.500,274658.502428,19,20,3.381172,1
40,40,camera_timecode_anchor,1788012772101770.000,274662.599114,20,20,-3.340713,1
41,41,timestamp_inferred,1788012772135196.000,274666.710558,20,21,-3.340713,1
42,42,camera_timecode_anchor,1788012772168622.000,274670.822002,21,21,-1.483319,1
43,43,timestamp_inferred,1788012772202049.000,274674.720250,21,22,-1.483319,1
44,44,camera_timecode_anchor,1788012772235476.000,274678.618499,22,22,-3.179175,0
45,45,timestamp_inferred,1788012772268901.500,274682.683701,22,23,-3.179175,0
46,46,camera_timecode_anchor,1788012772302327.000,274686.748903,23,23,-2.092471,1
47,47,timestamp_inferred,1788012772335748.000,274690.854738,23,24,-2.092471,1
48,48,camera_timecode_anchor,1788012772369169.000,274694.960574,24,24,-0.328554,0
49,49,timestamp_inferred,1788012772402596.500,274699.064142,24,25,-0.328554,0
50,50,camera_timecode_anchor,1788012772436024.000,274703.167711,25,25,1.397593,1
51,51,timestamp_inferred,1788012772469446.500,274707.241684,25,26,1.397593,1
52,52,camera_timecode_anchor,1788012772502869.000,274711.315656,26,26,2.630468,0
53,53,timestamp_inferred,1788012772536293.500,274715.418592,26,27,2.630468,0
54,54,camera_timecode_anchor,1788012772569718.000,274719.521529,27,27,-3.987261,1
55,55,timestamp_inferred,1788012772603140.500,274723.593029,27,28,-3.987261,1
56,56,camera_timecode_anchor,1788012772636563.000,274727.664530,28,28,-2.795585,1
57,57,timestamp_inferred,1788012772669989.000,274731.678515,28,29,-2.795585,1
58,58,camera_timecode_anchor,1788012772703415.000,274735.692500,29,29,-2.562499,1
59,59,timestamp_inferred,1788012772736837.000,274739.497604,29,30,-2.562499,1
60,60,camera_timecode_anchor,1788012772770259.000,274743.302709,30,30,2.522571,1
61,61,timestamp_inferred,1788012772803686.000,274747.428381,30,31,2.522571,1
62,62,camera_timecode_anchor,1788012772837113.000,274751.554053,31,31,-3.716224,1
63,63,timestamp_inferred,1788012772870536.000,274755.695268,31,32,-3.716224,1
64,64,camera_timecode_anchor,1788012772903959.000,274759.836484,32,32,-1.362636,1
65,65,timestamp_inferred,1788012772937382.500,274763.902253,32,33,-1.362636,1
66,66,camera_timecode_anchor,1788012772970806.000,274767.968023,33,33,-0.266475,0
67,67,timestamp_inferred,1788012773004229.500,274772.085110,33,34,-0.266475,0
68,68,camera_timecode_anchor,1788012773037653.000,274776.202196,34,34,1.684970,1
69,69,timestamp_inferred,1788012773071079.500,274780.370598,34,35,1.684970,1
70,70,camera_timecode_anchor,1788012773104506.000,274784.539000,35,35,-3.841665,1
71,71,timestamp_inferred,1788012773137930.500,274788.657501,35,36,-3.841665,1
72,72,camera_timecode_anchor,1788012773171355.000,274792.776002,36,36,-1.866647,1
73,73,timestamp_inferred,1788012773204777.500,274796.846469,36,37,-1.866647,1
74,74,camera_timecode_anchor,1788012773238200.000,274800.916935,37,37,-0.692207,1
75,75,timestamp_inferred,1788012773271627.500,274804.913017,37,38,-0.692207,1
76,76,camera_timecode_anchor,1788012773305055.000,274808.909099,38,38,-0.757507,0
77,77,timestamp_inferred,1788012773338479.250,274812.014550,38,39,-0.757507,0
78,78,timestamp_inferred,1788012773371903.750,274815.120002,38,39,1.878773,1
79,79,camera_timecode_anchor,1788012773405328.000,274818.225453,39,39,1.878773,1
80,80,timestamp_inferred,1788012773438756.500,274822.320460,39,40,1.878773,1
81,81,camera_timecode_anchor,1788012773472185.000,274826.415467,40,40,3.462223,1
82,82,timestamp_inferred,1788012773505611.500,274830.450118,40,41,3.462223,1
83,83,camera_timecode_anchor,1788012773539038.000,274834.484770,41,41,-4.293586,0
84,84,timestamp_inferred,1788012773572464.000,274838.606183,41,42,-4.293586,0
85,85,camera_timecode_anchor,1788012773605890.000,274842.727595,42,42,-2.270039,1
86,86,camera_timecode_anchor,1788012773639319.000,274850.835881,43,43,-1.367657,0
87,87,timestamp_inferred,1788012773672746.250,274853.663609,43,44,-1.367657,0
88,88,timestamp_inferred,1788012773706173.750,274856.491336,43,44,2.658865,1
89,89,camera_timecode_anchor,1788012773739601.000,274859.319064,44,44,2.658865,1
90,90,timestamp_inferred,1788012773773022.500,274863.363036,44,45,2.658865,1
91,91,camera_timecode_anchor,1788012773806444.000,274867.407008,45,45,3.391735,1
92,92,timestamp_inferred,1788012773839873.500,274871.470297,45,46,3.391735,1
93,93,camera_timecode_anchor,1788012773873303.000,274875.533586,46,46,-3.886785,1
94,94,timestamp_inferred,1788012773906730.000,274879.469085,46,47,-3.886785,1
95,95,camera_timecode_anchor,1788012773940157.000,274883.404585,47,47,3.371540,1
96,96,timestamp_inferred,1788012773973583.000,274887.439121,47,48,3.371540,1
97,97,camera_timecode_anchor,1788012774007009.000,274891.473658,48,48,-4.386186,1
98,98,camera_timecode_anchor,1788012774040430.000,274899.715327,49,49,-2.372272,1
99,99,timestamp_inferred,1788012774073854.750,274902.420006,49,50,-2.372272,1
100,100,timestamp_inferred,1788012774107279.250,274905.124685,49,50,-1.421974,0
101,101,camera_timecode_anchor,1788012774140704.000,274907.829363,50,50,-1.421974,0
102,102,timestamp_inferred,1788012774174130.000,274912.265432,50,51,-1.421974,0
103,103,camera_timecode_anchor,1788012774207556.000,274916.701501,51,51,-2.487488,1
104,104,timestamp_inferred,1788012774240978.000,274920.768739,51,52,-2.487488,1
105,105,camera_timecode_anchor,1788012774274400.000,274924.835977,52,52,-1.366861,1
106,106,timestamp_inferred,1788012774307830.000,274929.083341,52,53,-1.366861,1
107,107,camera_timecode_anchor,1788012774341260.000,274933.330706,53,53,2.755882,1
108,108,timestamp_inferred,1788012774374685.500,274937.443601,53,54,2.755882,1
109,109,camera_timecode_anchor,1788012774408111.000,274941.556495,54,54,-3.695873,0
110,110,timestamp_inferred,1788012774441537.000,274945.618697,54,55,-3.695873,0
111,111,camera_timecode_anchor,1788012774474963.000,274949.680898,55,55,-2.659180,1
112,112,timestamp_inferred,1788012774508389.500,274953.675946,55,56,-2.659180,1
113,113,camera_timecode_anchor,1788012774541816.000,274957.670994,56,56,-2.741717,1
114,114,timestamp_inferred,1788012774575238.500,274961.777191,56,57,-2.741717,1
115,115,camera_timecode_anchor,1788012774608661.000,274965.883387,57,57,-0.971773,0
116,116,timestamp_inferred,1788012774642085.250,274968.622448,57,58,-0.971773,0
117,117,timestamp_inferred,1788012774675509.750,274971.361508,57,58,0.838068,1
118,118,camera_timecode_anchor,1788012774708934.000,274974.100568,58,58,0.838068,1
119,119,camera_timecode_anchor,1788012774742363.000,274982.272934,59,59,2.274449,1
120,120,timestamp_inferred,1788012774775787.750,274985.125967,59,60,2.274449,1
121,121,timestamp_inferred,1788012774809212.250,274987.979000,59,60,-1.399719,1
122,122,camera_timecode_anchor,1788012774842637.000,274990.832034,60,60,-1.399719,1
123,123,timestamp_inferred,1788012774876063.500,274994.939212,60,61,-1.399719,1
124,124,camera_timecode_anchor,1788012774909490.000,274999.046391,61,61,0.386589,1
125,125,timestamp_inferred,1788012774942915.000,275003.338098,61,62,0.386589,1
126,126,camera_timecode_anchor,1788012774976340.000,275007.629805,62,62,-3.084961,1
127,127,camera_timecode_anchor,1788012775009770.000,275015.899161,63,63,-0.840322,0
128,128,timestamp_inferred,1788012775043195.750,275018.770080,63,64,-0.840322,0
129,129,timestamp_inferred,1788012775076621.250,275021.640998,63,64,-4.067359,1
130,130,camera_timecode_anchor,1788012775110047.000,275024.511917,64,64,-4.067359,1
131,131,timestamp_inferred,1788012775143475.000,275028.345593,64,65,-4.067359,1
132,132,camera_timecode_anchor,1788012775176903.000,275032.179269,65,65,1.493910,1
133,133,timestamp_inferred,1788012775210330.000,275036.242574,65,66,1.493910,1
134,134,camera_timecode_anchor,1788012775243757.000,275040.305878,66,66,2.548984,1
135,135,timestamp_inferred,1788012775277182.000,275044.386953,66,67,2.548984,1
136,136,camera_timecode_anchor,1788012775310607.000,275048.468029,67,67,3.900241,1
137,137,timestamp_inferred,1788012775344037.000,275052.525065,67,68,3.900241,1
138,138,camera_timecode_anchor,1788012775377467.000,275056.582101,68,68,-3.482495,0
139,139,timestamp_inferred,1788012775410893.500,275060.674299,68,69,-3.482495,0
140,140,camera_timecode_anchor,1788012775444320.000,275064.766498,69,69,-1.945848,1
141,141,timestamp_inferred,1788012775477749.500,275068.826544,69,70,-1.945848,1
142,142,camera_timecode_anchor,1788012775511179.000,275072.886590,70,70,-0.945084,0
143,143,timestamp_inferred,1788012775544603.500,275076.985555,70,71,-0.945084,0
144,144,camera_timecode_anchor,1788012775578028.000,275081.084520,71,71,0.704335,1
145,145,timestamp_inferred,1788012775611458.500,275085.296712,71,72,0.704335,1
146,146,camera_timecode_anchor,1788012775644889.000,275089.508905,72,72,-4.092461,1
147,147,timestamp_inferred,1788012775678315.500,275093.670107,72,73,-4.092461,1
148,148,camera_timecode_anchor,1788012775711742.000,275097.831310,73,73,-1.405753,1
149,149,timestamp_inferred,1788012775745167.000,275101.760235,73,74,-1.405753,1
150,150,camera_timecode_anchor,1788012775778592.000,275105.689160,74,74,-2.590332,1
151,151,timestamp_inferred,1788012775812018.750,275109.042537,74,75,-2.590332,1
152,152,timestamp_inferred,1788012775845445.250,275112.395914,74,75,-2.089244,1
153,153,camera_timecode_anchor,1788012775878872.000,275115.749291,75,75,-2.089244,1
154,154,timestamp_inferred,1788012775912301.000,275119.825790,75,76,-2.089244,1
155,155,camera_timecode_anchor,1788012775945730.000,275123.902290,76,76,-0.814252,1
156,156,timestamp_inferred,1788012775979154.500,275127.991570,76,77,-0.814252,1
157,157,camera_timecode_anchor,1788012776012579.000,275132.080850,77,77,0.673748,1
158,158,timestamp_inferred,1788012776046008.000,275136.225110,77,78,0.673748,1
159,159,camera_timecode_anchor,1788012776079437.000,275140.369370,78,78,3.078080,1
160,160,timestamp_inferred,1788012776112862.000,275144.406915,78,79,3.078080,1
161,161,camera_timecode_anchor,1788012776146287.000,275148.444461,79,79,3.703843,1
162,162,timestamp_inferred,1788012776179718.000,275152.556578,79,80,3.703843,1
163,163,camera_timecode_anchor,1788012776213149.000,275156.668695,80,80,-2.760871,1
164,164,timestamp_inferred,1788012776246574.500,275160.631858,80,81,-2.760871,1
165,165,camera_timecode_anchor,1788012776280000.000,275164.595021,81,81,-3.374825,1
166,166,timestamp_inferred,1788012776313430.000,275168.500495,81,82,-3.374825,1
167,167,camera_timecode_anchor,1788012776346860.000,275172.405969,82,82,3.383076,0
168,168,timestamp_inferred,1788012776380286.000,275176.439256,82,83,3.383076,0
169,169,camera_timecode_anchor,1788012776413712.000,275180.472544,83,83,3.937863,1
170,170,timestamp_inferred,1788012776447137.000,275184.504740,83,84,3.937863,1
171,171,camera_timecode_anchor,1788012776480562.000,275188.536935,84,84,-3.858871,0
172,172,timestamp_inferred,1788012776513988.500,275192.667602,84,85,-3.858871,0
173,173,camera_timecode_anchor,1788012776547415.000,275196.798269,85,85,-1.681093,1
174,174,timestamp_inferred,1788012776580841.000,275200.963172,85,86,-1.681093,1
175,175,camera_timecode_anchor,1788012776614267.000,275205.128076,86,86,1.067300,0
176,176,timestamp_inferred,1788012776647696.500,275209.146452,86,87,1.067300,0
177,177,camera_timecode_anchor,1788012776681126.000,275213.164828,87,87,1.373568,1
178,178,timestamp_inferred,1788012776714555.500,275217.246272,87,88,1.373568,1
179,179,camera_timecode_anchor,1788012776747985.000,275221.327715,88,88,2.730959,0
180,180,timestamp_inferred,1788012776781415.500,275225.256979,88,89,2.730959,0
181,181,camera_timecode_anchor,1788012776814846.000,275229.186243,89,89,1.552027,1
182,182,timestamp_inferred,1788012776848275.500,275233.189154,89,90,1.552027,1
183,183,camera_timecode_anchor,1788012776881705.000,275237.192065,90,90,1.600543,1
184,184,timestamp_inferred,1788012776915134.500,275241.195722,90,91,1.600543,1
185,185,camera_timecode_anchor,1788012776948564.000,275245.199378,91,91,1.661485,1
186,186,timestamp_inferred,1788012776981989.500,275249.182547,91,92,1.661485,1
187,187,camera_timecode_anchor,1788012777015415.000,275253.165717,92,92,1.380973,1
188,188,timestamp_inferred,1788012777048840.500,275257.223099,92,93,1.380973,1
189,189,camera_timecode_anchor,1788012777082266.000,275261.280481,93,93,2.337341,1
190,190,timestamp_inferred,1788012777115692.500,275265.338106,93,94,2.337341,1
191,191,camera_timecode_anchor,1788012777149119.000,275269.395731,94,94,3.297759,0
192,192,timestamp_inferred,1788012777182542.000,275273.519096,94,95,3.297759,0
193,193,camera_timecode_anchor,1788012777215965.000,275277.642461,95,95,-2.979489,1
194,194,timestamp_inferred,1788012777249390.000,275281.689259,95,96,-2.979489,1
195,195,camera_timecode_anchor,1788012777282815.000,275285.736056,96,96,-2.199532,1
196,196,timestamp_inferred,1788012777316240.000,275290.001887,96,97,-2.199532,1
197,197,camera_timecode_anchor,1788012777349665.000,275294.267717,97,97,2.230974,1
198,198,timestamp_inferred,1788012777383092.500,275298.502666,97,98,2.230974,1
199,199,camera_timecode_anchor,1788012777416520.000,275302.737616,98,98,-2.186535,1
200,200,timestamp_inferred,1788012777449948.500,275306.852313,98,99,-2.186535,1
201,201,camera_timecode_anchor,1788012777483377.000,275310.967010,99,99,-0.274920,1
202,202,timestamp_inferred,1788012777516804.250,275313.656077,99,100,-0.274920,1
203,203,timestamp_inferred,1788012777550231.750,275316.345145,99,100,0.285106,1
204,204,camera_timecode_anchor,1788012777583659.000,275319.034213,100,100,0.285106,1
205,205,camera_timecode_anchor,1788012777617081.000,275327.154713,101,101,1.289271,1
206,206,timestamp_inferred,1788012777650511.000,275329.905220,101,102,1.289271,1
207,207,timestamp_inferred,1788012777683941.000,275332.655728,101,102,3.385301,1
208,208,camera_timecode_anchor,1788012777717371.000,275335.406236,102,102,3.385301,1
209,209,timestamp_inferred,1788012777750796.000,275339.596086,102,103,3.385301,1
210,210,camera_timecode_anchor,1788012777784221.000,275343.785936,103,103,-1.783864,0
211,211,timestamp_inferred,1788012777817648.000,275347.920273,103,104,-1.783864,0
212,212,camera_timecode_anchor,1788012777851075.000,275352.054610,104,104,0.455081,1
213,213,timestamp_inferred,1788012777884500.000,275356.119060,104,105,0.455081,1
214,214,camera_timecode_anchor,1788012777917925.000,275360.183511,105,105,1.529256,1
215,215,timestamp_inferred,1788012777951354.500,275364.311860,105,106,1.529256,1
216,216,camera_timecode_anchor,1788012777984784.000,275368.440210,106,106,3.668417,1
217,217,timestamp_inferred,1788012778018210.500,275372.515403,106,107,3.668417,1
218,218,camera_timecode_anchor,1788012778051637.000,275376.590595,107,107,-3.411708,1
219,219,timestamp_inferred,1788012778085064.000,275380.420747,107,108,-3.411708,1
220,220,camera_timecode_anchor,1788012778118491.000,275384.250899,108,108,2.090827,1
221,221,timestamp_inferred,1788012778151919.500,275388.233182,108,109,2.090827,1
222,222,camera_timecode_anchor,1788012778185348.000,275392.215464,109,109,1.795535,1
223,223,timestamp_inferred,1788012778218778.000,275396.169945,109,110,1.795535,1
224,224,camera_timecode_anchor,1788012778252208.000,275400.124426,110,110,1.036880,0
225,225,timestamp_inferred,1788012778285638.000,275404.120285,110,111,1.036880,0
226,226,camera_timecode_anchor,1788012778319068.000,275408.116144,111,111,0.967868,1
227,227,timestamp_inferred,1788012778352493.000,275412.240308,111,112,0.967868,1
228,228,camera_timecode_anchor,1788012778385918.000,275416.364471,112,112,3.037259,1
229,229,timestamp_inferred,1788012778419348.500,275420.347529,112,113,3.037259,1
230,230,camera_timecode_anchor,1788012778452779.000,275424.330587,113,113,2.754889,1
231,231,timestamp_inferred,1788012778486207.500,275428.488616,113,114,2.754889,1
232,232,camera_timecode_anchor,1788012778519636.000,275432.646645,114,114,-2.944625,0
233,233,timestamp_inferred,1788012778553062.500,275436.530636,114,115,-2.944625,0
234,234,camera_timecode_anchor,1788012778586489.000,275440.414627,115,115,3.455222,1
235,235,timestamp_inferred,1788012778619920.000,275444.287560,115,116,3.455222,1
236,236,camera_timecode_anchor,1788012778653351.000,275448.160493,116,116,1.337441,1
237,237,timestamp_inferred,1788012778686780.000,275452.319585,116,117,1.337441,1
238,238,camera_timecode_anchor,1788012778720209.000,275456.478678,117,117,3.988982,1
239,239,timestamp_inferred,1788012778753636.500,275460.516660,117,118,3.988982,1
240,240,camera_timecode_anchor,1788012778787064.000,275464.554642,118,118,-3.711315,1
241,241,timestamp_inferred,1788012778820498.500,275468.669923,118,119,-3.711315,1
242,242,camera_timecode_anchor,1788012778853933.000,275472.785203,119,119,-1.789974,1
243,243,timestamp_inferred,1788012778887363.500,275476.872783,119,120,-1.789974,1
244,244,camera_timecode_anchor,1788012778920794.000,275480.960362,120,120,-0.330317,1
245,245,timestamp_inferred,1788012778954223.000,275484.967129,120,121,-0.330317,1
246,246,camera_timecode_anchor,1788012778987652.000,275488.973897,121,121,-0.217526,1
247,247,timestamp_inferred,1788012779021082.500,275493.055464,121,122,-0.217526,1
248,248,camera_timecode_anchor,1788012779054513.000,275497.137031,122,122,1.141925,1
249,249,timestamp_inferred,1788012779087941.000,275501.005432,122,123,1.141925,1
250,250,camera_timecode_anchor,1788012779121369.000,275504.873834,123,123,-1.051387,0
251,251,timestamp_inferred,1788012779154799.500,275508.759136,123,124,-1.051387,0
252,252,camera_timecode_anchor,1788012779188230.000,275512.644438,124,124,-2.963020,1
253,253,timestamp_inferred,1788012779221657.000,275516.857465,124,125,-2.963020,1
254,254,camera_timecode_anchor,1788012779255084.000,275521.070492,125,125,0.587430,1
255,255,timestamp_inferred,1788012779288513.000,275525.148904,125,126,0.587430,1
256,256,camera_timecode_anchor,1788012779321942.000,275529.227317,126,126,1.894309,1
257,257,timestamp_inferred,1788012779355370.500,275533.427524,126,127,1.894309,1
258,258,camera_timecode_anchor,1788012779388799.000,275537.627731,127,127,-3.102239,1
259,259,timestamp_inferred,1788012779422230.500,275541.765904,127,128,-3.102239,1
260,260,camera_timecode_anchor,1788012779455662.000,275545.904076,128,128,-0.799364,0
261,261,camera_timecode_anchor,1788012779489087.000,275553.991167,129,129,-0.073608,1
262,262,timestamp_inferred,1788012779522514.750,275556.673806,129,130,-0.073608,1
263,263,timestamp_inferred,1788012779555942.250,275559.356445,129,130,0.325703,1
264,264,camera_timecode_anchor,1788012779589370.000,275562.039084,130,130,0.325703,1
265,265,timestamp_inferred,1788012779622801.000,275566.450422,130,131,0.325703,1
266,266,camera_timecode_anchor,1788012779656232.000,275570.861760,131,131,-1.151996,1
267,267,timestamp_inferred,1788012779689658.000,275574.933967,131,132,-1.151996,1
268,268,camera_timecode_anchor,1788012779723084.000,275579.006174,132,132,0.051450,1
269,269,timestamp_inferred,1788012779756511.500,275582.994956,132,133,0.051450,1
270,270,camera_timecode_anchor,1788012779789939.000,275586.983737,133,133,-0.135521,1
271,271,timestamp_inferred,1788012779823367.000,275591.043522,133,134,-0.135521,1
272,272,camera_timecode_anchor,1788012779856795.000,275595.103306,134,134,0.860882,1
273,273,timestamp_inferred,1788012779890223.500,275599.157862,134,135,0.860882,1
274,274,camera_timecode_anchor,1788012779923652.000,275603.212418,135,135,1.770154,1
275,275,timestamp_inferred,1788012779957078.000,275607.211606,135,136,1.770154,1
276,276,camera_timecode_anchor,1788012779990504.000,275611.210793,136,136,1.756607,1
277,277,timestamp_inferred,1788012780023934.000,275615.231640,136,137,1.756607,1
278,278,camera_timecode_anchor,1788012780057364.000,275619.252488,137,137,2.104064,1
279,279,timestamp_inferred,1788012780090789.000,275623.301393,137,138,2.104064,1
280,280,camera_timecode_anchor,1788012780124214.000,275627.350298,138,138,2.919149,1
281,281,timestamp_inferred,1788012780157640.500,275631.510826,138,139,2.919149,1
282,282,camera_timecode_anchor,1788012780191067.000,275635.671355,139,139,-2.738711,1
283,283,timestamp_inferred,1788012780224497.500,275639.754994,139,140,-2.738711,1
284,284,camera_timecode_anchor,1788012780257928.000,275643.838633,140,140,-1.344726,1
285,285,timestamp_inferred,1788012780291353.500,275647.934358,140,141,-1.344726,1
286,286,camera_timecode_anchor,1788012780324779.000,275652.030083,141,141,0.250692,1
287,287,timestamp_inferred,1788012780358208.000,275654.728477,141,142,0.250692,1
288,288,timestamp_inferred,1788012780391637.000,275657.426871,141,142,1.043875,0
289,289,camera_timecode_anchor,1788012780425066.000,275660.125265,142,142,1.043875,0
290,290,camera_timecode_anchor,1788012780458491.000,275668.261340,143,143,2.177833,1
291,291,timestamp_inferred,1788012780491917.250,275670.975704,143,144,2.177833,1
292,292,timestamp_inferred,1788012780525343.750,275673.690069,143,144,3.370276,1
293,293,camera_timecode_anchor,1788012780558770.000,275676.404433,144,144,3.370276,1
294,294,timestamp_inferred,1788012780592200.000,275680.418672,144,145,3.370276,1
295,295,camera_timecode_anchor,1788012780625630.000,275684.432910,145,145,3.607586,1
296,296,timestamp_inferred,1788012780659055.000,275688.664815,145,146,3.607586,1
297,297,camera_timecode_anchor,1788012780692480.000,275692.896720,146,146,-0.860665,1
298,298,timestamp_inferred,1788012780725911.000,275696.993622,146,147,-0.860665,1
299,299,camera_timecode_anchor,1788012780759342.000,275701.090524,147,147,0.754369,1
300,300,timestamp_inferred,1788012780792767.500,275705.151882,147,148,0.754369,1
301,301,camera_timecode_anchor,1788012780826193.000,275709.213239,148,148,1.776993,1
302,302,timestamp_inferred,1788012780859622.500,275713.160780,148,149,1.776993,1
303,303,camera_timecode_anchor,1788012780893052.000,275717.108321,149,149,0.902671,0
304,304,timestamp_inferred,1788012780926477.000,275720.982738,149,150,0.902671,0
305,305,camera_timecode_anchor,1788012780959902.000,275724.857156,150,150,-1.190364,1
306,306,timestamp_inferred,1788012780993332.500,275728.871014,150,151,-1.190364,1
307,307,camera_timecode_anchor,1788012781026763.000,275732.884872,151,151,-0.959400,1
308,308,camera_timecode_anchor,1788012781060195.000,275741.009261,152,152,0.077171,0
309,309,timestamp_inferred,1788012781093619.250,275743.759875,152,153,0.077171,0
310,310,timestamp_inferred,1788012781127043.750,275746.510489,152,153,2.175865,1
311,311,camera_timecode_anchor,1788012781160468.000,275749.261104,153,153,2.175865,1
312,312,timestamp_inferred,1788012781193893.000,275753.245903,153,154,2.175865,1
313,313,camera_timecode_anchor,1788012781227318.000,275757.230703,154,154,1.922521,1
314,314,timestamp_inferred,1788012781260743.500,275761.235469,154,155,1.922521,1
315,315,camera_timecode_anchor,1788012781294169.000,275765.240235,155,155,2.001961,0
316,316,timestamp_inferred,1788012781327596.000,275769.301852,155,156,2.001961,0
317,317,camera_timecode_anchor,1788012781361023.000,275773.363469,156,156,3.028906,1
318,318,timestamp_inferred,1788012781394445.000,275777.407847,156,157,3.028906,1
319,319,camera_timecode_anchor,1788012781427867.000,275781.452225,157,157,3.768545,1
320,320,timestamp_inferred,1788012781461292.500,275785.354141,157,158,3.768545,1
321,321,camera_timecode_anchor,1788012781494718.000,275789.256056,158,158,2.133799,0
322,322,timestamp_inferred,1788012781528144.000,275793.319309,158,159,2.133799,0
323,323,camera_timecode_anchor,1788012781561570.000,275797.382562,159,159,3.188016,1
324,324,timestamp_inferred,1788012781594996.500,275801.445415,159,160,3.188016,1
325,325,camera_timecode_anchor,1788012781628423.000,275805.508269,160,160,4.235571,0
326,326,timestamp_inferred,1788012781661848.000,275809.528381,160,161,4.235571,0
327,327,camera_timecode_anchor,1788012781695273.000,275813.548494,161,161,-3.762553,1
328,328,timestamp_inferred,1788012781728703.000,275817.675369,161,162,-3.762553,1
329,329,camera_timecode_anchor,1788012781762133.000,275821.802245,162,162,-1.647958,1
330,330,timestamp_inferred,1788012781795562.000,275825.958796,162,163,-1.647958,1
331,331,camera_timecode_anchor,1788012781828991.000,275830.115348,163,163,0.961231,1
332,332,timestamp_inferred,1788012781862417.500,275834.135353,163,164,0.961231,1
333,333,camera_timecode_anchor,1788012781895844.000,275838.155357,164,164,1.294644,1
334,334,timestamp_inferred,1788012781929267.000,275842.215896,164,165,1.294644,1
335,335,camera_timecode_anchor,1788012781962690.000,275846.276434,165,165,2.303618,0
336,336,timestamp_inferred,1788012781996115.500,275850.240565,165,166,2.303618,0
337,337,camera_timecode_anchor,1788012782029541.000,275854.204697,166,166,1.705807,1
338,338,timestamp_inferred,1788012782062962.000,275858.013312,166,167,1.705807,1
339,339,camera_timecode_anchor,1788012782096383.000,275861.821926,167,167,-1.483946,1
340,340,timestamp_inferred,1788012782129809.000,275865.648068,167,168,-1.483946,1
341,341,camera_timecode_anchor,1788012782163235.000,275869.474209,168,168,-4.381595,1
342,342,timestamp_inferred,1788012782196663.000,275874.012840,168,169,-4.381595,1
343,343,camera_timecode_anchor,1788012782230091.000,275878.551472,169,169,-3.737734,1
344,344,timestamp_inferred,1788012782263519.500,275882.604810,169,170,-3.737734,1
345,345,camera_timecode_anchor,1788012782296948.000,275886.658147,170,170,-2.848771,1
346,346,timestamp_inferred,1788012782330374.000,275890.684282,170,171,-2.848771,1
347,347,camera_timecode_anchor,1788012782363800.000,275894.710417,171,171,-2.413195,1
348,348,timestamp_inferred,1788012782397225.500,275898.856688,171,172,-2.413195,1
349,349,camera_timecode_anchor,1788012782430651.000,275903.002960,172,172,0.024663,0
350,350,timestamp_inferred,1788012782464077.000,275907.096865,172,173,0.024663,0
351,351,camera_timecode_anchor,1788012782497503.000,275911.190770,173,173,1.589754,1
352,352,timestamp_inferred,1788012782530934.000,275915.457751,173,174,1.589754,1
353,353,camera_timecode_anchor,1788012782564365.000,275919.724731,174,174,-2.293907,1
354,354,timestamp_inferred,1788012782597790.500,275923.850489,174,175,-2.293907,1
355,355,camera_timecode_anchor,1788012782631216.000,275927.976246,175,175,-0.197947,0
356,356,timestamp_inferred,1788012782664640.000,275932.160527,175,176,-0.197947,0
357,357,camera_timecode_anchor,1788012782698064.000,275936.344807,176,176,2.873395,1
358,358,timestamp_inferred,1788012782731491.500,275940.345751,176,177,2.873395,1
359,359,camera_timecode_anchor,1788012782764919.000,275944.346695,177,177,2.889128,1
360,360,timestamp_inferred,1788012782798345.000,275948.432147,177,178,2.889128,1
361,361,camera_timecode_anchor,1788012782831771.000,275952.517599,178,178,4.313322,1
362,362,timestamp_inferred,1788012782865196.500,275956.490145,178,179,4.313322,1
363,363,camera_timecode_anchor,1788012782898622.000,275960.462691,179,179,-4.477579,1
364,364,timestamp_inferred,1788012782932053.000,275964.449185,179,180,-4.477579,1
365,365,camera_timecode_anchor,1788012782965484.000,275968.435680,180,180,3.630664,1
366,366,timestamp_inferred,1788012782998908.500,275972.468204,180,181,3.630664,1
367,367,camera_timecode_anchor,1788012783032333.000,275976.500729,181,181,-4.160595,1
368,368,timestamp_inferred,1788012783065762.000,275980.567918,181,182,-4.160595,1
369,369,camera_timecode_anchor,1788012783099191.000,275984.635107,182,182,-3.040773,1
370,370,timestamp_inferred,1788012783132614.000,275988.661399,182,183,-3.040773,1
371,371,camera_timecode_anchor,1788012783166037.000,275992.687690,183,183,-2.602580,1
372,372,timestamp_inferred,1788012783199462.500,275996.688798,183,184,-2.602580,1
373,373,camera_timecode_anchor,1788012783232888.000,276000.689905,184,184,-2.584124,1
374,374,timestamp_inferred,1788012783266314.000,276004.726958,184,185,-2.584124,1
375,375,camera_timecode_anchor,1788012783299740.000,276008.764012,185,185,-1.966568,1
376,376,timestamp_inferred,1788012783333162.000,276012.840926,185,186,-1.966568,1
377,377,camera_timecode_anchor,1788012783366584.000,276016.917840,186,186,-0.684670,1
378,378,timestamp_inferred,1788012783400010.500,276020.987735,186,187,-0.684670,1
379,379,camera_timecode_anchor,1788012783433437.000,276025.057630,187,187,0.480251,1
380,380,timestamp_inferred,1788012783466862.000,276028.008377,187,188,0.480251,1
381,381,timestamp_inferred,1788012783500287.000,276030.959123,187,188,-0.751087,1
382,382,camera_timecode_anchor,1788012783533712.000,276033.909870,188,188,-0.751087,1
383,383,timestamp_inferred,1788012783567137.000,276037.993441,188,189,-0.751087,1
384,384,camera_timecode_anchor,1788012783600562.000,276042.077013,189,189,0.641773,1
385,385,timestamp_inferred,1788012783633984.500,276046.031745,189,190,0.641773,1
386,386,camera_timecode_anchor,1788012783667407.000,276049.986478,190,190,-0.112686,1
387,387,timestamp_inferred,1788012783700836.500,276054.080926,190,191,-0.112686,1
388,388,camera_timecode_anchor,1788012783734266.000,276058.175374,191,191,1.461446,1
389,389,timestamp_inferred,1788012783767692.500,276062.230227,191,192,1.461446,1
390,390,camera_timecode_anchor,1788012783801119.000,276066.285081,192,192,2.375677,0
391,391,timestamp_inferred,1788012783834544.500,276070.379283,192,193,2.375677,0
392,392,camera_timecode_anchor,1788012783867970.000,276074.473485,193,193,3.945711,1
393,393,timestamp_inferred,1788012783901400.500,276078.169254,193,194,3.945711,1
394,394,camera_timecode_anchor,1788012783934831.000,276081.865024,194,194,-1.124803,0
395,395,timestamp_inferred,1788012783968255.500,276085.936996,194,195,-1.124803,0
396,396,camera_timecode_anchor,1788012784001680.000,276090.008969,195,195,0.074739,1
397,397,timestamp_inferred,1788012784035107.500,276094.041724,195,196,0.074739,1
398,398,camera_timecode_anchor,1788012784068535.000,276098.074479,196,196,0.620656,1
399,399,timestamp_inferred,1788012784101960.500,276102.124331,196,197,0.620656,1
400,400,camera_timecode_anchor,1788012784135386.000,276106.174183,197,197,1.451526,0
401,401,timestamp_inferred,1788012784168815.000,276110.634608,197,198,1.451526,0
402,402,camera_timecode_anchor,1788012784202244.000,276115.095034,198,198,0.791947,1
403,403,timestamp_inferred,1788012784235670.000,276119.190008,198,199,0.791947,1
404,404,camera_timecode_anchor,1788012784269096.000,276123.284982,199,199,2.374850,1
405,405,timestamp_inferred,1788012784302522.000,276127.398182,199,200,2.374850,1
406,406,camera_timecode_anchor,1788012784335948.000,276131.511383,200,200,4.261521,0
407,407,timestamp_inferred,1788012784369370.500,276135.576141,200,201,4.261521,0
408,408,camera_timecode_anchor,1788012784402793.000,276139.640899,201,201,-2.992509,1
409,409,timestamp_inferred,1788012784436219.000,276143.806571,201,202,-2.992509,1
410,410,camera_timecode_anchor,1788012784469645.000,276147.972244,202,202,-0.231303,1
411,411,timestamp_inferred,1788012784503070.000,276151.845965,202,203,-0.231303,1
412,412,camera_timecode_anchor,1788012784536495.000,276155.719686,203,203,-2.335947,0
413,413,timestamp_inferred,1788012784569920.500,276159.681433,203,204,-2.335947,0
414,414,camera_timecode_anchor,1788012784603346.000,276163.643180,204,204,-2.973499,1
415,415,timestamp_inferred,1788012784636777.500,276167.693691,204,205,-2.973499,1
416,416,camera_timecode_anchor,1788012784670209.000,276171.744202,205,205,-2.131646,1
417,417,timestamp_inferred,1788012784703634.500,276175.746915,205,206,-2.131646,1
418,418,camera_timecode_anchor,1788012784737060.000,276179.749628,206,206,-2.086431,1
419,419,timestamp_inferred,1788012784770485.000,276183.836373,206,207,-2.086431,1
420,420,camera_timecode_anchor,1788012784803910.000,276187.923118,207,207,-0.640681,1
421,421,timestamp_inferred,1788012784837336.500,276192.030085,207,208,-0.640681,1
422,422,camera_timecode_anchor,1788012784870763.000,276196.137052,208,208,1.142101,0
423,423,timestamp_inferred,1788012784904185.500,276200.476604,208,209,1.142101,0
424,424,camera_timecode_anchor,1788012784937608.000,276204.816156,209,209,-1.532030,1
425,425,timestamp_inferred,1788012784971033.500,276208.640753,209,210,-1.532030,1
426,426,camera_timecode_anchor,1788012785004459.000,276212.465350,210,210,3.877918,1
427,427,timestamp_inferred,1788012785037886.000,276216.307435,210,211,3.877918,1
428,428,camera_timecode_anchor,1788012785071313.000,276220.149519,211,211,1.245991,1
429,429,timestamp_inferred,1788012785104737.000,276224.204847,211,212,1.245991,1
430,430,camera_timecode_anchor,1788012785138161.000,276228.260176,212,212,2.168131,1
431,431,timestamp_inferred,1788012785171587.500,276232.238248,212,213,2.168131,1
432,432,camera_timecode_anchor,1788012785205014.000,276236.216320,213,213,1.802664,0
433,433,timestamp_inferred,1788012785238445.000,276240.277080,213,214,1.802664,0
434,434,camera_timecode_anchor,1788012785271876.000,276244.337840,214,214,2.815330,1
435,435,timestamp_inferred,1788012785305297.500,276248.336678,214,215,2.815330,1
436,436,camera_timecode_anchor,1788012785338719.000,276252.335517,215,215,2.795976,1
437,437,timestamp_inferred,1788012785372144.500,276256.465885,215,216,2.795976,1
438,438,camera_timecode_anchor,1788012785405570.000,276260.596254,216,216,-3.364552,0
439,439,timestamp_inferred,1788012785438995.500,276264.602171,216,217,-3.364552,0
440,440,camera_timecode_anchor,1788012785472421.000,276268.608089,217,217,-3.265925,1
441,441,timestamp_inferred,1788012785505848.000,276272.608969,217,218,-3.265925,1
442,442,camera_timecode_anchor,1788012785539275.000,276276.609850,218,218,-3.251252,1
443,443,timestamp_inferred,1788012785572704.000,276280.670183,218,219,-3.251252,1
444,444,camera_timecode_anchor,1788012785606133.000,276284.730515,219,219,-2.245706,0
445,445,timestamp_inferred,1788012785639563.000,276288.693651,219,220,-2.245706,0
446,446,camera_timecode_anchor,1788012785672993.000,276292.656786,220,220,-2.860115,1
447,447,timestamp_inferred,1788012785706418.500,276296.686039,220,221,-2.860115,1
448,448,camera_timecode_anchor,1788012785739844.000,276300.715292,221,221,-2.372567,0
449,449,timestamp_inferred,1788012785773270.000,276304.776941,221,222,-2.372567,0
450,450,camera_timecode_anchor,1788012785806696.000,276308.838591,222,222,-1.345075,1
451,451,timestamp_inferred,1788012785840122.500,276312.857439,222,223,-1.345075,1
452,452,camera_timecode_anchor,1788012785873549.000,276316.876286,223,223,-1.030948,1
453,453,timestamp_inferred,1788012785906974.000,276321.152193,223,224,-1.030948,1
454,454,camera_timecode_anchor,1788012785940399.000,276325.428100,224,224,3.567502,1
455,455,timestamp_inferred,1788012785973825.000,276329.472544,224,225,3.567502,1
456,456,camera_timecode_anchor,1788012786007251.000,276333.516989,225,225,-4.025095,1
457,457,timestamp_inferred,1788012786040677.500,276337.544587,225,226,-4.025095,1
458,458,camera_timecode_anchor,1788012786074104.000,276341.572185,226,226,-3.565124,0
459,459,timestamp_inferred,1788012786107528.750,276344.498785,226,227,-3.565124,0
460,460,timestamp_inferred,1788012786140953.250,276347.425384,226,227,2.933194,1
461,461,camera_timecode_anchor,1788012786174378.000,276350.351983,227,227,2.933194,1
462,462,timestamp_inferred,1788012786207804.000,276354.304068,227,228,2.933194,1
463,463,camera_timecode_anchor,1788012786241230.000,276358.256152,228,228,2.134600,0
464,464,timestamp_inferred,1788012786274655.500,276362.290377,228,229,2.134600,0
465,465,camera_timecode_anchor,1788012786308081.000,276366.324602,229,229,2.705017,1
466,466,timestamp_inferred,1788012786341507.500,276370.421168,229,230,2.705017,1
467,467,camera_timecode_anchor,1788012786374934.000,276374.517733,230,230,-4.018888,1
468,468,timestamp_inferred,1788012786408359.000,276378.510671,230,231,-4.018888,1
469,469,camera_timecode_anchor,1788012786441784.000,276382.503609,231,231,-4.136592,0
470,470,timestamp_inferred,1788012786475210.500,276386.584323,231,232,-4.136592,0
471,471,camera_timecode_anchor,1788012786508637.000,276390.665038,232,232,-2.791351,1
472,472,timestamp_inferred,1788012786542063.000,276394.722376,232,233,-2.791351,1
473,473,camera_timecode_anchor,1788012786575489.000,276398.779713,233,233,-1.835721,1
474,474,timestamp_inferred,1788012786608915.500,276403.059132,233,234,-1.835721,1
475,475,camera_timecode_anchor,1788012786642342.000,276407.338551,234,234,2.821256,1
476,476,timestamp_inferred,1788012786675766.500,276411.350459,234,235,2.821256,1
477,477,camera_timecode_anchor,1788012786709191.000,276415.362368,235,235,3.019731,1
478,478,timestamp_inferred,1788012786742618.000,276419.625161,235,236,3.019731,1
479,479,camera_timecode_anchor,1788012786776045.000,276423.887954,236,236,-0.933713,0
480,480,timestamp_inferred,1788012786809471.000,276427.994356,236,237,-0.933713,0
481,481,camera_timecode_anchor,1788012786842897.000,276432.100757,237,237,0.839644,1
482,482,timestamp_inferred,1788012786876322.000,276435.940796,237,238,0.839644,1
483,483,camera_timecode_anchor,1788012786909747.000,276439.780834,238,238,-1.826382,1
484,484,timestamp_inferred,1788012786943172.500,276443.845461,238,239,-1.826382,1
485,485,camera_timecode_anchor,1788012786976598.000,276447.910087,239,239,-0.749272,1
486,486,timestamp_inferred,1788012787010020.000,276451.933681,239,240,-0.749272,1
487,487,camera_timecode_anchor,1788012787043442.000,276455.957275,240,240,-0.356045,1
488,488,timestamp_inferred,1788012787076869.000,276459.923769,240,241,-0.356045,1
489,489,camera_timecode_anchor,1788012787110296.000,276463.890263,241,241,-0.914479,0
490,490,timestamp_inferred,1788012787143722.500,276467.955497,241,242,-0.914479,0
491,491,camera_timecode_anchor,1788012787177149.000,276472.020731,242,242,0.172756,1
492,492,timestamp_inferred,1788012787210571.000,276476.079658,242,243,0.172756,1
493,493,camera_timecode_anchor,1788012787243993.000,276480.138585,243,243,1.154877,1
494,494,timestamp_inferred,1788012787277418.500,276484.236282,243,244,1.154877,1
495,495,camera_timecode_anchor,1788012787310844.000,276488.333979,244,244,2.783156,0
496,496,timestamp_inferred,1788012787344270.500,276492.251450,244,245,2.783156,0
497,497,camera_timecode_anchor,1788012787377697.000,276496.168921,245,245,1.407672,1
498,498,timestamp_inferred,1788012787411119.000,276500.005977,245,246,1.407672,1
499,499,camera_timecode_anchor,1788012787444541.000,276503.843033,246,246,-1.308055,1
500,500,timestamp_inferred,1788012787477966.500,276507.613332,246,247,-1.308055,1
501,501,camera_timecode_anchor,1788012787511392.000,276511.383631,247,247,3.196926,0
502,502,timestamp_inferred,1788012787544818.000,276516.022002,247,248,3.196926,0
503,503,camera_timecode_anchor,1788012787578244.000,276520.660372,248,248,-2.830232,1
504,504,timestamp_inferred,1788012787611670.500,276524.657191,248,249,-2.830232,1
505,505,camera_timecode_anchor,1788012787645097.000,276528.654010,249,249,-2.883252,0
506,506,timestamp_inferred,1788012787678522.000,276532.655083,249,250,-2.883252,0
507,507,camera_timecode_anchor,1788012787711947.000,276536.656156,250,250,-2.865366,1
508,508,timestamp_inferred,1788012787745370.000,276540.683132,250,251,-2.865366,1
509,509,camera_timecode_anchor,1788012787778793.000,276544.710108,251,251,-2.415768,1
510,510,timestamp_inferred,1788012787812215.500,276548.662073,251,252,-2.415768,1
511,511,camera_timecode_anchor,1788012787845638.000,276552.614038,252,252,-3.216348,1
512,512,timestamp_inferred,1788012787879059.000,276556.556599,252,253,-3.216348,1
513,513,camera_timecode_anchor,1788012787912480.000,276560.499160,253,253,-4.173668,1
514,514,timestamp_inferred,1788012787945902.500,276564.389366,253,254,-4.173668,1
515,515,camera_timecode_anchor,1788012787979325.000,276568.279572,254,254,2.329770,1
516,516,timestamp_inferred,1788012788012752.000,276572.048299,254,255,2.329770,1
517,517,camera_timecode_anchor,1788012788046179.000,276575.817027,255,255,-1.524779,1
518,518,timestamp_inferred,1788012788079600.500,276579.842046,255,256,-1.524779,1
519,519,camera_timecode_anchor,1788012788113022.000,276583.867065,256,256,-1.107790,1
520,520,timestamp_inferred,1788012788146444.000,276587.850287,256,257,-1.107790,1
521,521,camera_timecode_anchor,1788012788179866.000,276591.833509,257,257,-1.387428,0
522,522,timestamp_inferred,1788012788213287.500,276595.862293,257,258,-1.387428,0
523,523,camera_timecode_anchor,1788012788246709.000,276599.891077,258,258,-0.907690,1
524,524,timestamp_inferred,1788012788280131.500,276603.872494,258,259,-0.907690,1
525,525,camera_timecode_anchor,1788012788313554.000,276607.853912,259,259,-1.217403,0
526,526,timestamp_inferred,1788012788346977.000,276611.908834,259,260,-1.217403,0
527,527,camera_timecode_anchor,1788012788380400.000,276615.963756,260,260,-0.302032,1
528,528,timestamp_inferred,1788012788413826.000,276620.023241,260,261,-0.302032,1
529,529,camera_timecode_anchor,1788012788447252.000,276624.082725,261,261,0.689378,1
530,530,timestamp_inferred,1788012788480677.000,276628.085682,261,262,0.689378,1
531,531,camera_timecode_anchor,1788012788514102.000,276632.088639,262,262,0.738662,1
532,532,timestamp_inferred,1788012788547528.500,276636.129711,262,263,0.738662,1
533,533,camera_timecode_anchor,1788012788580955.000,276640.170783,263,263,1.423188,0
534,534,timestamp_inferred,1788012788614381.000,276644.116220,263,264,1.423188,0
535,535,camera_timecode_anchor,1788012788647807.000,276648.061658,264,264,0.513813,1
536,536,timestamp_inferred,1788012788681233.000,276652.066869,264,265,0.513813,1
537,537,camera_timecode_anchor,1788012788714659.000,276656.072080,265,265,0.600668,1
538,538,timestamp_inferred,1788012788748081.500,276660.135047,265,266,0.600668,1
539,539,camera_timecode_anchor,1788012788781504.000,276664.198013,266,266,1.650109,0
540,540,timestamp_inferred,1788012788814925.500,276668.192897,266,267,1.650109,0
541,541,camera_timecode_anchor,1788012788848347.000,276672.187782,267,267,1.564849,1
542,542,timestamp_inferred,1788012788881769.500,276676.215813,267,268,1.564849,1
543,543,camera_timecode_anchor,1788012788915192.000,276680.243844,268,268,2.032032,1
544,544,timestamp_inferred,1788012788948615.500,276684.337752,268,269,2.032032,1
545,545,camera_timecode_anchor,1788012788982039.000,276688.431660,269,269,3.597169,1
546,546,timestamp_inferred,1788012789015464.000,276692.474081,269,270,3.597169,1
547,547,camera_timecode_anchor,1788012789048889.000,276696.516502,270,270,4.304184,1
548,548,timestamp_inferred,1788012789082311.500,276700.543252,270,271,4.304184,1
549,549,camera_timecode_anchor,1788012789115734.000,276704.570003,271,271,-3.583312,0
550,550,timestamp_inferred,1788012789149159.500,276708.590427,271,272,-3.583312,0
551,551,camera_timecode_anchor,1788012789182585.000,276712.610851,272,272,-3.242911,1
552,552,timestamp_inferred,1788012789216008.500,276716.633202,272,273,-3.242911,1
553,553,camera_timecode_anchor,1788012789249432.000,276720.655553,273,273,-2.870394,1
554,554,timestamp_inferred,1788012789282857.000,276724.669329,273,274,-2.870394,1
555,555,camera_timecode_anchor,1788012789316282.000,276728.683106,274,274,-2.640786,1
556,556,timestamp_inferred,1788012789349704.000,276732.739863,274,275,-2.640786,1
557,557,camera_timecode_anchor,1788012789383126.000,276736.796621,275,275,-1.694823,1
558,558,timestamp_inferred,1788012789416548.000,276740.809863,275,276,-1.694823,1
559,559,camera_timecode_anchor,1788012789449970.000,276744.823104,276,276,-1.474131,0
560,560,timestamp_inferred,1788012789483396.000,276748.832285,276,277,-1.474131,0
561,561,camera_timecode_anchor,1788012789516822.000,276752.841467,277,277,-1.321111,1
562,562,timestamp_inferred,1788012789550244.500,276756.869620,277,278,-1.321111,1
563,563,camera_timecode_anchor,1788012789583667.000,276760.897772,278,278,-0.851897,1
564,564,timestamp_inferred,1788012789617093.500,276765.185781,278,279,-0.851897,1
565,565,camera_timecode_anchor,1788012789650520.000,276769.473790,279,279,3.948248,0
566,566,timestamp_inferred,1788012789683944.500,276773.503535,279,280,3.948248,0
567,567,camera_timecode_anchor,1788012789717369.000,276777.533280,280,280,4.443998,1
568,568,timestamp_inferred,1788012789750791.500,276781.621753,280,281,4.443998,1
569,569,camera_timecode_anchor,1788012789784214.000,276785.710226,281,281,-2.414784,1
570,570,timestamp_inferred,1788012789817641.000,276790.022318,281,282,-2.414784,1
571,571,camera_timecode_anchor,1788012789851068.000,276794.334410,282,282,2.786753,1
572,572,timestamp_inferred,1788012789884493.000,276798.152625,282,283,2.786753,1
573,573,camera_timecode_anchor,1788012789917918.000,276801.970839,283,283,-0.243008,1
574,574,timestamp_inferred,1788012789951344.500,276806.027528,283,284,-0.243008,1
575,575,camera_timecode_anchor,1788012789984771.000,276810.084218,284,284,0.701813,0
576,576,timestamp_inferred,1788012790018193.000,276814.083032,284,285,0.701813,0
577,577,camera_timecode_anchor,1788012790051615.000,276818.081846,285,285,0.682046,1
578,578,timestamp_inferred,1788012790085040.500,276822.097095,285,286,0.682046,1
579,579,camera_timecode_anchor,1788012790118466.000,276826.112345,286,286,0.936205,1
580,580,timestamp_inferred,1788012790151889.500,276830.189548,286,287,0.936205,1
581,581,camera_timecode_anchor,1788012790185313.000,276834.266752,287,287,2.222935,0
582,582,timestamp_inferred,1788012790218731.500,276838.278338,287,288,2.222935,0
583,583,camera_timecode_anchor,1788012790252150.000,276842.289924,288,288,2.416034,1
584,584,timestamp_inferred,1788012790285574.500,276846.275509,288,289,2.416034,1
585,585,camera_timecode_anchor,1788012790318999.000,276850.261094,289,289,2.175785,1
586,586,timestamp_inferred,1788012790352426.000,276854.350986,289,290,2.175785,1
587,587,camera_timecode_anchor,1788012790385853.000,276858.440878,290,290,3.673985,1
588,588,timestamp_inferred,1788012790419279.000,276862.415532,290,291,3.673985,1
589,589,camera_timecode_anchor,1788012790452705.000,276866.390187,291,291,3.251556,1
590,590,timestamp_inferred,1788012790486126.500,276870.224701,291,292,3.251556,1
591,591,camera_timecode_anchor,1788012790519548.000,276874.059216,292,292,0.493464,1
592,592,timestamp_inferred,1788012790552970.000,276878.319794,292,293,0.493464,1
593,593,camera_timecode_anchor,1788012790586392.000,276882.580372,293,293,-3.496904,1
594,594,timestamp_inferred,1788012790619814.500,276886.644099,293,294,-3.496904,1
595,595,camera_timecode_anchor,1788012790653237.000,276890.707826,294,294,-2.434786,0
596,596,timestamp_inferred,1788012790686659.500,276894.736483,294,295,-2.434786,0
597,597,camera_timecode_anchor,1788012790720082.000,276898.765140,295,295,-1.957163,1
598,598,timestamp_inferred,1788012790753507.000,276902.847414,295,296,-1.957163,1
599,599,camera_timecode_anchor,1788012790786932.000,276906.929687,296,296,-0.585943,1
600,600,timestamp_inferred,1788012790820360.000,276911.046941,296,297,-0.585943,1
601,601,camera_timecode_anchor,1788012790853788.000,276915.164194,297,297,1.368285,0
602,602,timestamp_inferred,1788012790887208.000,276919.188102,297,298,1.368285,0
603,603,camera_timecode_anchor,1788012790920628.000,276923.212010,298,298,1.766748,1
604,604,timestamp_inferred,1788012790954054.500,276927.057244,298,299,1.766748,1
605,605,camera_timecode_anchor,1788012790987481.000,276930.902478,299,299,-0.812682,1
606,606,timestamp_inferred,1788012791020908.000,276934.746132,299,300,-0.812682,1
607,607,camera_timecode_anchor,1788012791054335.000,276938.589786,300,300,-3.418449,1
608,608,timestamp_inferred,1788012791087756.500,276942.642461,300,301,-3.418449,1
609,609,camera_timecode_anchor,1788012791121178.000,276946.695136,301,301,-2.540537,1
610,610,timestamp_inferred,1788012791154600.000,276950.823160,301,302,-2.540537,1
611,611,camera_timecode_anchor,1788012791188022.000,276954.951184,302,302,-0.406802,1
612,612,timestamp_inferred,1788012791221448.500,276959.265726,302,303,-0.406802,1
613,613,camera_timecode_anchor,1788012791254875.000,276963.580268,303,303,-3.497767,1
614,614,timestamp_inferred,1788012791288300.500,276967.618632,303,304,-3.497767,1
615,615,camera_timecode_anchor,1788012791321726.000,276971.656995,304,304,-2.858374,0
616,616,timestamp_inferred,1788012791355150.750,276974.473812,304,305,-2.858374,0
617,617,timestamp_inferred,1788012791388575.250,276977.290629,304,305,0.895382,1
618,618,camera_timecode_anchor,1788012791422000.000,276980.107446,305,305,0.895382,1
619,619,camera_timecode_anchor,1788012791455424.000,276988.056480,306,306,0.470665,1
620,620,timestamp_inferred,1788012791488851.000,276991.001241,306,307,0.470665,1
621,621,timestamp_inferred,1788012791522278.000,276993.946001,306,307,-0.910315,1
622,622,camera_timecode_anchor,1788012791555705.000,276996.890762,307,307,-0.910315,1
623,623,camera_timecode_anchor,1788012791589126.000,277005.246774,308,308,2.056449,1
624,624,timestamp_inferred,1788012791622553.000,277007.908161,308,309,2.056449,1
625,625,timestamp_inferred,1788012791655980.000,277010.569549,308,309,1.924466,1
626,626,camera_timecode_anchor,1788012791689407.000,277013.230936,309,309,1.924466,1
627,627,timestamp_inferred,1788012791722834.000,277017.253421,309,310,1.924466,1
628,628,camera_timecode_anchor,1788012791756261.000,277021.275906,310,310,2.299214,1
629,629,timestamp_inferred,1788012791789681.500,277025.380421,310,311,2.299214,1
630,630,camera_timecode_anchor,1788012791823102.000,277029.484937,311,311,4.041139,0
631,631,timestamp_inferred,1788012791856524.500,277033.570269,311,312,4.041139,0
632,632,camera_timecode_anchor,1788012791889947.000,277037.655600,312,312,-2.869997,1
633,633,timestamp_inferred,1788012791923375.000,277041.742106,312,313,-2.869997,1
634,634,camera_timecode_anchor,1788012791956803.000,277045.828611,313,313,-1.428242,1
635,635,camera_timecode_anchor,1788012791990220.000,277054.108107,314,314,0.900895,1
636,636,timestamp_inferred,1788012792023643.250,277056.794307,314,315,0.900895,1
637,637,timestamp_inferred,1788012792057066.750,277059.480507,314,315,1.389225,0
638,638,camera_timecode_anchor,1788012792090490.000,277062.166707,315,315,1.389225,0
639,639,timestamp_inferred,1788012792123911.500,277066.251875,315,316,1.389225,0
640,640,camera_timecode_anchor,1788012792157333.000,277070.337042,316,316,2.808685,1
641,641,timestamp_inferred,1788012792190758.500,277074.474396,316,317,2.808685,1
642,642,camera_timecode_anchor,1788012792224184.000,277078.611749,317,317,-3.235424,1
643,643,timestamp_inferred,1788012792257607.500,277082.857487,317,318,-3.235424,1
644,644,camera_timecode_anchor,1788012792291031.000,277087.103226,318,318,0.860214,1
645,645,timestamp_inferred,1788012792324453.500,277091.148722,318,319,0.860214,1
646,646,camera_timecode_anchor,1788012792357876.000,277095.194218,319,319,1.618486,0
647,647,timestamp_inferred,1788012792391300.500,277099.228796,319,320,1.618486,0
648,648,camera_timecode_anchor,1788012792424725.000,277103.263374,320,320,2.194782,1
649,649,timestamp_inferred,1788012792458147.500,277107.310879,320,321,2.194782,1
650,650,camera_timecode_anchor,1788012792491570.000,277111.358384,321,321,2.986533,1
651,651,timestamp_inferred,1788012792524993.000,277115.425828,321,322,2.986533,1
652,652,camera_timecode_anchor,1788012792558416.000,277119.493273,322,322,-4.222728,0
653,653,timestamp_inferred,1788012792591841.000,277123.600060,322,323,-4.222728,0
654,654,camera_timecode_anchor,1788012792625266.000,277127.706848,323,323,-2.442935,1
655,655,timestamp_inferred,1788012792658692.500,277131.735686,323,324,-2.442935,1
656,656,camera_timecode_anchor,1788012792692119.000,277135.764524,324,324,-1.962300,1
657,657,timestamp_inferred,1788012792725540.500,277139.779444,324,325,-1.962300,1
658,658,camera_timecode_anchor,1788012792758962.000,277143.794364,325,325,-1.713630,1
659,659,timestamp_inferred,1788012792792388.500,277147.661712,325,326,-1.713630,1
660,660,camera_timecode_anchor,1788012792825815.000,277151.529059,326,326,-3.924511,1
661,661,timestamp_inferred,1788012792859238.000,277155.378885,326,327,-3.924511,1
662,662,camera_timecode_anchor,1788012792892661.000,277159.228711,327,327,1.905929,0
663,663,timestamp_inferred,1788012792926083.000,277163.434605,327,328,1.905929,0
664,664,camera_timecode_anchor,1788012792959505.000,277167.640499,328,328,-2.995842,1
665,665,timestamp_inferred,1788012792992929.500,277171.683843,328,329,-2.995842,1
666,666,camera_timecode_anchor,1788012793026354.000,277175.727187,329,329,-2.273444,1
667,667,timestamp_inferred,1788012793059779.500,277179.793500,329,330,-2.273444,1
668,668,camera_timecode_anchor,1788012793093205.000,277183.859813,330,330,-1.168224,0
669,669,timestamp_inferred,1788012793126630.750,277186.839861,330,331,-1.168224,0
670,670,timestamp_inferred,1788012793160056.250,277189.819909,330,331,-1.667022,1
671,671,camera_timecode_anchor,1788012793193482.000,277192.799957,331,331,-1.667022,1
672,672,timestamp_inferred,1788012793226908.500,277197.007874,331,332,-1.667022,1
673,673,camera_timecode_anchor,1788012793260335.000,277201.215792,332,332,1.798263,1
674,674,timestamp_inferred,1788012793293759.500,277205.326423,332,333,1.798263,1
675,675,camera_timecode_anchor,1788012793327184.000,277209.437055,333,333,3.642125,1
676,676,timestamp_inferred,1788012793360610.500,277213.638040,333,334,3.642125,1
677,677,camera_timecode_anchor,1788012793394037.000,277217.839025,334,334,-1.341462,1
678,678,timestamp_inferred,1788012793427463.000,277221.914033,334,335,-1.341462,1
679,679,camera_timecode_anchor,1788012793460889.000,277225.989041,335,335,-0.091324,1
680,680,timestamp_inferred,1788012793494314.000,277229.806959,335,336,-0.091324,1
681,681,camera_timecode_anchor,1788012793527739.000,277233.624877,336,336,-3.126021,0
682,682,timestamp_inferred,1788012793561166.000,277237.651664,336,337,-3.126021,0
683,683,camera_timecode_anchor,1788012793594593.000,277241.678450,337,337,-2.679582,1
684,684,timestamp_inferred,1788012793628018.000,277245.957349,337,338,-2.679582,1
685,685,camera_timecode_anchor,1788012793661443.000,277250.236247,338,338,1.968728,0
686,686,timestamp_inferred,1788012793694873.000,277254.563860,338,339,1.968728,0
687,687,camera_timecode_anchor,1788012793728303.000,277258.891472,339,339,-0.904396,1
688,688,timestamp_inferred,1788012793761729.500,277262.943161,339,340,-0.904396,1
689,689,camera_timecode_anchor,1788012793795156.000,277266.994849,340,340,-0.042921,1
690,690,timestamp_inferred,1788012793828578.000,277271.109276,340,341,-0.042921,1
691,691,camera_timecode_anchor,1788012793862000.000,277275.223702,341,341,1.864186,1
692,692,timestamp_inferred,1788012793895425.500,277279.255135,341,342,1.864186,1
693,693,camera_timecode_anchor,1788012793928851.000,277283.286568,342,342,2.388065,0
694,694,timestamp_inferred,1788012793962277.500,277287.162177,342,343,2.388065,0
695,695,camera_timecode_anchor,1788012793995704.000,277291.037787,343,343,0.314888,1
696,696,timestamp_inferred,1788012794029129.500,277294.765949,343,344,0.314888,1
697,697,camera_timecode_anchor,1788012794062555.000,277298.494111,344,344,-4.215743,1
698,698,timestamp_inferred,1788012794095980.500,277302.650975,344,345,-4.215743,1
699,699,camera_timecode_anchor,1788012794129406.000,277306.807840,345,345,-1.601337,1
700,700,timestamp_inferred,1788012794162832.000,277310.908235,345,346,-1.601337,1
701,701,camera_timecode_anchor,1788012794196258.000,277315.008630,346,346,0.071915,1
702,702,timestamp_inferred,1788012794229689.000,277319.137352,346,347,0.071915,1
703,703,camera_timecode_anchor,1788012794263120.000,277323.266074,347,347,2.217283,1
704,704,timestamp_inferred,1788012794296545.000,277327.595282,347,348,2.217283,1
705,705,camera_timecode_anchor,1788012794329970.000,277331.924490,348,348,-0.629246,1
706,706,timestamp_inferred,1788012794363396.500,277336.043300,348,349,-0.629246,1
707,707,camera_timecode_anchor,1788012794396823.000,277340.162110,349,349,1.350920,1
708,708,timestamp_inferred,1788012794430253.000,277344.224733,349,350,1.350920,1
709,709,camera_timecode_anchor,1788012794463683.000,277348.287355,350,350,2.394626,1
710,710,timestamp_inferred,1788012794497108.000,277352.360465,350,351,2.394626,1
711,711,camera_timecode_anchor,1788012794530533.000,277356.433575,351,351,3.613126,1
712,712,timestamp_inferred,1788012794563962.500,277360.518703,351,352,3.613126,1
713,713,camera_timecode_anchor,1788012794597392.000,277364.603832,352,352,-3.301402,1
714,714,timestamp_inferred,1788012794630822.000,277367.450508,352,353,-3.301402,1
715,715,timestamp_inferred,1788012794664252.000,277370.297184,352,353,1.198838,1
716,716,camera_timecode_anchor,1788012794697682.000,277373.143861,353,353,1.198838,1
717,717,camera_timecode_anchor,1788012794731111.000,277381.286584,354,354,2.388202,0
718,718,timestamp_inferred,1788012794764540.500,277385.348198,354,355,2.388202,0
719,719,camera_timecode_anchor,1788012794797970.000,277389.409811,355,355,3.415090,1
720,720,timestamp_inferred,1788012794831399.750,277392.080599,355,356,3.415090,1
721,721,timestamp_inferred,1788012794864829.250,277394.751387,355,356,3.518128,1
722,722,camera_timecode_anchor,1788012794898259.000,277397.422175,356,356,3.518128,1
723,723,timestamp_inferred,1788012794931686.000,277401.700593,356,357,3.518128,1
724,724,camera_timecode_anchor,1788012794965113.000,277405.979011,357,357,-0.174906,1
725,725,timestamp_inferred,1788012794998541.500,277410.015518,357,358,-0.174906,1
726,726,camera_timecode_anchor,1788012795031970.000,277414.052024,358,358,0.433536,1
727,727,timestamp_inferred,1788012795065404.000,277418.100825,358,359,0.433536,1
728,728,camera_timecode_anchor,1788012795098838.000,277422.149625,359,359,1.246874,1
729,729,timestamp_inferred,1788012795132268.000,277426.224633,359,360,1.246874,1
730,730,camera_timecode_anchor,1788012795165698.000,277430.299640,360,360,2.497002,1
731,731,timestamp_inferred,1788012795199126.000,277434.416712,360,361,2.497002,1
732,732,camera_timecode_anchor,1788012795232554.000,277438.533784,361,361,-3.885134,1
733,733,timestamp_inferred,1788012795265984.000,277442.499526,361,362,-3.885134,1
734,734,camera_timecode_anchor,1788012795299414.000,277446.465269,362,362,-4.456092,1
735,735,timestamp_inferred,1788012795332847.500,277450.570453,362,363,-4.456092,1
736,736,camera_timecode_anchor,1788012795366281.000,277454.675637,363,363,-2.703027,1
737,737,timestamp_inferred,1788012795399710.500,277458.740362,363,364,-2.703027,1
738,738,camera_timecode_anchor,1788012795433140.000,277462.805087,364,364,-1.624278,1
739,739,timestamp_inferred,1788012795466569.000,277466.880438,364,365,-1.624278,1
740,740,camera_timecode_anchor,1788012795499998.000,277470.955789,365,365,-0.368423,1
741,741,timestamp_inferred,1788012795533429.500,277475.147936,365,366,-0.368423,1
742,742,camera_timecode_anchor,1788012795566861.000,277479.340082,366,366,2.834017,1
743,743,timestamp_inferred,1788012795600290.000,277483.367770,366,367,2.834017,1
744,744,camera_timecode_anchor,1788012795633719.000,277487.395458,367,367,3.295483,1
745,745,timestamp_inferred,1788012795667148.500,277491.490924,367,368,3.295483,1
746,746,camera_timecode_anchor,1788012795700578.000,277495.586390,368,368,-3.446749,1
747,747,timestamp_inferred,1788012795734004.000,277499.642670,368,369,-3.446749,1
748,748,camera_timecode_anchor,1788012795767430.000,277503.698951,369,369,-2.508745,1
749,749,timestamp_inferred,1788012795800859.500,277507.520621,369,370,-2.508745,1
750,750,camera_timecode_anchor,1788012795834289.000,277511.342292,370,370,2.852430,1
751,751,timestamp_inferred,1788012795867714.500,277515.402051,370,371,2.852430,1
752,752,camera_timecode_anchor,1788012795901140.000,277519.461810,371,371,3.848419,1
753,753,timestamp_inferred,1788012795934571.000,277523.523480,371,372,3.848419,1
754,754,camera_timecode_anchor,1788012795968002.000,277527.585149,372,372,-3.457091,1
755,755,timestamp_inferred,1788012796001430.500,277531.785600,372,373,-3.457091,1
756,756,camera_timecode_anchor,1788012796034859.000,277535.986051,373,373,-0.116240,0
757,757,timestamp_inferred,1788012796068285.500,277540.044965,373,374,-0.116240,0
758,758,camera_timecode_anchor,1788012796101712.000,277544.103878,374,374,0.865651,1
759,759,timestamp_inferred,1788012796135144.500,277548.154170,374,375,0.865651,1
760,760,camera_timecode_anchor,1788012796168577.000,277552.204462,375,375,1.703847,1
761,761,timestamp_inferred,1788012796202006.500,277556.334822,375,376,1.703847,1
762,762,camera_timecode_anchor,1788012796235436.000,277560.465182,376,376,3.876514,1
763,763,timestamp_inferred,1788012796268863.000,277564.362983,376,377,3.876514,1
764,764,camera_timecode_anchor,1788012796302290.000,277568.260785,377,377,2.173210,1
765,765,timestamp_inferred,1788012796335720.000,277572.152951,377,378,2.173210,1
766,766,camera_timecode_anchor,1788012796369150.000,277576.045117,378,378,0.375971,0
767,767,timestamp_inferred,1788012796402578.000,277580.070555,378,379,0.375971,0
768,768,camera_timecode_anchor,1788012796436006.000,277584.095994,379,379,0.799946,1
769,769,timestamp_inferred,1788012796469436.000,277588.131907,379,380,0.799946,1
770,770,camera_timecode_anchor,1788012796502866.000,277592.167820,380,380,1.398496,1
771,771,timestamp_inferred,1788012796536297.000,277596.288909,380,381,1.398496,1
772,772,camera_timecode_anchor,1788012796569728.000,277600.409999,381,381,3.416656,1
773,773,timestamp_inferred,1788012796603156.000,277604.433703,381,382,3.416656,1
774,774,camera_timecode_anchor,1788012796636584.000,277608.457407,382,382,3.811724,1
775,775,timestamp_inferred,1788012796670015.000,277612.722835,382,383,3.811724,1
776,776,camera_timecode_anchor,1788012796703446.000,277616.988262,383,383,-0.097813,0
777,777,timestamp_inferred,1788012796736873.500,277621.053024,383,384,-0.097813,0
778,778,camera_timecode_anchor,1788012796770301.000,277625.117786,384,384,0.981551,1
779,779,timestamp_inferred,1788012796803735.500,277629.035384,384,385,0.981551,1
780,780,camera_timecode_anchor,1788012796837170.000,277632.952981,385,385,-0.391825,1
781,781,timestamp_inferred,1788012796870601.000,277636.730005,385,386,-0.391825,1
782,782,camera_timecode_anchor,1788012796904032.000,277640.507028,386,386,-4.108099,1
783,783,timestamp_inferred,1788012796937456.500,277644.513871,386,387,-4.108099,1
784,784,camera_timecode_anchor,1788012796970881.000,277648.520714,387,387,-3.994047,1
785,785,timestamp_inferred,1788012797004314.000,277652.571005,387,388,-3.994047,1
786,786,camera_timecode_anchor,1788012797037747.000,277656.621296,388,388,-3.155864,0
787,787,timestamp_inferred,1788012797071173.500,277660.928377,388,389,-3.155864,0
788,788,camera_timecode_anchor,1788012797104600.000,277665.235458,389,389,1.962147,1
789,789,timestamp_inferred,1788012797138030.500,277669.269954,389,390,1.962147,1
790,790,camera_timecode_anchor,1788012797171461.000,277673.304451,390,390,2.537094,1
791,791,timestamp_inferred,1788012797204889.000,277677.521442,390,391,2.537094,1
792,792,camera_timecode_anchor,1788012797238317.000,277681.738432,391,391,-2.179734,1
793,793,timestamp_inferred,1788012797271747.000,277684.464966,391,392,-2.179734,1
794,794,timestamp_inferred,1788012797305177.000,277687.191500,391,392,-0.683054,1
795,795,camera_timecode_anchor,1788012797338607.000,277689.918034,392,392,-0.683054,1
796,796,camera_timecode_anchor,1788012797372038.000,277697.730174,393,393,-2.248550,1
797,797,timestamp_inferred,1788012797405467.250,277701.148992,393,394,-2.248550,1
798,798,timestamp_inferred,1788012797438896.750,277704.567810,393,394,-0.111430,1
799,799,camera_timecode_anchor,1788012797472326.000,277707.986628,394,394,-0.111430,1
800,800,timestamp_inferred,1788012797505752.000,277712.088122,394,395,-0.111430,1
801,801,camera_timecode_anchor,1788012797539178.000,277716.189615,395,395,1.580128,0
802,802,timestamp_inferred,1788012797572604.500,277720.188472,395,396,1.580128,0
803,803,camera_timecode_anchor,1788012797606031.000,277724.187329,396,396,1.561071,1
804,804,timestamp_inferred,1788012797639460.500,277728.244239,396,397,1.561071,1
805,805,camera_timecode_anchor,1788012797672890.000,277732.301150,397,397,2.509581,0
806,806,timestamp_inferred,1788012797706314.500,277736.336253,397,398,2.509581,0
807,807,camera_timecode_anchor,1788012797739739.000,277740.371356,398,398,3.094631,1
808,808,timestamp_inferred,1788012797773170.500,277744.395376,398,399,3.094631,1
809,809,camera_timecode_anchor,1788012797806602.000,277748.419396,399,399,3.494970,1
810,810,timestamp_inferred,1788012797840027.500,277752.465331,399,400,3.494970,1
811,811,camera_timecode_anchor,1788012797873453.000,277756.511266,400,400,4.260550,1
812,812,timestamp_inferred,1788012797906878.000,277760.505726,400,401,4.260550,1
813,813,camera_timecode_anchor,1788012797940303.000,277764.500187,401,401,-4.165112,1
814,814,timestamp_inferred,1788012797973729.000,277768.570957,401,402,-4.165112,1
815,815,camera_timecode_anchor,1788012798007155.000,277772.641727,402,402,-2.985611,1
816,816,timestamp_inferred,1788012798040577.500,277776.598042,402,403,-2.985611,1
817,817,camera_timecode_anchor,1788012798074000.000,277780.554358,403,403,-3.713683,1
818,818,timestamp_inferred,1788012798107426.000,277784.620005,403,404,-3.713683,1
819,819,camera_timecode_anchor,1788012798140852.000,277788.685651,404,404,-2.619575,0
820,820,timestamp_inferred,1788012798174278.500,277792.670116,404,405,-2.619575,0
821,821,camera_timecode_anchor,1788012798207705.000,277796.654581,405,405,-2.878494,1
822,822,timestamp_inferred,1788012798241127.000,277800.671223,405,406,-2.878494,1
823,823,camera_timecode_anchor,1788012798274549.000,277804.687864,406,406,-2.601131,1
824,824,timestamp_inferred,1788012798307974.000,277808.689451,406,407,-2.601131,1
825,825,camera_timecode_anchor,1788012798341399.000,277812.691037,407,407,-2.574688,1
826,826,timestamp_inferred,1788012798374826.000,277816.765724,407,408,-2.574688,1
827,827,camera_timecode_anchor,1788012798408253.000,277820.840410,408,408,-1.329914,1
828,828,timestamp_inferred,1788012798441679.000,277824.907122,408,409,-1.329914,1
829,829,camera_timecode_anchor,1788012798475105.000,277828.973834,409,409,-0.218049,0
830,830,timestamp_inferred,1788012798508530.500,277833.056124,409,410,-0.218049,0
831,831,camera_timecode_anchor,1788012798541956.000,277837.138413,410,410,1.153441,1
832,832,timestamp_inferred,1788012798575381.500,277841.248132,410,411,1.153441,1
833,833,camera_timecode_anchor,1788012798608807.000,277845.357852,411,411,2.982096,0
834,834,timestamp_inferred,1788012798642233.500,277849.451688,411,412,2.982096,0
835,835,camera_timecode_anchor,1788012798675660.000,277853.545524,412,412,-3.787298,1
836,836,timestamp_inferred,1788012798709085.500,277857.415830,412,413,-3.787298,1
837,837,camera_timecode_anchor,1788012798742511.000,277861.286136,413,413,2.384465,1
838,838,timestamp_inferred,1788012798775938.000,277865.289518,413,414,2.384465,1
839,839,camera_timecode_anchor,1788012798809365.000,277869.292900,414,414,2.440837,1
840,840,timestamp_inferred,1788012798842793.000,277873.295041,414,415,2.440837,1
841,841,camera_timecode_anchor,1788012798876221.000,277877.297182,415,415,2.476515,1
842,842,timestamp_inferred,1788012798909647.000,277881.366043,415,416,2.476515,1
843,843,camera_timecode_anchor,1788012798943073.000,277885.434904,416,416,3.624200,0
844,844,timestamp_inferred,1788012798976500.500,277889.518940,416,417,3.624200,0
845,845,camera_timecode_anchor,1788012799009928.000,277893.602977,417,417,-3.308529,1
846,846,timestamp_inferred,1788012799043353.000,277897.635910,417,418,-3.308529,1
847,847,camera_timecode_anchor,1788012799076778.000,277901.668844,418,418,-2.759634,1
848,848,timestamp_inferred,1788012799110202.500,277905.642273,418,419,-2.759634,1
849,849,camera_timecode_anchor,1788012799143627.000,277909.615703,419,419,-3.202475,1
850,850,timestamp_inferred,1788012799177050.500,277913.600361,419,420,-3.202475,1
851,851,camera_timecode_anchor,1788012799210474.000,277917.585019,420,420,-3.458176,1
852,852,timestamp_inferred,1788012799243899.500,277921.413250,420,421,-3.458176,1
853,853,camera_timecode_anchor,1788012799277325.000,277925.241481,421,421,2.012345,0
854,854,timestamp_inferred,1788012799310751.500,277929.236769,421,422,2.012345,0
855,855,camera_timecode_anchor,1788012799344178.000,277933.232056,422,422,1.933798,1
856,856,timestamp_inferred,1788012799377603.500,277937.307432,422,423,1.933798,1
857,857,camera_timecode_anchor,1788012799411029.000,277941.382809,423,423,3.190074,0
858,858,timestamp_inferred,1788012799444452.000,277945.399934,423,424,3.190074,0
859,859,camera_timecode_anchor,1788012799477875.000,277949.417060,424,424,3.475498,1
860,860,timestamp_inferred,1788012799511300.000,277953.425436,424,425,3.475498,1
861,861,camera_timecode_anchor,1788012799544725.000,277957.433812,425,425,3.615096,1
862,862,timestamp_inferred,1788012799578152.500,277961.526762,425,426,3.615096,1
863,863,camera_timecode_anchor,1788012799611580.000,277965.619713,426,426,-3.169058,0
864,864,timestamp_inferred,1788012799645004.500,277969.617073,426,427,-3.169058,0
865,865,camera_timecode_anchor,1788012799678429.000,277973.614434,427,427,-3.213054,1
866,866,timestamp_inferred,1788012799711855.000,277977.625874,427,428,-3.213054,1
867,867,camera_timecode_anchor,1788012799745281.000,277981.637315,428,428,-3.022375,1
868,868,timestamp_inferred,1788012799778708.000,277985.712493,428,429,-3.022375,1
869,869,camera_timecode_anchor,1788012799812135.000,277989.787672,429,429,-1.769404,1
870,870,timestamp_inferred,1788012799845561.000,277993.717260,429,430,-1.769404,1
871,871,camera_timecode_anchor,1788012799878987.000,277997.646849,430,430,-2.942924,1
872,872,timestamp_inferred,1788012799912411.000,278001.624075,430,431,-2.942924,1
873,873,camera_timecode_anchor,1788012799945835.000,278005.601302,431,431,-3.322485,1
874,874,timestamp_inferred,1788012799979261.500,278009.629490,431,432,-3.322485,1
875,875,camera_timecode_anchor,1788012800012688.000,278013.657677,432,432,-2.852689,1
876,876,timestamp_inferred,1788012800046110.000,278017.639508,432,433,-2.852689,1
877,877,camera_timecode_anchor,1788012800079532.000,278021.621338,433,433,-3.155515,0
878,878,timestamp_inferred,1788012800112958.500,278025.606526,433,434,-3.155515,0
879,879,camera_timecode_anchor,1788012800146385.000,278029.591714,434,434,-3.402380,1
880,880,timestamp_inferred,1788012800179812.500,278033.643597,434,435,-3.402380,1
881,881,camera_timecode_anchor,1788012800213240.000,278037.695479,435,435,-2.537674,1
882,882,timestamp_inferred,1788012800246668.000,278041.701857,435,436,-2.537674,1
883,883,camera_timecode_anchor,1788012800280096.000,278045.708234,436,436,-2.431381,1
884,884,timestamp_inferred,1788012800313522.000,278049.797382,436,437,-2.431381,1
885,885,camera_timecode_anchor,1788012800346948.000,278053.886530,437,437,-0.945584,1
886,886,timestamp_inferred,1788012800380378.500,278057.861474,437,438,-0.945584,1
887,887,camera_timecode_anchor,1788012800413809.000,278061.836419,438,438,-1.363176,1
888,888,timestamp_inferred,1788012800447234.500,278065.963995,438,439,-1.363176,1
889,889,camera_timecode_anchor,1788012800480660.000,278070.091571,439,439,0.763092,1
890,890,timestamp_inferred,1788012800514085.000,278074.145466,439,440,0.763092,1
891,891,camera_timecode_anchor,1788012800547510.000,278078.199362,440,440,1.661348,0
892,892,timestamp_inferred,1788012800580940.500,278082.132144,440,441,1.661348,0
893,893,camera_timecode_anchor,1788012800614371.000,278086.064927,441,441,0.541056,1
894,894,timestamp_inferred,1788012800647796.000,278090.074014,441,442,0.541056,1
895,895,camera_timecode_anchor,1788012800681221.000,278094.083101,442,442,0.692508,1
896,896,timestamp_inferred,1788012800714650.500,278098.059521,442,443,0.692508,1
897,897,camera_timecode_anchor,1788012800748080.000,278102.035942,443,443,0.299516,1
898,898,timestamp_inferred,1788012800781507.500,278106.104036,443,444,0.299516,1
899,899,camera_timecode_anchor,1788012800814935.000,278110.172130,444,444,1.434414,1
900,900,timestamp_inferred,1788012800848364.500,278114.225197,444,445,1.434414,1
901,901,camera_timecode_anchor,1788012800881794.000,278118.278265,445,445,2.318872,1
902,902,timestamp_inferred,1788012800915222.500,278122.257585,445,446,2.318872,1
903,903,camera_timecode_anchor,1788012800948651.000,278126.236905,446,446,1.974212,0
904,904,timestamp_inferred,1788012800982079.000,278130.088045,446,447,1.974212,0
905,905,camera_timecode_anchor,1788012801015507.000,278133.939185,447,447,-0.506795,1
906,906,timestamp_inferred,1788012801048935.500,278137.921599,447,448,-0.506795,1
907,907,camera_timecode_anchor,1788012801082364.000,278141.904014,448,448,-0.799887,1
908,908,timestamp_inferred,1788012801115792.000,278145.933458,448,449,-0.799887,1
909,909,camera_timecode_anchor,1788012801149220.000,278149.962903,449,449,-0.309142,0
910,910,timestamp_inferred,1788012801182647.000,278154.030562,449,450,-0.309142,0
911,911,camera_timecode_anchor,1788012801216074.000,278158.098222,450,450,0.818516,1
912,912,timestamp_inferred,1788012801249508.000,278162.097266,450,451,0.818516,1
913,913,camera_timecode_anchor,1788012801282942.000,278166.096311,451,451,0.802592,1
914,914,timestamp_inferred,1788012801316371.000,278170.127128,451,452,0.802592,1
915,915,camera_timecode_anchor,1788012801349800.000,278174.157944,452,452,1.316200,0
916,916,timestamp_inferred,1788012801383226.500,278178.187989,452,453,1.316200,0
917,917,camera_timecode_anchor,1788012801416653.000,278182.218034,453,453,1.816953,1
918,918,timestamp_inferred,1788012801450082.500,278186.273801,453,454,1.816953,1
919,919,camera_timecode_anchor,1788012801483512.000,278190.329568,454,454,2.746398,1
920,920,timestamp_inferred,1788012801516937.500,278194.379315,454,455,2.746398,1
921,921,camera_timecode_anchor,1788012801550363.000,278198.429063,455,455,3.575523,0
922,922,timestamp_inferred,1788012801583792.500,278202.469950,455,456,3.575523,0
923,923,camera_timecode_anchor,1788012801617222.000,278206.510838,456,456,4.256982,1
924,924,timestamp_inferred,1788012801650648.500,278210.354831,456,457,4.256982,1
925,925,camera_timecode_anchor,1788012801684075.000,278214.198824,457,457,1.656869,1
926,926,timestamp_inferred,1788012801717503.500,278218.179191,457,458,1.656869,1
927,927,camera_timecode_anchor,1788012801750932.000,278222.159557,458,458,1.329641,1
928,928,timestamp_inferred,1788012801784362.500,278226.200342,458,459,1.329641,1
929,929,camera_timecode_anchor,1788012801817793.000,278230.241127,459,459,2.009390,1
930,930,timestamp_inferred,1788012801851219.000,278234.293359,459,460,2.009390,1
931,931,camera_timecode_anchor,1788012801884645.000,278238.345592,460,460,2.879930,0
932,932,timestamp_inferred,1788012801918070.500,278242.340181,460,461,2.879930,0
933,933,camera_timecode_anchor,1788012801951496.000,278246.334770,461,461,2.789746,1
934,934,timestamp_inferred,1788012801984925.500,278250.391523,461,462,2.789746,1
935,935,camera_timecode_anchor,1788012802018355.000,278254.448276,462,462,3.735636,1
936,936,timestamp_inferred,1788012802051782.000,278258.373004,462,463,3.735636,1
937,937,camera_timecode_anchor,1788012802085209.000,278262.297732,463,463,2.481096,1
938,938,timestamp_inferred,1788012802118637.500,278266.496546,463,464,2.481096,1
939,939,camera_timecode_anchor,1788012802152066.000,278270.695360,464,464,-2.538668,1
940,940,timestamp_inferred,1788012802185496.000,278274.519002,464,465,-2.538668,1
941,941,camera_timecode_anchor,1788012802218926.000,278278.342645,465,465,2.855376,0
942,942,timestamp_inferred,1788012802252356.500,278282.431552,465,466,2.855376,0
943,943,camera_timecode_anchor,1788012802285787.000,278286.520458,466,466,4.337150,0
944,944,timestamp_inferred,1788012802319215.000,278290.493014,466,467,4.337150,0
945,945,camera_timecode_anchor,1788012802352643.000,278294.465569,467,467,3.879742,1
946,946,timestamp_inferred,1788012802386073.000,278298.505799,467,468,3.879742,1
947,947,camera_timecode_anchor,1788012802419503.000,278302.546029,468,468,-3.783089,1
948,948,timestamp_inferred,1788012802452936.500,278306.554877,468,469,-3.783089,1
949,949,camera_timecode_anchor,1788012802486370.000,278310.563724,469,469,-3.635632,1
950,950,timestamp_inferred,1788012802519800.000,278314.540675,469,470,-3.635632,1
951,951,camera_timecode_anchor,1788012802553230.000,278318.517627,470,470,-4.019778,1
952,952,timestamp_inferred,1788012802586655.000,278322.490917,470,471,-4.019778,1
953,953,camera_timecode_anchor,1788012802620080.000,278326.464207,471,471,3.868394,1
954,954,timestamp_inferred,1788012802653510.500,278330.360092,471,472,3.868394,1
955,955,camera_timecode_anchor,1788012802686941.000,278334.255976,472,472,2.133133,1
956,956,timestamp_inferred,1788012802720374.500,278338.047381,472,473,2.133133,1
957,957,camera_timecode_anchor,1788012802753808.000,278341.838786,473,473,-1.343449,1
958,958,timestamp_inferred,1788012802787233.500,278345.836126,473,474,-1.343449,1
959,959,camera_timecode_anchor,1788012802820659.000,278349.833465,474,474,-1.387789,1
960,960,timestamp_inferred,1788012802854088.500,278353.875883,474,475,-1.387789,1
961,961,camera_timecode_anchor,1788012802887518.000,278357.918300,475,475,-0.680835,0
962,962,timestamp_inferred,1788012802920947.000,278362.413616,475,476,-0.680835,0
963,963,camera_timecode_anchor,1788012802954376.000,278366.908932,476,476,-0.758898,1
964,964,timestamp_inferred,1788012802987806.500,278370.924983,476,477,-0.758898,1
965,965,camera_timecode_anchor,1788012803021237.000,278374.941035,477,477,-0.491379,0
966,966,timestamp_inferred,1788012803054666.250,278377.959898,477,478,-0.491379,0
967,967,timestamp_inferred,1788012803088095.750,278380.978762,477,478,-0.019790,1
968,968,camera_timecode_anchor,1788012803121525.000,278383.997625,478,478,-0.019790,1
969,969,timestamp_inferred,1788012803154954.500,278388.062508,478,479,-0.019790,1
970,970,camera_timecode_anchor,1788012803188384.000,278392.127392,479,479,1.061596,1
971,971,camera_timecode_anchor,1788012803221806.000,278400.023359,480,480,0.194655,0
972,972,timestamp_inferred,1788012803255234.250,278402.655844,480,481,0.194655,0
973,973,timestamp_inferred,1788012803288662.750,278405.288329,480,481,-0.659882,1
974,974,camera_timecode_anchor,1788012803322091.000,278407.920814,481,481,-0.659882,1
975,975,timestamp_inferred,1788012803355516.500,278411.961069,481,482,-0.659882,1
976,976,camera_timecode_anchor,1788012803388942.000,278416.001323,482,482,0.011028,1
977,977,timestamp_inferred,1788012803422370.500,278419.970134,482,483,0.011028,1
978,978,camera_timecode_anchor,1788012803455799.000,278423.938945,483,483,-0.508795,0
979,979,camera_timecode_anchor,1788012803489222.000,278431.957701,484,484,-0.352493,1
980,980,timestamp_inferred,1788012803522647.000,278434.668700,484,485,-0.352493,1
981,981,timestamp_inferred,1788012803556072.000,278437.379699,484,485,0.755817,1
982,982,camera_timecode_anchor,1788012803589497.000,278440.090698,485,485,0.755817,1
983,983,camera_timecode_anchor,1788012803622925.000,278448.043574,486,486,0.363119,0
984,984,timestamp_inferred,1788012803656349.750,278450.746559,486,487,0.363119,0
985,985,timestamp_inferred,1788012803689774.250,278453.449543,486,487,1.271064,1
986,986,camera_timecode_anchor,1788012803723199.000,278456.152528,487,487,1.271064,1
987,987,timestamp_inferred,1788012803756629.500,278460.237321,487,488,1.271064,1
988,988,camera_timecode_anchor,1788012803790060.000,278464.322114,488,488,2.684286,1
989,989,timestamp_inferred,1788012803823485.500,278468.367267,488,489,2.684286,1
990,990,camera_timecode_anchor,1788012803856911.000,278472.412420,489,489,3.436831,1
991,991,timestamp_inferred,1788012803890337.500,278476.426285,489,490,3.436831,1
992,992,camera_timecode_anchor,1788012803923764.000,278480.440150,490,490,3.667914,1
993,993,timestamp_inferred,1788012803957189.500,278484.474695,490,491,3.667914,1
994,994,camera_timecode_anchor,1788012803990615.000,278488.509240,491,491,4.243669,0
995,995,timestamp_inferred,1788012804024041.000,278492.518342,491,492,4.243669,0
996,996,camera_timecode_anchor,1788012804057467.000,278496.527444,492,492,-3.937963,1
997,997,timestamp_inferred,1788012804090894.000,278500.595881,492,493,-3.937963,1
998,998,camera_timecode_anchor,1788012804124321.000,278504.664317,493,493,-2.797355,1
999,999,timestamp_inferred,1788012804157742.000,278508.722045,493,494,-2.797355,1
1000,1000,camera_timecode_anchor,1788012804191163.000,278512.779772,494,494,-1.835232,1
1001,1001,timestamp_inferred,1788012804224588.500,278516.795157,494,495,-1.835232,1
1002,1002,camera_timecode_anchor,1788012804258014.000,278520.810541,495,495,-1.578826,1
1003,1003,timestamp_inferred,1788012804291440.000,278524.872251,495,496,-1.578826,1
1004,1004,camera_timecode_anchor,1788012804324866.000,278528.933961,496,496,-0.550328,1
1005,1005,timestamp_inferred,1788012804358296.000,278532.997539,496,497,-0.550328,1
1006,1006,camera_timecode_anchor,1788012804391726.000,278537.061118,497,497,0.509319,1
1007,1007,timestamp_inferred,1788012804425148.000,278540.995178,497,498,0.509319,1
1008,1008,camera_timecode_anchor,1788012804458570.000,278544.929238,498,498,-0.589686,0
1009,1009,timestamp_inferred,1788012804492000.500,278548.835403,498,499,-0.589686,0
1010,1010,camera_timecode_anchor,1788012804525431.000,278552.741569,499,499,-2.153590,1
1011,1011,camera_timecode_anchor,1788012804558850.000,278560.453839,500,500,3.781994,1
1012,1012,timestamp_inferred,1788012804592277.750,278563.297740,500,501,3.781994,1
1013,1013,timestamp_inferred,1788012804625705.250,278566.141641,500,501,-0.120488,0
1014,1014,camera_timecode_anchor,1788012804659133.000,278568.985541,501,501,-0.120488,0
1015,1015,timestamp_inferred,1788012804692555.500,278572.978825,501,502,-0.120488,0
1016,1016,camera_timecode_anchor,1788012804725978.000,278576.972109,502,502,-0.232423,1
1017,1017,timestamp_inferred,1788012804759408.000,278580.963024,502,503,-0.232423,1
1018,1018,camera_timecode_anchor,1788012804792838.000,278584.953938,503,503,-0.383849,0
1019,1019,timestamp_inferred,1788012804826262.500,278588.988377,503,504,-0.383849,0
1020,1020,camera_timecode_anchor,1788012804859687.000,278593.022816,504,504,0.190134,1
1021,1021,timestamp_inferred,1788012804893117.500,278597.008828,504,505,0.190134,1
1022,1022,camera_timecode_anchor,1788012804926548.000,278600.994840,505,505,-0.042999,1
1023,1023,timestamp_inferred,1788012804959978.500,278604.974594,505,506,-0.042999,1
1024,1024,camera_timecode_anchor,1788012804993409.000,278608.954347,506,506,-0.380438,1
1025,1025,timestamp_inferred,1788012805026834.000,278612.960594,506,507,-0.380438,1
1026,1026,camera_timecode_anchor,1788012805060259.000,278616.966840,507,507,-0.276336,1
1027,1027,camera_timecode_anchor,1788012805093690.000,278624.469375,508,508,-4.421876,1
1028,1028,timestamp_inferred,1788012805127118.000,278628.532364,508,509,-4.421876,1
1029,1029,camera_timecode_anchor,1788012805160546.000,278632.595353,509,509,-3.372056,1
1030,1030,timestamp_inferred,1788012805193976.250,278635.224845,509,510,-3.372056,1
1031,1031,timestamp_inferred,1788012805227406.750,278637.854337,509,510,4.031901,0
1032,1032,camera_timecode_anchor,1788012805260837.000,278640.483828,510,510,4.031901,0
1033,1033,timestamp_inferred,1788012805294267.500,278644.523682,510,511,4.031901,0
1034,1034,camera_timecode_anchor,1788012805327698.000,278648.563537,511,511,-3.637195,1
1035,1035,camera_timecode_anchor,1788012805361125.000,278656.679050,512,512,-2.674580,1
1036,1036,timestamp_inferred,1788012805394554.500,278660.727173,512,513,-2.674580,1
1037,1037,camera_timecode_anchor,1788012805427984.000,278664.775296,513,513,-1.872533,1
1038,1038,timestamp_inferred,1788012805461410.500,278668.735067,513,514,-1.872533,1
1039,1039,camera_timecode_anchor,1788012805494837.000,278672.694838,514,514,-2.543017,1
1040,1040,timestamp_inferred,1788012805528266.500,278676.682593,514,515,-2.543017,1
1041,1041,camera_timecode_anchor,1788012805561696.000,278680.670348,515,515,-2.747101,1
1042,1042,timestamp_inferred,1788012805595123.250,278683.369874,515,516,-2.747101,1
1043,1043,timestamp_inferred,1788012805628550.750,278686.069400,515,516,-1.925614,1
1044,1044,camera_timecode_anchor,1788012805661978.000,278688.768926,516,516,-1.925614,1
1045,1045,timestamp_inferred,1788012805695404.000,278692.806020,516,517,-1.925614,1
1046,1046,camera_timecode_anchor,1788012805728830.000,278696.843113,517,517,-1.307393,1
1047,1047,timestamp_inferred,1788012805762256.000,278700.829188,517,518,-1.307393,1
1048,1048,camera_timecode_anchor,1788012805795682.000,278704.815263,518,518,-1.539472,1
1049,1049,camera_timecode_anchor,1788012805829112.000,278712.731330,519,519,-2.238920,0
1050,1050,timestamp_inferred,1788012805862539.250,278715.452095,519,520,-2.238920,0
1051,1051,timestamp_inferred,1788012805895966.750,278718.172860,519,520,-0.886462,1
1052,1052,camera_timecode_anchor,1788012805929394.000,278720.893625,520,520,-0.886462,1
1053,1053,timestamp_inferred,1788012805962815.000,278724.940070,520,521,-0.886462,1
1054,1054,camera_timecode_anchor,1788012805996236.000,278728.986515,521,521,-0.112371,0
1055,1055,timestamp_inferred,1788012806029665.500,278733.034676,521,522,-0.112371,0
1056,1056,camera_timecode_anchor,1788012806063095.000,278737.082837,522,522,0.690309,1
1057,1057,timestamp_inferred,1788012806096522.500,278741.223725,522,523,0.690309,1
1058,1058,camera_timecode_anchor,1788012806129950.000,278745.364612,523,523,3.038435,1
1059,1059,timestamp_inferred,1788012806163375.500,278749.414311,523,524,3.038435,1
1060,1060,camera_timecode_anchor,1788012806196801.000,278753.464010,524,524,3.866754,1
1061,1061,timestamp_inferred,1788012806230226.500,278757.339129,524,525,3.866754,1
1062,1062,camera_timecode_anchor,1788012806263652.000,278761.214248,525,525,1.785396,1
1063,1063,timestamp_inferred,1788012806297078.000,278765.221238,525,526,1.785396,1
1064,1064,camera_timecode_anchor,1788012806330504.000,278769.228229,526,526,1.901909,0
1065,1065,timestamp_inferred,1788012806363934.000,278773.204050,526,527,1.901909,0
1066,1066,camera_timecode_anchor,1788012806397364.000,278777.179871,527,527,1.498928,1
1067,1067,timestamp_inferred,1788012806430789.500,278781.236005,527,528,1.498928,1
1068,1068,camera_timecode_anchor,1788012806464215.000,278785.292139,528,528,2.434493,1
1069,1069,timestamp_inferred,1788012806497641.500,278789.268571,528,529,2.434493,1
1070,1070,camera_timecode_anchor,1788012806531068.000,278793.245004,529,529,2.041697,1
1071,1071,timestamp_inferred,1788012806564493.000,278797.249631,529,530,2.041697,1
1072,1072,camera_timecode_anchor,1788012806597918.000,278801.254258,530,530,2.118813,1
1073,1073,timestamp_inferred,1788012806631347.500,278805.301242,530,531,2.118813,1
1074,1074,camera_timecode_anchor,1788012806664777.000,278809.348227,531,531,2.901895,1
1075,1075,timestamp_inferred,1788012806698204.000,278813.314873,531,532,2.901895,1
1076,1076,camera_timecode_anchor,1788012806731631.000,278817.281519,532,532,2.345989,1
1077,1077,timestamp_inferred,1788012806765060.500,278821.217727,532,533,2.345989,1
1078,1078,camera_timecode_anchor,1788012806798490.000,278825.153935,533,533,1.282791,1
1079,1079,camera_timecode_anchor,1788012806831911.000,278833.058744,534,534,0.489531,1
1080,1080,timestamp_inferred,1788012806865341.250,278835.736823,534,535,0.489531,1
1081,1081,timestamp_inferred,1788012806898771.750,278838.414902,534,535,0.774837,1
1082,1082,camera_timecode_anchor,1788012806932202.000,278841.092980,535,535,0.774837,1
1083,1083,timestamp_inferred,1788012806965631.000,278845.117331,535,536,0.774837,1
1084,1084,camera_timecode_anchor,1788012806999060.000,278849.141681,536,536,1.180674,0
1085,1085,timestamp_inferred,1788012807032489.000,278853.105448,536,537,1.180674,0
1086,1086,camera_timecode_anchor,1788012807065918.000,278857.069214,537,537,0.576787,1
1087,1087,timestamp_inferred,1788012807099348.500,278861.159751,537,538,0.576787,1
1088,1088,camera_timecode_anchor,1788012807132779.000,278865.250287,538,538,2.085728,0
1089,1089,timestamp_inferred,1788012807166204.000,278869.234783,538,539,2.085728,0
1090,1090,camera_timecode_anchor,1788012807199629.000,278873.219278,539,539,1.827319,1
1091,1091,timestamp_inferred,1788012807233055.000,278877.196742,539,540,1.827319,1
1092,1092,camera_timecode_anchor,1788012807266481.000,278881.174205,540,540,1.451707,1
1093,1093,timestamp_inferred,1788012807299907.500,278885.140184,540,541,1.451707,1
1094,1094,camera_timecode_anchor,1788012807333334.000,278889.106163,541,541,0.884691,0
1095,1095,timestamp_inferred,1788012807366763.500,278893.146038,541,542,0.884691,0
1096,1096,camera_timecode_anchor,1788012807400193.000,278897.185913,542,542,1.549272,1
1097,1097,camera_timecode_anchor,1788012807433615.000,278904.733683,543,543,-2.219310,1
1098,1098,timestamp_inferred,1788012807467043.500,278908.776814,543,544,-2.219310,1
1099,1099,camera_timecode_anchor,1788012807500472.000,278912.819945,544,544,-1.500462,1
1100,1100,timestamp_inferred,1788012807533902.500,278916.829350,544,545,-1.500462,1
1101,1101,camera_timecode_anchor,1788012807567333.000,278920.838754,545,545,-1.343713,1
1102,1102,timestamp_inferred,1788012807600762.500,278924.912592,545,546,-1.343713,1
1103,1103,camera_timecode_anchor,1788012807634192.000,278928.986430,546,546,-0.113087,1
1104,1104,timestamp_inferred,1788012807667622.000,278932.985399,546,547,-0.113087,1
1105,1105,camera_timecode_anchor,1788012807701052.000,278936.984369,547,547,-0.130257,1
1106,1106,timestamp_inferred,1788012807734481.000,278941.030435,547,548,-0.130257,1
1107,1107,camera_timecode_anchor,1788012807767910.000,278945.076500,548,548,0.637504,0
1108,1108,timestamp_inferred,1788012807801341.000,278949.041479,548,549,0.637504,0
1109,1109,camera_timecode_anchor,1788012807834772.000,278953.006457,549,549,0.053810,1
1110,1110,timestamp_inferred,1788012807868202.000,278957.044527,549,550,0.053810,1
1111,1111,camera_timecode_anchor,1788012807901632.000,278961.082598,550,550,0.688314,1
1112,1112,timestamp_inferred,1788012807935060.500,278965.086915,550,551,0.688314,1
1113,1113,camera_timecode_anchor,1788012807968489.000,278969.091233,551,551,0.760273,0
1114,1114,timestamp_inferred,1788012808001919.000,278973.090868,551,552,0.760273,0
1115,1115,camera_timecode_anchor,1788012808035349.000,278977.090503,552,552,0.754190,1
1116,1116,timestamp_inferred,1788012808068778.000,278981.049866,552,553,0.754190,1
1117,1117,camera_timecode_anchor,1788012808102207.000,278985.009228,553,553,0.076903,1
1118,1118,timestamp_inferred,1788012808135637.250,278987.919808,553,554,0.076903,1
1119,1119,timestamp_inferred,1788012808169067.750,278990.830387,553,554,-2.158613,1
1120,1120,camera_timecode_anchor,1788012808202498.000,278993.740966,554,554,-2.158613,1
1121,1121,timestamp_inferred,1788012808235926.500,278997.792697,554,555,-2.158613,1
1122,1122,camera_timecode_anchor,1788012808269355.000,279001.844428,555,555,-1.296431,1
1123,1123,camera_timecode_anchor,1788012808302779.000,279009.833555,556,556,-1.387044,0
1124,1124,timestamp_inferred,1788012808336208.250,279012.509047,556,557,-1.387044,0
1125,1125,timestamp_inferred,1788012808369637.750,279015.184539,556,557,-1.166413,1
1126,1126,camera_timecode_anchor,1788012808403067.000,279017.860030,557,557,-1.166413,1
1127,1127,timestamp_inferred,1788012808436496.000,279022.790402,557,558,-1.166413,1
1128,1128,camera_timecode_anchor,1788012808469925.000,279027.720774,558,558,-2.326887,1
1129,1129,timestamp_inferred,1788012808503359.000,279032.469113,558,559,-2.326887,1
1130,1130,camera_timecode_anchor,1788012808536793.000,279037.217452,559,559,1.812099,1
1131,1131,timestamp_inferred,1788012808570223.000,279041.593035,559,560,1.812099,1
1132,1132,camera_timecode_anchor,1788012808603653.000,279045.968618,560,560,-0.261520,1
1133,1133,timestamp_inferred,1788012808637082.250,279048.947990,560,561,-0.261520,1
1134,1134,timestamp_inferred,1788012808670511.750,279051.927363,560,561,-0.777203,1
1135,1135,camera_timecode_anchor,1788012808703941.000,279054.906736,561,561,-0.777203,1
1136,1136,timestamp_inferred,1788012808737370.000,279059.460293,561,562,-0.777203,1
1137,1137,camera_timecode_anchor,1788012808770799.000,279064.013849,562,562,0.115412,1
1138,1138,timestamp_inferred,1788012808804233.500,279068.472115,562,563,0.115412,1
1139,1139,camera_timecode_anchor,1788012808837668.000,279072.930380,563,563,-0.580163,1
1140,1140,timestamp_inferred,1788012808871097.750,279075.973719,563,564,-0.580163,1
1141,1141,timestamp_inferred,1788012808904527.250,279079.017057,563,564,0.503294,0
1142,1142,camera_timecode_anchor,1788012808937957.000,279082.060395,564,564,0.503294,0
1143,1143,timestamp_inferred,1788012808971390.500,279086.455969,564,565,0.503294,0
1144,1144,camera_timecode_anchor,1788012809004824.000,279090.851542,565,565,-1.237152,1
1145,1145,timestamp_inferred,1788012809038253.000,279095.610913,565,566,-1.237152,1
1146,1146,camera_timecode_anchor,1788012809071682.000,279100.370285,566,566,3.085705,0
1147,1147,timestamp_inferred,1788012809105107.500,279104.733576,566,567,3.085705,0
1148,1148,camera_timecode_anchor,1788012809138533.000,279109.096868,567,567,0.807234,1
1149,1149,timestamp_inferred,1788012809171962.000,279112.053265,567,568,0.807234,1
1150,1150,timestamp_inferred,1788012809205391.000,279115.009662,567,568,-0.282837,0
1151,1151,camera_timecode_anchor,1788012809238820.000,279117.966060,568,568,-0.282837,0
1152,1152,timestamp_inferred,1788012809272255.500,279122.355186,568,569,-0.282837,0
1153,1153,camera_timecode_anchor,1788012809305691.000,279126.744312,569,569,-2.130736,1
1154,1154,timestamp_inferred,1788012809339119.000,279131.345712,569,570,-2.130736,1
1155,1155,camera_timecode_anchor,1788012809372547.000,279135.947113,570,570,-0.440727,1
1156,1156,timestamp_inferred,1788012809405978.000,279140.392391,570,571,-0.440727,1
1157,1157,camera_timecode_anchor,1788012809439409.000,279144.837669,571,571,-1.352762,1
1158,1158,timestamp_inferred,1788012809472839.000,279149.288654,571,572,-1.352762,1
1159,1159,camera_timecode_anchor,1788012809506269.000,279153.739640,572,572,-2.169668,1
1160,1160,timestamp_inferred,1788012809539698.750,279156.672881,572,573,-2.169668,1
1161,1161,timestamp_inferred,1788012809573128.250,279159.606122,572,573,-3.838635,1
1162,1162,camera_timecode_anchor,1788012809606558.000,279162.539364,573,573,-3.838635,1
1163,1163,timestamp_inferred,1788012809639990.000,279167.055307,573,574,-3.838635,1
1164,1164,camera_timecode_anchor,1788012809673422.000,279171.571251,574,574,-3.572911,1
1165,1165,timestamp_inferred,1788012809706855.000,279176.024235,574,575,-3.572911,1
1166,1166,camera_timecode_anchor,1788012809740288.000,279180.477220,575,575,3.976830,1
1167,1167,timestamp_inferred,1788012809773720.250,279183.669302,575,576,3.976830,1
1168,1168,timestamp_inferred,1788012809807152.750,279186.861384,575,576,0.445551,1
1169,1169,camera_timecode_anchor,1788012809840585.000,279190.053466,576,576,0.445551,1
1170,1170,timestamp_inferred,1788012809874015.500,279194.624047,576,577,0.445551,1
1171,1171,camera_timecode_anchor,1788012809907446.000,279199.194627,577,577,1.621892,1
1172,1172,timestamp_inferred,1788012809940878.500,279203.717263,577,578,1.621892,1
1173,1173,camera_timecode_anchor,1788012809974311.000,279208.239899,578,578,1.999162,1
1174,1174,timestamp_inferred,1788012810007740.500,279212.653620,578,579,1.999162,1
1175,1175,camera_timecode_anchor,1788012810041170.000,279217.067340,579,579,0.561167,1
1176,1176,timestamp_inferred,1788012810074599.250,279220.099983,579,580,0.561167,1
1177,1177,timestamp_inferred,1788012810108028.750,279223.132626,579,580,1.377245,1
1178,1178,camera_timecode_anchor,1788012810141458.000,279226.165269,580,580,1.377245,1
1179,1179,timestamp_inferred,1788012810174893.000,279230.441673,580,581,1.377245,1
1180,1180,camera_timecode_anchor,1788012810208328.000,279234.718077,581,581,-2.349360,1
1181,1181,timestamp_inferred,1788012810241757.000,279238.896835,581,582,-2.349360,1
1182,1182,camera_timecode_anchor,1788012810275186.000,279243.075594,582,582,0.629948,1
1183,1183,timestamp_inferred,1788012810308615.000,279247.678306,582,583,0.629948,1
1184,1184,camera_timecode_anchor,1788012810342044.000,279252.281018,583,583,2.341813,1
1185,1185,timestamp_inferred,1788012810375474.500,279256.823260,583,584,2.341813,1
1186,1186,camera_timecode_anchor,1788012810408905.000,279261.365503,584,584,3.045856,1
1187,1187,timestamp_inferred,1788012810442333.500,279265.748352,584,585,3.045856,1
1188,1188,camera_timecode_anchor,1788012810475762.000,279270.131201,585,585,1.093338,1
1189,1189,timestamp_inferred,1788012810509191.750,279273.134675,585,586,1.093338,1
1190,1190,timestamp_inferred,1788012810542621.250,279276.138150,585,586,1.180211,0
1191,1191,camera_timecode_anchor,1788012810576051.000,279279.141625,586,586,1.180211,0
1192,1192,timestamp_inferred,1788012810609480.500,279283.613927,586,587,1.180211,0
1193,1193,camera_timecode_anchor,1788012810642910.000,279288.086229,587,587,0.718576,1
1194,1194,timestamp_inferred,1788012810676336.000,279292.636900,587,588,0.718576,1
1195,1195,camera_timecode_anchor,1788012810709762.000,279297.187571,588,588,1.563093,0
1196,1196,timestamp_inferred,1788012810743191.500,279301.580927,588,589,1.563093,0
1197,1197,camera_timecode_anchor,1788012810776621.000,279305.974284,589,589,-0.214302,1
1198,1198,timestamp_inferred,1788012810810051.000,279308.795046,589,590,-0.214302,1
1199,1199,timestamp_inferred,1788012810843481.000,279311.615809,589,590,3.638097,1
1200,1200,camera_timecode_anchor,1788012810876911.000,279314.436572,590,590,3.638097,1
1201,1201,timestamp_inferred,1788012810910345.000,279318.810906,590,591,3.638097,1
1202,1202,camera_timecode_anchor,1788012810943779.000,279323.185241,591,591,1.543676,0
1203,1203,timestamp_inferred,1788012810977208.000,279327.637172,591,592,1.543676,0
1204,1204,camera_timecode_anchor,1788012811010637.000,279332.089103,592,592,0.742524,1
1205,1205,timestamp_inferred,1788012811044070.000,279336.734570,592,593,0.742524,1
1206,1206,camera_timecode_anchor,1788012811077503.000,279341.380038,593,593,3.166980,0
1207,1207,timestamp_inferred,1788012811110929.500,279345.998881,593,594,3.166980,0
1208,1208,camera_timecode_anchor,1788012811144356.000,279350.617723,594,594,-3.185638,1
1209,1209,timestamp_inferred,1788012811177782.250,279353.641063,594,595,-3.185638,1
1210,1210,timestamp_inferred,1788012811211208.750,279356.664403,594,595,-2.602141,0
1211,1211,camera_timecode_anchor,1788012811244635.000,279359.687743,595,595,-2.602141,0
1212,1212,timestamp_inferred,1788012811278062.500,279364.017160,595,596,-2.602141,0
1213,1213,camera_timecode_anchor,1788012811311490.000,279368.346576,596,596,2.888135,1
1214,1214,timestamp_inferred,1788012811344915.000,279372.734713,596,597,2.888135,1
1215,1215,camera_timecode_anchor,1788012811378340.000,279377.122849,597,597,1.023742,1
1216,1216,timestamp_inferred,1788012811411766.500,279381.592229,597,598,1.023742,1
1217,1217,camera_timecode_anchor,1788012811445193.000,279386.061608,598,598,0.513401,1
1218,1218,timestamp_inferred,1788012811478618.000,279390.560155,598,599,0.513401,1
1219,1219,camera_timecode_anchor,1788012811512043.000,279395.058702,599,599,0.489181,1
1220,1220,timestamp_inferred,1788012811545468.750,279398.004538,599,600,0.489181,1
1221,1221,timestamp_inferred,1788012811578894.250,279400.950375,599,600,-0.864907,1
1222,1222,camera_timecode_anchor,1788012811612320.000,279403.896211,600,600,-0.864907,1
1223,1223,timestamp_inferred,1788012811645749.000,279408.330224,600,601,-0.864907,1
1224,1224,camera_timecode_anchor,1788012811679178.000,279412.764238,601,601,-1.964686,0
1225,1225,timestamp_inferred,1788012811712607.000,279417.307336,601,602,-1.964686,0
1226,1226,camera_timecode_anchor,1788012811746036.000,279421.850435,602,602,-1.246379,1
1227,1227,timestamp_inferred,1788012811779470.500,279426.265436,602,603,-1.246379,1
1228,1228,camera_timecode_anchor,1788012811812905.000,279430.680438,603,603,-2.663017,0
1229,1229,timestamp_inferred,1788012811846337.250,279433.531676,603,604,-2.663017,0
1230,1230,timestamp_inferred,1788012811879769.750,279436.382914,603,604,1.951262,1
1231,1231,camera_timecode_anchor,1788012811913202.000,279439.234151,604,604,1.951262,1
1232,1232,timestamp_inferred,1788012811946629.500,279443.629559,604,605,1.951262,1
1233,1233,camera_timecode_anchor,1788012811980057.000,279448.024967,605,605,0.208056,1
1234,1234,timestamp_inferred,1788012812013488.500,279452.500344,605,606,0.208056,1
1235,1235,camera_timecode_anchor,1788012812046920.000,279456.975721,606,606,-0.202326,1
1236,1236,timestamp_inferred,1788012812080353.000,279461.195106,606,607,-0.202326,1
1237,1237,camera_timecode_anchor,1788012812113786.000,279465.414491,607,607,3.454090,1
1238,1238,timestamp_inferred,1788012812147215.000,279469.552365,607,608,3.454090,1
1239,1239,camera_timecode_anchor,1788012812180644.000,279473.690240,608,608,-2.581337,1
1240,1240,timestamp_inferred,1788012812214077.500,279477.800755,608,609,-2.581337,1
1241,1241,camera_timecode_anchor,1788012812247511.000,279481.911271,609,609,-0.739408,1
1242,1242,timestamp_inferred,1788012812280941.500,279486.115251,609,610,-0.739408,1
1243,1243,camera_timecode_anchor,1788012812314372.000,279490.319231,610,610,2.660258,0
1244,1244,timestamp_inferred,1788012812347800.500,279494.399390,610,611,2.660258,0
1245,1245,camera_timecode_anchor,1788012812381229.000,279498.479549,611,611,3.996242,1
1246,1246,timestamp_inferred,1788012812414659.500,279502.561598,611,612,3.996242,1
1247,1247,camera_timecode_anchor,1788012812448090.000,279506.643648,612,612,-2.969602,1
1248,1248,timestamp_inferred,1788012812481523.000,279510.541304,612,613,-2.969602,1
1249,1249,camera_timecode_anchor,1788012812514956.000,279514.438961,613,613,3.658009,0
1250,1250,timestamp_inferred,1788012812548388.500,279518.496827,613,614,3.658009,0
1251,1251,camera_timecode_anchor,1788012812581821.000,279522.554694,614,614,-3.710887,1
1252,1252,timestamp_inferred,1788012812615251.500,279526.564776,614,615,-3.710887,1
1253,1253,camera_timecode_anchor,1788012812648682.000,279530.574859,615,615,-3.542841,0
1254,1254,timestamp_inferred,1788012812682115.500,279534.653209,615,616,-3.542841,0
1255,1255,camera_timecode_anchor,1788012812715549.000,279538.731558,616,616,-2.237014,1
1256,1256,timestamp_inferred,1788012812748982.000,279542.759497,616,617,-2.237014,1
1257,1257,camera_timecode_anchor,1788012812782415.000,279546.787436,617,617,-1.771369,1
1258,1258,timestamp_inferred,1788012812815848.000,279550.827975,617,618,-1.771369,1
1259,1259,camera_timecode_anchor,1788012812849281.000,279554.868513,618,618,-1.095722,1
1260,1260,timestamp_inferred,1788012812882711.000,279558.887332,618,619,-1.095722,1
1261,1261,camera_timecode_anchor,1788012812916141.000,279562.906150,619,619,-0.782080,1
1262,1262,timestamp_inferred,1788012812949568.750,279565.642004,619,620,-0.782080,1
1263,1263,timestamp_inferred,1788012812982996.250,279568.377858,619,620,0.947594,1
1264,1264,camera_timecode_anchor,1788012813016424.000,279571.113711,620,620,0.947594,1
1265,1265,camera_timecode_anchor,1788012813049853.000,279579.212044,621,621,1.767030,1
1266,1266,timestamp_inferred,1788012813083284.250,279581.866293,621,622,1.767030,1
1267,1267,timestamp_inferred,1788012813116715.750,279584.520543,621,622,1.456609,1
1268,1268,camera_timecode_anchor,1788012813150147.000,279587.174793,622,622,1.456609,1
1269,1269,timestamp_inferred,1788012813183578.000,279591.616613,622,623,1.456609,1
1270,1270,camera_timecode_anchor,1788012813217009.000,279596.058434,623,623,0.486949,0
1271,1271,timestamp_inferred,1788012813250434.000,279600.167778,623,624,0.486949,0
1272,1272,camera_timecode_anchor,1788012813283859.000,279604.277121,624,624,2.309345,1
1273,1273,timestamp_inferred,1788012813317289.500,279608.426628,624,625,2.309345,1
1274,1274,camera_timecode_anchor,1788012813350720.000,279612.576134,625,625,-3.532218,1
1275,1275,timestamp_inferred,1788012813384144.500,279616.623203,625,626,-3.532218,1
1276,1276,camera_timecode_anchor,1788012813417569.000,279620.670272,626,626,-2.747737,1
1277,1277,timestamp_inferred,1788012813450999.000,279624.760240,626,627,-2.747737,1
1278,1278,camera_timecode_anchor,1788012813484429.000,279628.850208,627,627,-1.248270,1
1279,1279,timestamp_inferred,1788012813517855.500,279632.958134,627,628,-1.248270,1
1280,1280,camera_timecode_anchor,1788012813551282.000,279637.066060,628,628,0.550501,1
1281,1281,timestamp_inferred,1788012813584712.000,279640.971987,628,629,0.550501,1
1282,1282,camera_timecode_anchor,1788012813618142.000,279644.877915,629,629,-1.017378,1
1283,1283,timestamp_inferred,1788012813651571.000,279648.718124,629,630,-1.017378,1
1284,1284,camera_timecode_anchor,1788012813685000.000,279652.558333,630,630,-3.680557,1
1285,1285,timestamp_inferred,1788012813718429.500,279656.610922,630,631,-3.680557,1
1286,1286,camera_timecode_anchor,1788012813751859.000,279660.663511,631,631,-2.804079,1
1287,1287,timestamp_inferred,1788012813785285.500,279664.693975,631,632,-2.804079,1
1288,1288,camera_timecode_anchor,1788012813818712.000,279668.724439,632,632,-2.296344,1
1289,1289,timestamp_inferred,1788012813852148.500,279672.765794,632,633,-2.296344,1
1290,1290,camera_timecode_anchor,1788012813885585.000,279676.807150,633,633,-1.607082,1
1291,1291,timestamp_inferred,1788012813919015.500,279680.954021,633,634,-1.607082,1
1292,1292,camera_timecode_anchor,1788012813952446.000,279685.100892,634,634,0.840764,1
1293,1293,timestamp_inferred,1788012813985878.000,279689.173703,634,635,0.840764,1
1294,1294,camera_timecode_anchor,1788012814019310.000,279693.246514,635,635,2.054287,1
1295,1295,timestamp_inferred,1788012814052743.500,279697.367278,635,636,2.054287,1
1296,1296,camera_timecode_anchor,1788012814086177.000,279701.488042,636,636,4.067019,1
1297,1297,timestamp_inferred,1788012814119607.500,279705.271954,636,637,4.067019,1
1298,1298,camera_timecode_anchor,1788012814153038.000,279709.055865,637,637,0.465543,1
1299,1299,timestamp_inferred,1788012814186467.500,279712.818085,637,638,0.465543,1
1300,1300,camera_timecode_anchor,1788012814219897.000,279716.580305,638,638,-3.497458,1
1301,1301,timestamp_inferred,1788012814253330.000,279720.683607,638,639,-3.497458,1
1302,1302,camera_timecode_anchor,1788012814286763.000,279724.786908,639,639,-1.775764,0
1303,1303,timestamp_inferred,1788012814320196.000,279728.882280,639,640,-1.775764,0
1304,1304,camera_timecode_anchor,1788012814353629.000,279732.977652,640,640,-0.186232,1
1305,1305,timestamp_inferred,1788012814387064.000,279736.961262,640,641,-0.186232,1
1306,1306,camera_timecode_anchor,1788012814420499.000,279740.944873,641,641,-0.459394,1
1307,1307,timestamp_inferred,1788012814453931.000,279745.009687,641,642,-0.459394,1
1308,1308,camera_timecode_anchor,1788012814487363.000,279749.074502,642,642,0.620851,1
1309,1309,timestamp_inferred,1788012814520793.500,279753.078051,642,643,0.620851,1
1310,1310,camera_timecode_anchor,1788012814554224.000,279757.081600,643,643,0.680004,1
1311,1311,timestamp_inferred,1788012814587656.000,279761.092564,643,644,0.680004,1
1312,1312,camera_timecode_anchor,1788012814621088.000,279765.103527,644,644,0.862723,1
1313,1313,timestamp_inferred,1788012814654517.500,279769.141073,644,645,0.862723,1
1314,1314,camera_timecode_anchor,1788012814687947.000,279773.178620,645,645,1.488500,1
1315,1315,timestamp_inferred,1788012814721378.000,279777.201947,645,646,1.488500,1
1316,1316,camera_timecode_anchor,1788012814754809.000,279781.225274,646,646,1.877286,1
1317,1317,camera_timecode_anchor,1788012814788235.000,279789.441643,647,647,3.680359,1
1318,1318,timestamp_inferred,1788012814821670.750,279792.104549,647,648,3.680359,1
1319,1319,timestamp_inferred,1788012814855106.250,279794.767455,647,648,3.586340,1
1320,1320,camera_timecode_anchor,1788012814888542.000,279797.430361,648,648,3.586340,1
1321,1321,timestamp_inferred,1788012814921976.000,279801.610275,648,649,3.586340,1
1322,1322,camera_timecode_anchor,1788012814955410.000,279805.790190,649,649,-1.748416,1
1323,1323,timestamp_inferred,1788012814988839.000,279809.841418,649,650,-1.748416,1
1324,1324,camera_timecode_anchor,1788012815022268.000,279813.892646,650,650,-0.894617,0
1325,1325,timestamp_inferred,1788012815055692.500,279818.155855,650,651,-0.894617,0
1326,1326,camera_timecode_anchor,1788012815089117.000,279822.419065,651,651,3.492205,1
1327,1327,timestamp_inferred,1788012815122552.000,279826.457759,651,652,3.492205,1
1328,1328,camera_timecode_anchor,1788012815155987.000,279830.496453,652,652,4.137106,1
1329,1329,timestamp_inferred,1788012815189417.000,279834.709475,652,653,4.137106,1
1330,1330,camera_timecode_anchor,1788012815222847.000,279838.922498,653,653,-0.645848,1
1331,1331,timestamp_inferred,1788012815256278.500,279843.204375,653,654,-0.645848,1
1332,1332,camera_timecode_anchor,1788012815289710.000,279847.486252,654,654,4.052104,1
1333,1333,timestamp_inferred,1788012815323140.000,279851.550755,654,655,4.052104,1
1334,1334,camera_timecode_anchor,1788012815356570.000,279855.615257,655,655,-3.206188,0
1335,1335,timestamp_inferred,1788012815390001.000,279859.672288,655,656,-3.206188,0
1336,1336,camera_timecode_anchor,1788012815423432.000,279863.729319,656,656,-2.255672,1
1337,1337,timestamp_inferred,1788012815456860.000,279867.743784,656,657,-2.255672,1
1338,1338,camera_timecode_anchor,1788012815490288.000,279871.758249,657,657,-2.014588,1
1339,1339,timestamp_inferred,1788012815523718.000,279875.850688,657,658,-2.014588,1
1340,1340,camera_timecode_anchor,1788012815557148.000,279879.943128,658,658,-0.473937,0
1341,1341,timestamp_inferred,1788012815590581.000,279883.917729,658,659,-0.473937,0
1342,1342,camera_timecode_anchor,1788012815624014.000,279887.892331,659,659,-0.897243,1
1343,1343,timestamp_inferred,1788012815657443.500,279892.010026,659,660,-0.897243,1
1344,1344,camera_timecode_anchor,1788012815690873.000,279896.127721,660,660,1.064339,1
1345,1345,timestamp_inferred,1788012815724302.750,279898.851565,660,661,1.064339,1
1346,1346,timestamp_inferred,1788012815757732.250,279901.575408,660,661,2.493770,1
1347,1347,camera_timecode_anchor,1788012815791162.000,279904.299252,661,661,2.493770,1
1348,1348,timestamp_inferred,1788012815824591.500,279908.230608,661,662,2.493770,1
1349,1349,camera_timecode_anchor,1788012815858021.000,279912.161964,662,662,1.349698,1
1350,1350,camera_timecode_anchor,1788012815891458.000,279919.794151,663,663,-1.715408,0
1351,1351,timestamp_inferred,1788012815924889.500,279923.961034,663,664,-1.715408,0
1352,1352,camera_timecode_anchor,1788012815958321.000,279928.127916,664,664,1.065968,1
1353,1353,timestamp_inferred,1788012815991754.000,279932.183459,664,665,1.065968,1
1354,1354,camera_timecode_anchor,1788012816025187.000,279936.239001,665,665,1.991678,1
1355,1355,timestamp_inferred,1788012816058618.750,279939.066076,665,666,1.991678,1
1356,1356,timestamp_inferred,1788012816092050.250,279941.893151,665,666,-2.331449,1
1357,1357,camera_timecode_anchor,1788012816125482.000,279944.720226,666,666,-2.331449,1
1358,1358,timestamp_inferred,1788012816158910.000,279948.821246,666,667,-2.331449,1
1359,1359,camera_timecode_anchor,1788012816192338.000,279952.922267,667,667,-0.647777,1
1360,1360,timestamp_inferred,1788012816225773.500,279957.014178,667,668,-0.647777,1
1361,1361,camera_timecode_anchor,1788012816259209.000,279961.106090,668,668,0.884084,1
1362,1362,timestamp_inferred,1788012816292634.000,279965.107403,668,669,0.884084,1
1363,1363,camera_timecode_anchor,1788012816326059.000,279969.108717,669,669,0.905971,1
1364,1364,timestamp_inferred,1788012816359488.000,279973.212765,669,670,0.905971,1
1365,1365,camera_timecode_anchor,1788012816392917.000,279977.316813,670,670,2.640105,1
1366,1366,timestamp_inferred,1788012816426347.000,279981.392680,670,671,2.640105,1
1367,1367,camera_timecode_anchor,1788012816459777.000,279985.468547,671,671,3.904561,1
1368,1368,timestamp_inferred,1788012816493207.000,279989.313683,671,672,3.904561,1
1369,1369,camera_timecode_anchor,1788012816526637.000,279993.158818,672,672,1.323485,1
1370,1370,timestamp_inferred,1788012816560070.000,279997.192165,672,673,1.323485,1
1371,1371,camera_timecode_anchor,1788012816593503.000,280001.225512,673,673,1.879270,1
1372,1372,timestamp_inferred,1788012816626933.500,280005.348875,673,674,1.879270,1
1373,1373,camera_timecode_anchor,1788012816660364.000,280009.472238,674,674,3.935315,0
1374,1374,timestamp_inferred,1788012816693793.000,280013.513603,674,675,3.935315,0
1375,1375,camera_timecode_anchor,1788012816727222.000,280017.554968,675,675,-3.708602,1
1376,1376,timestamp_inferred,1788012816760651.500,280021.672150,675,676,-3.708602,1
1377,1377,camera_timecode_anchor,1788012816794081.000,280025.789331,676,676,-1.755571,0
1378,1378,timestamp_inferred,1788012816827510.500,280029.834867,676,677,-1.755571,0
1379,1379,camera_timecode_anchor,1788012816860940.000,280033.880402,677,677,-0.996650,1
1380,1380,timestamp_inferred,1788012816894370.500,280037.977166,677,678,-0.996650,1
1381,1381,camera_timecode_anchor,1788012816927801.000,280042.073929,678,678,0.616079,0
1382,1382,timestamp_inferred,1788012816961225.500,280046.301794,678,679,0.616079,0
1383,1383,camera_timecode_anchor,1788012816994650.000,280050.529658,679,679,-3.919518,1
1384,1384,timestamp_inferred,1788012817028080.000,280054.430038,679,680,-3.919518,1
1385,1385,camera_timecode_anchor,1788012817061510.000,280058.330419,680,680,2.753492,1
1386,1386,timestamp_inferred,1788012817094936.500,280062.340327,680,681,2.753492,1
1387,1387,camera_timecode_anchor,1788012817128363.000,280066.350234,681,681,2.918617,1
1388,1388,timestamp_inferred,1788012817161792.500,280070.319793,681,682,2.918617,1
1389,1389,camera_timecode_anchor,1788012817195222.000,280074.289352,682,682,2.411269,1
1390,1390,timestamp_inferred,1788012817228648.000,280078.354770,682,683,2.411269,1
1391,1391,camera_timecode_anchor,1788012817262074.000,280082.420188,683,683,3.501567,1
1392,1392,timestamp_inferred,1788012817295503.500,280086.392346,683,684,3.501567,1
1393,1393,camera_timecode_anchor,1788012817328933.000,280090.364503,684,684,3.037527,1
1394,1394,timestamp_inferred,1788012817362363.000,280094.610807,684,685,3.037527,1
1395,1395,camera_timecode_anchor,1788012817395793.000,280098.857111,685,685,-1.190740,0
1396,1396,timestamp_inferred,1788012817429223.500,280102.942239,685,686,-1.190740,0
1397,1397,camera_timecode_anchor,1788012817462654.000,280107.027367,686,686,0.228060,1
1398,1398,timestamp_inferred,1788012817496082.500,280111.027860,686,687,0.228060,1
1399,1399,camera_timecode_anchor,1788012817529511.000,280115.028353,687,687,0.236277,0
1400,1400,timestamp_inferred,1788012817562939.500,280119.101464,687,688,0.236277,0
1401,1401,camera_timecode_anchor,1788012817596368.000,280123.174574,688,688,1.454787,1
1402,1402,timestamp_inferred,1788012817629799.000,280127.184840,688,689,1.454787,1
1403,1403,camera_timecode_anchor,1788012817663230.000,280131.195106,689,689,1.625886,0
1404,1404,timestamp_inferred,1788012817696663.000,280135.325658,689,690,1.625886,0
1405,1405,camera_timecode_anchor,1788012817730096.000,280139.456209,690,690,3.801745,1
1406,1406,timestamp_inferred,1788012817763525.500,280143.495610,690,691,3.801745,1
1407,1407,camera_timecode_anchor,1788012817796955.000,280147.535012,691,691,4.458430,1
1408,1408,timestamp_inferred,1788012817830386.000,280151.547402,691,692,4.458430,1
1409,1409,camera_timecode_anchor,1788012817863817.000,280155.559793,692,692,-3.668390,1
1410,1410,timestamp_inferred,1788012817897245.000,280159.581181,692,693,-3.668390,1
1411,1411,camera_timecode_anchor,1788012817930673.000,280163.602570,693,693,-3.311920,1
1412,1412,timestamp_inferred,1788012817964106.500,280167.693117,693,694,-3.311920,1
1413,1413,camera_timecode_anchor,1788012817997540.000,280171.783664,694,694,-1.802800,0
1414,1414,timestamp_inferred,1788012818030969.500,280175.796486,694,695,-1.802800,0
1415,1415,camera_timecode_anchor,1788012818064399.000,280179.809309,695,695,-1.589094,1
1416,1416,timestamp_inferred,1788012818097829.500,280183.911583,695,696,-1.589094,1
1417,1417,camera_timecode_anchor,1788012818131260.000,280188.013857,696,696,0.115479,1
1418,1418,timestamp_inferred,1788012818164688.500,280192.023740,696,697,0.115479,1
1419,1419,camera_timecode_anchor,1788012818198117.000,280196.033624,697,697,0.280196,0
1420,1420,timestamp_inferred,1788012818231548.000,280200.161939,697,698,0.280196,0
1421,1421,camera_timecode_anchor,1788012818264979.000,280204.290255,698,698,2.418795,1
1422,1422,timestamp_inferred,1788012818298408.500,280208.301228,698,699,2.418795,1
1423,1423,camera_timecode_anchor,1788012818331838.000,280212.312201,699,699,2.601672,1
1424,1424,timestamp_inferred,1788012818365267.000,280216.527796,699,700,2.601672,1
1425,1425,camera_timecode_anchor,1788012818398696.000,280220.743392,700,700,-2.138401,1
1426,1426,timestamp_inferred,1788012818432126.500,280224.744843,700,701,-2.138401,1
1427,1427,camera_timecode_anchor,1788012818465557.000,280228.746295,701,701,-2.114211,1
1428,1428,timestamp_inferred,1788012818498986.000,280233.095517,701,702,-2.114211,1
1429,1429,camera_timecode_anchor,1788012818532415.000,280237.444739,702,702,3.706156,1
1430,1430,timestamp_inferred,1788012818565844.750,280240.456611,702,703,3.706156,1
1431,1431,timestamp_inferred,1788012818599274.250,280243.468483,702,703,4.002958,1
1432,1432,camera_timecode_anchor,1788012818632704.000,280246.480355,703,703,4.002958,1
1433,1433,timestamp_inferred,1788012818666133.500,280250.472788,703,704,4.002958,1
1434,1434,camera_timecode_anchor,1788012818699563.000,280254.465221,704,704,3.876839,1
1435,1435,timestamp_inferred,1788012818732992.500,280258.322625,704,705,3.876839,1
1436,1436,camera_timecode_anchor,1788012818766422.000,280262.180030,705,705,1.500249,0
1437,1437,timestamp_inferred,1788012818799855.500,280266.318105,705,706,1.500249,0
1438,1438,camera_timecode_anchor,1788012818833289.000,280270.456180,706,706,3.801498,1
1439,1439,timestamp_inferred,1788012818866717.500,280274.462166,706,707,3.801498,1
1440,1440,camera_timecode_anchor,1788012818900146.000,280278.468152,707,707,3.901269,1
1441,1441,timestamp_inferred,1788012818933579.500,280283.190998,707,708,3.901269,1
1442,1442,camera_timecode_anchor,1788012818967013.000,280287.913843,708,708,-0.717974,1
1443,1443,timestamp_inferred,1788012819000443.000,280291.989779,708,709,-0.717974,1
1444,1444,camera_timecode_anchor,1788012819033873.000,280296.065714,709,709,0.547618,1
1445,1445,timestamp_inferred,1788012819067307.000,280300.142153,709,710,0.547618,1
1446,1446,camera_timecode_anchor,1788012819100741.000,280304.218592,710,710,1.821601,1
1447,1447,timestamp_inferred,1788012819134171.000,280308.544164,710,711,1.821601,1
1448,1448,camera_timecode_anchor,1788012819167601.000,280312.869737,711,711,-1.085526,0
1449,1449,timestamp_inferred,1788012819201030.500,280317.074735,711,712,-1.085526,0
1450,1450,camera_timecode_anchor,1788012819234460.000,280321.279734,712,712,2.331114,1
1451,1451,timestamp_inferred,1788012819267888.500,280325.126086,712,713,2.331114,1
1452,1452,camera_timecode_anchor,1788012819301317.000,280328.972439,713,713,-0.229675,0
1453,1453,timestamp_inferred,1788012819334748.500,280333.247530,713,714,-0.229675,0
1454,1454,camera_timecode_anchor,1788012819368180.000,280337.522620,714,714,-3.978165,1
1455,1455,timestamp_inferred,1788012819401606.250,280340.312040,714,715,-3.978165,1
1456,1456,timestamp_inferred,1788012819435032.750,280343.101460,714,715,-0.909330,1
1457,1457,camera_timecode_anchor,1788012819468459.000,280345.890880,715,715,-0.909330,1
1458,1458,timestamp_inferred,1788012819501889.000,280350.377502,715,716,-0.909330,1
1459,1459,camera_timecode_anchor,1788012819535319.000,280354.864124,716,716,-1.132299,0
1460,1460,timestamp_inferred,1788012819568748.000,280358.906746,716,717,-1.132299,0
1461,1461,camera_timecode_anchor,1788012819602177.000,280362.949369,717,717,-0.421927,1
1462,1462,timestamp_inferred,1788012819635607.500,280367.036446,717,718,-0.421927,1
1463,1463,camera_timecode_anchor,1788012819669038.000,280371.123522,718,718,1.029354,1
1464,1464,timestamp_inferred,1788012819702463.000,280375.208105,718,719,1.029354,1
1465,1465,camera_timecode_anchor,1788012819735888.000,280379.292688,719,719,2.439068,1
1466,1466,timestamp_inferred,1788012819769318.000,280383.158726,719,720,2.439068,1
1467,1467,camera_timecode_anchor,1788012819802748.000,280387.024763,720,720,0.206359,1
1468,1468,timestamp_inferred,1788012819836177.500,280390.871918,720,721,0.206359,1
1469,1469,camera_timecode_anchor,1788012819869607.000,280394.719072,721,721,-2.341063,0
1470,1470,timestamp_inferred,1788012819903037.000,280398.663220,721,722,-2.341063,0
1471,1471,camera_timecode_anchor,1788012819936467.000,280402.607368,722,722,-3.271934,1
1472,1472,timestamp_inferred,1788012819969896.000,280406.704105,722,723,-3.271934,1
1473,1473,camera_timecode_anchor,1788012820003325.000,280410.800842,723,723,-1.659651,1
1474,1474,timestamp_inferred,1788012820036755.000,280414.836975,723,724,-1.659651,1
1475,1475,camera_timecode_anchor,1788012820070185.000,280418.873108,724,724,-1.057431,1
1476,1476,timestamp_inferred,1788012820103614.000,280422.985664,724,725,-1.057431,1
1477,1477,camera_timecode_anchor,1788012820137043.000,280427.098221,725,725,0.818505,1
1478,1478,timestamp_inferred,1788012820170469.500,280431.269832,725,726,0.818505,1
1479,1479,camera_timecode_anchor,1788012820203896.000,280435.441442,726,726,3.678687,1
1480,1480,camera_timecode_anchor,1788012820237327.000,280443.821656,727,727,-1.486196,1
1481,1481,timestamp_inferred,1788012820270754.000,280446.803473,727,728,-1.486196,1
1482,1482,timestamp_inferred,1788012820304181.000,280449.785289,727,728,-1.940788,1
1483,1483,camera_timecode_anchor,1788012820337608.000,280452.767105,728,728,-1.940788,1
1484,1484,timestamp_inferred,1788012820371033.500,280457.022852,728,729,-1.940788,1
1485,1485,camera_timecode_anchor,1788012820404459.000,280461.278599,729,729,2.321660,1
1486,1486,timestamp_inferred,1788012820437889.000,280465.281615,729,730,2.321660,1
1487,1487,camera_timecode_anchor,1788012820471319.000,280469.284631,730,730,2.371927,1
1488,1488,timestamp_inferred,1788012820504748.000,280473.356467,730,731,2.371927,1
1489,1489,camera_timecode_anchor,1788012820538177.000,280477.428303,731,731,3.569189,1
1490,1490,timestamp_inferred,1788012820571606.500,280481.444215,731,732,3.569189,1
1491,1491,camera_timecode_anchor,1788012820605036.000,280485.460128,732,732,3.834396,0
1492,1492,timestamp_inferred,1788012820638466.500,280489.478470,732,733,3.834396,0
1493,1493,camera_timecode_anchor,1788012820671897.000,280493.496813,733,733,-4.193225,1
1494,1494,timestamp_inferred,1788012820705330.500,280497.587960,733,734,-4.193225,1
1495,1495,camera_timecode_anchor,1788012820738764.000,280501.679106,734,734,-2.674113,0
1496,1496,timestamp_inferred,1788012820772193.500,280505.678782,734,735,-2.674113,0
1497,1497,camera_timecode_anchor,1788012820805623.000,280509.678458,735,735,-2.679516,1
1498,1498,timestamp_inferred,1788012820839055.500,280513.736137,735,736,-2.679516,1
1499,1499,camera_timecode_anchor,1788012820872488.000,280517.793816,736,736,-1.718202,0
1500,1500,timestamp_inferred,1788012820905918.500,280521.865076,736,737,-1.718202,0
1501,1501,camera_timecode_anchor,1788012820939349.000,280525.936337,737,737,-0.530523,1
1502,1502,timestamp_inferred,1788012820972778.000,280529.850200,737,738,-0.530523,1
1503,1503,camera_timecode_anchor,1788012821006207.000,280533.764063,738,738,-1.966145,0
1504,1504,timestamp_inferred,1788012821039638.000,280537.762033,738,739,-1.966145,0
1505,1505,camera_timecode_anchor,1788012821073069.000,280541.760003,739,739,-1.999973,1
1506,1506,timestamp_inferred,1788012821106496.000,280545.836812,739,740,-1.999973,1
1507,1507,camera_timecode_anchor,1788012821139923.000,280549.913621,740,740,-0.719829,1
1508,1508,timestamp_inferred,1788012821173354.000,280553.862671,740,741,-0.719829,1
1509,1509,camera_timecode_anchor,1788012821206785.000,280557.811722,741,741,-1.568985,1
1510,1510,timestamp_inferred,1788012821240214.750,280560.559483,741,742,-1.568985,1
1511,1511,timestamp_inferred,1788012821273644.250,280563.307244,741,742,0.458379,1
1512,1512,camera_timecode_anchor,1788012821307074.000,280566.055005,742,742,0.458379,1
1513,1513,camera_timecode_anchor,1788012821340505.000,280574.174786,743,743,1.456549,0
1514,1514,timestamp_inferred,1788012821373934.000,280576.920293,743,744,1.456549,0
1515,1515,timestamp_inferred,1788012821407363.000,280579.665801,743,744,3.427571,1
1516,1516,camera_timecode_anchor,1788012821440792.000,280582.411309,744,744,3.427571,1
1517,1517,timestamp_inferred,1788012821474221.500,280586.519971,744,745,3.427571,1
1518,1518,camera_timecode_anchor,1788012821507651.000,280590.628633,745,745,-3.094724,1
1519,1519,timestamp_inferred,1788012821541082.000,280594.700299,745,746,-3.094724,1
1520,1520,camera_timecode_anchor,1788012821574513.000,280598.771965,746,746,-1.900291,1
1521,1521,camera_timecode_anchor,1788012821607940.000,280606.222963,747,747,1.858025,1
1522,1522,timestamp_inferred,1788012821641370.000,280610.068544,747,748,1.858025,1
1523,1523,camera_timecode_anchor,1788012821674800.000,280613.914126,748,748,-0.715619,1
1524,1524,timestamp_inferred,1788012821708226.000,280618.013536,748,749,-0.715619,1
1525,1525,camera_timecode_anchor,1788012821741652.000,280622.112946,749,749,0.941215,1
1526,1526,timestamp_inferred,1788012821775081.000,280626.183526,749,750,0.941215,1
1527,1527,camera_timecode_anchor,1788012821808510.000,280630.254105,750,750,2.117544,0
1528,1528,timestamp_inferred,1788012821841937.750,280632.917323,750,751,2.117544,0
1529,1529,timestamp_inferred,1788012821875365.250,280635.580541,750,751,2.031330,1
1530,1530,camera_timecode_anchor,1788012821908793.000,280638.243760,751,751,2.031330,1
1531,1531,timestamp_inferred,1788012821942223.500,280642.351411,751,752,2.031330,1
1532,1532,camera_timecode_anchor,1788012821975654.000,280646.459062,752,752,3.825518,1
1533,1533,camera_timecode_anchor,1788012822009080.000,280654.600358,753,753,-3.330351,1
1534,1534,timestamp_inferred,1788012822042507.750,280657.299182,753,754,-3.330351,1
1535,1535,timestamp_inferred,1788012822075935.250,280659.998005,753,754,-2.526423,1
1536,1536,camera_timecode_anchor,1788012822109363.000,280662.696829,754,754,-2.526423,1
1537,1537,camera_timecode_anchor,1788012822142800.000,280670.302045,755,755,2.517038,1
1538,1538,timestamp_inferred,1788012822176225.500,280674.081429,755,756,2.517038,1
1539,1539,camera_timecode_anchor,1788012822209651.000,280677.860813,756,756,-1.159892,1
1540,1540,timestamp_inferred,1788012822243080.500,280681.917841,756,757,-1.159892,1
1541,1541,camera_timecode_anchor,1788012822276510.000,280685.974870,757,757,-0.209419,0
1542,1542,timestamp_inferred,1788012822309936.500,280690.000520,757,758,-0.209419,0
1543,1543,camera_timecode_anchor,1788012822343363.000,280694.026169,758,758,0.218078,1
1544,1544,timestamp_inferred,1788012822376792.500,280698.145169,758,759,0.218078,1
1545,1545,camera_timecode_anchor,1788012822410222.000,280702.264169,759,759,2.201406,1
1546,1546,timestamp_inferred,1788012822443652.000,280706.315361,759,760,2.201406,1
1547,1547,camera_timecode_anchor,1788012822477082.000,280710.366553,760,760,3.054607,0
1548,1548,timestamp_inferred,1788012822510512.000,280714.396178,760,761,3.054607,0
1549,1549,camera_timecode_anchor,1788012822543942.000,280718.425804,761,761,3.548363,1
1550,1550,timestamp_inferred,1788012822577366.500,280722.586955,761,762,3.548363,1
1551,1551,camera_timecode_anchor,1788012822610791.000,280726.748106,762,762,-2.099117,1
1552,1552,timestamp_inferred,1788012822644217.500,280730.568754,762,763,-2.099117,1
1553,1553,camera_timecode_anchor,1788012822677644.000,280734.389402,763,763,3.245013,0
1554,1554,timestamp_inferred,1788012822711071.000,280738.210157,763,764,3.245013,0
1555,1555,camera_timecode_anchor,1788012822744498.000,280742.030913,764,764,0.257612,1
1556,1556,timestamp_inferred,1788012822777922.500,280746.085327,764,765,0.257612,1
1557,1557,camera_timecode_anchor,1788012822811347.000,280750.139741,765,765,1.164508,1
1558,1558,timestamp_inferred,1788012822844777.000,280754.188205,765,766,1.164508,1
1559,1559,camera_timecode_anchor,1788012822878207.000,280758.236670,766,766,1.972246,1
1560,1560,timestamp_inferred,1788012822911637.500,280762.335560,766,767,1.972246,1
1561,1561,camera_timecode_anchor,1788012822945068.000,280766.434451,767,767,3.620426,1
1562,1562,timestamp_inferred,1788012822978500.000,280770.540746,767,768,3.620426,1
1563,1563,camera_timecode_anchor,1788012823011932.000,280774.647041,768,768,-2.941327,0
1564,1564,timestamp_inferred,1788012823045364.000,280777.335445,768,769,-2.941327,0
1565,1565,timestamp_inferred,1788012823078796.000,280780.023848,768,769,-2.397899,1
1566,1566,camera_timecode_anchor,1788012823112228.000,280782.712252,769,769,-2.397899,1
1567,1567,timestamp_inferred,1788012823145659.000,280786.848941,769,770,-2.397899,1
1568,1568,camera_timecode_anchor,1788012823179090.000,280790.985630,770,770,-0.119746,0
1569,1569,camera_timecode_anchor,1788012823212520.000,280798.970987,771,771,-0.241778,1
1570,1570,timestamp_inferred,1788012823245951.750,280801.757126,771,772,-0.241778,1
1571,1571,timestamp_inferred,1788012823279383.250,280804.543265,771,772,2.745032,1
1572,1572,camera_timecode_anchor,1788012823312815.000,280807.329404,772,772,2.745032,1
1573,1573,timestamp_inferred,1788012823346244.000,280811.450662,772,773,2.745032,1
1574,1574,camera_timecode_anchor,1788012823379673.000,280815.571921,773,773,-3.567324,1
1575,1575,timestamp_inferred,1788012823413103.500,280819.668468,773,774,-3.567324,1
1576,1576,camera_timecode_anchor,1788012823446534.000,280823.765014,774,774,-1.958216,1
1577,1577,timestamp_inferred,1788012823479963.000,280827.841273,774,775,-1.958216,1
1578,1578,camera_timecode_anchor,1788012823513392.000,280831.917532,775,775,-0.687230,1
1579,1579,timestamp_inferred,1788012823546822.500,280835.943343,775,776,-0.687230,1
1580,1580,camera_timecode_anchor,1788012823580253.000,280839.969153,776,776,-0.257060,1
1581,1581,timestamp_inferred,1788012823613685.500,280843.984434,776,777,-0.257060,1
1582,1582,camera_timecode_anchor,1788012823647118.000,280847.999714,777,777,-0.002381,0
1583,1583,timestamp_inferred,1788012823680547.500,280852.100341,777,778,-0.002381,0
1584,1584,camera_timecode_anchor,1788012823713977.000,280856.200967,778,778,1.674724,1
1585,1585,timestamp_inferred,1788012823747407.500,280860.244596,778,779,1.674724,1
1586,1586,camera_timecode_anchor,1788012823780838.000,280864.288226,779,779,2.401881,0
1587,1587,timestamp_inferred,1788012823814267.500,280868.178847,779,780,2.401881,0
1588,1588,camera_timecode_anchor,1788012823847697.000,280872.069469,780,780,0.578906,1
1589,1589,timestamp_inferred,1788012823881126.000,280876.109100,780,781,0.578906,1
1590,1590,camera_timecode_anchor,1788012823914555.000,280880.148731,781,781,1.239427,0
1591,1591,timestamp_inferred,1788012823947985.000,280884.163347,781,782,1.239427,0
1592,1592,camera_timecode_anchor,1788012823981415.000,280888.177962,782,782,1.483020,1
1593,1593,timestamp_inferred,1788012824014845.000,280892.232841,782,783,1.483020,1
1594,1594,camera_timecode_anchor,1788012824048275.000,280896.287719,783,783,2.397658,0
1595,1595,timestamp_inferred,1788012824081704.500,280900.368557,783,784,2.397658,0
1596,1596,camera_timecode_anchor,1788012824115134.000,280904.449394,784,784,3.744951,1
1597,1597,timestamp_inferred,1788012824148564.000,280908.498633,784,785,3.744951,1
1598,1598,camera_timecode_anchor,1788012824181994.000,280912.547871,785,785,-3.767738,1
1599,1599,timestamp_inferred,1788012824215422.500,280916.518361,785,786,-3.767738,1
1600,1600,camera_timecode_anchor,1788012824248851.000,280920.488851,786,786,-4.259579,1
1601,1601,timestamp_inferred,1788012824282280.500,280924.604519,786,787,-4.259579,1
1602,1602,camera_timecode_anchor,1788012824315710.000,280928.720187,787,787,-2.331774,1
1603,1603,timestamp_inferred,1788012824349141.000,280932.882014,787,788,-2.331774,1
1604,1604,camera_timecode_anchor,1788012824382572.000,280937.043841,788,788,0.365339,1
1605,1605,timestamp_inferred,1788012824416001.500,280941.114500,788,789,0.365339,1
1606,1606,camera_timecode_anchor,1788012824449431.000,280945.185160,789,789,1.542996,1
1607,1607,timestamp_inferred,1788012824482859.500,280949.094257,789,790,1.542996,1
1608,1608,camera_timecode_anchor,1788012824516288.000,280953.003354,790,790,0.027946,0
1609,1609,timestamp_inferred,1788012824549718.000,280956.984682,790,791,0.027946,0
1610,1610,camera_timecode_anchor,1788012824583148.000,280960.966011,791,791,-0.283243,1
1611,1611,timestamp_inferred,1788012824616578.500,280964.957302,791,792,-0.283243,1
1612,1612,camera_timecode_anchor,1788012824650009.000,280968.948593,792,792,-0.428391,1
1613,1613,timestamp_inferred,1788012824683437.500,280973.024640,792,793,-0.428391,1
1614,1614,camera_timecode_anchor,1788012824716866.000,280977.100688,793,793,0.839066,1
1615,1615,timestamp_inferred,1788012824750297.000,280981.163696,793,794,0.839066,1
1616,1616,camera_timecode_anchor,1788012824783728.000,280985.226704,794,794,1.889203,1
1617,1617,timestamp_inferred,1788012824817156.500,280989.314145,794,795,1.889203,1
1618,1618,camera_timecode_anchor,1788012824850585.000,280993.401587,795,795,3.346555,1
1619,1619,timestamp_inferred,1788012824884014.500,280997.525270,795,796,3.346555,1
1620,1620,camera_timecode_anchor,1788012824917444.000,281001.648953,796,796,-2.925391,1
1621,1621,timestamp_inferred,1788012824950878.000,281005.754601,796,797,-2.925391,1
1622,1622,camera_timecode_anchor,1788012824984312.000,281009.860248,797,797,-1.164598,0
1623,1623,timestamp_inferred,1788012825017746.000,281013.816604,797,798,-1.164598,0
1624,1624,camera_timecode_anchor,1788012825051180.000,281017.772960,798,798,-1.891996,1
1625,1625,timestamp_inferred,1788012825084608.500,281021.913131,798,799,-1.891996,1
1626,1626,camera_timecode_anchor,1788012825118037.000,281026.053301,799,799,0.444176,1
1627,1627,timestamp_inferred,1788012825151471.000,281030.074064,799,800,0.444176,1
1628,1628,camera_timecode_anchor,1788012825184905.000,281034.094827,800,800,0.790223,1
1629,1629,timestamp_inferred,1788012825218338.000,281038.115780,800,801,0.790223,1
1630,1630,camera_timecode_anchor,1788012825251771.000,281042.136734,801,801,1.139450,1
1631,1631,timestamp_inferred,1788012825285204.000,281046.265869,801,802,1.139450,1
1632,1632,camera_timecode_anchor,1788012825318637.000,281050.395004,802,802,3.291697,0
1633,1633,timestamp_inferred,1788012825352071.500,281054.467896,802,803,3.291697,0
1634,1634,camera_timecode_anchor,1788012825385506.000,281058.540788,803,803,-3.826763,1
1635,1635,timestamp_inferred,1788012825418939.500,281062.672999,803,804,-3.826763,1
1636,1636,camera_timecode_anchor,1788012825452373.000,281066.805210,804,804,-1.623249,1
1637,1637,timestamp_inferred,1788012825485804.500,281070.832464,804,805,-1.623249,1
1638,1638,camera_timecode_anchor,1788012825519236.000,281074.859718,805,805,-1.169016,1
1639,1639,timestamp_inferred,1788012825552666.500,281078.699444,805,806,-1.169016,1
1640,1640,camera_timecode_anchor,1788012825586097.000,281082.539170,806,806,4.493087,1
1641,1641,timestamp_inferred,1788012825619527.000,281086.609971,806,807,4.493087,1
1642,1642,camera_timecode_anchor,1788012825652957.000,281090.680772,807,807,-2.660233,0
1643,1643,camera_timecode_anchor,1788012825686386.000,281098.760313,808,808,-1.997391,1
1644,1644,timestamp_inferred,1788012825719815.000,281101.478920,808,809,-1.997391,1
1645,1645,timestamp_inferred,1788012825753244.000,281104.197528,808,809,-0.698877,1
1646,1646,camera_timecode_anchor,1788012825786673.000,281106.916135,809,809,-0.698877,1
1647,1647,timestamp_inferred,1788012825820103.000,281110.954062,809,810,-0.698877,1
1648,1648,camera_timecode_anchor,1788012825853533.000,281114.991988,810,810,-0.066763,1
1649,1649,timestamp_inferred,1788012825886962.000,281119.105411,810,811,-0.066763,1
1650,1650,camera_timecode_anchor,1788012825920391.000,281123.218833,811,811,1.823607,1
1651,1651,timestamp_inferred,1788012825953818.000,281127.281313,811,812,1.823607,1
1652,1652,camera_timecode_anchor,1788012825987245.000,281131.343793,812,812,2.864941,1
1653,1653,timestamp_inferred,1788012826020671.500,281135.281432,812,813,2.864941,1
1654,1654,camera_timecode_anchor,1788012826054098.000,281139.219071,813,813,1.825592,1
1655,1655,timestamp_inferred,1788012826087527.000,281143.206716,813,814,1.825592,1
1656,1656,camera_timecode_anchor,1788012826120956.000,281147.194361,814,814,1.619678,0
1657,1657,timestamp_inferred,1788012826154385.000,281151.172886,814,815,1.619678,0
1658,1658,camera_timecode_anchor,1788012826187814.000,281155.151410,815,815,1.261754,1
1659,1659,timestamp_inferred,1788012826221245.000,281159.198219,815,816,1.261754,1
1660,1660,camera_timecode_anchor,1788012826254676.000,281163.245027,816,816,2.041895,1
1661,1661,timestamp_inferred,1788012826288104.500,281167.229723,816,817,2.041895,1
1662,1662,camera_timecode_anchor,1788012826321533.000,281171.214419,817,817,1.786824,1
1663,1663,timestamp_inferred,1788012826354963.000,281175.264368,817,818,1.786824,1
1664,1664,camera_timecode_anchor,1788012826388393.000,281179.314317,818,818,2.619306,1
1665,1665,timestamp_inferred,1788012826421823.000,281183.445538,818,819,2.619306,1
1666,1666,camera_timecode_anchor,1788012826455253.000,281187.576759,819,819,-3.527007,1
1667,1667,timestamp_inferred,1788012826488678.000,281191.598014,819,820,-3.527007,1
1668,1668,camera_timecode_anchor,1788012826522103.000,281195.619268,820,820,-3.172767,1
1669,1669,timestamp_inferred,1788012826555533.500,281199.652488,820,821,-3.172767,1
1670,1670,camera_timecode_anchor,1788012826588964.000,281203.685707,821,821,-2.619107,1
1671,1671,timestamp_inferred,1788012826622393.500,281207.829551,821,822,-2.619107,1
1672,1672,camera_timecode_anchor,1788012826655823.000,281211.973395,822,822,-0.221711,1
1673,1673,timestamp_inferred,1788012826689255.000,281214.741896,822,823,-0.221711,1
1674,1674,timestamp_inferred,1788012826722687.000,281217.510397,822,823,2.324149,1
1675,1675,camera_timecode_anchor,1788012826756119.000,281220.278898,823,823,2.324149,1
1676,1676,timestamp_inferred,1788012826789547.500,281224.265091,823,824,2.324149,1
1677,1677,camera_timecode_anchor,1788012826822976.000,281228.251285,824,824,2.094038,1
1678,1678,timestamp_inferred,1788012826856406.000,281232.321915,824,825,2.094038,1
1679,1679,camera_timecode_anchor,1788012826889836.000,281236.392545,825,825,3.271211,1
1680,1680,timestamp_inferred,1788012826923269.500,281240.406555,825,826,3.271211,1
1681,1681,camera_timecode_anchor,1788012826956703.000,281244.420564,826,826,3.504704,1
1682,1682,timestamp_inferred,1788012826990132.500,281248.519914,826,827,3.504704,1
1683,1683,camera_timecode_anchor,1788012827023562.000,281252.619264,827,827,-3.172802,1
1684,1684,timestamp_inferred,1788012827056991.500,281256.678983,827,828,-3.172802,1
1685,1685,camera_timecode_anchor,1788012827090421.000,281260.738703,828,828,-2.177476,1
1686,1686,timestamp_inferred,1788012827123851.500,281264.759926,828,829,-2.177476,1
1687,1687,camera_timecode_anchor,1788012827157282.000,281268.781150,829,829,-1.823754,1
1688,1688,timestamp_inferred,1788012827190714.500,281272.802672,829,830,-1.823754,1
1689,1689,camera_timecode_anchor,1788012827224147.000,281276.824194,830,830,-1.465050,1
1690,1690,timestamp_inferred,1788012827257581.500,281280.667939,830,831,-1.465050,1
1691,1691,camera_timecode_anchor,1788012827291016.000,281284.511683,831,831,4.264028,1
1692,1692,timestamp_inferred,1788012827324449.000,281288.608440,831,832,4.264028,1
1693,1693,camera_timecode_anchor,1788012827357882.000,281292.705198,832,832,-2.456687,1
1694,1694,timestamp_inferred,1788012827391315.000,281297.024549,832,833,-2.456687,1
1695,1695,camera_timecode_anchor,1788012827424748.000,281301.343900,833,833,2.865834,1
1696,1696,timestamp_inferred,1788012827458181.000,281305.458724,833,834,2.865834,1
1697,1697,camera_timecode_anchor,1788012827491614.000,281309.573547,834,834,-3.553775,1
1698,1698,timestamp_inferred,1788012827525045.000,281313.597142,834,835,-3.553775,1
1699,1699,camera_timecode_anchor,1788012827558476.000,281317.620738,835,835,-3.160520,0
1700,1700,timestamp_inferred,1788012827591908.000,281321.641343,835,836,-3.160520,0
1701,1701,camera_timecode_anchor,1788012827625340.000,281325.661949,836,836,-2.817089,1
1702,1702,timestamp_inferred,1788012827658770.000,281329.715057,836,837,-2.817089,1
1703,1703,camera_timecode_anchor,1788012827692200.000,281333.768166,837,837,-1.931954,0
1704,1704,timestamp_inferred,1788012827725633.000,281337.705053,837,838,-1.931954,0
1705,1705,camera_timecode_anchor,1788012827759066.000,281341.641940,838,838,-2.983832,1
1706,1706,timestamp_inferred,1788012827792496.000,281345.488885,838,839,-2.983832,1
1707,1707,camera_timecode_anchor,1788012827825926.000,281349.335831,839,839,2.798590,1
1708,1708,timestamp_inferred,1788012827859355.000,281353.378995,839,840,2.798590,1
1709,1709,camera_timecode_anchor,1788012827892784.000,281357.422158,840,840,3.517987,0
1710,1710,timestamp_inferred,1788012827926218.000,281361.434341,840,841,3.517987,0
1711,1711,camera_timecode_anchor,1788012827959652.000,281365.446524,841,841,3.721030,1
1712,1712,timestamp_inferred,1788012827993084.500,281369.516432,841,842,3.721030,1
1713,1713,camera_timecode_anchor,1788012828026517.000,281373.586341,842,842,-3.447157,1
1714,1714,timestamp_inferred,1788012828059950.500,281377.659013,842,843,-3.447157,1
1715,1715,camera_timecode_anchor,1788012828093384.000,281381.731685,843,843,-2.235955,1
1716,1716,timestamp_inferred,1788012828126818.000,281385.779195,843,844,-2.235955,1
1717,1717,camera_timecode_anchor,1788012828160252.000,281389.826705,844,844,-1.444124,1
1718,1718,timestamp_inferred,1788012828193681.500,281393.848909,844,845,-1.444124,1
1719,1719,camera_timecode_anchor,1788012828227111.000,281397.871113,845,845,-1.074057,1
1720,1720,timestamp_inferred,1788012828260544.000,281402.016490,845,846,-1.074057,1
1721,1721,camera_timecode_anchor,1788012828293977.000,281406.161868,846,846,1.348898,1
1722,1722,timestamp_inferred,1788012828327406.500,281410.064619,846,847,1.348898,1
1723,1723,camera_timecode_anchor,1788012828360836.000,281413.967369,847,847,-0.271922,0
1724,1724,timestamp_inferred,1788012828394266.000,281417.921965,847,848,-0.271922,0
1725,1725,camera_timecode_anchor,1788012828427696.000,281421.876561,848,848,-1.028661,1
1726,1726,timestamp_inferred,1788012828461130.500,281425.940424,848,849,-1.028661,1
1727,1727,camera_timecode_anchor,1788012828494565.000,281430.004287,849,849,0.035721,1
1728,1728,timestamp_inferred,1788012828527994.500,281434.016578,849,850,0.035721,1
1729,1729,camera_timecode_anchor,1788012828561424.000,281438.028869,850,850,0.240576,1
1730,1730,timestamp_inferred,1788012828594853.000,281442.002314,850,851,0.240576,1
1731,1731,camera_timecode_anchor,1788012828628282.000,281445.975760,851,851,-0.202002,1
1732,1732,timestamp_inferred,1788012828661708.000,281450.117603,851,852,-0.202002,1
1733,1733,camera_timecode_anchor,1788012828695134.000,281454.259446,852,852,2.162048,1
1734,1734,timestamp_inferred,1788012828728563.500,281458.516706,852,853,2.162048,1
1735,1735,camera_timecode_anchor,1788012828761993.000,281462.773966,853,853,-1.883617,1
1736,1736,timestamp_inferred,1788012828795422.500,281466.839340,853,854,-1.883617,1
1737,1737,camera_timecode_anchor,1788012828828852.000,281470.904714,854,854,-0.794051,1
1738,1738,timestamp_inferred,1788012828862278.000,281475.035665,854,855,-0.794051,1
1739,1739,camera_timecode_anchor,1788012828895704.000,281479.166615,855,855,1.388462,1
1740,1740,timestamp_inferred,1788012828929133.500,281483.163439,855,856,1.388462,1
1741,1741,camera_timecode_anchor,1788012828962563.000,281487.160262,856,856,1.335519,1
1742,1742,timestamp_inferred,1788012828995992.500,281491.228763,856,857,1.335519,1
1743,1743,camera_timecode_anchor,1788012829029422.000,281495.297263,857,857,2.477190,1
1744,1744,timestamp_inferred,1788012829062848.000,281499.311759,857,858,2.477190,1
1745,1745,camera_timecode_anchor,1788012829096274.000,281503.326256,858,858,2.718798,1
1746,1746,timestamp_inferred,1788012829129704.000,281507.453900,858,859,2.718798,1
1747,1747,camera_timecode_anchor,1788012829163134.000,281511.581545,859,859,-3.487129,1
1748,1748,timestamp_inferred,1788012829196563.000,281515.610561,859,860,-3.487129,1
1749,1749,camera_timecode_anchor,1788012829229992.000,281519.639577,860,860,-3.003521,1
1750,1750,timestamp_inferred,1788012829263421.500,281523.739493,860,861,-3.003521,1
1751,1751,camera_timecode_anchor,1788012829296851.000,281527.839409,861,861,-1.338262,1
1752,1752,timestamp_inferred,1788012829330281.500,281531.884572,861,862,-1.338262,1
1753,1753,camera_timecode_anchor,1788012829363712.000,281535.929736,862,862,-0.585532,1
1754,1754,timestamp_inferred,1788012829397141.000,281540.006287,862,863,-0.585532,1
1755,1755,camera_timecode_anchor,1788012829430570.000,281544.082838,863,863,0.690318,1
1756,1756,timestamp_inferred,1788012829463999.500,281547.987898,863,864,0.690318,1
1757,1757,camera_timecode_anchor,1788012829497429.000,281551.892958,864,864,-0.892018,1
1758,1758,timestamp_inferred,1788012829530863.000,281556.157332,864,865,-0.892018,1
1759,1759,camera_timecode_anchor,1788012829564297.000,281560.421705,865,865,3.514212,1
1760,1760,timestamp_inferred,1788012829597726.000,281564.450037,865,866,3.514212,1
1761,1761,camera_timecode_anchor,1788012829631155.000,281568.478368,866,866,3.986398,1
1762,1762,timestamp_inferred,1788012829664587.250,281571.700144,866,867,3.986398,1
1763,1763,timestamp_inferred,1788012829698019.750,281574.921920,866,867,1.197471,0
1764,1764,camera_timecode_anchor,1788012829731452.000,281578.143697,867,867,1.197471,0
1765,1765,timestamp_inferred,1788012829764882.000,281582.242443,867,868,1.197471,0
1766,1766,camera_timecode_anchor,1788012829798312.000,281586.341190,868,868,2.843246,1
1767,1767,timestamp_inferred,1788012829831742.000,281590.399883,868,869,2.843246,1
1768,1768,camera_timecode_anchor,1788012829865172.000,281594.458576,869,869,3.821468,1
1769,1769,timestamp_inferred,1788012829898600.000,281598.490411,869,870,3.821468,1
1770,1770,camera_timecode_anchor,1788012829932028.000,281602.522246,870,870,-3.981285,1
1771,1771,timestamp_inferred,1788012829965458.500,281606.549702,870,871,-3.981285,1
1772,1772,camera_timecode_anchor,1788012829998889.000,281610.577157,871,871,-3.523689,1
1773,1773,timestamp_inferred,1788012830032322.000,281614.749523,871,872,-3.523689,1
1774,1774,camera_timecode_anchor,1788012830065755.000,281618.921889,872,872,-0.650926,0
1775,1775,timestamp_inferred,1788012830099185.000,281622.773993,872,873,-0.650926,0
1776,1776,camera_timecode_anchor,1788012830132615.000,281626.626096,873,873,-3.115863,1
1777,1777,timestamp_inferred,1788012830166048.000,281630.721483,873,874,-3.115863,1
1778,1778,camera_timecode_anchor,1788012830199481.000,281634.816869,874,874,-1.526093,1
1779,1779,timestamp_inferred,1788012830232913.500,281638.928118,874,875,-1.526093,1
1780,1780,camera_timecode_anchor,1788012830266346.000,281643.039366,875,875,0.328054,0
1781,1781,timestamp_inferred,1788012830299776.000,281647.027473,875,876,0.328054,0
1782,1782,camera_timecode_anchor,1788012830333206.000,281651.015579,876,876,0.129827,1
1783,1783,timestamp_inferred,1788012830366636.000,281654.962836,876,877,0.129827,1
1784,1784,camera_timecode_anchor,1788012830400066.000,281658.910093,877,877,-0.749227,1
1785,1785,timestamp_inferred,1788012830433500.500,281663.010769,877,878,-0.749227,1
1786,1786,camera_timecode_anchor,1788012830466935.000,281667.111444,878,878,0.928703,0
1787,1787,timestamp_inferred,1788012830500363.500,281671.239553,878,879,0.928703,0
1788,1788,camera_timecode_anchor,1788012830533792.000,281675.367661,879,879,3.063842,1
1789,1789,timestamp_inferred,1788012830567226.500,281679.255729,879,880,3.063842,1
1790,1790,camera_timecode_anchor,1788012830600661.000,281683.143797,880,880,1.198309,1
1791,1791,camera_timecode_anchor,1788012830634096.000,281690.784848,881,881,-1.792935,0
1792,1792,timestamp_inferred,1788012830667528.000,281693.332860,881,882,-1.792935,0
1793,1793,timestamp_inferred,1788012830700960.000,281695.880872,881,882,3.574034,1
1794,1794,camera_timecode_anchor,1788012830734392.000,281698.428884,882,882,3.574034,1
1795,1795,timestamp_inferred,1788012830767826.000,281702.478475,882,883,3.574034,1
1796,1796,camera_timecode_anchor,1788012830801260.000,281706.528065,883,883,-3.932790,1
1797,1797,timestamp_inferred,1788012830834696.500,281710.586136,883,884,-3.932790,1
1798,1798,camera_timecode_anchor,1788012830868133.000,281714.644207,884,884,-2.964942,1
1799,1799,timestamp_inferred,1788012830901566.500,281718.701394,884,885,-2.964942,1
1800,1800,camera_timecode_anchor,1788012830935000.000,281722.758581,885,885,-2.011823,1
1801,1801,timestamp_inferred,1788012830968434.000,281726.796655,885,886,-2.011823,1
1802,1802,camera_timecode_anchor,1788012831001868.000,281730.834729,886,886,-1.377256,1
1803,1803,camera_timecode_anchor,1788012831035304.000,281738.934286,887,887,-0.547618,1
1804,1804,timestamp_inferred,1788012831068738.000,281741.694580,887,888,-0.547618,1
1805,1805,timestamp_inferred,1788012831102172.000,281744.454873,887,888,1.793061,1
1806,1806,camera_timecode_anchor,1788012831135606.000,281747.215167,888,888,1.793061,1
1807,1807,timestamp_inferred,1788012831169040.000,281751.019681,888,889,1.793061,1
1808,1808,camera_timecode_anchor,1788012831202474.000,281754.824194,889,889,-1.465047,1
1809,1809,timestamp_inferred,1788012831235908.000,281758.858146,889,890,-1.465047,1
1810,1810,camera_timecode_anchor,1788012831269342.000,281762.892099,890,890,-0.899178,1
1811,1811,timestamp_inferred,1788012831302774.500,281766.955080,890,891,-0.899178,1
1812,1812,camera_timecode_anchor,1788012831336207.000,281771.018060,891,891,0.150504,1
1813,1813,timestamp_inferred,1788012831369640.500,281775.061351,891,892,0.150504,1
1814,1814,camera_timecode_anchor,1788012831403074.000,281779.104642,892,892,0.872013,1
1815,1815,timestamp_inferred,1788012831436508.000,281783.107528,892,893,0.872013,1
1816,1816,camera_timecode_anchor,1788012831469942.000,281787.110414,893,893,0.920120,1
1817,1817,timestamp_inferred,1788012831503374.500,281791.192165,893,894,0.920120,1
1818,1818,camera_timecode_anchor,1788012831536807.000,281795.273915,894,894,2.282623,1
1819,1819,timestamp_inferred,1788012831570238.000,281799.296040,894,895,2.282623,1
1820,1820,camera_timecode_anchor,1788012831603669.000,281803.318165,895,895,2.651373,0
1821,1821,timestamp_inferred,1788012831637097.500,281807.237169,895,896,2.651373,0
1822,1822,camera_timecode_anchor,1788012831670526.000,281811.156173,896,896,1.301442,0
1823,1823,timestamp_inferred,1788012831703955.500,281815.182793,896,897,1.301442,0
1824,1824,camera_timecode_anchor,1788012831737385.000,281819.209414,897,897,1.745116,0
1825,1825,timestamp_inferred,1788012831770819.500,281823.210212,897,898,1.745116,0
1826,1826,camera_timecode_anchor,1788012831804254.000,281827.211010,898,898,1.758420,1
1827,1827,timestamp_inferred,1788012831837679.000,281831.277147,898,899,1.758420,1
1828,1828,camera_timecode_anchor,1788012831871104.000,281835.343283,899,899,2.860692,1
1829,1829,timestamp_inferred,1788012831904532.500,281839.341727,899,900,2.860692,1
1830,1830,camera_timecode_anchor,1788012831937961.000,281843.340171,900,900,2.834756,1
1831,1831,timestamp_inferred,1788012831971395.500,281847.371580,900,901,2.834756,1
1832,1832,camera_timecode_anchor,1788012832004830.000,281851.402990,901,901,3.358247,1
1833,1833,timestamp_inferred,1788012832038260.500,281855.534824,901,902,3.358247,1
1834,1834,camera_timecode_anchor,1788012832071691.000,281859.666657,902,902,-2.777855,1
1835,1835,timestamp_inferred,1788012832105119.500,281863.711293,902,903,-2.777855,1
1836,1836,camera_timecode_anchor,1788012832138548.000,281867.755929,903,903,-2.033924,1
1837,1837,timestamp_inferred,1788012832171978.500,281871.860840,903,904,-2.033924,1
1838,1838,camera_timecode_anchor,1788012832205409.000,281875.965752,904,904,-0.285403,1
1839,1839,timestamp_inferred,1788012832238841.000,281879.893789,904,905,-0.285403,1
1840,1840,camera_timecode_anchor,1788012832272273.000,281883.821826,905,905,-1.484782,1
1841,1841,timestamp_inferred,1788012832305705.500,281887.807339,905,906,-1.484782,1
1842,1842,camera_timecode_anchor,1788012832339138.000,281891.792852,906,906,-1.726237,1
1843,1843,timestamp_inferred,1788012832372570.000,281895.885330,906,907,-1.726237,1
1844,1844,camera_timecode_anchor,1788012832406002.000,281899.977808,907,907,-0.184935,0
1845,1845,timestamp_inferred,1788012832439431.000,281903.966068,907,908,-0.184935,0
1846,1846,camera_timecode_anchor,1788012832472860.000,281907.954328,908,908,-0.380598,1
1847,1847,timestamp_inferred,1788012832506292.500,281912.036050,908,909,-0.380598,1
1848,1848,camera_timecode_anchor,1788012832539725.000,281916.117772,909,909,0.981437,0
1849,1849,timestamp_inferred,1788012832573155.000,281920.173306,909,910,0.981437,0
1850,1850,camera_timecode_anchor,1788012832606585.000,281924.228840,910,910,1.907002,1
1851,1851,timestamp_inferred,1788012832640014.000,281928.255838,910,911,1.907002,1
1852,1852,camera_timecode_anchor,1788012832673443.000,281932.282836,911,911,2.356967,0
1853,1853,timestamp_inferred,1788012832706877.000,281936.391909,911,912,2.356967,0
1854,1854,camera_timecode_anchor,1788012832740311.000,281940.500981,912,912,-4.158490,1
1855,1855,timestamp_inferred,1788012832773741.500,281944.490101,912,913,-4.158490,1
1856,1856,camera_timecode_anchor,1788012832807172.000,281948.479222,913,913,3.993514,1
1857,1857,timestamp_inferred,1788012832840601.500,281952.370635,913,914,3.993514,1
1858,1858,camera_timecode_anchor,1788012832874031.000,281956.262048,914,914,2.183734,1
1859,1859,timestamp_inferred,1788012832907460.000,281960.188456,914,915,2.183734,1
1860,1860,camera_timecode_anchor,1788012832940889.000,281964.114865,915,915,0.957205,1
1861,1861,timestamp_inferred,1788012832974319.000,281968.229010,915,916,0.957205,1
1862,1862,camera_timecode_anchor,1788012833007749.000,281972.343155,916,916,2.859624,1
1863,1863,timestamp_inferred,1788012833041179.000,281976.360113,916,917,2.859624,1
1864,1864,camera_timecode_anchor,1788012833074609.000,281980.377072,917,917,3.142266,0
1865,1865,timestamp_inferred,1788012833108034.000,281984.610092,917,918,3.142266,0
1866,1866,camera_timecode_anchor,1788012833141459.000,281988.843112,918,918,-1.307400,1
1867,1867,timestamp_inferred,1788012833174889.000,281992.842044,918,919,-1.307400,1
1868,1868,camera_timecode_anchor,1788012833208319.000,281996.840976,919,919,-1.325202,1
1869,1869,timestamp_inferred,1788012833241745.500,282001.270848,919,920,-1.325202,1
1870,1870,camera_timecode_anchor,1788012833275172.000,282005.700720,920,920,-2.494002,1
1871,1871,timestamp_inferred,1788012833308600.500,282009.799200,920,921,-2.494002,1
1872,1872,camera_timecode_anchor,1788012833342029.000,282013.897680,921,921,-0.852664,1
1873,1873,timestamp_inferred,1788012833375456.000,282017.784548,921,922,-0.852664,1
1874,1874,camera_timecode_anchor,1788012833408883.000,282021.671415,922,922,-2.738208,0
1875,1875,timestamp_inferred,1788012833442319.500,282025.660160,922,923,-2.738208,0
1876,1876,camera_timecode_anchor,1788012833475756.000,282029.648904,923,923,-2.925798,1
1877,1877,timestamp_inferred,1788012833509178.000,282033.623989,923,924,-2.925798,1
1878,1878,camera_timecode_anchor,1788012833542600.000,282037.599073,924,924,-3.341059,1
1879,1879,timestamp_inferred,1788012833576030.500,282041.834193,924,925,-3.341059,1
1880,1880,camera_timecode_anchor,1788012833609461.000,282046.069312,925,925,0.577602,0
1881,1881,timestamp_inferred,1788012833642890.000,282050.192951,925,926,0.577602,0
1882,1882,camera_timecode_anchor,1788012833676319.000,282054.316589,926,926,2.638245,1
1883,1883,timestamp_inferred,1788012833709745.000,282058.377406,926,927,2.638245,1
1884,1884,camera_timecode_anchor,1788012833743171.000,282062.438222,927,927,3.651854,1
1885,1885,timestamp_inferred,1788012833776600.000,282066.453044,927,928,3.651854,1
1886,1886,camera_timecode_anchor,1788012833810029.000,282070.467866,928,928,3.898881,1
1887,1887,timestamp_inferred,1788012833843458.750,282073.188722,928,929,3.898881,1
1888,1888,timestamp_inferred,1788012833876888.250,282075.909579,928,929,-3.079705,1
1889,1889,camera_timecode_anchor,1788012833910318.000,282078.630435,929,929,-3.079705,1
1890,1890,timestamp_inferred,1788012833943744.500,282082.782746,929,930,-3.079705,1
1891,1891,camera_timecode_anchor,1788012833977171.000,282086.935057,930,930,-0.541190,0
1892,1892,timestamp_inferred,1788012834010600.000,282090.790909,930,931,-0.541190,0
1893,1893,camera_timecode_anchor,1788012834044029.000,282094.646762,931,931,-2.943653,1
1894,1894,camera_timecode_anchor,1788012834077458.000,282102.669863,932,932,-2.751142,1
1895,1895,timestamp_inferred,1788012834110888.250,282105.431699,932,933,-2.751142,1
1896,1896,timestamp_inferred,1788012834144318.750,282108.193535,932,933,-0.371913,1
1897,1897,camera_timecode_anchor,1788012834177749.000,282110.955370,933,933,-0.371913,1
1898,1898,camera_timecode_anchor,1788012834211179.000,282119.094051,934,934,0.783760,1
1899,1899,timestamp_inferred,1788012834244608.250,282121.798810,934,935,0.783760,1
1900,1900,timestamp_inferred,1788012834278037.750,282124.503570,934,935,1.736075,1
1901,1901,camera_timecode_anchor,1788012834311467.000,282127.208329,935,935,1.736075,1
1902,1902,timestamp_inferred,1788012834344892.500,282131.327998,935,936,1.736075,1
1903,1903,camera_timecode_anchor,1788012834378318.000,282135.447667,936,936,3.730555,1
1904,1904,timestamp_inferred,1788012834411747.500,282139.505451,936,937,3.730555,1
1905,1905,camera_timecode_anchor,1788012834445177.000,282143.563236,937,937,-3.639700,0
1906,1906,timestamp_inferred,1788012834478608.000,282147.377415,937,938,-3.639700,0
1907,1907,camera_timecode_anchor,1788012834512039.000,282151.191593,938,938,1.596611,1
1908,1908,timestamp_inferred,1788012834545466.500,282155.224650,938,939,1.596611,1
1909,1909,camera_timecode_anchor,1788012834578894.000,282159.257706,939,939,2.147552,1
1910,1910,timestamp_inferred,1788012834612324.500,282163.271761,939,940,2.147552,1
1911,1911,camera_timecode_anchor,1788012834645755.000,282167.285816,940,940,2.381804,0
1912,1912,timestamp_inferred,1788012834679185.000,282171.305142,940,941,2.381804,0
1913,1913,camera_timecode_anchor,1788012834712615.000,282175.324467,941,941,2.703895,1
1914,1914,timestamp_inferred,1788012834746045.000,282179.336015,941,942,2.703895,1
1915,1915,camera_timecode_anchor,1788012834779475.000,282183.347564,942,942,2.896363,1
1916,1916,timestamp_inferred,1788012834812903.500,282187.504103,942,943,2.896363,1
1917,1917,camera_timecode_anchor,1788012834846332.000,282191.660642,943,943,-2.827980,1
1918,1918,timestamp_inferred,1788012834879762.000,282195.778571,943,944,-2.827980,1
1919,1919,camera_timecode_anchor,1788012834913192.000,282199.896500,944,944,-0.862504,1
1920,1920,timestamp_inferred,1788012834946621.000,282203.861095,944,945,-0.862504,1
1921,1921,camera_timecode_anchor,1788012834980050.000,282207.825691,945,945,-1.452578,1
1922,1922,timestamp_inferred,1788012835013480.000,282212.056207,945,946,-1.452578,1
1923,1923,camera_timecode_anchor,1788012835046910.000,282216.286724,946,946,2.389364,1
1924,1924,timestamp_inferred,1788012835080340.500,282220.353892,946,947,2.389364,1
1925,1925,camera_timecode_anchor,1788012835113771.000,282224.421060,947,947,3.508837,0
1926,1926,timestamp_inferred,1788012835147200.500,282228.421759,947,948,3.508837,0
1927,1927,camera_timecode_anchor,1788012835180630.000,282232.422457,948,948,3.520472,1
1928,1928,timestamp_inferred,1788012835214059.500,282236.552745,948,949,3.520472,1
1929,1929,camera_timecode_anchor,1788012835247489.000,282240.683033,949,949,-2.641390,1
1930,1930,timestamp_inferred,1788012835280919.000,282244.703508,949,950,-2.641390,1
1931,1931,camera_timecode_anchor,1788012835314349.000,282248.723982,950,950,-2.300150,1
1932,1932,timestamp_inferred,1788012835347774.500,282252.747267,950,951,-2.300150,1
1933,1933,camera_timecode_anchor,1788012835381200.000,282256.770551,951,951,-1.912071,1
1934,1934,timestamp_inferred,1788012835414630.000,282260.866069,951,952,-1.912071,1
1935,1935,camera_timecode_anchor,1788012835448060.000,282264.961586,952,952,-0.320116,0
1936,1936,timestamp_inferred,1788012835481489.500,282269.025876,952,953,-0.320116,0
1937,1937,camera_timecode_anchor,1788012835514919.000,282273.090165,953,953,0.751375,1
1938,1938,timestamp_inferred,1788012835548348.500,282277.187348,953,954,0.751375,1
1939,1939,camera_timecode_anchor,1788012835581778.000,282281.284531,954,954,2.371089,0
1940,1940,timestamp_inferred,1788012835615206.500,282285.300145,954,955,2.371089,0
1941,1941,camera_timecode_anchor,1788012835648635.000,282289.315759,955,955,2.631323,1
1942,1942,timestamp_inferred,1788012835682065.500,282293.294901,955,956,2.631323,1
1943,1943,camera_timecode_anchor,1788012835715496.000,282297.274043,956,956,2.283688,1
1944,1944,timestamp_inferred,1788012835748926.000,282301.158842,956,957,2.283688,1
1945,1945,camera_timecode_anchor,1788012835782356.000,282305.043642,957,957,0.363685,1
1946,1946,timestamp_inferred,1788012835815785.500,282309.039556,957,958,0.363685,1
1947,1947,camera_timecode_anchor,1788012835849215.000,282313.035469,958,958,0.295574,1
1948,1948,timestamp_inferred,1788012835882648.500,282317.089937,958,959,0.295574,1
1949,1949,camera_timecode_anchor,1788012835916082.000,282321.144405,959,959,1.203372,0
1950,1950,timestamp_inferred,1788012835949515.000,282325.135704,959,960,1.203372,0
1951,1951,camera_timecode_anchor,1788012835982948.000,282329.127004,960,960,1.058369,1
1952,1952,timestamp_inferred,1788012836016377.500,282333.080782,960,961,1.058369,1
1953,1953,camera_timecode_anchor,1788012836049807.000,282337.034559,961,961,0.287994,1
1954,1954,timestamp_inferred,1788012836083241.500,282341.096406,961,962,0.287994,1
1955,1955,camera_timecode_anchor,1788012836116676.000,282345.158252,962,962,1.318768,1
1956,1956,timestamp_inferred,1788012836150104.500,282349.241273,962,963,1.318768,1
1957,1957,camera_timecode_anchor,1788012836183533.000,282353.324295,963,963,2.702456,1
1958,1958,timestamp_inferred,1788012836216966.000,282357.186981,963,964,2.702456,1
1959,1959,camera_timecode_anchor,1788012836250399.000,282361.049667,964,964,0.413893,0
1960,1960,timestamp_inferred,1788012836283828.500,282364.964081,964,965,0.413893,0
1961,1961,camera_timecode_anchor,1788012836317258.000,282368.878495,965,965,-1.012540,1
1962,1962,timestamp_inferred,1788012836350688.500,282372.875731,965,966,-1.012540,1
1963,1963,camera_timecode_anchor,1788012836384119.000,282376.872967,966,966,-1.058610,1
1964,1964,timestamp_inferred,1788012836417544.000,282380.850573,966,967,-1.058610,1
1965,1965,camera_timecode_anchor,1788012836450969.000,282384.828178,967,967,-1.431846,0
1966,1966,timestamp_inferred,1788012836484394.500,282388.904703,967,968,-1.431846,0
1967,1967,camera_timecode_anchor,1788012836517820.000,282392.981228,968,968,-0.156431,1
1968,1968,timestamp_inferred,1788012836551251.500,282396.984119,968,969,-0.156431,1
1969,1969,camera_timecode_anchor,1788012836584683.000,282400.987010,969,969,-0.108254,0
1970,1970,camera_timecode_anchor,1788012836618113.000,282409.005952,970,970,0.049603,1
1971,1971,timestamp_inferred,1788012836651539.750,282411.783722,970,971,0.049603,1
1972,1972,timestamp_inferred,1788012836684966.250,282414.561491,970,971,2.827168,1
1973,1973,camera_timecode_anchor,1788012836718393.000,282417.339260,971,971,2.827168,1
1974,1974,timestamp_inferred,1788012836751819.000,282421.197143,971,972,2.827168,1
1975,1975,camera_timecode_anchor,1788012836785245.000,282425.055026,972,972,0.458549,0
1976,1976,timestamp_inferred,1788012836818673.500,282428.869245,972,973,0.458549,0
1977,1977,camera_timecode_anchor,1788012836852102.000,282432.683465,973,973,-2.637794,1
1978,1978,timestamp_inferred,1788012836885529.500,282436.746702,973,974,-2.637794,1
1979,1979,camera_timecode_anchor,1788012836918957.000,282440.809939,974,974,-1.583839,1
1980,1980,timestamp_inferred,1788012836952386.000,282444.803659,974,975,-1.583839,1
1981,1981,camera_timecode_anchor,1788012836985815.000,282448.797378,975,975,-1.688517,1
1982,1982,timestamp_inferred,1788012837019244.500,282452.846351,975,976,-1.688517,1
1983,1983,camera_timecode_anchor,1788012837052674.000,282456.895324,976,976,-0.872296,1
1984,1984,timestamp_inferred,1788012837086099.500,282460.963252,976,977,-0.872296,1
1985,1985,camera_timecode_anchor,1788012837119525.000,282465.031180,977,977,0.259833,0
1986,1986,timestamp_inferred,1788012837152955.500,282469.038393,977,978,0.259833,0
1987,1987,camera_timecode_anchor,1788012837186386.000,282473.045606,978,978,0.380054,1
1988,1988,timestamp_inferred,1788012837219815.000,282477.052595,978,979,0.380054,1
1989,1989,camera_timecode_anchor,1788012837253244.000,282481.059584,979,979,0.496536,1
1990,1990,timestamp_inferred,1788012837286670.000,282485.074385,979,980,0.496536,1
1991,1991,camera_timecode_anchor,1788012837320096.000,282489.089185,980,980,0.743207,1
1992,1992,timestamp_inferred,1788012837353525.500,282493.189647,980,981,0.743207,1
1993,1993,camera_timecode_anchor,1788012837386955.000,282497.290109,981,981,2.417576,1
1994,1994,timestamp_inferred,1788012837420384.500,282501.185066,981,982,2.417576,1
1995,1995,camera_timecode_anchor,1788012837453814.000,282505.080023,982,982,0.666856,0
1996,1996,timestamp_inferred,1788012837487240.000,282509.074276,982,983,0.666856,0
1997,1997,camera_timecode_anchor,1788012837520666.000,282513.068530,983,983,0.571081,1
1998,1998,timestamp_inferred,1788012837554099.500,282517.061491,983,984,0.571081,1
1999,1999,camera_timecode_anchor,1788012837587533.000,282521.054453,984,984,0.453774,1
2000,2000,timestamp_inferred,1788012837620959.000,282525.113462,984,985,0.453774,1
2001,2001,camera_timecode_anchor,1788012837654385.000,282529.172472,985,985,1.437265,1
2002,2002,timestamp_inferred,1788012837687814.500,282533.109045,985,986,1.437265,1
2003,2003,camera_timecode_anchor,1788012837721244.000,282537.045619,986,986,0.380158,1
2004,2004,timestamp_inferred,1788012837754673.500,282541.124122,986,987,0.380158,1
2005,2005,camera_timecode_anchor,1788012837788103.000,282545.202625,987,987,1.688543,1
2006,2006,timestamp_inferred,1788012837821536.500,282549.256334,987,988,1.688543,1
2007,2007,camera_timecode_anchor,1788012837854970.000,282553.310042,988,988,2.583687,1
2008,2008,timestamp_inferred,1788012837888400.000,282557.404295,988,989,2.583687,1
2009,2009,camera_timecode_anchor,1788012837921830.000,282561.498547,989,989,4.154560,1
2010,2010,timestamp_inferred,1788012837955259.000,282565.292438,989,990,4.154560,1
2011,2011,camera_timecode_anchor,1788012837988688.000,282569.086328,990,990,0.719401,1
2012,2012,timestamp_inferred,1788012838022117.500,282573.130400,990,991,0.719401,1
2013,2013,camera_timecode_anchor,1788012838055547.000,282577.174472,991,991,1.453930,0
2014,2014,timestamp_inferred,1788012838088977.000,282581.227734,991,992,1.453930,0
2015,2015,camera_timecode_anchor,1788012838122407.000,282585.280997,992,992,2.341643,1
2016,2016,timestamp_inferred,1788012838155837.000,282589.297341,992,993,2.341643,1
2017,2017,camera_timecode_anchor,1788012838189267.000,282593.313685,993,993,2.614040,0
2018,2018,timestamp_inferred,1788012838222696.000,282597.466412,993,994,2.614040,0
2019,2019,camera_timecode_anchor,1788012838256125.000,282601.619140,994,994,-3.173835,1
2020,2020,timestamp_inferred,1788012838289551.000,282605.632851,994,995,-3.173835,1
2021,2021,camera_timecode_anchor,1788012838322977.000,282609.646563,995,995,-2.945310,1
2022,2022,timestamp_inferred,1788012838356407.500,282613.714148,995,996,-2.945310,1
2023,2023,camera_timecode_anchor,1788012838389838.000,282617.781733,996,996,-1.818890,0
2024,2024,timestamp_inferred,1788012838423266.500,282621.798864,996,997,-1.818890,0
2025,2025,camera_timecode_anchor,1788012838456695.000,282625.815994,997,997,-1.533382,1
2026,2026,timestamp_inferred,1788012838490125.500,282629.866531,997,998,-1.533382,1
2027,2027,camera_timecode_anchor,1788012838523556.000,282633.917068,998,998,-0.691099,1
2028,2028,timestamp_inferred,1788012838556985.500,282638.010655,998,999,-0.691099,1
2029,2029,camera_timecode_anchor,1788012838590415.000,282642.104242,999,999,0.868680,1
2030,2030,timestamp_inferred,1788012838623840.500,282646.197555,999,1000,0.868680,1
2031,2031,camera_timecode_anchor,1788012838657266.000,282650.290869,1000,1000,2.423907,1
2032,2032,timestamp_inferred,1788012838690696.000,282654.347392,1000,1001,2.423907,1
2033,2033,camera_timecode_anchor,1788012838724126.000,282658.403915,1001,1001,3.365959,0
2034,2034,timestamp_inferred,1788012838757556.000,282662.410750,1001,1002,3.365959,0
2035,2035,camera_timecode_anchor,1788012838790986.000,282666.417585,1002,1002,3.479878,1
2036,2036,timestamp_inferred,1788012838824414.500,282670.478321,1002,1003,3.479878,1
2037,2037,camera_timecode_anchor,1788012838857843.000,282674.539057,1003,1003,4.492141,1
2038,2038,timestamp_inferred,1788012838891269.500,282678.523977,1003,1004,4.492141,1
2039,2039,camera_timecode_anchor,1788012838924696.000,282682.508896,1004,1004,4.240801,1
2040,2040,timestamp_inferred,1788012838958126.000,282686.556088,1004,1005,4.240801,1
2041,2041,camera_timecode_anchor,1788012838991556.000,282690.603280,1005,1005,-3.305998,1
2042,2042,timestamp_inferred,1788012839024985.500,282694.659225,1005,1006,-3.305998,1
2043,2043,camera_timecode_anchor,1788012839058415.000,282698.715170,1006,1006,-2.373585,1
2044,2044,timestamp_inferred,1788012839091845.500,282702.715232,1006,1007,-2.373585,1
2045,2045,camera_timecode_anchor,1788012839125276.000,282706.715295,1007,1007,-2.372545,1
2046,2046,timestamp_inferred,1788012839158701.000,282710.461508,1007,1008,-2.372545,1
2047,2047,camera_timecode_anchor,1788012839192126.000,282714.207722,1008,1008,1.731016,1
2048,2048,timestamp_inferred,1788012839225555.000,282718.277726,1008,1009,1.731016,1
2049,2049,camera_timecode_anchor,1788012839258984.000,282722.347730,1009,1009,2.897748,0
2050,2050,timestamp_inferred,1788012839292411.500,282726.513184,1009,1010,2.897748,0
2051,2051,camera_timecode_anchor,1788012839325839.000,282730.678638,1010,1010,-2.678017,1
2052,2052,timestamp_inferred,1788012839359267.500,282734.673225,1010,1011,-2.678017,1
2053,2053,camera_timecode_anchor,1788012839392696.000,282738.667813,1011,1011,-2.768226,1
2054,2054,timestamp_inferred,1788012839426121.000,282742.703298,1011,1012,-2.768226,1
2055,2055,camera_timecode_anchor,1788012839459546.000,282746.738783,1012,1012,-2.176809,1
2056,2056,timestamp_inferred,1788012839492976.500,282750.741372,1012,1013,-2.176809,1
2057,2057,camera_timecode_anchor,1788012839526407.000,282754.743962,1013,1013,-2.133653,1
2058,2058,timestamp_inferred,1788012839559837.000,282758.756990,1013,1014,-2.133653,1
2059,2059,camera_timecode_anchor,1788012839593267.000,282762.770018,1014,1014,-1.916517,1
2060,2060,timestamp_inferred,1788012839626696.500,282766.826435,1014,1015,-1.916517,1
2061,2061,camera_timecode_anchor,1788012839660126.000,282770.882851,1015,1015,-0.976241,0
2062,2062,timestamp_inferred,1788012839693555.500,282774.677207,1015,1016,-0.976241,0
2063,2063,camera_timecode_anchor,1788012839726985.000,282778.471564,1016,1016,-4.403637,0
2064,2064,timestamp_inferred,1788012839760415.000,282782.908228,1016,1017,-4.403637,0
2065,2065,camera_timecode_anchor,1788012839793845.000,282787.344893,1017,1017,2.874106,1
2066,2066,timestamp_inferred,1788012839827274.000,282791.399524,1017,1018,2.874106,1
2067,2067,camera_timecode_anchor,1788012839860703.000,282795.454155,1018,1018,3.784622,1
2068,2068,timestamp_inferred,1788012839894132.500,282799.446496,1018,1019,3.784622,1
2069,2069,camera_timecode_anchor,1788012839927562.000,282803.438837,1019,1019,3.656973,1
2070,2070,timestamp_inferred,1788012839960993.000,282807.466889,1019,1020,3.656973,1
2071,2071,camera_timecode_anchor,1788012839994424.000,282811.494940,1020,1020,-4.208830,1
2072,2072,timestamp_inferred,1788012840027852.000,282816.239663,1020,1021,-4.208830,1
2073,2073,camera_timecode_anchor,1788012840061280.000,282820.984387,1021,1021,-0.130112,1
2074,2074,timestamp_inferred,1788012840094710.000,282823.688439,1021,1022,-0.130112,1
2075,2075,timestamp_inferred,1788012840128140.000,282826.392491,1021,1022,0.804525,1
2076,2076,camera_timecode_anchor,1788012840161570.000,282829.096543,1022,1022,0.804525,1
2077,2077,timestamp_inferred,1788012840195000.500,282833.018786,1022,1023,0.804525,1
2078,2078,camera_timecode_anchor,1788012840228431.000,282836.941028,1023,1023,-0.491430,1
2079,2079,timestamp_inferred,1788012840261864.000,282840.884336,1023,1024,-0.491430,1
2080,2080,camera_timecode_anchor,1788012840295297.000,282844.827643,1024,1024,-1.436305,1
2081,2081,timestamp_inferred,1788012840328725.500,282848.801624,1024,1025,-1.436305,1
2082,2082,camera_timecode_anchor,1788012840362154.000,282852.775604,1025,1025,-1.869966,0
2083,2083,camera_timecode_anchor,1788012840395584.000,282860.721810,1026,1026,-2.318249,1
2084,2084,timestamp_inferred,1788012840429013.500,282864.778649,1026,1027,-2.318249,1
2085,2085,camera_timecode_anchor,1788012840462443.000,282868.835489,1027,1027,-1.370926,1
2086,2086,timestamp_inferred,1788012840495873.500,282872.937183,1027,1028,-1.370926,1
2087,2087,camera_timecode_anchor,1788012840529304.000,282877.038877,1028,1028,0.323972,1
2088,2088,timestamp_inferred,1788012840562733.500,282881.118075,1028,1029,0.323972,1
2089,2089,camera_timecode_anchor,1788012840596163.000,282885.197274,1029,1029,1.643948,1
2090,2090,timestamp_inferred,1788012840629595.250,282887.854448,1029,1030,1.643948,1
2091,2091,timestamp_inferred,1788012840663027.750,282890.511621,1029,1030,1.406628,1
2092,2092,camera_timecode_anchor,1788012840696460.000,282893.168795,1030,1030,1.406628,1
2093,2093,timestamp_inferred,1788012840729889.000,282897.223054,1030,1031,1.406628,1
2094,2094,camera_timecode_anchor,1788012840763318.000,282901.277312,1031,1031,2.310934,1
2095,2095,timestamp_inferred,1788012840796748.500,282905.110784,1031,1032,2.310934,1
2096,2096,camera_timecode_anchor,1788012840830179.000,282908.944255,1032,1032,-0.464540,1
2097,2097,timestamp_inferred,1788012840863607.500,282912.952814,1032,1033,-0.464540,1
2098,2098,camera_timecode_anchor,1788012840897036.000,282916.961372,1033,1033,-0.321897,1
2099,2099,camera_timecode_anchor,1788012840930466.000,282925.085621,1034,1034,0.713510,0
2100,2100,timestamp_inferred,1788012840963897.000,282929.053533,1034,1035,0.713510,0
2101,2101,camera_timecode_anchor,1788012840997328.000,282933.021444,1035,1035,0.178699,1
2102,2102,timestamp_inferred,1788012841030760.500,282937.084466,1035,1036,0.178699,1
2103,2103,camera_timecode_anchor,1788012841064193.000,282941.147488,1036,1036,1.229069,0
2104,2104,timestamp_inferred,1788012841097624.750,282943.804498,1036,1037,1.229069,0
2105,2105,timestamp_inferred,1788012841131056.250,282946.461508,1036,1037,0.987649,1
2106,2106,camera_timecode_anchor,1788012841164488.000,282949.118518,1037,1037,0.987649,1
2107,2107,timestamp_inferred,1788012841197921.500,282953.175254,1037,1038,0.987649,1
2108,2108,camera_timecode_anchor,1788012841231355.000,282957.231990,1038,1038,1.933252,1
2109,2109,timestamp_inferred,1788012841264785.500,282961.247335,1038,1039,1.933252,1
2110,2110,camera_timecode_anchor,1788012841298216.000,282965.262679,1039,1039,2.188995,1
2111,2111,timestamp_inferred,1788012841331648.500,282969.330750,1039,1040,2.188995,1
2112,2112,camera_timecode_anchor,1788012841365081.000,282973.398820,1040,1040,3.323501,1
2113,2113,timestamp_inferred,1788012841398511.500,282977.461384,1040,1041,3.323501,1
2114,2114,camera_timecode_anchor,1788012841431942.000,282981.523948,1041,1041,4.366230,1
2115,2115,timestamp_inferred,1788012841465374.500,282985.385709,1041,1042,4.366230,1
2116,2116,camera_timecode_anchor,1788012841498807.000,282989.247470,1042,1042,2.062247,1
2117,2117,camera_timecode_anchor,1788012841532237.000,282997.306363,1043,1043,2.553024,0
2118,2118,timestamp_inferred,1788012841565668.000,283001.363115,1043,1044,2.553024,0
2119,2119,camera_timecode_anchor,1788012841599099.000,283005.419866,1044,1044,3.498885,1
2120,2120,timestamp_inferred,1788012841632530.750,283008.139739,1044,1045,3.498885,1
2121,2121,timestamp_inferred,1788012841665962.250,283010.859612,1044,1045,-3.504296,1
2122,2122,camera_timecode_anchor,1788012841699394.000,283013.579484,1045,1045,-3.504296,1
2123,2123,timestamp_inferred,1788012841732822.500,283017.593691,1045,1046,-3.504296,1
2124,2124,camera_timecode_anchor,1788012841766251.000,283021.607898,1046,1046,-3.267514,0
2125,2125,timestamp_inferred,1788012841799681.000,283025.665179,1046,1047,-3.267514,0
2126,2126,camera_timecode_anchor,1788012841833111.000,283029.722459,1047,1047,-2.312844,1
2127,2127,timestamp_inferred,1788012841866541.500,283033.841692,1047,1048,-2.312844,1
2128,2128,camera_timecode_anchor,1788012841899972.000,283037.960925,1048,1048,-0.325621,1
2129,2129,timestamp_inferred,1788012841933396.500,283041.975244,1048,1049,-0.325621,1
2130,2130,camera_timecode_anchor,1788012841966821.000,283045.989563,1049,1049,-0.086974,1
2131,2131,timestamp_inferred,1788012842000251.500,283049.844120,1049,1050,-0.086974,1
2132,2132,camera_timecode_anchor,1788012842033682.000,283053.698677,1050,1050,-2.511021,1
2133,2133,timestamp_inferred,1788012842067111.500,283057.741323,1050,1051,-2.511021,1
2134,2134,camera_timecode_anchor,1788012842100541.000,283061.783969,1051,1051,-1.800261,1
2135,2135,timestamp_inferred,1788012842133967.000,283065.705352,1051,1052,-1.800261,1
2136,2136,camera_timecode_anchor,1788012842167393.000,283069.626735,1052,1052,-3.110539,1
2137,2137,timestamp_inferred,1788012842200822.500,283073.676404,1052,1053,-3.110539,1
2138,2138,camera_timecode_anchor,1788012842234252.000,283077.726072,1053,1053,-2.282734,0
2139,2139,timestamp_inferred,1788012842267678.000,283081.787651,1053,1054,-2.282734,0
2140,2140,camera_timecode_anchor,1788012842301104.000,283085.849231,1054,1054,-1.256412,1
2141,2141,timestamp_inferred,1788012842334533.500,283089.858711,1054,1055,-1.256412,1
2142,2142,camera_timecode_anchor,1788012842367963.000,283093.868191,1055,1055,-1.098408,1
2143,2143,timestamp_inferred,1788012842401388.500,283098.231962,1055,1056,-1.098408,1
2144,2144,camera_timecode_anchor,1788012842434814.000,283102.595734,1056,1056,-3.368884,1
2145,2145,timestamp_inferred,1788012842468244.000,283106.443187,1056,1057,-3.368884,1
2146,2146,camera_timecode_anchor,1788012842501674.000,283110.290641,1057,1057,2.422007,1
2147,2147,timestamp_inferred,1788012842535099.500,283114.253852,1057,1058,2.422007,1
2148,2148,camera_timecode_anchor,1788012842568525.000,283118.217064,1058,1058,1.808864,0
2149,2149,timestamp_inferred,1788012842601955.500,283122.305645,1058,1059,1.808864,0
2150,2150,camera_timecode_anchor,1788012842635386.000,283126.394226,1059,1059,3.285217,1
2151,2151,timestamp_inferred,1788012842668816.000,283130.509901,1059,1060,3.285217,1
2152,2152,camera_timecode_anchor,1788012842702246.000,283134.625576,1060,1060,-3.120204,0
2153,2153,timestamp_inferred,1788012842735674.500,283138.625191,1060,1061,-3.120204,0
2154,2154,camera_timecode_anchor,1788012842769103.000,283142.624806,1061,1061,-3.126616,0
2155,2155,timestamp_inferred,1788012842802529.500,283146.602743,1061,1062,-3.126616,0
2156,2156,camera_timecode_anchor,1788012842835956.000,283150.580681,1062,1062,-3.494328,1
2157,2157,timestamp_inferred,1788012842869385.500,283154.642584,1062,1063,-3.494328,1
2158,2158,camera_timecode_anchor,1788012842902815.000,283158.704488,1063,1063,-2.462598,0
2159,2159,timestamp_inferred,1788012842936244.500,283162.709681,1063,1064,-2.462598,0
2160,2160,camera_timecode_anchor,1788012842969674.000,283166.714873,1064,1064,-2.376055,1
2161,2161,timestamp_inferred,1788012843003108.000,283170.748795,1064,1065,-2.376055,1
2162,2162,camera_timecode_anchor,1788012843036542.000,283174.782717,1065,1065,-1.810692,1
2163,2163,timestamp_inferred,1788012843069972.000,283178.818516,1065,1066,-1.810692,1
2164,2164,camera_timecode_anchor,1788012843103402.000,283182.854316,1066,1066,-1.214037,0
2165,2165,timestamp_inferred,1788012843136829.500,283186.907246,1066,1067,-1.214037,0
2166,2166,camera_timecode_anchor,1788012843170257.000,283190.960177,1067,1067,-0.331857,1
2167,2167,timestamp_inferred,1788012843203688.500,283194.962911,1067,1068,-0.331857,1
2168,2168,camera_timecode_anchor,1788012843237120.000,283198.965646,1068,1068,-0.286286,1
2169,2169,timestamp_inferred,1788012843270549.500,283203.048865,1068,1069,-0.286286,1
2170,2170,camera_timecode_anchor,1788012843303979.000,283207.132084,1069,1069,1.100704,1
2171,2171,timestamp_inferred,1788012843337408.000,283211.135776,1069,1070,1.100704,1
2172,2172,camera_timecode_anchor,1788012843370837.000,283215.139468,1070,1070,1.162233,1
2173,2173,timestamp_inferred,1788012843404266.500,283219.178292,1070,1071,1.162233,1
2174,2174,camera_timecode_anchor,1788012843437696.000,283223.217116,1071,1071,1.809304,0
2175,2175,timestamp_inferred,1788012843471127.000,283227.271227,1071,1072,1.809304,0
2176,2176,camera_timecode_anchor,1788012843504558.000,283231.325337,1072,1072,2.711145,1
2177,2177,timestamp_inferred,1788012843537986.500,283235.327478,1072,1073,2.711145,1
2178,2178,camera_timecode_anchor,1788012843571415.000,283239.329619,1073,1073,2.746829,1
2179,2179,timestamp_inferred,1788012843604845.500,283243.257908,1073,1074,2.746829,1
2180,2180,camera_timecode_anchor,1788012843638276.000,283247.186196,1074,1074,1.551630,1
2181,2181,timestamp_inferred,1788012843671706.000,283251.033423,1074,1075,1.551630,1
2182,2182,camera_timecode_anchor,1788012843705136.000,283254.880651,1075,1075,-0.994573,1
2183,2183,camera_timecode_anchor,1788012843738562.000,283263.002174,1076,1076,0.018117,1
2184,2184,timestamp_inferred,1788012843771991.000,283265.658303,1076,1077,0.018117,1
2185,2185,timestamp_inferred,1788012843805420.000,283268.314432,1076,1077,-0.245326,1
2186,2186,camera_timecode_anchor,1788012843838849.000,283270.970561,1077,1077,-0.245326,1
2187,2187,timestamp_inferred,1788012843872281.000,283274.970704,1077,1078,-0.245326,1
2188,2188,camera_timecode_anchor,1788012843905713.000,283278.970848,1078,1078,-0.242936,1
2189,2189,timestamp_inferred,1788012843939141.000,283283.058774,1078,1079,-0.242936,1
2190,2190,camera_timecode_anchor,1788012843972569.000,283287.146701,1079,1079,1.222508,0
2191,2191,timestamp_inferred,1788012844006000.000,283291.160579,1079,1080,1.222508,0
2192,2192,camera_timecode_anchor,1788012844039431.000,283295.174458,1080,1080,1.453814,1
2193,2193,timestamp_inferred,1788012844072864.000,283299.197870,1080,1081,1.453814,1
2194,2194,camera_timecode_anchor,1788012844106297.000,283303.221282,1081,1081,1.844019,1
2195,2195,timestamp_inferred,1788012844139730.000,283307.287694,1081,1082,1.844019,1
2196,2196,camera_timecode_anchor,1788012844173163.000,283311.354105,1082,1082,2.950873,0
2197,2197,timestamp_inferred,1788012844206588.000,283315.266409,1082,1083,2.950873,0
2198,2198,camera_timecode_anchor,1788012844240013.000,283319.178713,1083,1083,1.489277,1
2199,2199,timestamp_inferred,1788012844273447.500,283322.902286,1083,1084,1.489277,1
2200,2200,camera_timecode_anchor,1788012844306882.000,283326.625860,1084,1084,-3.117837,1
2201,2201,timestamp_inferred,1788012844340311.000,283330.630580,1084,1085,-3.117837,1
2202,2202,camera_timecode_anchor,1788012844373740.000,283334.635300,1085,1085,-3.039166,1
2203,2203,timestamp_inferred,1788012844407174.000,283338.687949,1085,1086,-3.039166,1
2204,2204,camera_timecode_anchor,1788012844440608.000,283342.740599,1086,1086,-2.161679,1
2205,2205,timestamp_inferred,1788012844474038.000,283346.752972,1086,1087,-2.161679,1
2206,2206,camera_timecode_anchor,1788012844507468.000,283350.765346,1087,1087,-1.955449,1
2207,2207,timestamp_inferred,1788012844540900.000,283354.800470,1087,1088,-1.955449,1
2208,2208,camera_timecode_anchor,1788012844574332.000,283358.835595,1088,1088,-1.370045,0
2209,2209,timestamp_inferred,1788012844607766.000,283362.909133,1088,1089,-1.370045,0
2210,2210,camera_timecode_anchor,1788012844641200.000,283366.982672,1089,1089,-0.144403,1
2211,2211,timestamp_inferred,1788012844674630.000,283371.012042,1089,1090,-0.144403,1
2212,2212,camera_timecode_anchor,1788012844708060.000,283375.041411,1090,1090,0.345095,1
2213,2213,timestamp_inferred,1788012844741492.500,283378.957676,1090,1091,0.345095,1
2214,2214,camera_timecode_anchor,1788012844774925.000,283382.873940,1091,1091,-1.050502,1
2215,2215,timestamp_inferred,1788012844808358.500,283386.629265,1091,1092,-1.050502,1
2216,2216,camera_timecode_anchor,1788012844841792.000,283390.384590,1092,1092,3.204916,1
2217,2217,camera_timecode_anchor,1788012844875222.000,283398.554396,1093,1093,-3.713367,1
2218,2218,timestamp_inferred,1788012844908654.250,283401.269174,1093,1094,-3.713367,1
2219,2219,timestamp_inferred,1788012844942086.750,283403.983952,1093,1094,-2.510588,1
2220,2220,camera_timecode_anchor,1788012844975519.000,283406.698729,1094,1094,-2.510588,1
2221,2221,timestamp_inferred,1788012845008952.500,283410.685231,1094,1095,-2.510588,1
2222,2222,camera_timecode_anchor,1788012845042386.000,283414.671734,1095,1095,-2.735554,1
2223,2223,timestamp_inferred,1788012845075815.000,283418.737010,1095,1096,-2.735554,1
2224,2224,camera_timecode_anchor,1788012845109244.000,283422.802287,1096,1096,-1.647611,1
2225,2225,timestamp_inferred,1788012845142677.500,283426.811710,1096,1097,-1.647611,1
2226,2226,camera_timecode_anchor,1788012845176111.000,283430.821134,1097,1097,-1.490554,1
2227,2227,timestamp_inferred,1788012845209541.000,283434.911628,1097,1098,-1.490554,1
2228,2228,camera_timecode_anchor,1788012845242971.000,283439.002123,1098,1098,0.017693,1
2229,2229,timestamp_inferred,1788012845276400.000,283442.997806,1098,1099,0.017693,1
2230,2230,camera_timecode_anchor,1788012845309829.000,283446.993488,1099,1099,-0.054264,1
2231,2231,timestamp_inferred,1788012845343262.500,283450.805765,1099,1100,-0.054264,1
2232,2232,camera_timecode_anchor,1788012845376696.000,283454.618042,1100,1100,-3.182987,1
2233,2233,timestamp_inferred,1788012845410129.500,283458.666606,1100,1101,-3.182987,1
2234,2234,camera_timecode_anchor,1788012845443563.000,283462.715171,1101,1101,-2.373578,1
2235,2235,camera_timecode_anchor,1788012845476992.000,283470.820794,1102,1102,-1.493382,0
2236,2236,timestamp_inferred,1788012845510424.000,283473.485386,1102,1103,-1.493382,0
2237,2237,timestamp_inferred,1788012845543856.000,283476.149978,1102,1103,-1.545248,1
2238,2238,camera_timecode_anchor,1788012845577288.000,283478.814570,1103,1103,-1.545248,1
2239,2239,timestamp_inferred,1788012845610718.500,283482.821212,1103,1104,-1.545248,1
2240,2240,camera_timecode_anchor,1788012845644149.000,283486.827853,1104,1104,-1.434557,1
2241,2241,camera_timecode_anchor,1788012845677577.000,283494.949858,1105,1105,-0.417848,1
2242,2242,timestamp_inferred,1788012845711007.000,283497.624465,1105,1106,-0.417848,1
2243,2243,timestamp_inferred,1788012845744437.000,283500.299072,1105,1106,-0.219348,1
2244,2244,camera_timecode_anchor,1788012845777867.000,283502.973678,1106,1106,-0.219348,1
2245,2245,timestamp_inferred,1788012845811299.500,283506.953262,1106,1107,-0.219348,1
2246,2246,camera_timecode_anchor,1788012845844732.000,283510.932846,1107,1107,-0.559620,1
2247,2247,timestamp_inferred,1788012845878161.500,283515.038716,1107,1108,-0.559620,1
2248,2248,camera_timecode_anchor,1788012845911591.000,283519.144586,1108,1108,1.204881,0
2249,2249,timestamp_inferred,1788012845945021.000,283523.154869,1108,1109,1.204881,0
2250,2250,camera_timecode_anchor,1788012845978451.000,283527.165153,1109,1109,1.376273,1
2251,2251,timestamp_inferred,1788012846011885.000,283531.147251,1109,1110,1.376273,1
2252,2252,camera_timecode_anchor,1788012846045319.000,283535.129348,1110,1110,1.077903,1
2253,2253,timestamp_inferred,1788012846078752.500,283539.191499,1110,1111,1.077903,1
2254,2254,camera_timecode_anchor,1788012846112186.000,283543.253649,1111,1111,2.113739,1
2255,2255,timestamp_inferred,1788012846145618.000,283547.262644,1111,1112,2.113739,1
2256,2256,camera_timecode_anchor,1788012846179050.000,283551.271638,1112,1112,2.263653,1
2257,2257,timestamp_inferred,1788012846212481.000,283555.357345,1112,1113,2.263653,1
2258,2258,camera_timecode_anchor,1788012846245912.000,283559.443051,1113,1113,3.692089,0
2259,2259,timestamp_inferred,1788012846279338.500,283563.381352,1113,1114,3.692089,0
2260,2260,camera_timecode_anchor,1788012846312765.000,283567.319653,1114,1114,2.663774,1
2261,2261,timestamp_inferred,1788012846346190.000,283571.467293,1114,1115,2.663774,1
2262,2262,camera_timecode_anchor,1788012846379615.000,283575.614933,1115,1115,-3.208894,1
2263,2263,timestamp_inferred,1788012846413044.000,283579.615245,1115,1116,-3.208894,1
2264,2264,camera_timecode_anchor,1788012846446473.000,283583.615558,1116,1116,-3.203686,0
2265,2265,timestamp_inferred,1788012846479903.000,283587.507580,1116,1117,-3.203686,0
2266,2266,camera_timecode_anchor,1788012846513333.000,283591.399602,1117,1117,3.330013,1
2267,2267,timestamp_inferred,1788012846546758.500,283595.370607,1117,1118,3.330013,1
2268,2268,camera_timecode_anchor,1788012846580184.000,283599.341613,1118,1118,2.846772,1
2269,2269,camera_timecode_anchor,1788012846613616.000,283607.325560,1119,1119,2.712998,0
2270,2270,timestamp_inferred,1788012846647042.750,283610.130082,1119,1120,2.712998,0
2271,2271,timestamp_inferred,1788012846680469.250,283612.934604,1119,1120,-2.173952,1
2272,2272,camera_timecode_anchor,1788012846713896.000,283615.739126,1120,1120,-2.173952,1
2273,2273,timestamp_inferred,1788012846747321.500,283619.749086,1120,1121,-2.173952,1
2274,2274,camera_timecode_anchor,1788012846780747.000,283623.759045,1121,1121,-2.007955,1
2275,2275,timestamp_inferred,1788012846814170.500,283627.768600,1121,1122,-2.007955,1
2276,2276,camera_timecode_anchor,1788012846847594.000,283631.778155,1122,1122,-1.848705,1
2277,2277,timestamp_inferred,1788012846881019.500,283635.777413,1122,1123,-1.848705,1
2278,2278,camera_timecode_anchor,1788012846914445.000,283639.776670,1123,1123,-1.861081,1
2279,2279,timestamp_inferred,1788012846947870.500,283643.863044,1123,1124,-1.861081,1
2280,2280,camera_timecode_anchor,1788012846981296.000,283647.949417,1124,1124,-0.421522,1
2281,2281,timestamp_inferred,1788012847014723.000,283651.948678,1124,1125,-0.421522,1
2282,2282,camera_timecode_anchor,1788012847048150.000,283655.947939,1125,1125,-0.433843,1
2283,2283,timestamp_inferred,1788012847081575.500,283660.008143,1125,1126,-0.433843,1
2284,2284,camera_timecode_anchor,1788012847115001.000,283664.068348,1126,1126,0.569563,1
2285,2285,timestamp_inferred,1788012847148426.000,283667.903990,1126,1127,0.569563,1
2286,2286,camera_timecode_anchor,1788012847181851.000,283671.739633,1127,1127,-2.169722,1
2287,2287,timestamp_inferred,1788012847215278.000,283675.710666,1127,1128,-2.169722,1
2288,2288,camera_timecode_anchor,1788012847248705.000,283679.681700,1128,1128,-2.652504,1
2289,2289,timestamp_inferred,1788012847282131.500,283683.718424,1128,1129,-2.652504,1
2290,2290,camera_timecode_anchor,1788012847315558.000,283687.755149,1129,1129,-2.040424,0
2291,2291,timestamp_inferred,1788012847348982.000,283691.808644,1129,1130,-2.040424,0
2292,2292,camera_timecode_anchor,1788012847382406.000,283695.862140,1130,1130,-1.148837,1
2293,2293,timestamp_inferred,1788012847415832.000,283699.882440,1130,1131,-1.148837,1
2294,2294,camera_timecode_anchor,1788012847449258.000,283703.902741,1131,1131,-0.810493,1
2295,2295,timestamp_inferred,1788012847482684.500,283707.946512,1131,1132,-0.810493,1
2296,2296,camera_timecode_anchor,1788012847516111.000,283711.990283,1132,1132,-0.080979,1
2297,2297,timestamp_inferred,1788012847549537.000,283716.048850,1132,1133,-0.080979,1
2298,2298,camera_timecode_anchor,1788012847582963.000,283720.107417,1133,1133,0.895142,1
2299,2299,timestamp_inferred,1788012847616390.000,283723.967310,1133,1134,0.895142,1
2300,2300,camera_timecode_anchor,1788012847649817.000,283727.827202,1134,1134,-1.439983,0
2301,2301,camera_timecode_anchor,1788012847683237.000,283735.375643,1135,1135,3.130359,1
2302,2302,timestamp_inferred,1788012847716659.000,283739.132263,1135,1136,3.130359,1
2303,2303,camera_timecode_anchor,1788012847750081.000,283742.888883,1136,1136,-0.925975,1
2304,2304,timestamp_inferred,1788012847783507.000,283746.940228,1136,1137,-0.925975,1
2305,2305,camera_timecode_anchor,1788012847816933.000,283750.991574,1137,1137,-0.070219,0
2306,2306,timestamp_inferred,1788012847850362.500,283755.192898,1137,1138,-0.070219,0
2307,2307,camera_timecode_anchor,1788012847883792.000,283759.394221,1138,1138,3.285179,1
2308,2308,timestamp_inferred,1788012847917215.500,283763.396931,1138,1139,3.285179,1
2309,2309,camera_timecode_anchor,1788012847950639.000,283767.399640,1139,1139,3.330334,0
2310,2310,timestamp_inferred,1788012847984063.250,283770.170551,1139,1140,3.330334,0
2311,2311,timestamp_inferred,1788012848017487.750,283772.941462,1139,1140,-2.396887,1
2312,2312,camera_timecode_anchor,1788012848050912.000,283775.712374,1140,1140,-2.396887,1
2313,2313,timestamp_inferred,1788012848084338.000,283779.732791,1140,1141,-2.396887,1
2314,2314,camera_timecode_anchor,1788012848117764.000,283783.753208,1141,1141,-2.056599,1
2315,2315,timestamp_inferred,1788012848151189.500,283787.833962,1141,1142,-2.056599,1
2316,2316,camera_timecode_anchor,1788012848184615.000,283791.914716,1142,1142,-0.710701,0
2317,2317,timestamp_inferred,1788012848218045.500,283796.108179,1142,1143,-0.710701,0
2318,2318,camera_timecode_anchor,1788012848251476.000,283800.301642,1143,1143,2.513680,1
2319,2319,timestamp_inferred,1788012848284900.500,283804.161349,1143,1144,2.513680,1
2320,2320,camera_timecode_anchor,1788012848318325.000,283808.021056,1144,1144,0.175467,0
2321,2321,timestamp_inferred,1788012848351750.500,283812.003093,1144,1145,0.175467,0
2322,2322,camera_timecode_anchor,1788012848385176.000,283815.985130,1145,1145,-0.123917,1
2323,2323,timestamp_inferred,1788012848418608.000,283820.037395,1145,1146,-0.123917,1
2324,2324,camera_timecode_anchor,1788012848452040.000,283824.089660,1146,1146,0.747165,1
2325,2325,timestamp_inferred,1788012848485465.000,283828.174762,1146,1147,0.747165,1
2326,2326,camera_timecode_anchor,1788012848518890.000,283832.259864,1147,1147,2.165537,0
2327,2327,timestamp_inferred,1788012848552320.500,283836.279284,1147,1148,2.165537,0
2328,2328,camera_timecode_anchor,1788012848585751.000,283840.298704,1148,1148,2.489197,0
2329,2329,timestamp_inferred,1788012848619172.000,283844.340513,1148,1149,2.489197,0
2330,2330,camera_timecode_anchor,1788012848652593.000,283848.382322,1149,1149,3.186018,1
2331,2331,timestamp_inferred,1788012848686019.500,283852.525782,1149,1150,3.186018,1
2332,2332,camera_timecode_anchor,1788012848719446.000,283856.669241,1150,1150,-2.756326,1
2333,2333,timestamp_inferred,1788012848752867.500,283860.769125,1150,1151,-2.756326,1
2334,2334,camera_timecode_anchor,1788012848786289.000,283864.869008,1151,1151,-1.091596,1
2335,2335,timestamp_inferred,1788012848819716.000,283868.937484,1151,1152,-1.091596,1
2336,2336,camera_timecode_anchor,1788012848853143.000,283873.005959,1152,1152,0.049658,1
2337,2337,timestamp_inferred,1788012848886567.500,283876.990542,1152,1153,0.049658,1
2338,2338,camera_timecode_anchor,1788012848919992.000,283880.975126,1153,1153,-0.207286,0
2339,2339,timestamp_inferred,1788012848953418.000,283885.027732,1153,1154,-0.207286,0
2340,2340,camera_timecode_anchor,1788012848986844.000,283889.080339,1154,1154,0.669490,1
2341,2341,timestamp_inferred,1788012849020271.000,283893.075812,1154,1155,0.669490,1
2342,2342,camera_timecode_anchor,1788012849053698.000,283897.071286,1155,1155,0.594046,1
2343,2343,timestamp_inferred,1788012849087127.500,283901.086665,1155,1156,0.594046,1
2344,2344,camera_timecode_anchor,1788012849120557.000,283905.102045,1156,1156,0.850377,1
2345,2345,timestamp_inferred,1788012849153981.500,283909.176388,1156,1157,0.850377,1
2346,2346,camera_timecode_anchor,1788012849187406.000,283913.250731,1157,1157,2.089427,1
2347,2347,timestamp_inferred,1788012849220836.000,283917.279577,1157,1158,2.089427,1
2348,2348,camera_timecode_anchor,1788012849254266.000,283921.308423,1158,1158,2.570190,0
2349,2349,timestamp_inferred,1788012849287693.000,283925.317900,1158,1159,2.570190,0
2350,2350,camera_timecode_anchor,1788012849321120.000,283929.327377,1159,1159,2.728143,1
2351,2351,timestamp_inferred,1788012849354544.000,283933.343660,1159,1160,2.728143,1
2352,2352,camera_timecode_anchor,1788012849387968.000,283937.359944,1160,1160,2.999531,1
2353,2353,timestamp_inferred,1788012849421395.500,283941.178175,1160,1161,2.999531,1
2354,2354,camera_timecode_anchor,1788012849454823.000,283944.996405,1161,1161,-0.029955,1
2355,2355,timestamp_inferred,1788012849488248.000,283949.042765,1161,1162,-0.029955,1
2356,2356,camera_timecode_anchor,1788012849521673.000,283953.089124,1162,1162,0.742702,1
2357,2357,timestamp_inferred,1788012849555099.500,283957.161148,1162,1163,0.742702,1
2358,2358,camera_timecode_anchor,1788012849588526.000,283961.233172,1163,1163,1.943103,1
2359,2359,timestamp_inferred,1788012849621953.500,283965.266593,1163,1164,1.943103,1
2360,2360,camera_timecode_anchor,1788012849655381.000,283969.300013,1164,1164,2.500109,1
2361,2361,timestamp_inferred,1788012849688806.000,283973.342580,1164,1165,2.500109,1
2362,2362,camera_timecode_anchor,1788012849722231.000,283977.385147,1165,1165,3.209561,1
2363,2363,timestamp_inferred,1788012849755655.000,283981.410548,1165,1166,3.209561,1
2364,2364,camera_timecode_anchor,1788012849789079.000,283985.435949,1166,1166,3.632908,1
2365,2365,timestamp_inferred,1788012849822511.000,283989.551951,1166,1167,3.632908,1
2366,2366,camera_timecode_anchor,1788012849855943.000,283993.667953,1167,1167,-2.767057,0
2367,2367,timestamp_inferred,1788012849889368.500,283997.673917,1167,1168,-2.767057,0
2368,2368,camera_timecode_anchor,1788012849922794.000,284001.679880,1168,1168,-2.667665,1
2369,2369,timestamp_inferred,1788012849956219.000,284005.757836,1168,1169,-2.667665,1
2370,2370,camera_timecode_anchor,1788012849989644.000,284009.835792,1169,1169,-1.368403,1
2371,2371,timestamp_inferred,1788012850023073.500,284013.909502,1169,1170,-1.368403,1
2372,2372,camera_timecode_anchor,1788012850056503.000,284017.983212,1170,1170,-0.139902,1
2373,2373,timestamp_inferred,1788012850089929.000,284021.835368,1170,1171,-0.139902,1
2374,2374,camera_timecode_anchor,1788012850123355.000,284025.687524,1171,1171,-2.603968,1
2375,2375,timestamp_inferred,1788012850156781.000,284029.805874,1171,1172,-2.603968,1
2376,2376,camera_timecode_anchor,1788012850190207.000,284033.924224,1172,1172,-0.631467,0
2377,2377,timestamp_inferred,1788012850223633.500,284037.884899,1172,1173,-0.631467,0
2378,2378,camera_timecode_anchor,1788012850257060.000,284041.845575,1173,1173,-1.286877,1
2379,2379,timestamp_inferred,1788012850290482.000,284045.964680,1173,1174,-1.286877,1
2380,2380,camera_timecode_anchor,1788012850323904.000,284050.083786,1174,1174,0.698215,1
2381,2381,timestamp_inferred,1788012850357329.000,284054.682610,1174,1175,0.698215,1
2382,2382,camera_timecode_anchor,1788012850390754.000,284059.281434,1175,1175,2.345287,1
2383,2383,timestamp_inferred,1788012850424176.750,284062.398842,1175,1176,2.345287,1
2384,2384,timestamp_inferred,1788012850457599.250,284065.516249,1175,1176,-3.052860,1
2385,2385,camera_timecode_anchor,1788012850491022.000,284068.633657,1176,1176,-3.052860,1
2386,2386,timestamp_inferred,1788012850524448.500,284072.679342,1176,1177,-3.052860,1
2387,2387,camera_timecode_anchor,1788012850557875.000,284076.725028,1177,1177,-2.291433,1
2388,2388,camera_timecode_anchor,1788012850591296.000,284084.740464,1178,1178,-2.162800,1
2389,2389,timestamp_inferred,1788012850624718.000,284088.668511,1178,1179,-2.162800,1
2390,2390,camera_timecode_anchor,1788012850658140.000,284092.596558,1179,1179,-3.362013,1
2391,2391,timestamp_inferred,1788012850691563.500,284096.398935,1179,1180,-3.362013,1
2392,2392,camera_timecode_anchor,1788012850724987.000,284100.201311,1180,1180,1.677595,1
2393,2393,timestamp_inferred,1788012850758408.000,284104.279092,1180,1181,1.677595,1
2394,2394,camera_timecode_anchor,1788012850791829.000,284108.356872,1181,1181,2.973936,0
2395,2395,timestamp_inferred,1788012850825254.000,284111.084729,1181,1182,2.973936,0
2396,2396,timestamp_inferred,1788012850858679.000,284113.812586,1181,1182,-3.829637,1
2397,2397,camera_timecode_anchor,1788012850892104.000,284116.540444,1182,1182,-3.829637,1
2398,2398,timestamp_inferred,1788012850925526.000,284120.861845,1182,1183,-3.829637,1
2399,2399,camera_timecode_anchor,1788012850958948.000,284125.183246,1183,1183,1.527049,1
2400,2400,timestamp_inferred,1788012850992370.500,284130.472502,1183,1184,1.527049,1
2401,2401,camera_timecode_anchor,1788012851025793.000,284135.761757,1184,1184,-1.985356,1
2402,2402,timestamp_inferred,1788012851059217.750,284139.027651,1184,1185,-1.985356,1
2403,2403,timestamp_inferred,1788012851092642.250,284142.293545,1184,1185,-3.671342,1
2404,2404,camera_timecode_anchor,1788012851126067.000,284145.559439,1185,1185,-3.671342,1
2405,2405,timestamp_inferred,1788012851159489.000,284149.376401,1185,1186,-3.671342,1
2406,2406,camera_timecode_anchor,1788012851192911.000,284153.193363,1186,1186,1.611357,1
2407,2407,timestamp_inferred,1788012851226332.500,284157.059105,1186,1187,1.611357,1
2408,2408,camera_timecode_anchor,1788012851259754.000,284160.924848,1187,1187,-0.626267,1
2409,2409,timestamp_inferred,1788012851293177.500,284164.987617,1187,1188,-0.626267,1
2410,2410,camera_timecode_anchor,1788012851326601.000,284169.050385,1188,1188,0.419876,1
2411,2411,timestamp_inferred,1788012851360022.000,284173.064895,1188,1189,0.419876,1
2412,2412,camera_timecode_anchor,1788012851393443.000,284177.079405,1189,1189,0.661711,1
2413,2413,camera_timecode_anchor,1788012851426868.000,284185.224945,1190,1190,1.874540,1
2414,2414,timestamp_inferred,1788012851460289.750,284187.851373,1190,1191,1.874540,1
2415,2415,timestamp_inferred,1788012851493711.250,284190.477801,1190,1191,0.868572,1
2416,2416,camera_timecode_anchor,1788012851527133.000,284193.104229,1191,1191,0.868572,1
2417,2417,timestamp_inferred,1788012851560555.000,284197.201747,1191,1192,0.868572,1
2418,2418,camera_timecode_anchor,1788012851593977.000,284201.299266,1192,1192,2.493882,1
2419,2419,timestamp_inferred,1788012851627398.500,284205.377194,1192,1193,2.493882,1
2420,2420,camera_timecode_anchor,1788012851660820.000,284209.455122,1193,1193,3.792687,0
2421,2421,timestamp_inferred,1788012851694243.500,284213.406030,1193,1194,3.792687,0
2422,2422,camera_timecode_anchor,1788012851727667.000,284217.356937,1194,1194,2.974477,1
2423,2423,timestamp_inferred,1788012851761089.000,284221.328555,1194,1195,2.974477,1
2424,2424,camera_timecode_anchor,1788012851794511.000,284225.300173,1195,1195,2.501440,1
2425,2425,timestamp_inferred,1788012851827933.500,284229.258008,1195,1196,2.501440,1
2426,2426,camera_timecode_anchor,1788012851861356.000,284233.215844,1196,1196,1.798698,1
2427,2427,timestamp_inferred,1788012851894774.000,284237.215081,1196,1197,1.798698,1
2428,2428,camera_timecode_anchor,1788012851928192.000,284241.214319,1197,1197,1.785991,1
2429,2429,timestamp_inferred,1788012851961614.000,284245.242544,1197,1198,1.785991,1
2430,2430,camera_timecode_anchor,1788012851995036.000,284249.270769,1198,1198,2.256405,0
2431,2431,timestamp_inferred,1788012852028460.000,284253.335360,1198,1199,2.256405,0
2432,2432,camera_timecode_anchor,1788012852061884.000,284257.399952,1199,1199,3.332931,1
2433,2433,timestamp_inferred,1788012852095309.000,284261.391722,1199,1200,3.332931,1
2434,2434,camera_timecode_anchor,1788012852128734.000,284265.383492,1200,1200,3.195766,1
2435,2435,timestamp_inferred,1788012852162152.000,284269.394933,1200,1201,3.195766,1
2436,2436,camera_timecode_anchor,1788012852195570.000,284273.406373,1201,1201,3.386444,1
2437,2437,timestamp_inferred,1788012852228992.500,284277.464742,1201,1202,3.386444,1
2438,2438,camera_timecode_anchor,1788012852262415.000,284281.523111,1202,1202,4.359261,1
2439,2439,timestamp_inferred,1788012852295837.500,284285.528478,1202,1203,4.359261,1
2440,2440,camera_timecode_anchor,1788012852329260.000,284289.533844,1203,1203,-3.884630,0
2441,2441,timestamp_inferred,1788012852362681.500,284293.596279,1203,1204,-3.884630,0
2442,2442,camera_timecode_anchor,1788012852396103.000,284297.658713,1204,1204,-2.844057,1
2443,2443,timestamp_inferred,1788012852429529.500,284301.638265,1204,1205,-2.844057,1
2444,2444,camera_timecode_anchor,1788012852462956.000,284305.617818,1205,1205,-3.184854,1
2445,2445,timestamp_inferred,1788012852496378.000,284309.593640,1205,1206,-3.184854,1
2446,2446,camera_timecode_anchor,1788012852529800.000,284313.569463,1206,1206,-3.587806,0
2447,2447,timestamp_inferred,1788012852563222.000,284317.621917,1206,1207,-3.587806,0
2448,2448,camera_timecode_anchor,1788012852596644.000,284321.674370,1207,1207,-2.713585,1
2449,2449,timestamp_inferred,1788012852630063.500,284325.715228,1207,1208,-2.713585,1
2450,2450,camera_timecode_anchor,1788012852663483.000,284329.756087,1208,1208,-2.032611,0
2451,2451,timestamp_inferred,1788012852696905.000,284333.673644,1208,1209,-2.032611,0
2452,2452,camera_timecode_anchor,1788012852730327.000,284337.591202,1209,1209,-3.406654,1
2453,2453,timestamp_inferred,1788012852763744.000,284341.590470,1209,1210,-3.406654,1
2454,2454,camera_timecode_anchor,1788012852797161.000,284345.589738,1210,1210,-3.418847,0
2455,2455,timestamp_inferred,1788012852830588.500,284349.633247,1210,1211,-3.418847,0
2456,2456,camera_timecode_anchor,1788012852864016.000,284353.676756,1211,1211,-2.693704,1
2457,2457,timestamp_inferred,1788012852897434.500,284357.669126,1211,1212,-2.693704,1
2458,2458,camera_timecode_anchor,1788012852930853.000,284361.661497,1212,1212,-2.820855,1
2459,2459,timestamp_inferred,1788012852964274.500,284365.730529,1212,1213,-2.820855,1
2460,2460,camera_timecode_anchor,1788012852997696.000,284369.799561,1213,1213,-1.670326,0
2461,2461,timestamp_inferred,1788012853031115.500,284373.718348,1213,1214,-1.670326,0
2462,2462,camera_timecode_anchor,1788012853064535.000,284377.637136,1214,1214,-3.023870,1
2463,2463,timestamp_inferred,1788012853097956.500,284381.535677,1214,1215,-3.023870,1
2464,2464,camera_timecode_anchor,1788012853131378.000,284385.434219,1215,1215,3.618488,1
2465,2465,camera_timecode_anchor,1788012853164794.000,284393.107959,1216,1216,0.899655,0
2466,2466,timestamp_inferred,1788012853198216.000,284397.097742,1216,1217,0.899655,0
2467,2467,camera_timecode_anchor,1788012853231638.000,284401.087525,1217,1217,0.729374,1
2468,2468,timestamp_inferred,1788012853265059.500,284405.120183,1217,1218,0.729374,1
2469,2469,camera_timecode_anchor,1788012853298481.000,284409.152842,1218,1218,1.273682,0
2470,2470,timestamp_inferred,1788012853331904.000,284413.137320,1218,1219,1.273682,0
2471,2471,camera_timecode_anchor,1788012853365327.000,284417.121799,1219,1219,1.014988,1
2472,2472,timestamp_inferred,1788012853398749.750,284419.913105,1219,1220,1.014988,1
2473,2473,timestamp_inferred,1788012853432172.250,284422.704411,1219,1220,4.130971,1
2474,2474,camera_timecode_anchor,1788012853465595.000,284425.495717,1220,1220,4.130971,1
2475,2475,camera_timecode_anchor,1788012853499014.000,284433.506202,1221,1221,-4.114987,1
2476,2476,timestamp_inferred,1788012853532436.750,284436.260246,1221,1222,-4.114987,1
2477,2477,timestamp_inferred,1788012853565859.250,284439.014290,1221,1222,-1.930548,1
2478,2478,camera_timecode_anchor,1788012853599282.000,284441.768334,1222,1222,-1.930548,1
2479,2479,camera_timecode_anchor,1788012853632704.000,284449.970195,1223,1223,-0.248372,1
2480,2480,timestamp_inferred,1788012853666123.250,284452.663611,1223,1224,-0.248372,1
2481,2481,timestamp_inferred,1788012853699542.750,284455.357027,1223,1224,0.420357,1
2482,2482,camera_timecode_anchor,1788012853732962.000,284458.050443,1224,1224,0.420357,1
2483,2483,timestamp_inferred,1788012853766381.000,284461.893414,1224,1225,0.420357,1
2484,2484,camera_timecode_anchor,1788012853799800.000,284465.736385,1225,1225,-2.196793,1
2485,2485,timestamp_inferred,1788012853833223.000,284469.773479,1225,1226,-2.196793,1
2486,2486,camera_timecode_anchor,1788012853866646.000,284473.810573,1226,1226,-1.578555,1
2487,2487,timestamp_inferred,1788012853900068.000,284477.797158,1226,1227,-1.578555,1
2488,2488,camera_timecode_anchor,1788012853933490.000,284481.783742,1227,1227,-1.802146,1
2489,2489,timestamp_inferred,1788012853966911.500,284485.820413,1227,1228,-1.802146,1
2490,2490,camera_timecode_anchor,1788012854000333.000,284489.857084,1228,1228,-1.190968,1
2491,2491,timestamp_inferred,1788012854033751.000,284494.047871,1228,1229,-1.190968,1
2492,2492,camera_timecode_anchor,1788012854067169.000,284498.238657,1229,1229,1.988812,1
2493,2493,timestamp_inferred,1788012854100591.500,284502.226104,1229,1230,1.988812,1
2494,2494,camera_timecode_anchor,1788012854134014.000,284506.213550,1230,1230,1.779583,1
2495,2495,timestamp_inferred,1788012854167433.500,284510.218779,1230,1231,1.779583,1
2496,2496,camera_timecode_anchor,1788012854200853.000,284514.224009,1231,1231,1.866739,1
2497,2497,camera_timecode_anchor,1788012854234275.000,284522.612612,1232,1232,-3.228231,1
2498,2498,timestamp_inferred,1788012854267699.250,284525.269578,1232,1233,-3.228231,1
2499,2499,timestamp_inferred,1788012854301123.750,284527.926543,1232,1233,-3.470760,1
2500,2500,camera_timecode_anchor,1788012854334548.000,284530.583509,1233,1233,-3.470760,1
2501,2501,timestamp_inferred,1788012854367970.000,284534.371514,1233,1234,-3.470760,1
2502,2502,camera_timecode_anchor,1788012854401392.000,284538.159520,1234,1234,1.329334,1
2503,2503,timestamp_inferred,1788012854434815.500,284542.164207,1234,1235,1.329334,1
2504,2504,camera_timecode_anchor,1788012854468239.000,284546.168894,1235,1235,1.407451,1
2505,2505,timestamp_inferred,1788012854501660.500,284550.232749,1235,1236,1.407451,1
2506,2506,camera_timecode_anchor,1788012854535082.000,284554.296603,1236,1236,2.471695,0
2507,2507,timestamp_inferred,1788012854568504.000,284558.286971,1236,1237,2.471695,0
2508,2508,camera_timecode_anchor,1788012854601926.000,284562.277339,1237,1237,2.311160,1
2509,2509,timestamp_inferred,1788012854635347.000,284566.340894,1237,1238,2.311160,1
2510,2510,camera_timecode_anchor,1788012854668768.000,284570.404449,1238,1238,3.370405,1
2511,2511,timestamp_inferred,1788012854702191.500,284574.626446,1238,1239,3.370405,1
2512,2512,camera_timecode_anchor,1788012854735615.000,284578.848443,1239,1239,-1.262975,1
2513,2513,timestamp_inferred,1788012854769037.000,284582.912873,1239,1240,-1.262975,1
2514,2514,camera_timecode_anchor,1788012854802459.000,284586.977302,1240,1240,-0.189149,1
2515,2515,timestamp_inferred,1788012854835878.000,284590.906852,1240,1241,-0.189149,1
2516,2516,camera_timecode_anchor,1788012854869297.000,284594.836402,1241,1241,-1.363316,0
2517,2517,timestamp_inferred,1788012854902712.000,284598.849440,1241,1242,-1.363316,0
2518,2518,camera_timecode_anchor,1788012854936127.000,284602.862478,1242,1242,-1.146017,1
2519,2519,timestamp_inferred,1788012854969544.500,284606.892856,1242,1243,-1.146017,1
2520,2520,camera_timecode_anchor,1788012855002962.000,284610.923233,1243,1243,-0.639724,0
2521,2521,timestamp_inferred,1788012855036384.500,284614.987604,1243,1244,-0.639724,0
2522,2522,camera_timecode_anchor,1788012855069807.000,284619.051975,1244,1244,0.433126,1
2523,2523,timestamp_inferred,1788012855103230.500,284623.048630,1244,1245,0.433126,1
2524,2524,camera_timecode_anchor,1788012855136654.000,284627.045284,1245,1245,0.377368,1
2525,2525,timestamp_inferred,1788012855170071.500,284631.273441,1245,1246,0.377368,1
2526,2526,camera_timecode_anchor,1788012855203489.000,284635.501597,1246,1246,-4.153358,1
2527,2527,timestamp_inferred,1788012855236911.000,284639.512779,1246,1247,-4.153358,1
2528,2528,camera_timecode_anchor,1788012855270333.000,284643.523960,1247,1247,-3.967000,1
2529,2529,timestamp_inferred,1788012855303759.000,284647.532469,1247,1248,-3.967000,1
2530,2530,camera_timecode_anchor,1788012855337185.000,284651.540979,1248,1248,-3.825178,0
2531,2531,timestamp_inferred,1788012855370603.000,284655.613462,1248,1249,-3.825178,0
2532,2532,camera_timecode_anchor,1788012855404021.000,284659.685945,1249,1249,-2.617127,1
2533,2533,timestamp_inferred,1788012855437444.500,284663.680881,1249,1250,-2.617127,1
2534,2534,camera_timecode_anchor,1788012855470868.000,284667.675816,1250,1250,-2.701531,1
2535,2535,timestamp_inferred,1788012855504290.000,284671.678844,1250,1251,-2.701531,1
2536,2536,camera_timecode_anchor,1788012855537712.000,284675.681873,1251,1251,-2.651062,1
2537,2537,timestamp_inferred,1788012855571133.000,284679.635986,1251,1252,-2.651062,1
2538,2538,camera_timecode_anchor,1788012855604554.000,284683.590100,1252,1252,-3.415835,1
2539,2539,timestamp_inferred,1788012855637977.000,284687.595002,1252,1253,-3.415835,1
2540,2540,camera_timecode_anchor,1788012855671400.000,284691.599904,1253,1253,-3.334136,0
2541,2541,timestamp_inferred,1788012855704818.500,284695.601885,1253,1254,-3.334136,0
2542,2542,camera_timecode_anchor,1788012855738237.000,284699.603867,1254,1254,-3.301112,1
2543,2543,timestamp_inferred,1788012855771658.500,284703.671531,1254,1255,-3.301112,1
2544,2544,camera_timecode_anchor,1788012855805080.000,284707.739195,1255,1255,-2.173371,1
2545,2545,timestamp_inferred,1788012855838503.500,284711.727258,1255,1256,-2.173371,1
2546,2546,camera_timecode_anchor,1788012855871927.000,284715.715321,1256,1256,-2.372329,1
2547,2547,timestamp_inferred,1788012855905348.500,284719.710343,1256,1257,-2.372329,1
2548,2548,camera_timecode_anchor,1788012855938770.000,284723.705364,1257,1257,-2.455296,1
2549,2549,timestamp_inferred,1788012855972192.000,284727.756330,1257,1258,-2.455296,1
2550,2550,camera_timecode_anchor,1788012856005614.000,284731.807296,1258,1258,-1.605869,0
2551,2551,timestamp_inferred,1788012856039038.000,284735.854371,1258,1259,-1.605869,0
2552,2552,camera_timecode_anchor,1788012856072462.000,284739.901446,1259,1259,-0.821282,1
2553,2553,timestamp_inferred,1788012856105883.500,284743.933796,1259,1260,-0.821282,1
2554,2554,camera_timecode_anchor,1788012856139305.000,284747.966146,1260,1260,-0.282114,1
2555,2555,timestamp_inferred,1788012856172730.000,284752.396024,1260,1261,-0.282114,1
2556,2556,camera_timecode_anchor,1788012856206155.000,284756.825901,1261,1261,-1.450827,1
2557,2557,timestamp_inferred,1788012856239577.500,284760.611700,1261,1262,-1.450827,1
2558,2558,camera_timecode_anchor,1788012856273000.000,284764.397498,1262,1262,3.312486,1
2559,2559,timestamp_inferred,1788012856306426.500,284768.339866,1262,1263,3.312486,1
2560,2560,camera_timecode_anchor,1788012856339853.000,284772.282234,1263,1263,2.351948,1
2561,2561,timestamp_inferred,1788012856373278.000,284776.372843,1263,1264,2.351948,1
2562,2562,camera_timecode_anchor,1788012856406703.000,284780.463453,1264,1264,3.862109,1
2563,2563,timestamp_inferred,1788012856440129.500,284784.754362,1264,1265,3.862109,1
2564,2564,camera_timecode_anchor,1788012856473556.000,284789.045272,1265,1265,0.377264,0
2565,2565,timestamp_inferred,1788012856506978.000,284793.130241,1265,1266,0.377264,0
2566,2566,camera_timecode_anchor,1788012856540400.000,284797.215211,1266,1266,1.793425,1
2567,2567,timestamp_inferred,1788012856573822.000,284801.343001,1266,1267,1.793425,1
2568,2568,camera_timecode_anchor,1788012856607244.000,284805.470791,1267,1267,3.923255,0
2569,2569,timestamp_inferred,1788012856640668.750,284808.663610,1267,1268,3.923255,0
2570,2570,timestamp_inferred,1788012856674093.250,284811.856429,1267,1268,0.410406,1
2571,2571,camera_timecode_anchor,1788012856707518.000,284815.049249,1268,1268,0.410406,1
2572,2572,timestamp_inferred,1788012856740944.500,284819.029969,1268,1269,0.410406,1
2573,2573,camera_timecode_anchor,1788012856774371.000,284823.010690,1269,1269,0.089085,1
2574,2574,timestamp_inferred,1788012856807795.500,284826.707503,1269,1270,0.089085,1
2575,2575,camera_timecode_anchor,1788012856841220.000,284830.404316,1270,1270,3.369304,1
2576,2576,timestamp_inferred,1788012856874647.000,284834.475701,1270,1271,3.369304,1
2577,2577,camera_timecode_anchor,1788012856908074.000,284838.547086,1271,1271,-3.774282,1
2578,2578,timestamp_inferred,1788012856941499.500,284842.605670,1271,1272,-3.774282,1
2579,2579,camera_timecode_anchor,1788012856974925.000,284846.664254,1272,1272,-2.797884,0
2580,2580,timestamp_inferred,1788012857008356.000,284850.751647,1272,1273,-2.797884,0
2581,2581,camera_timecode_anchor,1788012857041787.000,284854.839040,1273,1273,-1.341336,1
2582,2582,timestamp_inferred,1788012857075211.500,284858.912591,1273,1274,-1.341336,1
2583,2583,camera_timecode_anchor,1788012857108636.000,284862.986143,1274,1274,-0.115476,1
2584,2584,timestamp_inferred,1788012857142066.000,284867.066850,1274,1275,-0.115476,1
2585,2585,camera_timecode_anchor,1788012857175496.000,284871.147558,1275,1275,1.229646,0
2586,2586,timestamp_inferred,1788012857208922.500,284875.800494,1275,1276,1.229646,0
2587,2587,camera_timecode_anchor,1788012857242349.000,284880.453430,1276,1276,3.778582,1
2588,2588,timestamp_inferred,1788012857275778.500,284884.570534,1276,1277,3.778582,1
2589,2589,camera_timecode_anchor,1788012857309208.000,284888.687639,1277,1277,-2.603012,1
2590,2590,timestamp_inferred,1788012857342638.500,284892.983897,1277,1278,-2.603012,1
2591,2591,camera_timecode_anchor,1788012857376069.000,284897.280155,1278,1278,2.334622,1
2592,2592,timestamp_inferred,1788012857409493.000,284901.182218,1278,1279,2.334622,1
2593,2593,camera_timecode_anchor,1788012857442917.000,284905.084282,1279,1279,0.702348,1
2594,2594,timestamp_inferred,1788012857476343.500,284909.133266,1279,1280,0.702348,1
2595,2595,camera_timecode_anchor,1788012857509770.000,284913.182250,1280,1280,1.518747,1
2596,2596,timestamp_inferred,1788012857543200.500,284917.439836,1280,1281,1.518747,1
2597,2597,camera_timecode_anchor,1788012857576631.000,284921.697423,1281,1281,-2.521472,1
2598,2598,timestamp_inferred,1788012857610056.500,284925.714083,1281,1282,-2.521472,1
2599,2599,camera_timecode_anchor,1788012857643482.000,284929.730742,1282,1282,-2.243818,0
2600,2600,timestamp_inferred,1788012857676910.000,284933.824576,1282,1283,-2.243818,0
2601,2601,camera_timecode_anchor,1788012857710338.000,284937.918411,1283,1283,-0.679908,1
2602,2602,timestamp_inferred,1788012857743765.500,284941.976477,1283,1284,-0.679908,1
2603,2603,camera_timecode_anchor,1788012857777193.000,284946.034543,1284,1284,0.287855,1
2604,2604,timestamp_inferred,1788012857810622.500,284950.142442,1284,1285,0.287855,1
2605,2605,camera_timecode_anchor,1788012857844052.000,284954.250342,1285,1285,2.086186,1
2606,2606,timestamp_inferred,1788012857877477.500,284958.280825,1285,1286,2.086186,1
2607,2607,camera_timecode_anchor,1788012857910903.000,284962.311307,1286,1286,2.594226,1
2608,2608,timestamp_inferred,1788012857944332.500,284966.250486,1286,1287,2.594226,1
2609,2609,camera_timecode_anchor,1788012857977762.000,284970.189666,1287,1287,1.580547,0
2610,2610,timestamp_inferred,1788012858011190.000,284973.049913,1287,1288,1.580547,0
2611,2611,timestamp_inferred,1788012858044618.000,284975.910161,1287,1288,-1.913266,1
2612,2612,camera_timecode_anchor,1788012858078046.000,284978.770408,1288,1288,-1.913266,1
2613,2613,timestamp_inferred,1788012858111475.500,284983.002403,1288,1289,-1.913266,1
2614,2614,camera_timecode_anchor,1788012858144905.000,284987.234398,1289,1289,1.953320,1
2615,2615,timestamp_inferred,1788012858178337.500,284991.311573,1289,1290,1.953320,1
2616,2616,camera_timecode_anchor,1788012858211770.000,284995.388748,1290,1290,3.239570,1
2617,2617,timestamp_inferred,1788012858245203.500,284999.421657,1290,1291,3.239570,1
2618,2618,camera_timecode_anchor,1788012858278637.000,285003.454566,1291,1291,3.788047,1
