output_frame,source_video_frame,source_video_nominal_pts_s,source_bag_elapsed_s,matched_clip_bag_elapsed_s,rgb_device_timestamp_us,cmavatar_target_timestamp_ns,mocap_low_frame_counter,mocap_high_frame_counter,mocap_low_timestamp_ns,mocap_high_timestamp_ns,interpolation_alpha,bracket_span_ms,nearest_mocap_sample_delta_ms,left_wrist_rgb_x,left_wrist_rgb_y,left_wrist_inside_frame,right_wrist_rgb_x,right_wrist_rgb_y,right_wrist_inside_frame
0,60,2.0,2.0059709548950195,0.0,1788008896443770,1788008896808416256,391948,391949,1788008896801029888,1788008896809362688,0.8864091559370529,8.33272933959961,0.9465217590332031,1321.132733074398,623.9162852819527,1,738.3296169179454,615.5769781735078,1
1,61,2.033333333333333,2.039401054382324,0.03343009948730469,1788008896477200,1788008896841847296,391952,391953,1788008896834362368,1788008896842695936,0.8981804657549923,8.333683013916016,0.8485317230224609,1320.969281528441,624.3975197966639,1,737.9966074834593,615.295164500307,1
2,62,2.066666666666667,2.072838068008423,0.06686711311340332,1788008896510637,1788008896875285504,391956,391957,1788008896867694336,1788008896876027392,0.9109896712540414,8.332967758178711,0.7417201995849609,1320.6401229796977,624.3818812778841,1,737.7502161912688,614.7822646180504,1
3,63,2.1,2.1062750816345215,0.10030412673950195,1788008896544074,1788008896908723712,391960,391961,1788008896901026816,1788008896909359616,0.9236931704386141,8.332967758178711,0.6358623504638672,1320.6051939928805,624.2689616527632,1,737.5707261518944,615.0071939843991,1
4,64,2.1333333333333333,2.139704942703247,0.13373398780822754,1788008896577504,1788008896942155008,391964,391965,1788008896934359040,1788008896942692864,0.935458030554443,8.333683013916016,0.537872314453125,1320.5199866145392,624.456696937294,1,737.5915334335652,615.4296943156719,1
5,65,2.1666666666666665,2.1731419563293457,0.16717100143432617,1788008896610941,1788008896975593216,391968,391969,1788008896967692288,1788008896976025088,0.9481545064377682,8.33272933959961,0.43201446533203125,1320.014122827714,624.3360463660026,1,737.876591590889,616.3862228590751,1
6,66,2.2,2.2065720558166504,0.20060110092163086,1788008896644371,1788008897009024256,391972,391973,1788008897001024512,1788008897009358336,0.9598912887998856,8.333921432495117,0.3342628479003906,1320.6791650330879,624.5598023152465,1,738.0902162158808,615.9456946439885,1
7,67,2.2333333333333334,2.240001916885376,0.23403096199035645,1788008896677801,1788008897042455296,391976,391977,1788008897034357760,1788008897042690816,0.9717318531658607,8.332967758178711,0.23555755615234375,1321.7322334055307,624.5459322324376,1,738.2306640734555,615.5767312785767,1
8,68,2.2666666666666666,2.2734310626983643,0.2674601078033447,1788008896711230,1788008897075885568,391980,391981,1788008897067690240,1788008897076022784,0.983519313304721,8.33272933959961,0.1373291015625,1322.4295319540781,624.0604309345198,1,738.5239592215856,615.0439839987791,1
9,69,2.3,2.3068690299987793,0.30089807510375977,1788008896744668,1788008897109324800,391984,391985,1788008897101022464,1788008897109356288,0.9962236081707387,8.333683013916016,0.03147125244140625,1322.5393877824386,623.895104552704,1,739.0034375442714,614.9853417658669,1
10,70,2.3333333333333335,2.3402979373931885,0.33432698249816895,1788008896778097,1788008897142754816,391989,391990,1788008897142688512,1788008897151021312,0.007954220314735336,8.33272933959961,0.06628036499023438,1323.0989129578466,624.095595825707,1,739.1890516170315,614.3431830886525,1
11,71,2.3666666666666667,2.373728036880493,0.36775708198547363,1788008896811527,1788008897176186112,391993,391994,1788008897176020736,1788008897184354560,0.019826057103621904,8.333683013916016,0.1652240753173828,1323.5180067765164,624.0787449257114,1,739.1923074656252,613.9527347380501,1
12,72,2.4,2.407165050506592,0.40119409561157227,1788008896844964,1788008897209624320,391997,391998,1788008897209354240,1788008897217686784,0.03241773962804006,8.33272933959961,0.2701282501220703,1323.546426841473,623.902924834405,1,739.269034636698,613.6845944029856,1
13,73,2.433333333333333,2.4405930042266846,0.43462204933166504,1788008896878392,1788008897243053312,392001,392002,1788008897242686208,1788008897251019264,0.04403307487625533,8.332967758178711,0.3669261932373047,1323.7781791988086,623.3673444717568,1,739.3780075639391,613.5346481193553,1
14,74,2.466666666666667,2.4740219116210938,0.4680509567260742,1788008896911821,1788008897276483328,392005,392006,1788008897276018688,1788008897284352512,0.05575740237448148,8.333921432495117,0.4646778106689453,1323.7488236796644,623.0611933691746,1,739.4682534318545,613.4751919051903,1
15,75,2.5,2.5074589252471924,0.5014879703521729,1788008896945258,1788008897309921536,392009,392010,1788008897309351936,1788008897317684736,0.06835479256080114,8.33272933959961,0.5695819854736328,1324.0566098120237,622.7302807390902,1,739.5220424778165,613.3754971268744,1
16,76,2.533333333333333,2.5408899784088135,0.534919023513794,1788008896978689,1788008897343353600,392013,392014,1788008897342684160,1788008897351016960,0.08031473533619457,8.33272933959961,0.6692409515380859,1324.2644451831025,622.4369332358641,1,739.5038349457384,613.3286565384805,1
17,77,2.566666666666667,2.5743279457092285,0.568356990814209,1788008897012127,1788008897376792576,392017,392018,1788008897376016384,1788008897384350208,0.09314833357173509,8.333921432495117,0.7762908935546875,1324.4206206081892,622.1410225026862,1,739.5090020980705,613.3477741845963,1
18,78,2.6,2.607757091522217,0.6017861366271973,1788008897045556,1788008897410223104,392021,392022,1788008897409349632,1788008897417682688,0.10480386827272467,8.332967758178711,0.8733272552490234,1324.5018142341519,622.0194843927935,1,739.5253951512389,613.0780475326658,1
19,79,2.6333333333333333,2.6411869525909424,0.6352159976959229,1788008897078986,1788008897443654144,392025,392026,1788008897442682112,1788008897451015680,0.11663901127195743,8.333683013916016,0.9720325469970703,1324.368515144119,622.0526291178094,1,739.3716612899146,613.1864679068059,1
20,80,2.6666666666666665,2.674617052078247,0.6686460971832275,1788008897112416,1788008897477085440,392029,392030,1788008897476015360,1788008897484348160,0.128412017167382,8.33272933959961,1.0700225830078125,1324.160697485634,622.2693024835479,1,739.2529117669987,613.3060917689303,1
21,81,2.7,2.7080459594726562,0.7020750045776367,1788008897145845,1788008897510515200,392033,392034,1788008897509347584,1788008897517680384,0.14011444921316166,8.33272933959961,1.1675357818603516,1323.7501681582062,622.3730692581207,1,738.8367907474983,613.4426359012289,1
22,82,2.7333333333333334,2.7414751052856445,0.735504150390625,1788008897179274,1788008897543945472,392037,392038,1788008897542679808,1788008897551013632,0.15188098984408524,8.333921432495117,1.2657642364501953,1323.2232027159312,622.2523651018214,1,738.4668729611445,613.5026699822535,1
23,83,2.7666666666666666,2.7749130725860596,0.76894211769104,1788008897212712,1788008897577384704,392041,392042,1788008897576013056,1788008897584345856,0.1646065808297568,8.33272933959961,1.371622085571289,1322.968340604927,622.0493221975496,1,738.0969411126066,613.5377449067162,1
24,84,2.8,2.80834698677063,0.8023760318756104,1788008897246146,1788008897610820096,392045,392046,1788008897609345536,1788008897617678080,0.17696709585121603,8.33272933959961,1.474618911743164,1322.8252713186398,621.5614786288604,1,737.5764392601793,613.1373157436329,1
25,85,2.8333333333333335,2.841771125793457,0.8358001708984375,1788008897279570,1788008897644245504,392049,392050,1788008897642677760,1788008897651011584,0.18810436573782685,8.333683013916016,1.5676021575927734,1322.898770579378,621.1320999984249,1,737.1345279154723,612.8657270881095,1
26,86,2.8666666666666667,2.8752081394195557,0.8692371845245361,1788008897313007,1788008897677683200,392053,392054,1788008897676010752,1788008897684343808,0.20068095333466854,8.332967758178711,1.6722679138183594,1323.103755214774,620.7639510544483,1,736.8841367994135,612.8814993299872,1
27,87,2.9,2.9086380004882812,0.9026670455932617,1788008897346437,1788008897711113728,392057,392058,1788008897709343232,1788008897717676288,0.2124688850104432,8.332967758178711,1.7704963684082031,1323.8170719780314,620.5363899540887,1,736.5745306066598,613.0622532752354,1
28,88,2.933333333333333,2.942068099975586,0.9360971450805664,1788008897379867,1788008897744544512,392061,392062,1788008897742675456,1788008897751009280,0.2242661784059049,8.333683013916016,1.8689632415771484,1324.4830415052083,620.3659088176626,1,736.5018737022498,613.5878002394626,1
29,89,2.966666666666667,2.9755051136016846,0.969534158706665,1788008897413304,1788008897777982720,392065,392066,1788008897776008960,1788008897784341504,0.2368812589413448,8.33272933959961,1.973867416381836,1324.9863837829607,620.246189580272,1,736.3792066120266,613.6888780941282,1
30,90,3.0,3.0089340209960938,1.0029630661010742,1788008897446733,1788008897811412480,392069,392070,1788008897809340928,1788008897817674752,0.24857674152481762,8.333921432495117,2.0716190338134766,1325.6494739576183,620.0169401577787,1,736.5125523856352,613.5207878365916,1
31,91,3.033333333333333,3.0423641204833984,1.036393165588379,1788008897480163,1788008897844843776,392073,392074,1788008897842674176,1788008897851007232,0.2603645103144402,8.332967758178711,2.1696090698242188,1326.4537591070073,619.82884781535,1,736.7313441731667,613.1886272564055,1
32,92,3.066666666666667,3.0757930278778076,1.069822072982788,1788008897513592,1788008897878274048,392077,392078,1788008897876005632,1788008897884338432,0.27221745350500715,8.33272933959961,2.2683143615722656,1327.301100014756,619.7711470200687,1,736.8529913579667,613.094611160833,1
33,93,3.1,3.1092231273651123,1.1032521724700928,1788008897547022,1788008897911705344,392081,392082,1788008897909338112,1788008897917671680,0.2840590490358757,8.333683013916016,2.367258071899414,1327.915359895842,619.709588672405,1,737.0071499635548,613.1232960036822,1
34,94,3.1333333333333333,3.142660140991211,1.1366891860961914,1788008897580459,1788008897945143808,392085,392086,1788008897942671104,1788008897951003904,0.29672970730451204,8.332967758178711,2.4726390838623047,1328.249418088269,619.6807779104029,1,736.9659452075632,612.8451584687381,1
35,95,3.1666666666666665,3.17608904838562,1.1701180934906006,1788008897613888,1788008897978573824,392089,392090,1788008897976003328,1788008897984336384,0.30846041601098684,8.332967758178711,2.5703907012939453,1328.3626706945367,619.7025459528337,1,736.8004984092628,612.4413559962412,1
36,96,3.2,3.209520101547241,1.2035491466522217,1788008897647319,1788008898012006144,392093,392094,1788008898009335808,1788008898017669376,0.3204211249070207,8.333683013916016,2.6702880859375,1328.3286335132866,619.7202042369082,1,736.5993644753306,612.1063043594776,1
37,97,3.2333333333333334,3.2429490089416504,1.2369780540466309,1788008897680748,1788008898045435904,392097,392098,1788008898042669056,1788008898051001856,0.33204577968526466,8.33272933959961,2.766847610473633,1328.336867850937,619.7196928635333,1,736.4021890360734,611.7919830203791,1
38,98,3.2666666666666666,3.276379108428955,1.2704081535339355,1788008897714178,1788008898078867200,392101,392102,1788008898076001280,1788008898084335104,0.34389929909884137,8.333921432495117,2.866029739379883,1328.4484183183033,619.6521599808312,1,736.365939667892,611.7344756333348,1
39,99,3.3,3.30981707572937,1.3038461208343506,1788008897747616,1788008898112306432,392105,392106,1788008898109334528,1788008898117667328,0.3566421561614832,8.332967758178711,2.9718875885009766,1328.4836895438627,619.641759036118,1,736.5298207245805,611.4579538276281,1
40,100,3.3333333333333335,3.343245029449463,1.3372740745544434,1788008897781044,1788008898145735424,392109,392110,1788008898142666752,1788008898150999552,0.3682689556509299,8.33272933959961,3.068685531616211,1328.482102058762,619.7927923535938,1,736.5728496378902,610.6693758091533,1
41,101,3.3666666666666667,3.3766751289367676,1.370704174041748,1788008897814474,1788008898179166720,392113,392114,1788008898175999232,1788008898184332800,0.38009955942095325,8.333683013916016,3.1676292419433594,1328.1842928610843,620.1131338418005,1,736.6100601467765,610.939498745231,1
42,102,3.4,3.4101040363311768,1.4041330814361572,1788008897847903,1788008898212596992,392117,392118,1788008898209332480,1788008898217665280,0.3917596566523605,8.33272933959961,3.2644271850585938,1327.8489271817025,620.3493372120404,1,737.0696552362022,611.1518412493432,1
43,103,3.433333333333333,3.443542003631592,1.4375710487365723,1788008897881341,1788008898246035968,392121,392122,1788008898242664448,1788008898250997504,0.40459500443478014,8.332967758178711,3.3714771270751953,1327.657362829119,620.357456532575,1,737.5436412596207,611.1019733270981,1
44,104,3.466666666666667,3.4769721031188965,1.471001148223877,1788008897914771,1788008898279467008,392125,392126,1788008898275996928,1788008898284330752,0.4163925046488342,8.333921432495117,3.470182418823242,1327.4774939279218,620.6168408860649,1,737.8663291229907,611.2269343962394,1
45,105,3.5,3.5104029178619385,1.504431962966919,1788008897948202,1788008898312899072,392129,392130,1788008898309330176,1788008898317662976,0.4282975679542203,8.33272933959961,3.568887710571289,1327.3307373228504,620.9603631018038,1,737.9308831938514,611.5395220039612,1
46,106,3.533333333333333,3.5438380241394043,1.5378670692443848,1788008897981637,1788008898346335488,392133,392134,1788008898342662656,1788008898350995200,0.4407725321888412,8.33272933959961,3.6728382110595703,1326.929363127558,620.7427050512412,1,737.8969313173623,611.5209657723207,1
47,107,3.566666666666667,3.5772690773010254,1.5712981224060059,1788008898015068,1788008898379767808,392137,392138,1788008898375994624,1788008898384328704,0.45275354026605635,8.333921432495117,3.773212432861328,1326.5275960308302,620.8305510950158,1,737.9586280367796,611.3968500291171,1
48,108,3.6,3.6106979846954346,1.604727029800415,1788008898048497,1788008898413198080,392141,392142,1788008898409327872,1788008898417660928,0.4644216188378015,8.332967758178711,3.8700103759765625,1326.3430633664232,621.0682716683834,1,737.9990936132556,611.3276983469431,1
49,109,3.6333333333333333,3.644127130508423,1.6381561756134033,1788008898081926,1788008898446628096,392145,392146,1788008898442660352,1788008898450994176,0.476097840080103,8.333921432495117,3.967761993408203,1326.0972818273042,621.1056701392796,1,737.8877704783949,610.6823581831736,1
50,110,3.6666666666666665,3.6775569915771484,1.671586036682129,1788008898115356,1788008898480059136,392149,392150,1788008898475993600,1788008898484326400,0.4878969957081545,8.33272933959961,4.065513610839844,1325.7899173802257,621.5799291693771,1,737.8562491734224,610.570623910599,1
51,111,3.7,3.710984945297241,1.7050139904022217,1788008898148784,1788008898513487872,392153,392154,1788008898509326080,1788008898517658624,0.49945636623748213,8.33272933959961,4.161834716796875,1325.898250924632,622.0383535097609,1,737.99460950504,610.6655274347655,1
52,112,3.7333333333333334,3.7444229125976562,1.7384519577026367,1788008898182222,1788008898546926592,392157,392158,1788008898542658048,1788008898550992128,0.5121727935917608,8.333921432495117,4.065513610839844,1326.0838119001992,622.1232543468892,1,738.1412604015895,610.7903885394236,1
53,113,3.7666666666666666,3.777853012084961,1.7718820571899414,1788008898215652,1788008898580357376,392161,392162,1788008898575991296,1788008898584324352,0.5239335069096736,8.332967758178711,3.9670467376708984,1326.0128337617102,622.6814501161876,1,738.2255420240858,611.0429868665075,1
54,114,3.8,3.8112831115722656,1.805312156677246,1788008898249082,1788008898613788672,392165,392166,1788008898609323776,1788008898617656576,0.5358226037195994,8.33272933959961,3.8678646087646484,1325.7307201134186,623.5609102575631,1,738.6109232954697,611.1824002817287,1
55,115,3.8333333333333335,3.8447201251983643,1.8387491703033447,1788008898282519,1788008898647227136,392169,392170,1788008898642656000,1788008898650989824,0.5484923041711964,8.333683013916016,3.7627220153808594,1325.7191759610225,622.906658981309,1,738.5990491004535,611.225022006419,1
56,116,3.8666666666666667,3.87814998626709,1.8721790313720703,1788008898315949,1788008898680658176,392173,392174,1788008898675989248,1788008898684322048,0.5602987038997453,8.332967758178711,3.6640167236328125,1325.5531145797165,622.996958340891,1,738.6504799868894,611.2879586341055,1
57,117,3.9,3.911579132080078,1.9056081771850586,1788008898349378,1788008898714088192,392177,392178,1788008898709321472,1788008898717654528,0.5720294126062201,8.332967758178711,3.566265106201172,1325.4993836764115,623.1924012482165,1,738.6942944989623,611.1295297303308,1
58,118,3.933333333333333,3.9450159072875977,1.9390449523925781,1788008898382815,1788008898747526144,392181,392182,1788008898742653952,1788008898750987520,0.5846541168392745,8.333683013916016,3.4613609313964844,1325.5947924033896,623.2041685454406,1,738.8337563856985,610.8423648066024,1
59,119,3.966666666666667,3.978445053100586,1.9724740982055664,1788008898416244,1788008898780956416,392185,392186,1788008898775987200,1788008898784320000,0.5963662374821173,8.33272933959961,3.363370895385742,1325.5300815861704,623.1107258370128,1,739.3722221794408,610.8614258215758,1
60,120,4.0,4.011882066726685,2.005911111831665,1788008898449681,1788008898814394624,392189,392190,1788008898809319168,1788008898817652224,0.6090812852278905,8.332967758178711,3.2575130462646484,1325.6497258199986,622.3316574939865,1,740.0680263387277,611.3536336219538,1
61,121,4.033333333333333,4.045310974121094,2.039340019226074,1788008898483110,1788008898847824896,392193,392194,1788008898842651648,1788008898850985472,0.6207409526534116,8.333921432495117,3.160715103149414,1325.6252822906185,622.0991863475369,1,740.7288097259864,611.3583927187343,1
62,122,4.066666666666666,4.078748941421509,2.0727779865264893,1788008898516548,1788008898881263872,392197,392198,1788008898875983872,1788008898884316672,0.6336480686695279,8.33272933959961,3.0527114868164062,1325.4674747542304,621.795668848662,1,741.174333716883,610.9673622050766,1
63,123,4.1,4.112185955047607,2.106215000152588,1788008898549985,1788008898914701824,392201,392202,1788008898909316352,1788008898917649920,0.6462493562968473,8.333683013916016,2.9480457305908203,1324.9759228579296,622.518901815225,1,741.2312477482594,610.321777734714,1
64,124,4.133333333333334,4.145622968673706,2.1396520137786865,1788008898583422,1788008898948140032,392205,392206,1788008898942649344,1788008898950982400,0.6589224914880834,8.332967758178711,2.8421878814697266,1324.4694654092484,623.1413305902729,1,741.2437981482949,609.9503477609845,1
65,125,4.166666666666667,4.179054021835327,2.1730830669403076,1788008898616853,1788008898981572352,392209,392210,1788008898975981824,1788008898984314624,0.6709107035564076,8.332967758178711,2.742290496826172,1323.9390628219692,624.2561834576723,1,741.3023195393097,610.1977946960712,1
66,126,4.2,4.212490081787109,2.20651912689209,1788008898650289,1788008899015009536,392213,392214,1788008899009314048,1788008899017647616,0.6834410940092693,8.333683013916016,2.638101577758789,1323.1880852466195,624.8357770461063,1,741.0888080447504,610.2819463650785,1
67,127,4.233333333333333,4.2459189891815186,2.239948034286499,1788008898683718,1788008899048439808,392217,392218,1788008899042647296,1788008899050980096,0.6951359084406294,8.33272933959961,2.5403499603271484,1322.5341442644578,625.5318488060872,1,740.8345987837015,610.6584686153733,1
68,128,4.266666666666667,4.27935791015625,2.2733869552612305,1788008898717157,1788008899081879808,392221,392222,1788008899075979520,1788008899084313344,0.7079959948505221,8.333921432495117,2.4335384368896484,1322.2714585902118,625.6702231792312,1,740.6813174693126,611.6891024768147,1
69,129,4.3,4.312793970108032,2.3068230152130127,1788008898750593,1788008899115316992,392225,392226,1788008899109312768,1788008899117645824,0.7205230179394009,8.332967758178711,2.3288726806640625,1322.1036708526135,626.243472958466,1,740.282861916883,612.4226071553252,1
70,130,4.333333333333333,4.346224069595337,2.3402531147003174,1788008898784023,1788008899148748032,392229,392230,1788008899142645248,1788008899150977792,0.73241773962804,8.33272933959961,2.2296905517578125,1322.3381275829825,626.4035263459956,1,739.8398672648692,613.1020067739682,1
71,131,4.366666666666666,4.3796610832214355,2.373690128326416,1788008898817460,1788008899182186240,392233,392234,1788008899175977472,1788008899184311040,0.7450363334668422,8.333683013916016,2.124786376953125,1321.9959810523421,626.9264779455066,1,739.1951590745737,613.6151443848482,1
72,132,4.4,4.413089990615845,2.407119035720825,1788008898850889,1788008899215616512,392237,392238,1788008899209310720,1788008899217643520,0.7567381974248927,8.33272933959961,2.0270347595214844,1322.3185689784223,627.5868629771063,1,738.3870729405369,614.1703575211557,1
73,133,4.433333333333334,4.446520090103149,2.44054913520813,1788008898884319,1788008899249047808,392241,392242,1788008899242642944,1788008899250975744,0.7686189236359474,8.332967758178711,1.928091049194336,1322.880772533333,628.0204123150854,1,737.6117308448461,614.8893562254314,1
74,134,4.466666666666667,4.479948997497559,2.473978042602539,1788008898917748,1788008899282477568,392245,392246,1788008899275975168,1788008899284309248,0.7802317265055071,8.333921432495117,1.8315315246582031,1323.4009319514455,627.9620551046959,1,736.9660549459628,615.2021117560669,1
75,135,4.5,4.513377904891968,2.5074069499969482,1788008898951177,1788008899315907840,392249,392250,1788008899309308416,1788008899317641216,0.7919599427753934,8.33272933959961,1.733541488647461,1323.892746886325,627.813313004624,1,736.4336939837672,615.2769174443886,1
76,136,4.533333333333333,4.5468080043792725,2.540837049484253,1788008898984607,1788008899349339136,392253,392254,1788008899342640896,1788008899350973696,0.8038340486409156,8.33272933959961,1.6345977783203125,1324.1650578382264,626.6583624810444,1,735.9166639499158,615.1764501284542,1
77,137,4.566666666666666,4.5802390575408936,2.574268102645874,1788008899018038,1788008899382771200,392257,392258,1788008899375972864,1788008899384306944,0.8157345158060363,8.333921432495117,1.535654067993164,1324.4212954596608,626.502784861605,1,735.3534047416265,615.2052171145085,1
78,138,4.6,4.613676071166992,2.6077051162719727,1788008899051475,1788008899416209664,392261,392262,1788008899409306368,1788008899417639168,0.8284455380389688,8.332967758178711,1.4295578002929688,1324.8371078958958,627.0321749076577,1,735.0165378127654,615.2611866644181,1
79,139,4.633333333333334,4.647104024887085,2.6411330699920654,1788008899084903,1788008899449638912,392265,392266,1788008899442638592,1788008899450971392,0.8400858369098713,8.33272933959961,1.3325214385986328,1325.5278972307424,628.267267014404,1,734.8593450551081,615.3156603174994,1
80,140,4.666666666666667,4.68053412437439,2.67456316947937,1788008899118333,1788008899483070208,392269,392270,1788008899475971072,1788008899484304640,0.851862447788522,8.333683013916016,1.2345314025878906,1325.8678799562167,629.1078199161483,1,734.8386588443179,615.66562830789,1
81,141,4.7,4.713963985443115,2.7079930305480957,1788008899151763,1788008899516500992,392273,392274,1788008899509304320,1788008899517637120,0.8636623748211731,8.33272933959961,1.1360645294189453,1325.9397566334767,629.7153151353647,1,734.9509355857125,616.0155695816305,1
82,142,4.733333333333333,4.747400999069214,2.7414300441741943,1788008899185200,1788008899549939200,392277,392278,1788008899542636288,1788008899550970368,0.8762694893434416,8.333921432495117,1.0311603546142578,1325.9150985850717,629.937867211401,1,735.0818707115492,616.0135719831791,1
83,143,4.766666666666667,4.780829906463623,2.7748589515686035,1788008899218629,1788008899583368960,392281,392282,1788008899575969792,1788008899584302592,0.8879574261108409,8.332967758178711,0.9336471557617188,1325.860288501996,630.3506937575926,1,735.1890879072232,616.2630932362223,1
84,144,4.8,4.814260005950928,2.808289051055908,1788008899252059,1788008899616800256,392285,392286,1788008899609302016,1788008899617634816,0.899856938483548,8.33272933959961,0.8344650268554688,1325.6091576739827,630.8251095592556,1,735.2865191381134,616.4936701732341,1
85,145,4.833333333333333,4.84769606590271,2.8417251110076904,1788008899285495,1788008899650237440,392289,392290,1788008899642634496,1788008899650968064,0.9123419351147222,8.333683013916016,0.7305145263671875,1325.4835411130343,631.0846576480643,1,735.340107065691,616.7003121367346,1
86,146,4.866666666666666,4.881127119064331,2.8751561641693115,1788008899318926,1788008899683669248,392293,392294,1788008899675967488,1788008899684300544,0.9242654001316128,8.332967758178711,0.6310939788818359,1325.5795101159435,631.5712345949693,1,735.3091859996042,616.6666287942647,1
87,147,4.9,4.914556980133057,2.908586025238037,1788008899352356,1788008899717100032,392297,392298,1788008899709299712,1788008899717632768,0.9360819432920374,8.332967758178711,0.5326271057128906,1325.843121231977,632.193553485524,1,735.167483371963,617.0080549811221,1
88,148,4.933333333333334,4.947993993759155,2.9420230388641357,1788008899385793,1788008899750537984,392301,392302,1788008899742632192,1788008899750965760,0.948646792927848,8.333683013916016,0.4279613494873047,1326.1288842625445,632.6071591115323,1,734.3561969334978,616.5867572276032,1
89,149,4.966666666666667,4.981425046920776,2.975454092025757,1788008899419224,1788008899783970048,392305,392306,1788008899775965440,1788008899784298240,0.9606294706723891,8.33272933959961,0.32806396484375,1326.4459633253769,632.89043528406,1,733.7060137692464,616.2655278655304,1
90,150,5.0,5.014853000640869,3.0088820457458496,1788008899452652,1788008899817399296,392309,392310,1788008899809297664,1788008899817630464,0.9722468598895597,8.332967758178711,0.23126602172851562,1326.4713698180158,632.4248355974536,1,733.1418311081766,615.7366436912985,1
91,151,5.033333333333333,5.048283100128174,3.0423121452331543,1788008899486082,1788008899850830336,392313,392314,1788008899842629888,1788008899850963712,0.9839794020883994,8.333921432495117,0.133514404296875,1326.5145817173166,632.2727984517796,1,732.5336451732834,615.3206159237156,1
92,152,5.066666666666666,5.081718921661377,3.0757479667663574,1788008899519518,1788008899884267264,392317,392318,1788008899875962368,1788008899884294912,0.9966809728183119,8.33272933959961,0.02765655517578125,1326.5723561951163,632.4365519272662,1,731.6193412162885,614.9221144208153,1
93,153,5.1,5.115148067474365,3.1091771125793457,1788008899552947,1788008899917697792,392322,392323,1788008899917628416,1788008899925961216,0.008325942033132099,8.332967758178711,0.06937980651855469,1326.8183687407864,632.4963963396234,1,730.7575682501332,614.3458139762193,1
94,154,5.133333333333334,5.148579120635986,3.142608165740967,1788008899586378,1788008899951129856,392326,392327,1788008899950960640,1788008899959293440,0.020314735336194562,8.33272933959961,0.16927719116210938,1326.6512477788363,632.4053123475561,1,729.9927176594929,613.8699957441307,1
95,155,5.166666666666667,5.182017087936401,3.176046133041382,1788008899619816,1788008899984569088,392330,392331,1788008899984292864,1788008899992626688,0.03312925559306517,8.333683013916016,0.2760887145996094,1326.6063962771386,632.2126873164673,1,729.4809037024972,613.4233446302649,1
96,156,5.2,5.215446949005127,3.2094759941101074,1788008899653246,1788008900017999872,392334,392335,1788008900017626112,1788008900025958912,0.044862807931103546,8.332967758178711,0.37384033203125,1326.5188620833417,632.0812657278104,1,729.1403779231415,613.3931674663667,1
97,157,5.233333333333333,5.248875141143799,3.2429041862487793,1788008899686674,1788008900051429376,392338,392339,1788008900050958336,1788008900059291392,0.05650768218362851,8.332967758178711,0.47087669372558594,1326.5147001202802,632.2097688564876,1,728.8910240630563,613.2537197309962,1
98,158,5.266666666666667,5.28231406211853,3.2763431072235107,1788008899720113,1788008900084869376,392342,392343,1788008900084290816,1788008900092624384,0.06943411340619099,8.333683013916016,0.5786418914794922,1326.4170117204687,632.304106200989,1,728.717574144089,613.2782334506337,1
99,159,5.3,5.315741062164307,3.309770107269287,1788008899753540,1788008900118297600,392346,392347,1788008900117624064,1788008900125956864,0.08082975679542204,8.33272933959961,0.6735324859619141,1326.2357735537437,632.4264462675571,1,728.6422973712266,613.3460418380358,1
100,160,5.333333333333333,5.349169969558716,3.3431990146636963,1788008899786969,1788008900151727616,392350,392351,1788008900150956032,1788008900159290112,0.09257616936060649,8.333921432495117,0.7715225219726562,1326.2306409199343,632.4122529552182,1,728.5498464544096,613.5425139056726,1
101,161,5.366666666666666,5.382607936859131,3.3766369819641113,1788008899820407,1788008900185166848,392354,392355,1788008900184289536,1788008900192622336,0.10529026351177363,8.332967758178711,0.87738037109375,1326.1137437303573,632.2579526337614,1,728.476652319659,613.7247255700183,1
102,162,5.4,5.4160380363464355,3.410067081451416,1788008899853837,1788008900218598144,392358,392359,1788008900217621760,1788008900225954560,0.11716738197424893,8.33272933959961,0.9763240814208984,1326.1989360090545,632.0806003713267,1,728.5156043191571,613.8041751433879,1
103,163,5.433333333333334,5.449476003646851,3.443505048751831,1788008899887275,1788008900252037376,392362,392363,1788008900250954240,1788008900259287808,0.12997081879041025,8.333683013916016,1.0831356048583984,1326.3834167141945,631.831045830714,1,728.5138297481924,613.6818448368905,1
104,164,5.466666666666667,5.482906103134155,3.4769351482391357,1788008899920705,1788008900285468672,392366,392367,1788008900284287488,1788008900292620288,0.1417453505007153,8.33272933959961,1.1811256408691406,1326.8447066034842,631.4729331692794,1,728.448496862756,613.5994395586682,1
105,165,5.5,5.516340017318726,3.510369062423706,1788008899954139,1788008900318903808,392370,392371,1788008900317619456,1788008900325952512,0.15413006780921862,8.332967758178711,1.2843608856201172,1327.346433109271,631.5944457424324,1,728.4134388830653,613.4560622352394,1
106,166,5.533333333333333,5.549772024154663,3.5438010692596436,1788008899987571,1788008900352337152,392374,392375,1788008900350951936,1788008900359285760,0.16621370333285654,8.333921432495117,1.3852119445800781,1327.6791940690123,631.7886515862635,1,728.404265106419,613.0579647790788,1
107,167,5.566666666666666,5.583209037780762,3.577238082885742,1788008900021008,1788008900385775104,392378,392379,1788008900384285184,1788008900392617984,0.17879828326180258,8.33272933959961,1.489877700805664,1327.4309588793665,631.1564051343358,1,728.4919759261932,612.8729713572313,1
108,168,5.6,5.616637945175171,3.6106669902801514,1788008900054437,1788008900419204864,392382,392383,1788008900417617664,1788008900425950208,0.19050071530758225,8.33272933959961,1.5873908996582031,1327.9090758283928,630.4377448945006,1,728.6037742459644,612.7914463386558,1
109,169,5.633333333333334,5.6500749588012695,3.64410400390625,1788008900087874,1788008900452643072,392386,392387,1788008900450949632,1788008900459283712,0.20320411958232013,8.333921432495117,1.6934871673583984,1328.3225088649563,629.8736675191722,1,728.7796263860636,612.9565040860864,1
110,170,5.666666666666667,5.683505058288574,3.6775341033935547,1788008900121304,1788008900486074112,392390,392391,1788008900484282880,1788008900492615936,0.21495808417498785,8.332967758178711,1.791238784790039,1328.7456820733462,629.4341635589014,1,728.939297406381,613.0916665626759,1
111,171,5.7,5.7169411182403564,3.710970163345337,1788008900154740,1788008900519511040,392394,392395,1788008900517615360,1788008900525948160,0.2274964234620887,8.33272933959961,1.8956661224365234,1328.585924964435,629.2092288359986,1,729.1877864944771,612.8816078462811,1
112,172,5.733333333333333,5.7503790855407715,3.744408130645752,1788008900188178,1788008900552950016,392398,392399,1788008900550948608,1788008900559281408,0.2401716738197425,8.33272933959961,2.0012855529785156,1328.4214842303727,629.457938827713,1,729.3488599546938,612.1702743016947,1
113,173,5.766666666666667,5.7838170528411865,3.777846097946167,1788008900221616,1788008900586388480,392402,392403,1788008900584281088,1788008900592613632,0.25293276108726753,8.33272933959961,2.1076202392578125,1327.96893002866,629.67509427496,1,729.4890424167057,612.0043898397556,1
114,174,5.8,5.817245006561279,3.8112740516662598,1788008900255044,1788008900619819264,392406,392407,1788008900617613056,1788008900625946880,0.26471177227864395,8.333921432495117,2.206087112426758,1327.5047776180404,629.5870514755346,1,729.6802193428678,612.1913069832624,1
115,175,5.833333333333333,5.850682020187378,3.8447110652923584,1788008900288481,1788008900653256960,392410,392411,1788008900650946304,1788008900659279360,0.27727389774255384,8.332967758178711,2.310514450073242,1327.2862106749183,629.314189277122,1,729.8233603826415,612.1273527457738,1
116,176,5.866666666666666,5.884113073348999,3.8781421184539795,1788008900321912,1788008900686689024,392414,392415,1788008900684278784,1788008900692611328,0.289241773962804,8.33272933959961,2.4101734161376953,1326.6097509916794,629.317828162143,1,730.009982647879,612.1872482950157,1
117,177,5.9,5.917550086975098,3.911579132080078,1788008900355349,1788008900720126720,392418,392419,1788008900717611008,1788008900725944832,0.3018538650798192,8.333683013916016,2.515554428100586,1326.1625031348283,629.4379466325151,1,730.4102907650037,612.3636465878428,1
118,178,5.933333333333334,5.950984954833984,3.945013999938965,1788008900388784,1788008900753562368,392422,392423,1788008900750944256,1788008900759277056,0.31421132442562444,8.332967758178711,2.6183128356933594,1325.909941332906,629.5915852644453,1,730.5360493398206,612.012818536682,1
119,179,5.966666666666667,5.984422922134399,3.97845196723938,1788008900422222,1788008900787001600,392426,392427,1788008900784276480,1788008900792609536,0.3270292695487969,8.332967758178711,2.7251243591308594,1325.6186190560852,629.4947855521018,1,730.5316022027475,611.8134956260857,1
120,180,6.0,6.017853021621704,4.011882066726685,1788008900455652,1788008900820432640,392430,392431,1788008900817608960,1788008900825942528,0.33884533958917434,8.333683013916016,2.8238296508789062,1325.2991631736568,629.4766106970573,1,730.4840209705178,611.7194421645625,1
121,181,6.033333333333333,6.051290035247803,4.045319080352783,1788008900489089,1788008900853870848,392434,392435,1788008900850942208,1788008900859274752,0.3514735336194564,8.33272933959961,2.9287338256835938,1324.9438593766483,629.4737861117279,1,730.6633905920314,611.7549236271543,1
122,182,6.066666666666666,6.084728002548218,4.078757047653198,1788008900522527,1788008900887310336,392438,392439,1788008900884273408,1788008900892607232,0.36441138606780143,8.333921432495117,3.036975860595703,1324.5421513061394,629.5391365080364,1,730.8944435660214,611.7627186905388,1
123,183,6.1,6.118165016174316,4.112194061279297,1788008900555964,1788008900920748800,392442,392443,1788008900917606656,1788008900925939456,0.3770707562015393,8.332967758178711,3.142118453979492,1324.3866799958246,629.4253353799721,1,731.1228620650467,611.4637887309179,1
124,184,6.133333333333334,6.151601076126099,4.145630121231079,1788008900589400,1788008900954185728,392446,392447,1788008900950938880,1788008900959271680,0.38964234620886984,8.33272933959961,3.246784210205078,1324.390963492071,629.2292383747567,1,731.3564870598076,611.117979953331,1
125,185,6.166666666666667,6.185039043426514,4.179068088531494,1788008900622838,1788008900987624960,392450,392451,1788008900984271360,1788008900992604928,0.40241460204840646,8.333683013916016,3.353595733642578,1324.5318952142345,629.1195088207153,1,731.6220420348127,611.0954146254198,1
126,186,6.2,6.2184739112854,4.212502956390381,1788008900656273,1788008901021060608,392454,392455,1788008901017604352,1788008901025937408,0.41478069297015824,8.332967758178711,3.4563541412353516,1324.7400456961705,628.894045327051,1,731.8605715890932,611.2338844756172,1
127,187,6.233333333333333,6.2519121170043945,4.245941162109375,1788008900689711,1788008901054499840,392458,392459,1788008901050936576,1788008901059269632,0.42759863809333065,8.332967758178711,3.5631656646728516,1324.984429123931,628.8682629382022,1,732.1675503150768,611.4818948699127,1
128,188,6.266666666666667,6.285349130630493,4.279378175735474,1788008900723148,1788008901087938048,392462,392463,1788008901084269056,1788008901092602624,0.4402643474280483,8.333683013916016,3.6690235137939453,1325.2622022107548,629.1933842389992,1,732.316249224933,611.5657649228087,1
129,189,6.3,6.318785905838013,4.312814950942993,1788008900756585,1788008901121376000,392466,392467,1788008901117602304,1788008901125935104,0.4528755364806867,8.33272933959961,3.7736892700195312,1325.546621691039,629.2264903211976,1,732.4874523234009,611.5513333311787,1
130,190,6.333333333333333,6.352222919464111,4.346251964569092,1788008900790022,1788008901154814208,392470,392471,1788008901150934528,1788008901159267328,0.46559468970844897,8.332967758178711,3.8797855377197266,1325.828441256502,629.2482241428577,1,732.6227109800627,611.5228826781338,1
131,191,6.366666666666666,6.3856611251831055,4.379690170288086,1788008900823460,1788008901188253952,392474,392475,1788008901184267776,1788008901192600832,0.47835541186232156,8.332967758178711,3.9861202239990234,1325.933759750766,629.2341984794945,1,732.6773473525506,611.5479390380603,1
132,192,6.4,6.419095993041992,4.413125038146973,1788008900856895,1788008901221689856,392478,392479,1788008901217600000,1788008901225932800,0.49081545064377685,8.33272933959961,4.089832305908203,1325.9764005632458,629.1531778984271,1,732.689870974661,611.6645770331987,1
133,193,6.433333333333334,6.452533960342407,4.446563005447388,1788008900890333,1788008901255129088,392482,392483,1788008901250932480,1788008901259266048,0.5035761286261944,8.333683013916016,4.1370391845703125,1326.0251592605412,629.0945706769172,1,732.5462222190733,611.8318380278487,1
134,194,6.466666666666667,6.485971927642822,4.480000972747803,1788008900923771,1788008901288568320,392486,392487,1788008901284265728,1788008901292598528,0.5163376251788269,8.33272933959961,4.0302276611328125,1326.1058524732807,628.8565276081148,1,732.3844540945192,611.6793740389754,1
135,195,6.5,6.519408941268921,4.513437986373901,1788008900957208,1788008901322006272,392490,392491,1788008901317597952,1788008901325930752,0.5290263511773626,8.332967758178711,3.9246082305908203,1326.3444572810963,628.4371980455277,1,732.193718778969,611.2636498389261,1
136,196,6.533333333333333,6.552838087081909,4.54686713218689,1788008900990637,1788008901355436544,392494,392495,1788008901350930176,1788008901359264256,0.5407237877270776,8.333921432495117,3.8275718688964844,1326.5521097973995,627.9983178196842,1,731.9367921797913,610.7495890174059,1
137,197,6.566666666666666,6.586276054382324,4.580305099487305,1788008901024075,1788008901388876032,392498,392499,1788008901384263424,1788008901392596224,0.5535336194563663,8.33272933959961,3.7202835083007812,1326.950080328608,626.8597887671115,1,731.6048983838667,610.0165403599777,1
138,198,6.6,6.6197121143341064,4.613741159439087,1788008901057511,1788008901422313216,392502,392503,1788008901417595904,1788008901425928704,0.5661230329041488,8.33272933959961,3.6153793334960938,1327.4072152132753,625.6814698012562,1,731.18783847483,609.3686247054283,1
139,199,6.633333333333334,6.653141021728516,4.647170066833496,1788008901090940,1788008901455742976,392506,392507,1788008901450927872,1788008901459261952,0.5777714203976542,8.333921432495117,3.518819808959961,1327.3652551980047,624.8294992165444,1,730.9209772255099,608.7894008481364,1
140,200,6.666666666666667,6.686578035354614,4.680607080459595,1788008901124377,1788008901489180928,392510,392511,1788008901484261376,1788008901492594176,0.5903979857514806,8.332967758178711,3.4132003784179688,1327.564580207507,623.8242590997183,1,730.807649845983,608.4877583865821,1
141,201,6.7,6.720009088516235,4.714038133621216,1788008901157808,1788008901522612992,392514,392515,1788008901517593600,1788008901525926400,0.6023748211731045,8.33272933959961,3.313302993774414,1327.8332148952181,623.1022590690991,1,730.7601797947372,608.4031708640313,1
142,202,6.733333333333333,6.7534449100494385,4.747473955154419,1788008901191244,1788008901556049920,392518,392519,1788008901550926080,1788008901559259648,0.6148366424443554,8.333683013916016,3.209829330444336,1328.3537561098485,623.0822607187424,1,730.9831623353635,608.209037780332,1
143,203,6.766666666666667,6.786875009536743,4.780904054641724,1788008901224674,1788008901589480704,392522,392523,1788008901584259328,1788008901592592128,0.6266094420600858,8.33272933959961,3.1113624572753906,1328.3699306027547,623.0999706433189,1,730.9845186117288,607.8401296322969,1
144,204,6.8,6.820312976837158,4.814342021942139,1788008901258112,1788008901622919680,392526,392527,1788008901617591296,1788008901625925376,0.6393362895150908,8.333921432495117,3.0057430267333984,1327.457266127671,623.0321150360264,1,731.1313823788993,607.5935524128391,1
145,205,6.833333333333333,6.8537421226501465,4.847771167755127,1788008901291541,1788008901656349952,392530,392531,1788008901650924800,1788008901659257600,0.6510543332093502,8.332967758178711,2.9077529907226562,1326.5093705970705,623.4677868698002,1,731.2146950530052,607.6731773949583,1
146,206,6.866666666666666,6.887179136276245,4.881208181381226,1788008901324978,1788008901689788160,392534,392535,1788008901684257024,1788008901692589824,0.6637768240343348,8.33272933959961,2.801656723022461,1325.3680729987739,623.9382669740055,1,731.301559969085,607.952118582137,1
147,207,6.9,6.920608043670654,4.914637088775635,1788008901358407,1788008901723218432,392538,392539,1788008901717589504,1788008901725923072,0.6754591749156034,8.333683013916016,2.704620361328125,1324.3603088964442,624.6057000127112,1,731.5199496399026,608.3433829830046,1
148,208,6.933333333333334,6.954035997390747,4.9480650424957275,1788008901391835,1788008901756647680,392542,392543,1788008901750922496,1788008901759255296,0.6870475808989729,8.332967758178711,2.6078224182128906,1323.2459347492616,625.439442445755,1,731.7878312859959,608.6619530733312,1
149,209,6.966666666666667,6.987473964691162,4.981503009796143,1788008901425273,1788008901790086656,392546,392547,1788008901784254720,1788008901792587776,0.6998655260221452,8.332967758178711,2.5010108947753906,1322.2649188472433,626.0726763719599,1,732.3190836001861,609.0643761164079,1
150,210,7.0,7.020905017852783,5.014934062957764,1788008901458704,1788008901823518720,392550,392551,1788008901817587200,1788008901825920768,0.7117640327287292,8.333683013916016,2.402067184448242,1321.3571569204416,626.7784280564564,1,732.6517627760718,609.5531373119292,1
151,211,7.033333333333333,7.054342031478882,5.048371076583862,1788008901492141,1788008901856956928,392554,392555,1788008901850920448,1788008901859253248,0.7244349070100143,8.33272933959961,2.2962093353271484,1320.4841230611355,627.1449856613316,1,732.8590270657539,610.1368425246787,1
152,212,7.066666666666666,7.0877721309661865,5.081801176071167,1788008901525571,1788008901890387968,392558,392559,1788008901884251648,1788008901892585472,0.7363181233013875,8.333921432495117,2.1975040435791016,1319.9098786826473,627.8998012083604,1,733.0299105126936,610.6808634852034,1
153,213,7.1,7.12120795249939,5.11523699760437,1788008901559007,1788008901923825152,392562,392563,1788008901917584896,1788008901925917952,0.74884838774284,8.332967758178711,2.0928382873535156,1319.7211458159975,628.7897925157985,1,733.0608023598427,611.0522673068035,1
154,214,7.133333333333334,7.154645919799805,5.148674964904785,1788008901592445,1788008901957264128,392566,392567,1788008901950917120,1788008901959249920,0.7616881258941345,8.33272933959961,1.985788345336914,1319.488265944332,629.485673239115,1,733.178678819682,611.7756130804859,1
155,215,7.166666666666667,7.188076019287109,5.18210506439209,1788008901625875,1788008901990695424,392570,392571,1788008901984249600,1788008901992583168,0.7734737083023402,8.333683013916016,1.8877983093261719,1319.272885839986,630.4947613236425,1,733.3549349149819,612.459123078229,1
156,216,7.2,7.221511125564575,5.215540170669556,1788008901659310,1788008902024131840,392574,392575,1788008902017582848,1788008902025915648,0.7859227467811158,8.33272933959961,1.7838478088378906,1319.0215701070117,631.2670396143906,1,733.6385862273369,613.1691573208183,1
157,217,7.233333333333333,7.254941940307617,5.248970985412598,1788008901692741,1788008902057563904,392578,392579,1788008902050915072,1788008902059247872,0.7978884724328346,8.332967758178711,1.6841888427734375,1318.799985536408,632.363597859901,1,733.9788348245606,614.0759894413507,1
158,218,7.266666666666667,7.288378953933716,5.282407999038696,1788008901726178,1788008902091002112,392582,392583,1788008902084247296,1788008902092581120,0.8105224008697145,8.333683013916016,1.5790462493896484,1318.632670853724,632.7502760891819,1,734.1537391201514,614.8985702310242,1
159,219,7.3,7.3218090534210205,5.315838098526001,1788008901759608,1788008902124433152,392586,392587,1788008902117580544,1788008902125913344,0.8223748211731045,8.33272933959961,1.4801025390625,1318.0240545550585,633.3678395630504,1,734.3182408789256,615.5541049977621,1
160,220,7.333333333333333,7.355246067047119,5.3492751121521,1788008901793045,1788008902157871360,392590,392591,1788008902150913024,1788008902159245824,0.8350786838340486,8.33272933959961,1.3742446899414062,1317.6695345501446,633.9891596736915,1,734.328771644914,616.2659864316654,1
161,221,7.366666666666666,7.388683080673218,5.382712125778198,1788008901826482,1788008902191309568,392594,392595,1788008902184244992,1788008902192579072,0.8476898869975683,8.333921432495117,1.2693405151367188,1317.7573039961017,634.7317689970301,1,734.2916040098021,617.3014538825026,1
162,222,7.4,7.422111988067627,5.416141033172607,1788008901859911,1788008902224739840,392598,392599,1788008902217578496,1788008902225911040,0.8594277539341917,8.33272933959961,1.1713504791259766,1318.0275368465298,635.0470878479796,1,734.2986111385792,618.1381379576103,1
163,223,7.433333333333334,7.455542087554932,5.449571132659912,1788008901893341,1788008902258170880,392602,392603,1788008902250910720,1788008902259244544,0.8711735423699719,8.333683013916016,1.073598861694336,1318.3194950088014,635.2429737216833,1,734.308495676318,618.6397327913951,1
164,224,7.466666666666667,7.488977909088135,5.483006954193115,1788008901926777,1788008902291607808,392606,392607,1788008902284243968,1788008902292576768,0.8837195994277539,8.33272933959961,0.96893310546875,1318.4184017533219,635.1375531172419,1,734.320428249649,618.9761294378835,1
165,225,7.5,7.522414922714233,5.516443967819214,1788008901960214,1788008902325046016,392610,392611,1788008902317576192,1788008902325909248,0.8964264255672226,8.332967758178711,0.8630752563476562,1318.6572974135581,635.0499398684284,1,734.4606703251022,618.9867561526831,1
166,226,7.533333333333333,7.555844068527222,5.549873113632202,1788008901993643,1788008902358476288,392614,392615,1788008902350908416,1788008902359242496,0.9080818194821914,8.333921432495117,0.7660388946533203,1319.0372989550701,635.0457263035983,1,734.6024512419808,618.7509983710862,1
167,227,7.566666666666666,7.589282989501953,5.583312034606934,1788008902027082,1788008902391916800,392618,392619,1788008902384241920,1788008902392574464,0.9210586552217453,8.33272933959961,0.6577968597412109,1319.522819550865,635.0180721296739,1,734.8345835767241,618.4698444969245,1
168,228,7.6,7.622720003128052,5.616749048233032,1788008902060519,1788008902425355008,392622,392623,1788008902417574144,1788008902425906944,0.9337625178826896,8.33272933959961,0.5519390106201172,1319.779479768054,634.8533986394203,1,735.0025008891324,618.3150295363454,1
169,229,7.633333333333334,7.656157970428467,5.650187015533447,1788008902093957,1788008902458793728,392626,392627,1788008902450906368,1788008902459240192,0.9464168216278072,8.333921432495117,0.44655799865722656,1319.8529323172904,634.3422018064958,1,735.0913216529931,618.013404168575,1
170,230,7.666666666666667,7.689587116241455,5.6836161613464355,1788008902127386,1788008902492223232,392630,392631,1788008902484239616,1788008902492572672,0.9580841749878402,8.332967758178711,0.34928321838378906,1320.2333748714843,634.2567886516476,1,735.0172975681785,617.3905343597662,1
171,231,7.7,7.723022937774658,5.717051982879639,1788008902160822,1788008902525659904,392634,392635,1788008902517571840,1788008902525904640,0.9706151645207439,8.33272933959961,0.2448558807373047,1320.5449585028673,634.3116494516927,1,734.9857235861159,616.991526369184,1
172,232,7.733333333333333,7.756459951400757,5.750488996505737,1788008902194259,1788008902559098368,392638,392639,1788008902550904320,1788008902559237888,0.9832351090004006,8.333683013916016,0.13971328735351562,1320.7968637292697,634.0956603977568,1,735.0062723296219,616.8965955345935,1
173,233,7.766666666666667,7.789889097213745,5.783918142318726,1788008902227688,1788008902592528640,392642,392643,1788008902584237568,1788008902592570368,0.9949928469241774,8.33272933959961,0.04172325134277344,1321.0227574514674,634.1658077754854,1,734.9842675737759,616.7763613187565,1
174,234,7.8,7.823326110839844,5.817355155944824,1788008902261125,1788008902625966592,392647,392648,1788008902625902592,1788008902634236416,0.0076672197745608515,8.333683013916016,0.06389617919921875,1321.2002321123327,634.2400811219397,1,734.8548230472295,616.554537763218,1
175,235,7.833333333333333,7.856764078140259,5.850793123245239,1788008902294563,1788008902659405568,392651,392652,1788008902659235840,1788008902667568640,0.02034334763948498,8.33272933959961,0.16951560974121094,1321.2721646291243,634.1675904250158,1,734.9280360872559,616.4180112978067,1
176,236,7.866666666666666,7.890201091766357,5.884230136871338,1788008902328000,1788008902692844032,392655,392656,1788008902692568064,1788008902700901888,0.033099699613789155,8.333921432495117,0.2758502960205078,1321.252561989108,633.9196507604704,1,735.0369329323776,616.409720045882,1
177,237,7.9,7.923630952835083,5.9176599979400635,1788008902361430,1788008902726275072,392659,392660,1788008902725901312,1788008902734234368,0.0448341964464536,8.332967758178711,0.37360191345214844,1321.242043405306,633.7716383427738,1,735.0141658100715,616.3675605768867,1
178,238,7.933333333333334,7.957067966461182,5.951097011566162,1788008902394867,1788008902759713280,392663,392664,1788008902759233792,1788008902767566336,0.05753934191702432,8.33272933959961,0.4794597625732422,1321.216227304016,633.6982410744841,1,734.8282488700736,616.2809077519437,1
179,239,7.966666666666667,7.990498065948486,5.984527111053467,1788008902428297,1788008902793144576,392667,392668,1788008902792566016,1788008902800899840,0.06940550437718143,8.333683013916016,0.5784034729003906,1321.2879700921,633.6778849026948,1,734.8439468164507,616.194914734211,1
180,240,8.0,8.023935079574585,6.017964124679565,1788008902461734,1788008902826582784,392671,392672,1788008902825899008,1788008902834232064,0.08202912649137364,8.332967758178711,0.6835460662841797,1321.5439298520305,633.982481663915,1,734.9332404858822,616.2798024723922,1
181,241,8.033333333333333,8.057372093200684,6.051401138305664,1788008902495171,1788008902860020992,392675,392676,1788008902859231488,1788008902867564544,0.09473262567594633,8.332967758178711,0.7894039154052734,1321.8719251592008,634.2080144471707,1,735.0544318118974,616.4995640182956,1
182,242,8.066666666666666,8.090800046920776,6.084829092025757,1788008902528599,1788008902893449728,392679,392680,1788008902892563712,1788008902900896512,0.10632331902718169,8.33272933959961,0.8859634399414062,1322.101190480405,634.3690630174137,1,735.1591470751214,616.6946876918937,1
183,243,8.1,8.124237060546875,6.1182661056518555,1788008902562036,1788008902926887936,392683,392684,1788008902925896192,1788008902934228992,0.1190271816881259,8.33272933959961,0.9918212890625,1322.2283672488838,634.5045545555258,1,735.2046507865346,616.8088688950806,1
184,244,8.133333333333333,8.157665967941284,6.151695013046265,1788008902595465,1788008902960318208,392687,392688,1788008902959228160,1788008902967562240,0.13076813045344013,8.333921432495117,1.0898113250732422,1322.3301497745515,634.5712650795692,1,735.2708703406017,616.946769267386,1
185,245,8.166666666666666,8.191106081008911,6.185135126113892,1788008902628905,1788008902993759488,392691,392692,1788008902992561664,1788008903000894464,0.14374409888129094,8.332967758178711,1.19781494140625,1322.4886501112214,634.4988075638304,1,735.3474306312053,617.2243399304451,1
186,246,8.2,8.224534034729004,6.218563079833984,1788008902662333,1788008903027188224,392695,392696,1788008903025893888,1788008903034226688,0.15533619456366238,8.33272933959961,1.2943744659423828,1322.6539081886117,634.4028858264645,1,735.4077995542015,617.5297282123724,1
187,247,8.233333333333333,8.257971048355103,6.252000093460083,1788008902695770,1788008903060626432,392699,392700,1788008903059226368,1788008903067559936,0.16802082737311896,8.333683013916016,1.4002323150634766,1322.7606541326188,634.3620478545581,1,735.4692545213602,617.717546494985,1
188,248,8.266666666666667,8.291400909423828,6.285429954528809,1788008902729200,1788008903094057472,392703,392704,1788008903092559360,1788008903100892416,0.17979456954021344,8.332967758178711,1.4982223510742188,1322.8750635158553,634.2066532144213,1,735.5196313127586,617.8708963856668,1
189,249,8.3,8.324839115142822,6.318868160247803,1788008902762638,1788008903127496960,392707,392708,1788008903125891584,1788008903134224640,0.19264112614803583,8.332967758178711,1.6052722930908203,1323.029384943414,634.1158145858572,1,735.4948400499804,617.732519288154,1
190,250,8.333333333333334,8.358268022537231,6.352297067642212,1788008902796067,1788008903160926976,392711,392712,1788008903159224064,1788008903167557632,0.20435429421525433,8.333683013916016,1.703023910522461,1323.0732916779361,633.9981677221783,1,735.3471900755118,617.362807349712,1
191,251,8.366666666666667,8.39170503616333,6.3857340812683105,1788008902829504,1788008903194365184,392715,392716,1788008903192557312,1788008903200890112,0.216967095851216,8.33272933959961,1.8079280853271484,1323.1548994846212,633.8787844325956,1,735.1539029940118,617.1287949385646,1
192,252,8.4,8.425135135650635,6.419164180755615,1788008902862934,1788008903227796480,392719,392720,1788008903225889792,1788008903234222336,0.2288412017167382,8.33272933959961,1.9068717956542969,1323.1513253500575,633.7444184705276,1,734.964035339685,616.8536407522618,1
193,253,8.433333333333334,8.458563089370728,6.452592134475708,1788008902896362,1788008903261225728,392723,392724,1788008903259222784,1788008903267555840,0.24036508254413322,8.332967758178711,2.0029544830322266,1323.1613486052443,633.3705490057092,1,734.7198266557031,617.1141036217226,1
194,254,8.466666666666667,8.49199891090393,6.486027956008911,1788008902929798,1788008903294662656,392727,392728,1788008903292555008,1788008903300887808,0.25293276108726753,8.33272933959961,2.1076202392578125,1323.377583835077,633.2142678087619,1,734.4018734907092,617.5264424210999,1
195,255,8.5,8.525437116622925,6.519466161727905,1788008902963236,1788008903328102144,392731,392732,1788008903325887488,1788008903334221056,0.26574927046976027,8.333683013916016,2.214670181274414,1324.067117319845,633.8668564802019,1,734.191530574842,618.0084807774228,1
196,256,8.533333333333333,8.55886697769165,6.552896022796631,1788008902996666,1788008903361532928,392735,392736,1788008903359220736,1788008903367553536,0.2774821173104435,8.33272933959961,2.312183380126953,1324.624984340997,633.5591695997234,1,734.0343382083504,618.2779532898728,1
197,257,8.566666666666666,8.592306137084961,6.586335182189941,1788008903030105,1788008903394973184,392739,392740,1788008903392552960,1788008903400885760,0.2904637921661755,8.332967758178711,2.4204254150390625,1325.819598230948,633.9188571607189,1,733.5843378653673,618.5114933166769,1
198,258,8.6,8.625741958618164,6.6197710037231445,1788008903063541,1788008903428409856,392743,392744,1788008903425885184,1788008903434219008,0.302932341582034,8.333921432495117,2.5246143341064453,1326.893957639451,634.3166799481564,1,733.1897753337724,618.625639414602,1
199,259,8.633333333333333,8.659172058105469,6.653201103210449,1788008903096971,1788008903461840896,392747,392748,1788008903459218432,1788008903467551232,0.31470672389127324,8.33272933959961,2.622365951538086,1327.4268771063075,634.6266961512306,1,732.9969315611335,618.6750114574254,1
200,260,8.666666666666666,8.692609071731567,6.686638116836548,1788008903130408,1788008903495278592,392751,392752,1788008903492550912,1788008903500883456,0.32735336194563663,8.33272933959961,2.7277469635009766,1328.0688492792501,634.857522247862,1,732.8494455825648,618.5616547409037,1
201,261,8.7,8.726038932800293,6.720067977905273,1788008903163838,1788008903528709632,392755,392756,1788008903525882880,1788008903534216960,0.33917894435703044,8.333921432495117,2.826690673828125,1328.6703006200316,635.468014834188,1,732.7251404456338,618.7041913699043,1
202,262,8.733333333333333,8.75947904586792,6.7535080909729,1788008903197278,1788008903562150912,392759,392760,1788008903559216384,1788008903567549184,0.3521787645560928,8.332967758178711,2.934694290161133,1329.2590229081527,635.7658704184338,1,732.823835837269,618.5298274911218,1
203,263,8.766666666666667,8.792904138565063,6.786933183670044,1788008903230703,1788008903595577088,392763,392764,1788008903592548608,1788008903600881408,0.3634334763948498,8.33272933959961,3.028392791748047,1329.975952147141,635.8894967826797,1,732.6279485945188,618.8734988720511,1
204,264,8.8,8.826333999633789,6.8203630447387695,1788008903264133,1788008903629008128,392767,392768,1788008903625880832,1788008903634214656,0.37523602448932886,8.333683013916016,3.1270980834960938,1330.4819905014813,635.828350531606,1,732.374671207523,619.1512187653512,1
205,265,8.833333333333334,8.859764099121094,6.853793144226074,1788008903297563,1788008903662439424,392771,392772,1788008903659214336,1788008903667546880,0.38703862660944205,8.33272933959961,3.225088119506836,1330.758288061128,636.2635250830388,1,731.855496554907,619.3612016396439,1
206,266,8.866666666666667,8.893193006515503,6.887222051620483,1788008903330992,1788008903695869184,392775,392776,1788008903692546304,1788008903700880384,0.39871263052496064,8.333921432495117,3.3228397369384766,1330.825566225345,636.4664038184051,1,731.3915904541691,619.8926200541314,1
207,267,8.9,8.926621913909912,6.920650959014893,1788008903364421,1788008903729299200,392779,392780,1788008903725879552,1788008903734212608,0.4103745243340677,8.332967758178711,3.419637680053711,1332.1788529851565,636.2453684879226,1,730.81618220199,620.4119559682481,1
208,268,8.933333333333334,8.960052967071533,6.954082012176514,1788008903397852,1788008903762731776,392783,392784,1788008903759212032,1788008903767544832,0.42240343347639486,8.33272933959961,3.519773483276367,1333.0361046359105,636.4158234691574,1,730.1944706902768,620.415314862541,1
209,269,8.966666666666667,8.993483066558838,6.987512111663818,1788008903431282,1788008903796163072,392787,392788,1788008903792544256,1788008903800878080,0.4342278423070321,8.333683013916016,3.6187171936035156,1333.4720170642158,637.1703693800541,1,729.3664107718548,620.443434828535,1
210,270,9.0,9.026912927627563,7.020941972732544,1788008903464712,1788008903829593856,392791,392792,1788008903825877760,1788008903834210304,0.4459799713876967,8.33272933959961,3.7162303924560547,1333.7841913596417,637.9042673613377,1,728.3289890780185,620.3532653537684,1
211,271,9.033333333333333,9.060342073440552,7.054371118545532,1788008903498141,1788008903863024128,392795,392796,1788008903859209728,1788008903867541504,0.457820637555085,8.331775665283203,3.8144588470458984,1333.9274501205878,638.3253002288253,1,727.372086803243,620.5961048135931,1
212,272,9.066666666666666,9.093765020370483,7.087794065475464,1788008903531564,1788008903896448256,392799,392800,1788008903892541184,1788008903900874752,0.46884476740859415,8.333683013916016,3.9072036743164062,1334.145060050448,638.8659829926294,1,726.1662779351138,620.6404870219437,1
213,273,9.1,9.127195119857788,7.1212241649627686,1788008903564994,1788008903929879552,392803,392804,1788008903925874432,1788008903934207232,0.4806580829756795,8.33272933959961,4.005193710327148,1334.2472039683457,639.1467632914976,1,725.224294979041,620.7149704191497,1
214,274,9.133333333333333,9.160624027252197,7.154653072357178,1788008903598423,1788008903963309824,392807,392808,1788008903959206656,1788008903967540480,0.49234730367615503,8.333921432495117,4.103183746337891,1334.4900816335169,639.6601681499517,1,724.5089300836308,620.9902571171301,1
215,275,9.166666666666666,9.194055080413818,7.188084125518799,1788008903631854,1788008903996741888,392811,392812,1788008903992539904,1788008904000872960,0.5042774169551658,8.332967758178711,4.130840301513672,1334.4345597393856,639.993607325145,1,723.7492114952099,621.6969967367304,1
216,276,9.2,9.227483034133911,7.221512079238892,1788008903665282,1788008904030170880,392815,392816,1788008904025872128,1788008904034204928,0.5158798283261803,8.33272933959961,4.0340423583984375,1334.3686733863678,640.0953943758157,1,723.2407283766124,622.1662760848366,1
217,277,9.233333333333333,9.260910987854004,7.254940032958984,1788008903698710,1788008904063600128,392819,392820,1788008904059204608,1788008904067538176,0.5274360588201636,8.333683013916016,3.9381980895996094,1334.5217475589502,640.7310456152228,1,723.0415385340764,622.6976493219239,1
218,278,9.266666666666667,9.294340133666992,7.288369178771973,1788008903732139,1788008904097030400,392823,392824,1788008904092537856,1788008904100870656,0.5391416309012875,8.33272933959961,3.840208053588867,1334.8430473532294,641.4208768484294,1,723.0912562530102,622.9639597174275,1
219,279,9.3,9.327778100967407,7.321807146072388,1788008903765577,1788008904130469632,392827,392828,1788008904125870080,1788008904134202880,0.5519727618666133,8.332967758178711,3.733396530151367,1335.0419695991163,641.8449212949139,1,723.190777858515,623.2785787830792,1
220,280,9.333333333333334,9.36120891571045,7.35523796081543,1788008903799008,1788008904163901440,392831,392832,1788008904159202304,1788008904167536128,0.5638839617783372,8.333683013916016,3.6344528198242188,1335.3817907549048,641.962334572667,1,723.3071162317174,623.492035643291,1
221,281,9.366666666666667,9.394637107849121,7.388666152954102,1788008903832436,1788008904197330944,392835,392836,1788008904192535552,1788008904200868352,0.5754792560801144,8.33272933959961,3.537416458129883,1335.6466677758335,642.6228106364376,1,723.2055407756458,623.7834604835724,1
222,282,9.4,9.428067922592163,7.4220969676971436,1788008903865867,1788008904230763008,392839,392840,1788008904225868032,1788008904234200832,0.5874391988555079,8.33272933959961,3.4377574920654297,1336.1254585411348,643.2558548606293,1,723.2516778068878,624.3306648649382,1
223,283,9.433333333333334,9.461498022079468,7.455527067184448,1788008903899297,1788008904264194304,392843,392844,1788008904259200000,1788008904267534080,0.5992561865255328,8.333921432495117,3.3397674560546875,1336.74466436725,643.7643507697683,1,723.1401239694737,624.4593887776706,1
224,284,9.466666666666667,9.49492597579956,7.488955020904541,1788008903932725,1788008904297623040,392847,392848,1788008904292533504,1788008904300866304,0.6107979743068868,8.332967758178711,3.2432079315185547,1337.3376669405818,643.9265022074112,1,723.0241923010221,624.9056992877014,1
225,285,9.5,9.528357028961182,7.522386074066162,1788008903966156,1788008904331055360,392851,392852,1788008904325865728,1788008904334199552,0.6227327344509928,8.333683013916016,3.1440258026123047,1337.6813881730584,644.0975537675221,1,723.191393846165,626.3981143786741,1
226,286,9.533333333333333,9.56178593635559,7.555814981460571,1788008903999585,1788008904364485376,392855,392856,1788008904359198976,1788008904367531776,0.634420600858369,8.33272933959961,3.046274185180664,1337.9087689475361,644.1924609427845,1,723.257155114512,627.1244108186596,1
227,287,9.566666666666666,9.595216035842896,7.589245080947876,1788008904033015,1788008904397916672,392859,392860,1788008904392531200,1788008904400864000,0.6462762152728105,8.332967758178711,2.947568893432617,1338.1151524194213,644.0876901430054,1,723.1006124965791,626.7712821461905,1
228,288,9.6,9.628647089004517,7.622676134109497,1788008904066446,1788008904431348736,392863,392864,1788008904425863424,1788008904434197504,0.658189100271778,8.333921432495117,2.8486251831054688,1338.3210507090876,644.1523469243828,1,723.0298780715344,626.8514562540415,1
229,289,9.633333333333333,9.66207504272461,7.65610408782959,1788008904099874,1788008904464777728,392867,392868,1788008904459196928,1788008904467529472,0.6697567954220315,8.33272933959961,2.7518272399902344,1338.4583029679898,643.9973869653347,1,723.0539653959299,626.927092749229,1
230,290,9.666666666666666,9.69550609588623,7.689535140991211,1788008904133305,1788008904498209536,392871,392872,1788008904492529152,1788008904500861952,0.6816881258941345,8.33272933959961,2.652406692504883,1338.3965074081666,643.8126547192678,1,723.1298314141277,627.0753385677954,1
231,291,9.7,9.728940963745117,7.722970008850098,1788008904166740,1788008904531645184,392875,392876,1788008904525861376,1788008904534195200,0.6940351880989845,8.333921432495117,2.549886703491211,1338.3678467949057,643.9316724289218,1,723.1506461082522,627.1022642416016,1
232,292,9.733333333333333,9.762372016906738,7.756401062011719,1788008904200171,1788008904565077504,392879,392880,1788008904559194624,1788008904567527424,0.7059883837372322,8.332967758178711,2.4499893188476562,1338.364522026868,644.5924109727121,1,723.1962103246772,627.1743762150895,1
233,293,9.766666666666667,9.795799970626831,7.7898290157318115,1788008904233599,1788008904598506752,392883,392884,1788008904592526848,1788008904600859648,0.7176251788268956,8.33272933959961,2.3529529571533203,1338.1804009608006,645.0972387036844,1,723.1260406221955,627.2066345585224,1
234,294,9.8,9.829231023788452,7.823260068893433,1788008904267030,1788008904631938816,392887,392888,1788008904625859328,1788008904634192896,0.729530239743663,8.333683013916016,2.254009246826172,1337.8585162565778,645.4009669833204,1,722.9752869468803,627.1999745354185,1
235,295,9.833333333333334,9.862659931182861,7.856688976287842,1788008904300459,1788008904665368832,392891,392892,1788008904659192576,1788008904667525376,0.7412017167381975,8.33272933959961,2.156496047973633,1337.618716766833,645.6161667532108,1,722.8355872645475,627.0994092360778,1
236,296,9.866666666666667,9.89608907699585,7.89011812210083,1788008904333888,1788008904698799360,392895,392896,1788008904692524544,1788008904700857600,0.7529970530170811,8.332967758178711,2.058267593383789,1337.35093229378,646.0367302711835,1,722.7858347092356,627.4102892128776,1
237,297,9.9,9.929512977600098,7.923542022705078,1788008904367312,1788008904732224512,392899,392900,1788008904725857024,1788008904734190848,0.7640394793305679,8.333921432495117,1.9664764404296875,1337.1550569556157,646.2342683190539,1,722.7354964027913,627.7827160918391,1
238,298,9.933333333333334,9.962942123413086,7.956971168518066,1788008904400741,1788008904765654528,392903,392904,1788008904759190272,1788008904767523072,0.7757653791130186,8.33272933959961,1.8684864044189453,1337.1053122325309,646.1140927500724,1,722.8146414778178,627.9091495657245,1
239,299,9.966666666666667,9.996371984481812,7.990401029586792,1788008904434171,1788008904799085568,392907,392908,1788008904792522752,1788008904800856320,0.7875207415460319,8.333683013916016,1.7707347869873047,1337.1202858373354,645.9368323654828,1,722.7527697736946,628.0457616930591,1
240,300,10.0,10.0298011302948,8.02383017539978,1788008904467600,1788008904832515840,392911,392912,1788008904825856000,1788008904834188800,0.7992274678111588,8.33272933959961,1.672983169555664,1337.137279121267,645.8466302113219,1,722.6331273814457,628.0779636017289,1
241,301,10.033333333333333,10.063230037689209,8.05725908279419,1788008904501029,1788008904865945856,392915,392916,1788008904859187968,1788008904867519744,0.8110799519258284,8.331775665283203,1.5740394592285156,1336.9317236857391,645.407769795183,1,722.507685607342,627.7679758184161,1
242,302,10.066666666666666,10.096658945083618,8.090687990188599,1788008904534458,1788008904899375872,392919,392920,1788008904892519424,1788008904900853248,0.8227384562567946,8.333683013916016,1.4772415161132812,1337.0704326066818,645.578407907017,1,722.2636815201071,627.4729698380813,1
243,303,10.1,10.13008999824524,8.12411904335022,1788008904567889,1788008904932808448,392923,392924,1788008904925852672,1788008904934185472,0.8347353361945636,8.33272933959961,1.377105712890625,1337.4210987100741,645.1784017458122,1,722.4459183537907,627.1567035349989,1
244,304,10.133333333333333,10.163511991500854,8.157541036605835,1788008904601311,1788008904966231552,392927,392928,1788008904959184896,1788008904967518720,0.8455442712058361,8.333921432495117,1.287221908569336,1337.4579217472515,644.2228445241392,1,722.3782070844352,626.8004016550643,1
245,305,10.166666666666666,10.196943044662476,8.190972089767456,1788008904634742,1788008904999663872,392931,392932,1788008904992518144,1788008905000851200,0.8575148064433064,8.332967758178711,1.1873245239257812,1337.5864299589784,643.0543827035649,1,722.1563867904275,626.1940481486699,1
246,306,10.2,10.23036503791809,8.224394083023071,1788008904668164,1788008905033086720,392935,392936,1788008905025850624,1788008905034183168,0.8684120171673819,8.33272933959961,1.096487045288086,1337.4831824211863,642.2384293612408,1,721.8824893735114,625.4630134657857,1
247,307,10.233333333333333,10.263787031173706,8.257816076278687,1788008904701586,1788008905066510080,392939,392940,1788008905059182848,1788008905067516672,0.879212679521657,8.333683013916016,1.0066032409667969,1337.6459584962518,641.4972239239322,1,721.4070876181521,624.8247534871927,1
248,308,10.266666666666667,10.29721713066101,8.291246175765991,1788008904735016,1788008905099941376,392943,392944,1788008905092516096,1788008905100848896,0.8910729613733905,8.33272933959961,0.9076595306396484,1337.3150745983012,640.1262498192963,1,721.0707626396775,623.6550564932011,1
249,309,10.3,10.330645084381104,8.324674129486084,1788008904768444,1788008905133370112,392947,392948,1788008905125848320,1788008905134181376,0.9026637292209093,8.332967758178711,0.8111000061035156,1336.9161286762985,638.3700499941586,1,720.9186634387038,622.5524508121192,1
250,310,10.333333333333334,10.364074945449829,8.35810399055481,1788008904801874,1788008905166801152,392951,392952,1788008905159180544,1788008905167514624,0.9144042340151624,8.333921432495117,0.713348388671875,1336.7160174996238,637.1929400650889,1,720.6528430078222,620.5582423683085,1
251,311,10.366666666666667,10.39750599861145,8.39153504371643,1788008904835305,1788008905200233728,392955,392956,1788008905192514048,1788008905200846592,0.9264377682403433,8.33272933959961,0.6129741668701172,1336.5651822806335,635.1174657823749,1,720.6079758286388,618.4933942807752,1
252,312,10.4,10.430927991867065,8.424957036972046,1788008904868727,1788008905233656576,392959,392960,1788008905225846272,1788008905234179072,0.937310443490701,8.33272933959961,0.5223751068115234,1336.2224298490398,633.7490193339046,1,720.7425732876757,617.1721913081946,1
253,313,10.433333333333334,10.464354991912842,8.458384037017822,1788008904902154,1788008905267084544,392963,392964,1788008905259178496,1788008905267512320,0.9486768702617652,8.333921432495117,0.4277229309082031,1335.9183601309255,632.3420674873155,1,720.6432487731929,616.3394547470133,1
254,314,10.466666666666667,10.497786045074463,8.491815090179443,1788008904935585,1788008905300516864,392967,392968,1788008905292511744,1788008905300844544,0.9606592086063346,8.332967758178711,0.32782554626464844,1335.9097013477322,630.6769094677031,1,720.0128283612637,615.0355272343479,1
255,315,10.5,10.531217098236084,8.525246143341064,1788008904969016,1788008905333949440,392971,392972,1788008905325843968,1788008905334176768,0.9727038626609442,8.33272933959961,0.22745132446289062,1335.998612832203,629.7427880421014,1,719.3302554672488,613.7800396111419,1
256,316,10.533333333333333,10.564638137817383,8.558667182922363,1788008905002437,1788008905367371264,392975,392976,1788008905359176448,1788008905367510016,0.9833495451164388,8.333683013916016,0.13875961303710938,1335.663261035998,628.4355242695717,1,719.0071048511155,612.7608826341692,1
257,317,10.566666666666666,10.598068952560425,8.592097997665405,1788008905035868,1788008905400803328,392979,392980,1788008905392509440,1788008905400842496,0.9953077165174101,8.332967758178711,0.03910064697265625,1335.3091693889394,627.6233710943538,1,718.2406641582116,611.6995489041234,1
258,318,10.6,10.631495952606201,8.625524997711182,1788008905069295,1788008905434231552,392984,392985,1788008905434175744,1788008905442508544,0.0066952789699570815,8.33272933959961,0.055789947509765625,1335.0479972395053,627.4515005225313,1,717.2742340928648,610.9676065686009,1
259,319,10.633333333333333,10.664933919906616,8.658962965011597,1788008905102733,1788008905467670784,392988,392989,1788008905467507712,1788008905475840768,0.019541644015907987,8.332967758178711,0.1628398895263672,1335.0592390689312,626.7695577824871,1,716.4293908317229,610.651783312025,1
260,320,10.666666666666666,10.698355913162231,8.692384958267212,1788008905136155,1788008905501093632,392992,392993,1788008905500840192,1788008905509174016,0.030410527821484765,8.333921432495117,0.25343894958496094,1335.042221540746,626.1644768630588,1,715.7497754650358,609.9796760013418,1
261,321,10.7,10.731787919998169,8.72581696510315,1788008905169587,1788008905534526464,392996,392997,1788008905534173440,1788008905542506240,0.04234620886981402,8.33272933959961,0.3528594970703125,1335.0566236082757,624.9770728504866,1,715.0738711779967,609.8231122187321,1
262,322,10.733333333333333,10.765214920043945,8.759243965148926,1788008905203014,1788008905567954176,393000,393001,1788008905567505920,1788008905575838464,0.053819742489270385,8.33272933959961,0.44846534729003906,1335.3312057339708,623.6900261864365,1,714.4943767170789,609.2279502687423,1
263,323,10.766666666666667,10.798645973205566,8.792675018310547,1788008905236445,1788008905601386240,393004,393005,1788008905600837888,1788008905609171968,0.0657988842797883,8.333921432495117,0.5483627319335938,1335.625006171077,622.2697631898511,1,713.6639696017711,608.0834547119998,1
264,324,10.8,10.832082986831665,8.826112031936646,1788008905269882,1788008905634824192,393008,393009,1788008905634171136,1788008905642504192,0.07836685645618151,8.332967758178711,0.6530284881591797,1335.9978269193493,620.4955205551307,1,712.4867906590241,606.6032348692523,1
265,325,10.833333333333334,10.86551308631897,8.85954213142395,1788008905303312,1788008905668255488,393012,393013,1788008905667503616,1788008905675836416,0.09024320457796853,8.33272933959961,0.7519721984863281,1336.2736690579493,618.4958902984077,1,711.3047984002167,605.0271199444071,1
266,326,10.866666666666667,10.898941040039062,8.892970085144043,1788008905336740,1788008905701684736,393016,393017,1788008905700835840,1788008905709169664,0.10184814327401728,8.333683013916016,0.8487701416015625,1336.3876632478518,617.1959735669678,1,710.1661400124483,603.0974604541794,1
267,327,10.9,10.932371139526367,8.926400184631348,1788008905370170,1788008905735116032,393020,393021,1788008905734169344,1788008905742501888,0.11361945636623748,8.33272933959961,0.9467601776123047,1336.47550003301,615.3938903124092,1,709.0868934010688,601.5394990409682,1
268,328,10.933333333333334,10.965793132781982,8.959822177886963,1788008905403592,1788008905768539136,393024,393025,1788008905767501312,1788008905775834368,0.12454579268118222,8.332967758178711,1.0378360748291016,1336.3771629465732,612.8589458952373,1,707.6812181558704,600.1347402616152,1
269,329,10.966666666666667,10.999222993850708,8.993252038955688,1788008905437022,1788008905801970176,393028,393029,1788008905800834560,1788008905809167616,0.136276501387657,8.332967758178711,1.1355876922607422,1335.6767965497377,611.8679653139003,1,706.6624129242699,599.4976303691647,1
270,330,11.0,11.032654047012329,9.02668309211731,1788008905470453,1788008905835402496,393032,393033,1788008905834167040,1788008905842499840,0.1482689556509299,8.33272933959961,1.2354850769042969,1335.261270534077,610.1646676894767,1,705.7293113864681,598.2985698953295,1
271,331,11.033333333333333,11.066082954406738,9.060111999511719,1788008905503882,1788008905868832512,393036,393037,1788008905867498240,1788008905875832064,0.160120154484337,8.333921432495117,1.3344287872314453,1335.105901548279,609.116985115725,1,705.5261997484096,597.7598730010923,1
272,332,11.066666666666666,11.099513053894043,9.093542098999023,1788008905537312,1788008905902263808,393040,393041,1788008905900831488,1788008905909164544,0.17189779977683042,8.332967758178711,1.4324188232421875,1334.7776384330014,608.0906174867755,1,705.235687587998,597.2145434128987,1
273,333,11.1,11.132941961288452,9.126971006393433,1788008905570741,1788008905935694080,393044,393045,1788008905934163712,1788008905942496512,0.1836337625178827,8.33272933959961,1.5301704406738281,1334.4761359032045,607.1085111496066,1,704.4950959800065,596.1948028436207,1
274,334,11.133333333333333,11.16637897491455,9.160408020019531,1788008905604178,1788008905969132288,393048,393049,1788008905967496192,1788008905975829760,0.19631515706356925,8.333683013916016,1.6360282897949219,1334.8107233020576,606.0314593446795,1,703.9986808488632,596.5970908026087,1
275,335,11.166666666666666,11.199809074401855,9.193838119506836,1788008905637608,1788008906002563584,393052,393053,1788008906000829440,1788008906009162240,0.20809728183118742,8.33272933959961,1.734018325805664,1335.262322737135,605.062173795151,1,703.8432938868907,596.9138579821816,1
276,336,11.2,11.23323106765747,9.227260112762451,1788008905671030,1788008906035986688,393056,393057,1788008906034161664,1788008906042495488,0.21899585180946932,8.333921432495117,1.825094223022461,1335.2377747370247,604.6683130670542,1,703.4226783452332,597.3175833790574,1
277,337,11.233333333333333,11.266660928726196,9.260689973831177,1788008905704460,1788008906069417728,393060,393061,1788008906067494912,1788008906075827712,0.2307516237017539,8.332967758178711,1.9228458404541016,1335.8799421052106,603.9616031330502,1,703.8010216932078,597.6408452405896,1
278,338,11.266666666666667,11.300089120864868,9.294118165969849,1788008905737888,1788008906102846976,393064,393065,1788008906100827136,1788008906109159936,0.24237482117310444,8.33272933959961,2.019643783569336,1336.3864211092548,603.5931775817832,1,705.1204193941396,597.6240592837532,1
279,339,11.3,11.333518981933594,9.327548027038574,1788008905771318,1788008906136278016,393068,393069,1788008906134159616,1788008906142493184,0.25419122274989986,8.333683013916016,2.118349075317383,1336.631224251301,603.4831212867077,1,706.8946728826476,597.8860168410779,1
280,340,11.333333333333334,11.366940975189209,9.36097002029419,1788008905804740,1788008906169701120,393072,393073,1788008906167492864,1788008906175825664,0.2650071530758226,8.33272933959961,2.208232879638672,1336.9753908176617,603.8034676293632,1,707.6715713354358,597.3617927643758,1
281,341,11.366666666666667,11.400372982025146,9.394402027130127,1788008905838172,1788008906203134208,393076,393077,1788008906200825088,1788008906209157888,0.2771308403193042,8.332967758178711,2.3093223571777344,1337.3306577152093,603.8671457071049,1,708.1488205538442,597.0894080346908,1
282,342,11.4,11.433802127838135,9.427831172943115,1788008905871601,1788008906236564736,393080,393081,1788008906234157312,1788008906242491136,0.28885710198827064,8.333921432495117,2.4073123931884766,1338.202242309991,603.7915245650265,1,708.2085097424056,596.7492749038424,1
283,343,11.433333333333334,11.467231035232544,9.461260080337524,1788008905905030,1788008906269996032,393084,393085,1788008906267490560,1788008906275823360,0.30065808297567953,8.33272933959961,2.5053024291992188,1338.4903501872473,603.7472488579658,1,708.1663011808068,595.8252179005984,1
284,344,11.466666666666667,11.500661134719849,9.494690179824829,1788008905938460,1788008906303426816,393088,393089,1788008906300823040,1788008906309155584,0.3124749642346209,8.33272933959961,2.603769302368164,1338.954329534631,603.5520554572057,1,708.2809229438624,595.3320674665099,1
285,345,11.5,11.534090995788574,9.528120040893555,1788008905971890,1788008906336857344,393092,393093,1788008906334155008,1788008906342489088,0.32424545844657415,8.333921432495117,2.7022361755371094,1339.2274179156045,603.4384773716766,1,708.3805396741902,594.6818814063708,1
286,346,11.533333333333333,11.56751799583435,9.561547040939331,1788008906005317,1788008906370285056,393096,393097,1788008906367488512,1788008906375821312,0.3356127149437784,8.332967758178711,2.796649932861328,1339.395797988815,603.7648562089532,1,708.7115234351913,594.8685095783021,1
287,347,11.566666666666666,11.600948095321655,9.594977140426636,1788008906038747,1788008906403716352,393100,393101,1788008906400820736,1788008906409153536,0.3474964234620887,8.33272933959961,2.8955936431884766,1339.849629093926,603.560982746684,1,709.2556274242389,595.6496515636123,1
288,348,11.6,11.634371042251587,9.628400087356567,1788008906072170,1788008906437140224,393104,393105,1788008906434153984,1788008906442486784,0.3583690987124464,8.33272933959961,2.9861927032470703,1340.3744867518544,603.4023351176778,1,709.4700505443925,595.9395837418175,1
289,349,11.633333333333333,11.667801141738892,9.661830186843872,1788008906105600,1788008906470571008,393108,393109,1788008906467486208,1788008906475819008,0.3702039998855541,8.332967758178711,3.084897994995117,1340.1917380591367,603.3585900601573,1,709.702560402723,595.7411646918694,1
290,350,11.666666666666666,11.701231002807617,9.695260047912598,1788008906139030,1788008906504001792,393112,393113,1788008906500818432,1788008906509152512,0.38197682734944927,8.333921432495117,3.1833648681640625,1340.1389580910154,603.5625684273266,1,710.0029449730796,595.1000276572358,1
291,351,11.7,11.734653949737549,9.72868299484253,1788008906172453,1788008906537425408,393116,393117,1788008906534151680,1788008906542484480,0.3928755364806867,8.33272933959961,3.2737255096435547,1340.438018367085,604.0703493328057,1,710.0381332786864,594.5463631912679,1
292,352,11.733333333333333,11.768083095550537,9.762112140655518,1788008906205882,1788008906570855936,393120,393121,1788008906567484160,1788008906575816960,0.4046351931330472,8.33272933959961,3.371715545654297,1340.8246912809627,604.208507820156,1,709.9398977984931,593.985630809673,1
293,353,11.766666666666667,11.801512956619263,9.795542001724243,1788008906239312,1788008906604287232,393124,393125,1788008906600816128,1788008906609150208,0.4164783292805035,8.333921432495117,3.470897674560547,1340.903069177964,604.2372425148216,1,709.7567210628375,593.1549929892725,1
294,354,11.8,11.834942102432251,9.828971147537231,1788008906272741,1788008906637717248,393128,393129,1788008906634149632,1788008906642482432,0.4281422563016795,8.332967758178711,3.5676956176757812,1340.9828389196834,604.2991730412683,1,709.7186401960631,592.7873149888491,1
295,355,11.833333333333334,11.868372917175293,9.862401962280273,1788008906306172,1788008906671149312,393132,393133,1788008906667481856,1788008906675814656,0.4401144492131617,8.33272933959961,3.6673545837402344,1340.8801859828793,604.567653618269,1,709.4877733441948,592.5643511179971,1
296,356,11.866666666666667,11.901801109313965,9.895830154418945,1788008906339600,1788008906704578560,393136,393137,1788008906700814336,1788008906709147904,0.45170795903187044,8.333683013916016,3.7643909454345703,1340.5981854913412,604.7022692761867,1,708.977003827838,592.1895531412891,1
297,357,11.9,11.93523097038269,9.929260015487671,1788008906373030,1788008906738009600,393140,393141,1788008906734147584,1788008906742480384,0.46349070100143064,8.33272933959961,3.862142562866211,1340.6871052273555,604.7414101228366,1,708.3135419688099,592.4614414089802,1
298,358,11.933333333333334,11.968660116195679,9.96268916130066,1788008906406459,1788008906771440128,393144,393145,1788008906767479552,1788008906775812608,0.47526537152012815,8.332967758178711,3.9603710174560547,1340.9921542166715,604.6779420918128,1,707.6963500862573,592.6391730248987,1
299,359,11.966666666666667,12.002089977264404,9.996119022369385,1788008906439889,1788008906804871168,393148,393149,1788008906800812032,1788008906809145856,0.48705478472321556,8.333921432495117,4.059076309204102,1341.000902905927,604.6739796714492,1,707.4640892636993,592.786379452232,1
300,360,12.0,12.035520076751709,10.02954912185669,1788008906473319,1788008906838302464,393152,393153,1788008906834145280,1788008906842478080,0.49888412017167383,8.33272933959961,4.157066345214844,1340.955450272338,604.6403880685976,1,707.5948947873217,593.0095725005306,1
301,361,12.033333333333333,12.068949937820435,10.062978982925415,1788008906506749,1788008906871733504,393156,393157,1788008906867476480,1788008906875810304,0.5107995994850522,8.333921432495117,4.076957702636719,1340.9493326343522,604.6515558715645,1,707.6187754604565,592.931906531745,1
302,362,12.066666666666666,12.102379083633423,10.096408128738403,1788008906540178,1788008906905163520,393160,393161,1788008906900809728,1788008906909142784,0.5224743211925267,8.332967758178711,3.979206085205078,1341.1444947118014,604.7590840810276,1,707.6141061046036,592.8436043127334,1
303,363,12.1,12.135810136795044,10.129839181900024,1788008906573609,1788008906938595840,393164,393165,1788008906934142208,1788008906942474752,0.5344778254649499,8.33272933959961,3.879070281982422,1341.6455235571223,604.3613773311135,1,707.4043294582477,592.6945612980661,1
304,364,12.133333333333333,12.169238090515137,10.163267135620117,1788008906607037,1788008906972024832,393168,393169,1788008906967474432,1788008906975808256,0.5460319276763747,8.333683013916016,3.7832260131835938,1341.3863223210951,604.0315385471845,1,707.0346321321064,592.7213051506632,1
305,365,12.166666666666666,12.202666997909546,10.196696043014526,1788008906640466,1788008907005455360,393172,393173,1788008907000807680,1788008907009140480,0.5577396280400573,8.33272933959961,3.6852359771728516,1341.2966967094278,604.0212761253845,1,706.6409118100237,593.0766444312061,1
306,366,12.2,12.23609709739685,10.230126142501831,1788008906673896,1788008907038886400,393176,393177,1788008907034139904,1788008907042472960,0.5695974364109754,8.332967758178711,3.5865306854248047,1342.1523981582386,603.5675457088092,1,706.8726779263454,593.8480890306566,1
307,367,12.233333333333333,12.269527912139893,10.263556957244873,1788008906707327,1788008907072318208,393180,393181,1788008907067473152,1788008907075806208,0.5814425910560499,8.332967758178711,3.487825393676758,1342.671740515337,603.3173021369546,1,707.8005332156575,595.1866964630898,1
308,368,12.266666666666667,12.302948951721191,10.296977996826172,1788008906740748,1788008907105740288,393184,393185,1788008907100805632,1788008907109138176,0.5922174535050072,8.33272933959961,3.3979415893554688,1341.8559040976797,604.6653554691657,1,708.77404426945,597.5663124884603,1
309,369,12.3,12.336379051208496,10.330408096313477,1788008906774178,1788008907139171328,393188,393189,1788008907134137856,1788008907142471424,0.6039938204497339,8.333683013916016,3.300189971923828,1340.3605992490066,607.0701438674823,1,709.3436846543714,599.6607217329056,1
310,370,12.333333333333334,12.369807958602905,10.363837003707886,1788008906807607,1788008907172601600,393192,393193,1788008907167471104,1788008907175803904,0.6157081545064378,8.33272933959961,3.202199935913086,1339.8140498765174,609.677687628771,1,710.1059372949697,601.8123536507466,1
311,371,12.366666666666667,12.40322995185852,10.397258996963501,1788008906841029,1788008907206024960,393196,393197,1788008907200803328,1788008907209136128,0.6266201253183028,8.332967758178711,3.1113624572753906,1339.710710535166,611.5929371562215,1,710.7754192109339,603.5434811765333,1
312,372,12.4,12.436661005020142,10.430690050125122,1788008906874460,1788008907239457024,393200,393201,1788008907234135552,1788008907242469632,0.6385352596195109,8.333921432495117,3.012418746948242,1339.2774950897588,612.9023989421537,1,711.8712339678705,605.248661334247,1
313,373,12.433333333333334,12.470088958740234,10.464118003845215,1788008906907888,1788008907272886016,393204,393205,1788008907267469056,1788008907275801600,0.6501001430615164,8.33272933959961,2.915620803833008,1338.3043146626167,615.1923708583486,1,713.014960068469,606.2032645384219,1
314,374,12.466666666666667,12.50351095199585,10.49753999710083,1788008906941310,1788008907306308864,393208,393209,1788008907300801280,1788008907309134080,0.6609728183118742,8.33272933959961,2.825021743774414,1337.538424768836,616.813308349445,1,714.4445411147173,608.7346258850322,1
315,375,12.5,12.53694200515747,10.530971050262451,1788008906974741,1788008907339740672,393212,393213,1788008907334133504,1788008907342467328,0.67283650407667,8.333921432495117,2.7265548706054688,1336.4809843084415,619.2177651311177,1,716.2930888351013,612.1074608619545,1
316,376,12.533333333333333,12.570372104644775,10.564401149749756,1788008907008171,1788008907373171712,393216,393217,1788008907367466752,1788008907375799552,0.684644216188378,8.332967758178711,2.627849578857422,1335.0666795119685,620.7018057096712,1,717.5908419955358,614.8191801366409,1
317,377,12.566666666666666,12.60379409790039,10.597823143005371,1788008907041593,1788008907406595072,393220,393221,1788008907400798976,1788008907409131776,0.6955650929899857,8.33272933959961,2.536773681640625,1333.8324113591314,622.1552070483947,1,718.9340343673351,617.8892319658661,1
318,378,12.6,12.637223958969116,10.631253004074097,1788008907075023,1788008907440026112,393224,393225,1788008907434131456,1788008907442465024,0.7073296332322481,8.333683013916016,2.4390220642089844,1332.860183360808,624.2377950597654,1,719.7027778684442,619.4720464984986,1
319,379,12.633333333333333,12.670653104782104,10.664682149887085,1788008907108452,1788008907473456384,393228,393229,1788008907467464448,1788008907475797504,0.719063832222254,8.332967758178711,2.341032028198242,1331.995124420939,626.5476163382627,1,719.9858712423245,620.1625998955876,1
320,380,12.666666666666666,12.70407509803772,10.6981041431427,1788008907141874,1788008907506879488,393232,393233,1788008907500796672,1788008907509130752,0.7298812759261908,8.333921432495117,2.251148223876953,1331.3325781175367,628.0749320852159,1,719.933074876254,620.4410790594698,1
321,381,12.7,12.737504005432129,10.73153305053711,1788008907175303,1788008907540309760,393236,393237,1788008907534130176,1788008907542462720,0.7416022889842633,8.33272933959961,2.153158187866211,1330.4138815514145,628.367671197334,1,719.287487354613,620.754340900225,1
322,382,12.733333333333333,12.770934104919434,10.764963150024414,1788008907208733,1788008907573741056,393240,393241,1788008907567462400,1788008907575795200,0.7534763948497855,8.33272933959961,2.0542144775390625,1329.973116526349,628.1678469244482,1,719.3510685592682,621.2305174557716,1
323,383,12.766666666666667,12.804363012313843,10.798392057418823,1788008907242162,1788008907607171072,393244,393245,1788008907600794624,1788008907609128448,0.7651265913317122,8.333921432495117,1.9574165344238281,1329.3177757667809,628.8161700770618,1,719.5312470282751,620.1739213387301,1
324,384,12.8,12.837785959243774,10.831815004348755,1788008907275585,1788008907640594944,393248,393249,1788008907634127872,1788008907642460928,0.7760865211295814,8.332967758178711,1.8658638000488281,1328.6971211885827,630.4502386600795,1,719.7464943705393,620.2492608758198,1
325,385,12.833333333333334,12.871217012405396,10.865246057510376,1788008907309016,1788008907674027264,393252,393253,1788008907667460096,1788008907675792896,0.7880972818311874,8.33272933959961,1.7657279968261719,1327.8149793794116,630.9117216512723,1,720.2867246831352,620.259928367677,1
326,386,12.866666666666667,12.904645919799805,10.898674964904785,1788008907342445,1788008907707457280,393256,393257,1788008907700792576,1788008907709126144,0.7997367969331121,8.333683013916016,1.6689300537109375,1327.0349647560356,631.7091547899176,1,720.9539980180454,621.6683134960448,1
327,387,12.9,12.93807601928711,10.93210506439209,1788008907375875,1788008907740888576,393260,393261,1788008907734125824,1788008907742458624,0.811587982832618,8.33272933959961,1.569986343383789,1326.1441564451068,632.1481778410309,1,720.8377006641097,621.2223033860555,1
328,388,12.933333333333334,12.971504926681519,10.965533971786499,1788008907409304,1788008907774318592,393264,393265,1788008907767458048,1788008907775790848,0.8233240822866299,8.332967758178711,1.4722347259521484,1325.263126814307,632.4658998126042,1,721.0797566381847,619.4534504454948,1
329,389,12.966666666666667,13.004935026168823,10.998964071273804,1788008907442734,1788008907807749888,393268,393269,1788008907800790272,1788008907809124352,0.8351022743527392,8.333921432495117,1.3742446899414062,1324.8324920869352,632.9350235904127,1,721.784605522912,619.2020734188405,1
330,390,13.0,13.038357973098755,11.032387018203735,1788008907476157,1788008907841174016,393272,393273,1788008907834123520,1788008907842456320,0.8461230329041488,8.33272933959961,1.2822151184082031,1324.861971619666,631.5689639254778,1,722.2117261720804,619.0339844884024,1
331,391,13.033333333333333,13.071785926818848,11.065814971923828,1788008907509585,1788008907874603008,393276,393277,1788008907867454720,1788008907875788800,0.8577313689028752,8.333921432495117,1.1856555938720703,1324.4046071199814,626.552638702828,1,722.2896167789995,618.6779574364955,1
332,392,13.066666666666666,13.105215072631836,11.099244117736816,1788008907543014,1788008907908033280,393280,393281,1788008907900787968,1788008907909121024,0.8694744070269806,8.332967758178711,1.0876655578613281,1324.1110225769405,622.6749237076942,1,722.1336992540179,617.5450040452107,1
333,393,13.1,13.138646125793457,11.132675170898438,1788008907576445,1788008907941465600,393284,393285,1788008907934120448,1788008907942453248,0.8814878397711016,8.33272933959961,0.9875297546386719,1324.2524156553543,621.8061490099185,1,721.7758770968471,616.2462336838959,1
334,394,13.133333333333333,13.172075986862183,11.166105031967163,1788008907609875,1788008907974896640,393288,393289,1788008907967452672,1788008907975786496,0.8932311037363392,8.333683013916016,0.8897781372070312,1324.397067458742,623.2707993554245,1,721.4930840920988,614.8637038333001,1
335,395,13.166666666666666,13.205503940582275,11.199532985687256,1788008907643303,1788008908008325888,393292,393293,1788008908000786176,1788008908009118720,0.9048354792560801,8.33272933959961,0.7929801940917969,1324.2479616061305,622.4998316179289,1,721.9314444155518,612.9515354175201,1
336,396,13.2,13.238934993743896,11.232964038848877,1788008907676734,1788008908041757952,393296,393297,1788008908034118144,1788008908042451200,0.9168264141226288,8.332967758178711,0.6930828094482422,1324.2817046939676,619.2313196707453,1,721.8027128738493,611.4365036948118,1
337,397,13.233333333333333,13.272364139556885,11.266393184661865,1788008907710163,1788008908075188480,393300,393301,1788008908067450624,1788008908075784448,0.9284794736089258,8.333921432495117,0.5960464477539062,1324.2161494064962,617.6513901957617,1,721.8186742677241,610.47644240105,1
338,398,13.266666666666667,13.30579400062561,11.29982304573059,1788008907743593,1788008908108619520,393304,393305,1788008908100783872,1788008908109116672,0.940343347639485,8.33272933959961,0.4971027374267578,1323.1523472886015,616.1415839160946,1,721.8167546609185,609.5068973562314,1
339,399,13.3,13.339230060577393,11.333259105682373,1788008907777029,1788008908142056704,393308,393309,1788008908134116096,1788008908142449920,0.9528237111632432,8.333683013916016,0.39315223693847656,1322.483152891537,615.2961199324515,1,721.8527984673425,608.8897097193637,1
340,400,13.333333333333334,13.372658967971802,11.366688013076782,1788008907810458,1788008908175486464,393312,393313,1788008908167449600,1788008908175782144,0.9645207439198855,8.33272933959961,0.2956390380859375,1321.8995990239184,615.2995368664397,1,721.950192328518,607.8661612901543,1
341,401,13.366666666666667,13.40608811378479,11.40011715888977,1788008907843887,1788008908208916736,393316,393317,1788008908200781568,1788008908209114624,0.9762524677405511,8.332967758178711,0.19788742065429688,1321.5351716241441,614.6706842030587,1,721.8700840602085,607.043436639848,1
342,402,13.4,13.439518928527832,11.433547973632812,1788008907877318,1788008908242348288,393320,393321,1788008908234114048,1788008908242447872,0.9880417679874124,8.333921432495117,0.09965896606445312,1321.030683977845,612.9909759951039,1,721.6508551401662,606.8239252898655,1
343,403,13.433333333333334,13.472949981689453,11.466979026794434,1788008907910749,1788008908275780096,393325,393326,1788008908275779840,1788008908284112896,2.8611484649938486e-05,8.332967758178711,0.0002384185791015625,1320.4172694300014,612.363607891327,1,721.4311904212135,606.9724077750767,1
344,404,13.466666666666667,13.506380081176758,11.500409126281738,1788008907944179,1788008908309211392,393329,393330,1788008908309112320,1788008908317446144,0.011901015591474754,8.333921432495117,0.09918212890625,1320.0549233881657,613.6986600973431,1,721.3513583323962,607.0430239024349,1
345,405,13.5,13.539808988571167,11.533838033676147,1788008907977608,1788008908342641664,393333,393334,1788008908342445568,1788008908350778368,0.02351931330472103,8.33272933959961,0.19598007202148438,1319.7802046932966,613.5841655967271,1,721.1918786313909,606.8368781233384,1
346,406,13.533333333333333,13.573239088058472,11.567268133163452,1788008908011038,1788008908376072960,393337,393338,1788008908375778048,1788008908384110592,0.035393419170243204,8.33272933959961,0.2949237823486328,1319.71478658217,613.4310445938556,1,720.9798297494384,606.4303144977903,1
347,407,13.566666666666666,13.606661081314087,11.600690126419067,1788008908044460,1788008908409495808,393341,393342,1788008908409110016,1788008908417444096,0.046288084680303244,8.333921432495117,0.3857612609863281,1319.8118801665833,613.4946567450465,1,721.2570590021392,606.321220871529,1
348,408,13.6,13.640089988708496,11.634119033813477,1788008908077889,1788008908442925824,393345,393346,1788008908442443264,1788008908450776320,0.0579096449314755,8.332967758178711,0.4825592041015625,1319.5787825993561,613.171483095624,1,721.4818529457104,605.907746519175,1
349,409,13.633333333333333,13.673511981964111,11.667541027069092,1788008908111311,1788008908476349184,393349,393350,1788008908475775744,1788008908484108544,0.06881258941344778,8.33272933959961,0.5733966827392578,1319.6755504815806,612.9152727872365,1,721.7308651397574,605.468080519321,1
350,410,13.666666666666666,13.7069411277771,11.70097017288208,1788008908144740,1788008908509779456,393353,393354,1788008908509107968,1788008908517441792,0.08056302569090805,8.333683013916016,0.67138671875,1319.6953412826024,612.5095615035306,1,721.9856503300326,605.2104356030799,1
351,411,13.7,13.740364074707031,11.734393119812012,1788008908178163,1788008908543203328,393357,393358,1788008908542441216,1788008908550774016,0.09147091642585334,8.332967758178711,0.7622241973876953,1319.6202931419125,612.3115448625729,1,722.2432019455371,604.9992148978852,1
352,412,13.733333333333333,13.773795127868652,11.767824172973633,1788008908211594,1788008908576635648,393361,393362,1788008908575773440,1788008908584107520,0.10344728937204978,8.333921432495117,0.86212158203125,1319.7971239714332,612.3722427074272,1,722.5204160359124,604.9085036523213,1
353,413,13.766666666666667,13.807224035263062,11.801253080368042,1788008908245023,1788008908610065664,393365,393366,1788008908609106688,1788008908617439488,0.11507868383404864,8.33272933959961,0.9589195251464844,1320.0794116931631,612.3834479379424,1,722.6490517596397,604.8329603120011,1
354,414,13.8,13.84065294265747,11.834681987762451,1788008908278452,1788008908643495680,393369,393370,1788008908642439168,1788008908650771968,0.12680972818311875,8.33272933959961,1.056671142578125,1320.5807229609445,611.5085027417676,1,722.7337416702505,604.8282595688565,1
355,415,13.833333333333334,13.874083042144775,11.868112087249756,1788008908311882,1788008908676926976,393373,393374,1788008908675771136,1788008908684105216,0.13869260477757117,8.333921432495117,1.155853271484375,1321.2130271633748,610.5341799505919,1,723.0360240236919,604.9899250989964,1
356,416,13.866666666666667,13.907511949539185,11.901540994644165,1788008908345311,1788008908710357248,393377,393378,1788008908709104640,1788008908717437440,0.1503247403507768,8.332967758178711,1.2526512145996094,1321.560372944052,610.1560767553547,1,723.2337278631653,605.0060514348621,1
357,417,13.9,13.940932989120483,11.934962034225464,1788008908378732,1788008908743779072,393381,393382,1788008908742436864,1788008908750769664,0.16108726752503577,8.33272933959961,1.3422966003417969,1321.9522662696413,609.88465839754,1,723.2883492070121,604.9812955825095,1
358,418,13.933333333333334,13.974363088607788,11.968392133712769,1788008908412162,1788008908777210368,393385,393386,1788008908775769344,1788008908784102912,0.1729415803627625,8.333683013916016,1.4412403106689453,1322.3083310621273,610.2945691578243,1,723.2268673552658,604.9929683149874,1
359,419,13.966666666666667,14.007792949676514,12.001821994781494,1788008908445592,1788008908810641408,393389,393390,1788008908809102592,1788008908817435392,0.18469241773962805,8.33272933959961,1.538991928100586,1322.6681107257236,610.1488296029573,1,722.9810333362773,604.9568800737343,1
360,420,14.0,14.041224002838135,12.035253047943115,1788008908479023,1788008908844073728,393393,393394,1788008908842434560,1788008908850767616,0.1967039569683271,8.332967758178711,1.6391277313232422,1323.0784880611723,609.9916767048649,1,722.2051504792444,604.6254712077239,1
361,421,14.033333333333333,14.074652910232544,12.068681955337524,1788008908512452,1788008908877503744,393397,393398,1788008908875767040,1788008908884099840,0.20844062947067238,8.33272933959961,1.7368793487548828,1323.4268736233892,609.8497759192612,1,721.0695576685199,604.1316428872067,1
362,422,14.066666666666666,14.108075141906738,12.102104187011719,1788008908545874,1788008908910927360,393401,393402,1788008908909099264,1788008908917432064,0.21937052932761086,8.33272933959961,1.8279552459716797,1324.171902878838,609.7472557040501,1,720.0388264212061,603.869084098267,1
363,423,14.1,14.141505002975464,12.135534048080444,1788008908579304,1788008908944358656,393405,393406,1788008908942431488,1788008908950765312,0.23124016592762123,8.333921432495117,1.9271373748779297,1325.0160687179527,609.5901988728123,1,718.9742785732656,604.0565478806665,1
364,424,14.133333333333333,14.174935102462769,12.168964147567749,1788008908612734,1788008908977789696,393409,393410,1788008908975764736,1788008908984097792,0.24299733913192756,8.332967758178711,2.0248889923095703,1325.764278133061,609.2313385768832,1,717.5544538832727,604.0076096439618,1
365,425,14.166666666666666,14.208367109298706,12.202396154403687,1788008908646166,1788008909011222784,393413,393414,1788008909009097216,1788008909017429760,0.25510729613733907,8.33272933959961,2.1257400512695312,1326.7676726210748,608.9396049389876,1,715.7689917383811,603.5406037610483,1
366,426,14.2,14.241792917251587,12.235821962356567,1788008908679592,1788008909044649472,393417,393418,1788008909042429440,1788008909050763008,0.2663786691079705,8.333683013916016,2.2199153900146484,1328.3242763689173,608.7702527440547,1,714.8375313750898,604.3362163867621,1
367,427,14.233333333333333,14.275223016738892,12.269252061843872,1788008908713022,1788008909078080512,393421,393422,1788008909075762688,1788008909084095488,0.278140200286123,8.33272933959961,2.317667007446289,1329.920321406763,608.8337276077923,1,714.0548804687496,604.2843635400448,1
368,428,14.266666666666667,14.308653116226196,12.302682161331177,1788008908746452,1788008909111511296,393425,393426,1788008909109094912,1788008909117427712,0.28997739692712654,8.332967758178711,2.416372299194336,1330.996836267842,609.9509470478724,1,713.0625660735717,604.1016199948095,1
369,429,14.3,14.342082977294922,12.336112022399902,1788008908779882,1788008909144942336,393429,393430,1788008909142427136,1788008909150761216,0.3017880131597769,8.333921432495117,2.515077590942383,1331.5191329845993,612.1338778664415,1,712.8026602562453,604.4979972315233,1
370,430,14.333333333333334,14.375513076782227,12.369542121887207,1788008908813312,1788008909178373632,393433,393434,1788008909175760384,1788008909184093184,0.31359084406294707,8.33272933959961,2.613067626953125,1332.3293588942365,613.0099316750628,1,712.4452013744076,604.9728148047591,1
371,431,14.366666666666667,14.408942937850952,12.402971982955933,1788008908846742,1788008909211804672,393437,393438,1788008909209092864,1788008909217426432,0.3253990959546833,8.333683013916016,2.711772918701172,1332.6162227831676,614.6271763296992,1,712.2498629107199,606.3263143771361,1
372,432,14.4,14.44237208366394,12.436401128768921,1788008908880171,1788008909245234688,393441,393442,1788008909242426112,1788008909250758912,0.3370529327610873,8.33272933959961,2.8085708618164062,1332.8364735475316,616.6090632763369,1,711.8425497877105,608.320310027138,1
373,433,14.433333333333334,14.47580099105835,12.46983003616333,1788008908913600,1788008909278664704,393445,393446,1788008909275758336,1788008909284091136,0.3488026093674001,8.332967758178711,2.9065608978271484,1332.8495888808975,618.3190131382504,1,711.1764258324009,609.4826169697699,1
374,434,14.466666666666667,14.509230136871338,12.503259181976318,1788008908947029,1788008909312095232,393449,393450,1788008909309090560,1788008909317424640,0.360520669432127,8.333921432495117,3.0045509338378906,1333.3867512637771,619.7961690005667,1,711.0089210701148,611.554133174041,1
375,435,14.5,14.542659997940063,12.536689043045044,1788008908980459,1788008909345526272,393453,393454,1788008909342423808,1788008909350756608,0.3723032904148784,8.33272933959961,3.1023025512695312,1333.6630699690686,620.981658515037,1,710.7577805387568,612.9822451733667,1
376,436,14.533333333333333,14.576097011566162,12.570126056671143,1788008909013896,1788008909378964736,393457,393458,1788008909375756288,1788008909384089088,0.385035765379113,8.33272933959961,3.2083988189697266,1333.9125099520606,622.3976277463003,1,709.9311647682223,613.6418810409895,1
377,437,14.566666666666666,14.609524965286255,12.603554010391235,1788008909047324,1788008909412393472,393461,393462,1788008909409088256,1788008909417422336,0.39659562294378486,8.333921432495117,3.305196762084961,1334.3498468701137,624.1000200495824,1,709.2102056392912,614.8119479024793,1
378,438,14.6,14.64296293258667,12.63699197769165,1788008909080762,1788008909445832448,393465,393466,1788008909442421760,1788008909450754560,0.40931589940201996,8.332967758178711,3.410816192626953,1334.849524123488,624.83904989114,1,708.6862277997974,616.0521739901759,1
379,439,14.633333333333333,14.676393032073975,12.670422077178955,1788008909114192,1788008909479263744,393469,393470,1788008909475753984,1788008909484086784,0.42120171673819745,8.33272933959961,3.5097599029541016,1335.5739441199717,625.4240368616945,1,708.5572980348941,617.9818612610942,1
380,440,14.666666666666666,14.70983099937439,12.70386004447937,1788008909147630,1788008909512702976,393473,393474,1788008909509086464,1788008909517420032,0.4339703610459461,8.333683013916016,3.6165714263916016,1336.3590748806273,625.7104780201762,1,708.207663127598,619.1475164019575,1
381,441,14.7,14.743259906768799,12.73728895187378,1788008909181059,1788008909546132736,393477,393478,1788008909542419456,1788008909550752512,0.4456238734227919,8.332967758178711,3.713369369506836,1337.0793731112851,626.7314469351221,1,707.5514621525767,619.6404276811932,1
382,442,14.733333333333333,14.776690006256104,12.770719051361084,1788008909214489,1788008909579564032,393481,393482,1788008909575751680,1788008909584085760,0.45744528679731083,8.333921432495117,3.8123130798339844,1337.9511507117427,628.3965704724773,1,706.7051747048754,619.9392594449326,1
383,443,14.766666666666667,14.810121059417725,12.804150104522705,1788008909247920,1788008909612996352,393485,393486,1788008909609085184,1788008909617417728,0.4693848354792561,8.33272933959961,3.911256790161133,1338.5853476431405,628.8772076499375,1,706.7665224734842,620.5313631321903,1
384,444,14.8,14.843549013137817,12.837578058242798,1788008909281348,1788008909646425600,393489,393490,1788008909642417408,1788008909650750208,0.48100143061516454,8.33272933959961,4.008054733276367,1338.833203685584,628.117854345874,1,707.325888606808,622.3625405283925,1
385,445,14.833333333333334,14.876977920532227,12.871006965637207,1788008909314777,1788008909679855616,393493,393494,1788008909675749632,1788008909684083456,0.49269060220283223,8.333921432495117,4.106044769287109,1339.2908763641603,629.047523098719,1,708.0364512919856,623.7679396249247,1
386,446,14.866666666666667,14.910408020019531,12.904437065124512,1788008909348207,1788008909713286912,393497,393498,1788008909709082880,1788008909717415936,0.5045063088323654,8.332967758178711,4.128932952880859,1340.2014435333508,630.3557878178433,1,708.8820148516297,625.1427629420207,1
387,447,14.9,14.943835973739624,12.937865018844604,1788008909381635,1788008909746715904,393501,393502,1788008909742415104,1788008909750747904,0.5161087267525035,8.33272933959961,4.032135009765625,1340.6218477421712,630.6934166107745,1,709.5920363759923,626.813419108125,1
388,448,14.933333333333334,14.977267026901245,12.971296072006226,1788008909415066,1788008909780147968,393505,393506,1788008909775747584,1788008909784081152,0.5280368484293643,8.333683013916016,3.9331912994384766,1340.6477746852624,630.796231124528,1,710.1680201829349,628.4049647549873,1
389,449,14.966666666666667,15.010698080062866,13.004727125167847,1788008909448497,1788008909813580544,393509,393510,1788008909809080832,1788008909817413632,0.54,8.33272933959961,3.8330554962158203,1340.7277303753508,630.959041185786,1,710.8322847675336,629.6833234787912,1
390,450,15.0,15.044127941131592,13.038156986236572,1788008909481927,1788008909847011840,393513,393514,1788008909842413056,1788008909850745856,0.5518869274126634,8.332967758178711,3.734111785888672,1340.7815952658793,631.3102865547878,1,711.2446505541753,630.5547302762301,1
391,451,15.033333333333333,15.077564001083374,13.071593046188354,1788008909515363,1788008909880449024,393517,393518,1788008909875745280,1788008909884078080,0.5644921316165952,8.33272933959961,3.628969192504883,1341.136011885495,631.756946438268,1,711.5751238319749,630.6258980129318,1
392,452,15.066666666666666,15.11098599433899,13.10501503944397,1788008909548785,1788008909913872128,393521,393522,1788008909909077760,1788008909917410304,0.5753648068669528,8.33272933959961,3.538370132446289,1341.5613563032618,631.9235892074801,1,711.6921586243807,631.5080772422805,1
393,453,15.1,15.144423007965088,13.138452053070068,1788008909582222,1788008909947309824,393525,393526,1788008909942409984,1788008909950743552,0.5879441551753734,8.333683013916016,3.4339427947998047,1342.0054231275935,632.1769647347396,1,711.3334546744588,632.8143399239384,1
394,454,15.133333333333333,15.177854061126709,13.17188310623169,1788008909615653,1788008909980741376,393529,393530,1788008909975742976,1788008909984076032,0.5998397756859604,8.332967758178711,3.334522247314453,1342.627121383944,632.3565879459233,1,710.9599403841826,633.4927083626387,1
395,455,15.166666666666666,15.211282014846802,13.205311059951782,1788008909649081,1788008910014170112,393533,393534,1788008910009075456,1788008910017408256,0.6114163090128756,8.33272933959961,3.2379627227783203,1342.7469200647142,632.7825654463159,1,710.7568931697806,634.0587005523834,1
396,456,15.2,15.244718074798584,13.238747119903564,1788008909682517,1788008910047607296,393537,393538,1788008910042407680,1788008910050741504,0.6239343136693941,8.333683013916016,3.134012222290039,1342.7925506913846,633.1402066397224,1,710.3221745199028,634.7109423808688,1
397,457,15.233333333333333,15.278149127960205,13.272178173065186,1788008909715948,1788008910081039616,393541,393542,1788008910075740928,1788008910084073728,0.6358798283261803,8.33272933959961,3.0341148376464844,1343.1327137126586,633.3478705570769,1,709.7339706239309,635.4560215294525,1
398,458,15.266666666666667,15.311578035354614,13.305607080459595,1788008909749377,1788008910114469888,393545,393546,1788008910109073152,1788008910117406208,0.6476209550513576,8.332967758178711,2.9363632202148438,1343.7573679409934,633.4216410070986,1,709.384287037005,636.2729933591575,1
399,459,15.3,15.345008134841919,13.3390371799469,1788008909782807,1788008910147901184,393549,393550,1788008910142405632,1788008910150739456,0.6594192533257045,8.333921432495117,2.8383731842041016,1344.6315563281407,633.2984761372946,1,708.9640821318508,637.4635661049808,1
400,460,15.333333333333334,15.378437995910645,13.372467041015625,1788008909816237,1788008910181332224,393553,393554,1788008910175738880,1788008910184071424,0.671244635193133,8.33272933959961,2.739429473876953,1345.4140880897648,633.636528725202,1,708.5417866473024,637.5739735910485,1
401,461,15.366666666666667,15.41187596321106,13.40590500831604,1788008909849675,1788008910214771200,393557,393558,1788008910209071104,1788008910217404928,0.6839846655604509,8.333683013916016,2.6335716247558594,1345.904957353803,633.6860059422037,1,708.07163137878,637.5345000704078,1
402,462,15.4,15.445305109024048,13.439334154129028,1788008909883104,1788008910248201728,393561,393562,1788008910242404352,1788008910250737152,0.6957367668097282,8.33272933959961,2.5353431701660156,1346.278829091064,633.7118794098992,1,707.773848210923,637.7072919421823,1
403,463,15.433333333333334,15.478734016418457,13.472763061523438,1788008909916533,1788008910281632000,393565,393566,1788008910275736576,1788008910284069632,0.707476180939029,8.332967758178711,2.437591552734375,1346.0321098455852,633.8226938394348,1,708.1240870578547,637.8277837115421,1
404,464,15.466666666666667,15.512171030044556,13.506200075149536,1788008909949970,1788008910315070208,393569,393570,1788008910309068800,1788008910317402880,0.7200972679158919,8.333921432495117,2.3326873779296875,1345.8450295749637,633.6826934185747,1,708.1916073643561,638.4149638258907,1
405,465,15.5,15.545598983764648,13.539628028869629,1788008909983398,1788008910348499200,393573,393574,1788008910342402304,1788008910350734848,0.7317024320457797,8.33272933959961,2.2356510162353516,1345.7581271574486,633.7139892583491,1,708.5501374155094,639.0160188008449,1
406,466,15.533333333333333,15.57903790473938,13.57306694984436,1788008910016837,1788008910381939456,393577,393578,1788008910375734528,1788008910384067328,0.7446351931330472,8.33272933959961,2.1278858184814453,1345.720307144065,633.6099460106759,1,708.0550644348166,638.4109167339363,1
407,467,15.566666666666666,15.612468004226685,13.606497049331665,1788008910050267,1788008910415370752,393581,393582,1788008910409066752,1788008910417400576,0.7564296953225575,8.333921432495117,2.029895782470703,1345.8062126230154,633.2334411063944,1,708.2168263125686,637.633431110264,1
408,468,15.6,15.645905017852783,13.639934062957764,1788008910083704,1788008910448808704,393585,393586,1788008910442400000,1788008910450733056,0.7690767073903465,8.332967758178711,1.924276351928711,1345.6106438511538,633.0275117197591,1,708.1225379680542,637.1950838239363,1
409,469,15.633333333333333,15.679333925247192,13.673362970352173,1788008910117133,1788008910482238464,393589,393590,1788008910475732224,1788008910484065024,0.7808011444921317,8.33272933959961,1.8265247344970703,1345.4035003398349,632.5826024965681,1,708.369924956762,636.6293818221367,1
410,470,15.666666666666666,15.712772130966187,13.706801176071167,1788008910150571,1788008910515677952,393593,393594,1788008910509064704,1788008910517398272,0.7935572466670481,8.333683013916016,1.720428466796875,1345.0430736551948,632.2870683807171,1,708.6435025528781,636.1969186558516,1
411,471,15.7,15.746201992034912,13.740231037139893,1788008910184001,1788008910549108992,393597,393598,1788008910542397952,1788008910550730752,0.805379113018598,8.33272933959961,1.6217231750488281,1344.8672681773214,632.0700569688927,1,708.5234620503696,636.4939354777684,1
412,472,15.733333333333333,15.779638051986694,13.773667097091675,1788008910217437,1788008910582546176,393601,393602,1788008910575730176,1788008910584062976,0.8179737346570913,8.332967758178711,1.5168190002441406,1344.573157860461,631.8310650594118,1,708.8732322921524,636.7376046275767,1
413,473,15.766666666666667,15.81306791305542,13.8070969581604,1788008910250867,1788008910615977216,393605,393606,1788008910609062400,1788008910617396224,0.8297476683641357,8.333683013916016,1.4188289642333984,1344.3231431450527,631.4896279156359,1,709.0332382531479,636.0522541262069,1
414,474,15.8,15.846503973007202,13.840533018112183,1788008910284303,1788008910649414656,393609,393610,1788008910642395648,1788008910650728448,0.8423175965665236,8.33272933959961,1.313924789428711,1344.307351386114,631.0137524589913,1,709.0912240645978,635.7591060482515,1
415,475,15.833333333333334,15.879935026168823,13.873964071273804,1788008910317734,1788008910682846720,393613,393614,1788008910675728128,1788008910684061696,0.8542083881673056,8.333683013916016,1.2149810791015625,1344.3680632570265,630.5632212715757,1,708.7345057743453,635.3169687848579,1
416,476,15.866666666666667,15.913363933563232,13.907392978668213,1788008910351163,1788008910716276992,393617,393618,1788008910709061120,1788008910717394176,0.8659265829303883,8.332967758178711,1.1172294616699219,1344.2667484889894,630.5032692874562,1,708.7829516434697,634.9354715346801,1
417,477,15.9,15.946800947189331,13.940829992294312,1788008910384600,1788008910749715200,393621,393622,1788008910742393600,1788008910750726144,0.8786552217453505,8.33272933959961,1.0111331939697266,1344.2756828482527,630.3928039120783,1,708.6495153278729,634.6295282639489,1
418,478,15.933333333333334,15.98023009300232,13.9742591381073,1788008910418029,1788008910783144960,393625,393626,1788008910775725824,1788008910784059648,0.8902557647193454,8.333683013916016,0.9145736694335938,1344.5214460399823,630.2637369733297,1,708.7766256344655,634.6294340818179,1
419,479,15.966666666666667,16.01365900039673,14.007688045501709,1788008910451458,1788008910816574720,393629,393630,1788008910809059072,1788008910817391872,0.9019456366237482,8.33272933959961,0.8170604705810547,1345.0428223500528,629.8649246120658,1,708.5517631465361,634.5565373890062,1
420,480,16.0,16.047087907791138,14.041116952896118,1788008910484887,1788008910850004480,393633,393634,1788008910842391296,1788008910850724096,0.9136219278418357,8.332967758178711,0.7197856903076172,1345.1904815471687,629.4401254361621,1,708.2247787187374,634.2630747498353,1
421,481,16.033333333333335,16.080519914627075,14.074548959732056,1788008910518319,1788008910883437568,393637,393638,1788008910875723520,1788008910884056576,0.9257245858487597,8.332967758178711,0.6189346313476562,1345.0958450144315,628.9809825953955,1,707.840494032773,634.0408536560005,1
422,482,16.066666666666666,16.11395001411438,14.10797905921936,1788008910551749,1788008910916868608,393641,393642,1788008910909056000,1788008910917388800,0.9375965665236051,8.33272933959961,0.5199909210205078,1345.071019443477,628.6986780802903,1,707.8580743982711,634.2930491344014,1
423,483,16.1,16.147377967834473,14.141407012939453,1788008910585177,1788008910950297856,393645,393646,1788008910942388224,1788008910950722048,0.949104537392001,8.333683013916016,0.4241466522216797,1345.0458226474025,628.5844402067714,1,707.9501485197794,634.4192647037257,1
424,484,16.133333333333333,16.180809020996094,14.174838066101074,1788008910618608,1788008910983730176,393649,393650,1788008910975721472,1788008910984054272,0.9610883808760836,8.332967758178711,0.324249267578125,1344.9904010220782,628.557738569679,1,708.0320582073268,634.0439439160853,1
425,485,16.166666666666668,16.214237928390503,14.208266973495483,1788008910652037,1788008911017160192,393653,393654,1788008911009053696,1788008911017386752,0.9728190895825585,8.332967758178711,0.22649765014648438,1344.957540443164,628.6866020807751,1,708.0362625980413,633.4901605447545,1
426,486,16.2,16.247668981552124,14.241698026657104,1788008910685468,1788008911050592768,393657,393658,1788008911042386176,1788008911050719744,0.9847513875379069,8.333683013916016,0.1270771026611328,1344.7570249300657,628.7659668666315,1,707.9476735932024,633.177027756799,1
427,487,16.233333333333334,16.2810959815979,14.27512502670288,1788008910718895,1788008911084020736,393661,393662,1788008911075719424,1788008911084051968,0.9962231759656652,8.33272933959961,0.03147125244140625,1344.4736349646978,628.6819148304752,1,707.8782549985165,633.4689087666632,1
428,488,16.266666666666666,16.31452703475952,14.308556079864502,1788008910752326,1788008911117452800,393666,393667,1788008911117384448,1788008911125718016,0.008210791325742404,8.333683013916016,0.06842613220214844,1344.243279434946,628.6211115016689,1,707.7595845068532,633.1349808497148,1
429,489,16.3,16.34795594215393,14.341984987258911,1788008910785755,1788008911150883072,393670,393671,1788008911150717696,1788008911159050496,0.01982832618025751,8.33272933959961,0.1652240753173828,1344.1810105358031,628.5305348815458,1,707.983830664175,632.7670213429404,1
430,490,16.333333333333332,16.381386041641235,14.375415086746216,1788008910819185,1788008911184314368,393674,393675,1788008911184049920,1788008911192382720,0.03173013647678178,8.332967758178711,0.2644062042236328,1344.2134775244722,628.371838052886,1,708.080115670159,632.1307202003693,1
431,491,16.366666666666667,16.414814949035645,14.408843994140625,1788008910852614,1788008911217744384,393678,393679,1788008911217382144,1788008911225716224,0.04345587183521671,8.333921432495117,0.36215782165527344,1344.268473302578,628.2180784924954,1,707.8941353721088,631.6626853851435,1
432,492,16.4,16.44824504852295,14.44227409362793,1788008910886044,1788008911251175680,393682,393683,1788008911250715392,1788008911259048192,0.055221745350500714,8.33272933959961,0.4601478576660156,1344.6636774374053,628.0855999346684,1,707.591063059329,631.2360032739093,1
433,493,16.433333333333334,16.48167610168457,14.47570514678955,1788008910919475,1788008911284608000,393686,393687,1788008911284047872,1788008911292381440,0.06720260914344567,8.333683013916016,0.5600452423095703,1345.1109197463413,627.9901349775431,1,707.7570825848982,632.1305346664668,1
434,494,16.466666666666665,16.515095949172974,14.509124994277954,1788008910952895,1788008911318028800,393690,393691,1788008911317381120,1788008911325713920,0.07771101573676681,8.33272933959961,0.6475448608398438,1345.522697687407,628.038164109244,1,707.6204552389486,632.9130001663694,1
435,495,16.5,16.54852604866028,14.542555093765259,1788008910986325,1788008911351460096,393694,393695,1788008911350713344,1788008911359046144,0.08961116992360733,8.332967758178711,0.7467269897460938,1345.9004274972488,628.0580519196692,1,707.7800835807002,632.4740823627486,1
436,496,16.533333333333335,16.5819571018219,14.57598614692688,1788008911019756,1788008911384892160,393698,393699,1788008911384045568,1788008911392379648,0.10158775568588185,8.333921432495117,0.8466243743896484,1346.1577307074538,627.6398653363142,1,708.0884829935892,631.4585395146415,1
437,497,16.566666666666666,16.6153781414032,14.609407186508179,1788008911053177,1788008911418314496,393702,393703,1788008911417378816,1788008911425711616,0.11227467811158798,8.33272933959961,0.9355545043945312,1346.3014125701757,627.0261729664753,1,708.4179387327049,630.6831169976089,1
438,498,16.6,16.64880895614624,14.64283800125122,1788008911086608,1788008911451746816,393706,393707,1788008911450711296,1788008911459044096,0.12426323319027181,8.33272933959961,1.035451889038086,1346.4838258368857,626.606908662621,1,708.1190021392284,630.9582966532695,1
439,499,16.633333333333333,16.68223810195923,14.676267147064209,1788008911120037,1788008911485177088,393710,393711,1788008911484043264,1788008911492377344,0.1360320411958232,8.333921432495117,1.1336803436279297,1346.5125581758432,626.2236970282609,1,707.7999773302986,631.0419034071695,1
440,500,16.666666666666668,16.715660095214844,14.709689140319824,1788008911153459,1788008911518599936,393714,393715,1788008911517376768,1788008911525709568,0.14680552773883437,8.332967758178711,1.2233257293701172,1346.6889757995468,625.9209233196186,1,707.6082966138104,630.891661823006,1
441,501,16.7,16.74908995628357,14.74311900138855,1788008911186889,1788008911552030464,393718,393719,1788008911550708992,1788008911559041792,0.15859799713876968,8.33272933959961,1.321554183959961,1347.1568638351207,625.4257699107935,1,707.3388269839428,630.3368924945868,1
442,502,16.733333333333334,16.782520055770874,14.776549100875854,1788008911220319,1788008911585461504,393722,393723,1788008911584041472,1788008911592375040,0.1704239858099216,8.333683013916016,1.4202594757080078,1347.1990069027192,625.0218176462522,1,707.4244330785025,629.4827082364269,1
443,503,16.766666666666666,16.8159499168396,14.80997896194458,1788008911253749,1788008911618892288,393726,393727,1788008911617374720,1788008911625707264,0.1821173104434907,8.33272933959961,1.5175342559814453,1346.7569157501534,624.9467722236436,1,707.8097904585782,629.3656717374547,1
444,504,16.8,16.84937810897827,14.843407154083252,1788008911287177,1788008911652321536,393730,393731,1788008911650706688,1788008911659039744,0.19378558553403336,8.332967758178711,1.6148090362548828,1346.121962587034,625.3460179991123,1,708.7108313733838,630.0615243477775,1
445,505,16.833333333333332,16.882800102233887,14.876829147338867,1788008911320599,1788008911685744640,393734,393735,1788008911684040192,1788008911692372736,0.20457796852646637,8.33272933959961,1.7046928405761719,1345.037253733219,625.5758914562862,1,710.3446292545024,631.3996277923263,1
446,506,16.866666666666667,16.916229963302612,14.910259008407593,1788008911354029,1788008911719175680,393738,393739,1788008911717372416,1788008911725705216,0.21639484978540774,8.33272933959961,1.8031597137451172,1344.5779883046148,625.4694655802341,1,711.3430696512498,630.2660927938832,1
447,507,16.9,16.949660062789917,14.943689107894897,1788008911387459,1788008911752606976,393742,393743,1788008911750704640,1788008911759038464,0.2282428334382331,8.333683013916016,1.9021034240722656,1344.04462849155,625.2524974440142,1,712.0331966903392,629.33867596552,1
448,508,16.933333333333334,16.983091115951538,14.977120161056519,1788008911420890,1788008911786039040,393746,393747,1788008911784037888,1788008911792370688,0.24016480215158365,8.332967758178711,2.0012855529785156,1343.0248191033245,625.244600767956,1,713.1054918498523,629.9818031715153,1
449,509,16.966666666666665,17.016520023345947,15.010549068450928,1788008911454319,1788008911819469312,393750,393751,1788008911817370112,1788008911825702912,0.2519027181688126,8.33272933959961,2.0990371704101562,1341.0932811846792,625.6070371766953,1,713.580860844408,631.2514300036919,1
450,510,17.0,17.049948930740356,15.043977975845337,1788008911487748,1788008911852899328,393754,393755,1788008911850702592,1788008911859036160,0.2636035932940436,8.333683013916016,2.196788787841797,1338.881277128276,626.0316663508991,1,713.677847241456,631.3012340036718,1
451,511,17.033333333333335,17.08337903022766,15.077408075332642,1788008911521178,1788008911886330624,393758,393759,1788008911884034816,1788008911892367616,0.27550786838340485,8.33272933959961,2.2957324981689453,1336.8152513432058,625.9295376946732,1,713.7045952433976,630.9023670027785,1
452,512,17.066666666666666,17.116809129714966,15.110838174819946,1788008911554608,1788008911919761920,393762,393763,1788008911917367040,1788008911925700864,0.2873694750393363,8.333921432495117,2.3949146270751953,1336.0958457896127,627.1058481393196,1,714.2329990826763,631.6026889316109,1
453,513,17.1,17.15023708343506,15.144266128540039,1788008911588036,1788008911953190912,393766,393767,1788008911950700288,1788008911959033344,0.29887556865325743,8.332967758178711,2.490520477294922,1335.1881497603142,627.8001644727622,1,714.7912039591826,630.3306140328668,1
454,514,17.133333333333333,17.183674097061157,15.177703142166138,1788008911621473,1788008911986629120,393770,393771,1788008911984032512,1788008911992365312,0.31161659513590845,8.33272933959961,2.596616744995117,1334.8147999483995,627.7065204120106,1,714.885650837286,629.6530003372382,1
455,515,17.166666666666668,17.217103958129883,15.211133003234863,1788008911654903,1788008912020060416,393774,393775,1788008912017364992,1788008912025698560,0.323425072953024,8.333683013916016,2.695322036743164,1333.9340388019311,627.6983087020508,1,714.9072663494566,630.3223394607038,1
456,516,17.2,17.250535011291504,15.244564056396484,1788008911688334,1788008912053492480,393778,393779,1788008912050697984,1788008912059031040,0.335355211581929,8.332967758178711,2.794504165649414,1333.5276506528016,627.4614445896236,1,714.4869999647219,630.6536519106087,1
457,517,17.233333333333334,17.28396511077881,15.277994155883789,1788008911721764,1788008912086923520,393782,393783,1788008912084030464,1788008912092363264,0.3472003662270035,8.332967758178711,2.893209457397461,1333.491151598434,626.8121026321402,1,714.3731347945505,630.9314250107487,1
458,518,17.266666666666666,17.31740093231201,15.311429977416992,1788008911755200,1788008912120361728,393786,393787,1788008912117362688,1788008912125696512,0.3598729759111976,8.333683013916016,2.9990673065185547,1332.88296293576,626.2273139705179,1,714.0051944859376,631.2158051524975,1
459,519,17.3,17.350831031799316,15.344860076904297,1788008911788630,1788008912153792512,393790,393791,1788008912150695936,1788008912159028736,0.37161659513590845,8.33272933959961,3.0965805053710938,1332.9465614943201,625.813125210934,1,713.5169826383269,631.1907566369719,1
460,520,17.333333333333332,17.384259939193726,15.378288984298706,1788008911822059,1788008912187222528,393794,393795,1788008912184028160,1788008912192361216,0.3833366713398758,8.332967758178711,3.1943321228027344,1332.83755777915,626.1676505836466,1,713.3199920357001,631.3067704563861,1
461,521,17.366666666666667,17.41769003868103,15.41171908378601,1788008911855489,1788008912220653312,393798,393799,1788008912217360384,1788008912225694464,0.3951079959948505,8.333921432495117,3.2927989959716797,1332.0422024586728,626.9682397010616,1,713.623677612562,631.8578073964577,1
462,522,17.4,17.45111894607544,15.44514799118042,1788008911888918,1788008912254083072,393802,393803,1788008912250693888,1788008912259026432,0.4067525035765379,8.33272933959961,3.3893585205078125,1331.9451552758865,627.327523024721,1,714.2172060057304,632.4603635853042,1
463,523,17.433333333333334,17.484549045562744,15.478578090667725,1788008911922348,1788008912287514368,393806,393807,1788008912284026112,1788008912292358912,0.4186266094420601,8.33272933959961,3.488302230834961,1331.9183389900154,626.4316464425823,1,714.6669180864562,631.994395675105,1
464,524,17.466666666666665,17.51797890663147,15.51200795173645,1788008911955778,1788008912320945152,393810,393811,1788008912317359360,1788008912325692160,0.4303290414878398,8.33272933959961,3.5858154296875,1331.8194224430263,626.4674132793109,1,715.1252052678025,631.9813484181678,1
465,525,17.5,17.551409006118774,15.545438051223755,1788008911989208,1788008912354376192,393814,393815,1788008912350691584,1788008912359024640,0.4421904952647993,8.332967758178711,3.6847591400146484,1331.111937170719,628.7091784048075,1,715.6101130947197,633.1328609327294,1
466,526,17.533333333333335,17.584845066070557,15.578874111175537,1788008912022644,1788008912387813376,393818,393819,1788008912384023808,1788008912392357888,0.45469889858389356,8.333921432495117,3.7894248962402344,1330.012855995174,629.2821960985159,1,715.6817496342779,634.016051140802,1
467,527,17.566666666666666,17.61827301979065,15.61230206489563,1788008912056072,1788008912421243392,393822,393823,1788008912417357312,1788008912425689856,0.4663805436337625,8.33272933959961,3.8862228393554688,1330.4073534325962,629.6136963738142,1,715.8024937705655,633.6774841536239,1
468,528,17.6,17.65170407295227,15.645733118057251,1788008912089503,1788008912454675200,393826,393827,1788008912450689536,1788008912459022336,0.4783118741058655,8.33272933959961,3.9856433868408203,1330.9013303036147,629.2130562323011,1,715.9029167167904,633.467251102931,1
469,529,17.633333333333333,17.685128927230835,15.679157972335815,1788008912122928,1788008912488101120,393830,393831,1788008912484021760,1788008912492355584,0.4894864826205121,8.333921432495117,4.079341888427734,1331.067422521055,629.1585851465277,1,716.035604509769,633.8845720710268,1
470,530,17.666666666666668,17.718563079833984,15.712592124938965,1788008912156362,1788008912521536000,393834,393835,1788008912517355008,1788008912525687808,0.5017309948213213,8.332967758178711,4.152059555053711,1331.0775736732178,629.2583427691416,1,716.2529888808349,634.2443782772705,1
471,531,17.7,17.751991987228394,15.746021032333374,1788008912189791,1788008912554966016,393838,393839,1788008912550687232,1788008912559020032,0.5134763948497854,8.33272933959961,4.054069519042969,1330.8987952593639,629.4204387937139,1,716.2200836663235,634.4178290394973,1
472,532,17.733333333333334,17.7854220867157,15.779451131820679,1788008912223221,1788008912588397312,393842,393843,1788008912584019712,1788008912592353280,0.525290381644447,8.333683013916016,3.9560794830322266,1330.7743685093542,630.0533593216456,1,716.2474336873986,634.4300185616509,1
473,533,17.766666666666666,17.818851947784424,15.812880992889404,1788008912256651,1788008912621828096,393846,393847,1788008912617352960,1788008912625685760,0.5370529327610872,8.33272933959961,3.8576126098632812,1330.5253399617231,630.3847915050718,1,716.3901586062609,635.0491208094325,1
474,534,17.8,17.852291107177734,15.846320152282715,1788008912290090,1788008912655268352,393850,393851,1788008912650685184,1788008912659017984,0.5500271809104175,8.332967758178711,3.7496089935302734,1330.1378418217841,629.358411892186,1,716.7276015009363,635.434241796705,1
475,535,17.833333333333332,17.885720014572144,15.879749059677124,1788008912323519,1788008912688698624,393854,393855,1788008912684017408,1788008912692351232,0.5616936060649407,8.333921432495117,3.652811050415039,1330.043465073948,628.8002894187441,1,717.0399195751513,635.8440424756286,1
476,536,17.866666666666667,17.91915011405945,15.913179159164429,1788008912356949,1788008912722129920,393858,393859,1788008912717350656,1788008912725683456,0.5735336194563663,8.33272933959961,3.553628921508789,1330.4423911313156,629.1086912974229,1,717.0613862900209,635.9590598871785,1
477,537,17.9,17.952579021453857,15.946608066558838,1788008912390378,1788008912755559680,393862,393863,1788008912750683136,1788008912759016704,0.5851690793614465,8.333683013916016,3.4570693969726562,1330.4905812222637,629.3833076996849,1,717.0423825273864,635.835693235768,1
478,538,17.933333333333334,17.986016035079956,15.980045080184937,1788008912423815,1788008912788997888,393866,393867,1788008912784016128,1788008912792349184,0.5978369717604647,8.332967758178711,3.3512115478515625,1330.2540886238587,630.0365665000671,1,717.0362743605766,635.2445012640023,1
479,539,17.966666666666665,18.019444942474365,16.013473987579346,1788008912457244,1788008912822427904,393870,393871,1788008912817348608,1788008912825681408,0.6095676804669394,8.332967758178711,3.253459930419922,1330.338395301761,629.7749758980763,1,717.0472414203052,634.6423097306754,1
480,540,18.0,18.052874088287354,16.046903133392334,1788008912490673,1788008912855858688,393874,393875,1788008912850680832,1788008912859014400,0.6213022830005149,8.333683013916016,3.155946731567383,1330.529094818323,628.9278618744418,1,717.47541642458,635.1701769262103,1
481,541,18.033333333333335,18.08630394935608,16.08033299446106,1788008912524103,1788008912889289472,393878,393879,1788008912884013056,1788008912892345856,0.6331902718168813,8.33272933959961,3.0565261840820312,1330.7673456736807,628.1963656010578,1,717.6898483314593,634.7314618212744,1
482,542,18.066666666666666,18.1197350025177,16.11376404762268,1788008912557534,1788008912922721536,393882,393883,1788008912917345280,1788008912925678336,0.6451889788561128,8.332967758178711,2.9566287994384766,1330.6687491860525,627.008960790441,1,717.5800160286997,633.7582292153143,1
483,543,18.1,18.15316390991211,16.14719295501709,1788008912590963,1788008912956151808,393886,393887,1788008912950678528,1788008912959011584,0.6568052416239879,8.332967758178711,2.859830856323242,1330.8146575935314,624.7212502849746,1,717.560756374489,632.5129347643405,1
484,544,18.133333333333333,18.186594009399414,16.180623054504395,1788008912624393,1788008912989583360,393890,393891,1788008912984011008,1788008912992343552,0.6687267525035765,8.33272933959961,2.7604103088378906,1330.782376938808,623.4701016776659,1,717.5249721643113,630.9407495664033,1
485,545,18.166666666666668,18.22002410888672,16.2140531539917,1788008912657823,1788008913023014656,393894,393895,1788008913017343232,1788008913025677056,0.6805229730502946,8.333683013916016,2.6624202728271484,1330.8525684306733,622.5344712969193,1,717.6241057030293,629.9450410459008,1
486,546,18.2,18.253453016281128,16.24748206138611,1788008912691252,1788008913056444672,393898,393899,1788008913050676224,1788008913059009280,0.6922262596206117,8.332967758178711,2.564668655395508,1330.546823143036,621.1897111098085,1,717.6532722846919,628.435459733957,1
487,547,18.233333333333334,18.286883115768433,16.280912160873413,1788008912724682,1788008913089875968,393902,393903,1788008913084008704,1788008913092341760,0.7041000257503361,8.332967758178711,2.4657249450683594,1330.8249787573836,619.7303299083932,1,717.6775662736934,626.5766064614982,1
488,548,18.266666666666666,18.320311069488525,16.314340114593506,1788008912758110,1788008913123304960,393906,393907,1788008913117340928,1788008913125674752,0.7156262516450191,8.333683013916016,2.3698806762695312,1330.9255333096353,618.6804863616367,1,717.5625493085794,624.4903770789712,1
489,549,18.3,18.35374093055725,16.34776997566223,1788008912791540,1788008913156736000,393910,393911,1788008913150674432,1788008913159006976,0.7274391988555079,8.33272933959961,2.2711753845214844,1331.6868771754687,617.0782252709544,1,717.1170734581136,623.1366044551926,1
490,550,18.333333333333332,18.38717007637024,16.38119912147522,1788008912824969,1788008913190166272,393914,393915,1788008913184006400,1788008913192339456,0.7392063174158107,8.332967758178711,2.173185348510742,1332.2796392187533,615.4159744712225,1,716.2856567837235,621.0941071001596,1
491,551,18.366666666666667,18.420602083206177,16.414631128311157,1788008912858401,1788008913223599360,393918,393919,1788008913217338880,1788008913225672704,0.7512230010012874,8.333921432495117,2.0732879638671875,1333.0776626410816,614.0257009944486,1,715.3100630573568,619.3113973521812,1
492,552,18.4,18.454030990600586,16.448060035705566,1788008912891830,1788008913257029376,393922,393923,1788008913250672128,1788008913259004928,0.7629184549356223,8.33272933959961,1.9755363464355469,1333.7703629970533,612.2346897804,1,714.9570814820839,619.4391031018398,1
493,553,18.433333333333334,18.487460136413574,16.481489181518555,1788008912925259,1788008913290459136,393926,393927,1788008913284004352,1788008913292337152,0.774620886981402,8.33272933959961,1.8780231475830078,1334.8766513848514,610.7545437544408,1,715.1220203070646,620.8110682423365,1
494,554,18.466666666666665,18.5208899974823,16.51491904258728,1788008912958689,1788008913323889920,393930,393931,1788008913317336576,1788008913325670400,0.786353883564583,8.333921432495117,1.7805099487304688,1335.120596085325,610.7656501648065,1,715.8200067830452,620.4140691826624,1
495,555,18.5,18.554320096969604,16.548349142074585,1788008912992119,1788008913357320704,393934,393935,1788008913350669824,1788008913359002880,0.7981459757946839,8.332967758178711,1.6820430755615234,1334.8713133449276,610.7030261147522,1,716.1034964552023,619.8347348909464,1
496,556,18.533333333333335,18.587748050689697,16.581777095794678,1788008913025547,1788008913390749696,393938,393939,1788008913384002304,1788008913392336128,0.8096409669575169,8.333921432495117,1.5864372253417969,1334.5386427355957,611.1652860168442,1,716.2885798445352,620.6677597804528,1
497,557,18.566666666666666,18.621176958084106,16.615206003189087,1788008913058976,1788008913424179712,393942,393943,1788008913417335552,1788008913425668352,0.8213733905579399,8.33272933959961,1.4884471893310547,1334.1116971914564,611.5013435750656,1,717.0909892353931,622.2874038564217,1
498,558,18.6,18.65460705757141,16.64863610267639,1788008913092406,1788008913457611008,393946,393947,1788008913450667776,1788008913459000576,0.8332474964234621,8.33272933959961,1.3895034790039062,1333.8434369208383,611.6920149129504,1,717.7302779529641,622.4698958191383,1
499,559,18.633333333333333,18.688036918640137,16.682065963745117,1788008913125836,1788008913491042048,393950,393951,1788008913484000000,1788008913492333824,0.8450007152052639,8.333921432495117,1.2917518615722656,1333.6850403644503,611.9400246914364,1,717.2904772214342,621.0462603870578,1
500,560,18.666666666666668,18.72146701812744,16.715496063232422,1788008913159266,1788008913524473600,393954,393955,1788008913517333248,1788008913525666304,0.8568853537810077,8.332967758178711,1.1925697326660156,1333.4651705563206,612.4962894306116,1,717.5165962089835,621.2558873410727,1
501,561,18.7,18.754889965057373,16.748919010162354,1788008913192689,1788008913557897728,393958,393959,1788008913550665728,1788008913558998272,0.8679256080114449,8.33272933959961,1.1005401611328125,1333.6194312465157,613.5009995239543,1,718.2516297355168,621.9113736175422,1
502,562,18.733333333333334,18.788327932357788,16.78235697746277,1788008913226127,1788008913591336960,393962,393963,1788008913583997952,1788008913592331520,0.8806431309721348,8.333683013916016,0.9946823120117188,1333.031448266071,614.3310337235021,1,718.8774957224813,622.7644418814264,1
503,563,18.766666666666666,18.82175612449646,16.81578516960144,1788008913259555,1788008913624766208,393966,393967,1788008913617331200,1788008913625664000,0.8922460658082976,8.33272933959961,0.8978843688964844,1332.3662474803637,614.3837978416263,1,719.3001914873821,623.8906350299543,1
504,564,18.8,18.855186939239502,16.849215984344482,1788008913292986,1788008913658198016,393970,393971,1788008913650663424,1788008913658996224,0.9042087493920059,8.332967758178711,0.7982254028320312,1331.5578678149748,614.8614874044246,1,719.4955013266326,624.2128032236678,1
505,565,18.833333333333332,18.88861608505249,16.88264513015747,1788008913326415,1788008913691628288,393974,393975,1788008913683995648,1788008913692329728,0.9158346445429838,8.333921432495117,0.7014274597167969,1330.957962528139,614.800389068601,1,719.6781592627062,625.098113732739,1
506,566,18.866666666666667,18.922038078308105,16.916067123413086,1788008913359837,1788008913725051392,393978,393979,1788008913717329152,1788008913725661696,0.9267525035765379,8.33272933959961,0.6103515625,1330.9183000097116,614.5820661996505,1,719.6907416250596,627.0315793976348,1
507,567,18.9,18.955466985702515,16.949496030807495,1788008913393266,1788008913758481664,393982,393983,1788008913750661376,1788008913758994176,0.9385121602288984,8.33272933959961,0.5123615264892578,1330.795525362888,614.2009373280996,1,719.9540197796049,627.3229011266785,1
508,568,18.933333333333334,18.988898038864136,16.982927083969116,1788008913426697,1788008913791913984,393986,393987,1788008913783994368,1788008913792327424,0.9503876856170067,8.332967758178711,0.4134178161621094,1330.5338470116387,614.1591809644383,1,720.0588947073819,627.7453995181934,1
509,569,18.966666666666665,19.02232813835144,17.01635718345642,1788008913460127,1788008913825345024,393990,393991,1788008913817326848,1788008913825659648,0.9622328402620812,8.332967758178711,0.3147125244140625,1330.4072840466806,614.2446963815139,1,720.0370431525329,628.3318802991663,1
510,570,19.0,19.05575704574585,17.04978609085083,1788008913493556,1788008913858775040,393994,393995,1788008913850659072,1788008913858992896,0.973879956514276,8.333683013916016,0.21767616271972656,1329.9680785516323,614.4564798398744,1,719.6769249926906,628.2859523321804,1
511,571,19.033333333333335,19.089186906814575,17.083215951919556,1788008913526986,1788008913892206080,393998,393999,1788008913883991552,1788008913892324096,0.9858369098712446,8.33272933959961,0.11801719665527344,1329.6249958321923,614.7814479891563,1,719.6546058867074,628.8872896266295,1
512,572,19.066666666666666,19.12260913848877,17.11663818359375,1788008913560408,1788008913925629440,394002,394003,1788008913917323520,1788008913925656576,0.996738290749907,8.332967758178711,0.027179718017578125,1329.4899089558344,615.1530549830126,1,719.9862070453871,628.6699024017204,1
513,573,19.1,19.15603804588318,17.15006709098816,1788008913593837,1788008913959059456,394007,394008,1788008913958989824,1788008913967322624,0.008354792560801145,8.33272933959961,0.06961822509765625,1329.8552727099784,615.6533518360752,1,720.4389009369971,628.2431428707649,1
514,574,19.133333333333333,19.189466953277588,17.18349599838257,1788008913627266,1788008913992489472,394011,394012,1788008913992322048,1788008914000655872,0.020111572021170077,8.333921432495117,0.16760826110839844,1329.881925114816,615.9809273873101,1,721.1106565663367,628.9824216961844,1
515,575,19.166666666666668,19.222896099090576,17.216925144195557,1788008913660695,1788008914025920256,394015,394016,1788008914025655296,1788008914033988352,0.03178735944608166,8.332967758178711,0.26488304138183594,1329.810191477016,616.3029351555987,1,721.6411859025997,629.8030631221163,1
516,576,19.2,19.2563259601593,17.250355005264282,1788008913694125,1788008914059351040,394019,394020,1788008914058987520,1788008914067320320,0.04360515021459228,8.33272933959961,0.36334991455078125,1330.0525733121503,616.5815347438711,1,722.7956720217758,630.3915334454108,1
517,577,19.233333333333334,19.289757013320923,17.283786058425903,1788008913727556,1788008914092783104,394023,394024,1788008914092320000,1788008914100653568,0.05558734336556617,8.333683013916016,0.46324729919433594,1330.167353727603,616.7911986002294,1,723.7115479154995,630.818205663918,1
518,578,19.266666666666666,19.323185920715332,17.317214965820312,1788008913760985,1788008914126213120,394027,394028,1788008914125652992,1788008914133986048,0.0672083774427055,8.332967758178711,0.5600452423095703,1330.447874706716,616.8676187328783,1,724.2800498183611,630.964710972237,1
519,579,19.3,19.356609106063843,17.350638151168823,1788008913794408,1788008914159636992,394031,394032,1788008914158985472,1788008914167318272,0.07819518754828188,8.332967758178711,0.6515979766845703,1330.6827461113112,616.9917437864557,1,724.7617531218854,630.6346332421357,1
520,580,19.333333333333332,19.390038013458252,17.384067058563232,1788008913827837,1788008914193066752,394035,394036,1788008914192317696,1788008914200651520,0.08988956914802311,8.333683013916016,0.7491111755371094,1331.040258302843,617.1698910484149,1,725.17127750987,631.4609520344661,1
521,581,19.366666666666667,19.423468112945557,17.417497158050537,1788008913861267,1788008914226498048,394039,394040,1788008914225650944,1788008914233983744,0.10165951359084406,8.33272933959961,0.8471012115478516,1331.8270688206765,617.3203461880496,1,725.2248294817972,631.4898970106813,1
522,582,19.4,19.456897974014282,17.450927019119263,1788008913894697,1788008914259928832,394043,394044,1788008914258983168,1788008914267316224,0.11350175960630597,8.332967758178711,0.9458065032958984,1332.5006099882314,617.3933456819925,1,725.1218126253941,631.5260353032244,1
523,583,19.433333333333334,19.490319967269897,17.484349012374878,1788008913928119,1788008914293352192,394047,394048,1788008914292315392,1788008914300649472,0.12438849949935632,8.333921432495117,1.0366439819335938,1333.1077374338217,617.5019606254178,1,725.1433562271756,631.3460666566523,1
524,584,19.466666666666665,19.523750066757202,17.517779111862183,1788008913961549,1788008914326783488,394051,394052,1788008914325648896,1788008914333981440,0.1361659513590844,8.33272933959961,1.134634017944336,1333.6592289202572,617.6541593886725,1,725.150599183524,630.8015012787454,1
525,585,19.5,19.55717897415161,17.551208019256592,1788008913994978,1788008914360213504,394055,394056,1788008914358981120,1788008914367313920,0.1478969957081545,8.33272933959961,1.2323856353759766,1334.2258809080063,617.9392958948425,1,724.8911806360182,629.9798771570804,1
526,586,19.533333333333335,19.59060001373291,17.58462905883789,1788008914028399,1788008914393635584,394059,394060,1788008914392313344,1788008914400647168,0.15866113574595908,8.333921432495117,1.3222694396972656,1334.6875394602037,618.2390149917755,1,724.3064941781395,629.635323233444,1
527,587,19.566666666666666,19.624030113220215,17.618059158325195,1788008914061829,1788008914427066880,394063,394064,1788008914425646592,1788008914433979392,0.17043861405968355,8.332967758178711,1.4202594757080078,1334.9436568198273,618.5152210636772,1,723.9793425304888,629.3307812188599,1
528,588,19.6,19.65745997428894,17.65148901939392,1788008914095259,1788008914460498176,394067,394068,1788008914458978816,1788008914467312896,0.18229151766557003,8.333921432495117,1.5192031860351562,1335.0128637300843,618.7474290439773,1,723.7713957574133,629.5793135439487,1
529,589,19.633333333333333,19.690890073776245,17.684919118881226,1788008914128689,1788008914493929472,394071,394072,1788008914492312320,1788008914500644864,0.1940772532188841,8.33272933959961,1.6171932220458984,1335.0482073996723,618.8265810601315,1,723.7713384584052,629.8085936509215,1
530,590,19.666666666666668,19.72431993484497,17.71834897994995,1788008914162119,1788008914527360512,394075,394076,1788008914525644544,1788008914533977344,0.20592274678111588,8.33272933959961,1.7158985137939453,1334.9817494589893,619.1437949823546,1,723.7368972199072,629.7997796848492,1
531,591,19.7,19.75774908065796,17.75177812576294,1788008914195548,1788008914560790528,394079,394080,1788008914558976768,1788008914567310592,0.21765126591331713,8.333921432495117,1.8138885498046875,1334.663129328656,619.4729149352564,1,723.652451174986,629.6192321338274,1
532,592,19.733333333333334,19.791178941726685,17.785207986831665,1788008914228978,1788008914594221568,394083,394084,1788008914592310016,1788008914600642816,0.22940688392320677,8.332967758178711,1.9116401672363281,1334.1586856219337,619.8045921723932,1,723.2947124916469,629.4771264285907,1
533,593,19.766666666666666,19.82460904121399,17.81863808631897,1788008914262408,1788008914627652864,394087,394088,1788008914625642240,1788008914633975040,0.24128755364806867,8.33272933959961,2.0105838775634766,1333.68254769954,620.0963760176054,1,723.127010077528,629.7016844887826,1
534,594,19.8,19.8580379486084,17.85206699371338,1788008914295837,1788008914661082880,394091,394092,1788008914658974720,1788008914667308288,0.25298964353149855,8.333683013916016,2.108335494995117,1333.3530216844385,620.3158636427688,1,723.0082811151581,629.6664625555147,1
535,595,19.833333333333332,19.89147400856018,17.88550305366516,1788008914329273,1788008914694520320,394095,394096,1788008914692307968,1788008914700640768,0.2654935622317597,8.33272933959961,2.2122859954833984,1333.0587585251437,620.4850569250502,1,722.7614249106418,629.178454930652,1
536,596,19.866666666666667,19.924904108047485,17.918933153152466,1788008914362703,1788008914727951360,394099,394100,1788008914725639936,1788008914733972992,0.27735973219650367,8.332967758178711,2.311229705810547,1332.8844903625532,620.6742060618393,1,722.2761787243458,628.494732517713,1
537,597,19.9,19.958341121673584,17.952370166778564,1788008914396140,1788008914761389824,394103,394104,1788008914758972416,1788008914767306240,0.2900586468316407,8.333921432495117,2.417325973510742,1332.734890774284,620.899369682759,1,721.5088153763592,627.4886287243777,1
538,598,19.933333333333334,19.991764068603516,17.985793113708496,1788008914429563,1788008914794813952,394107,394108,1788008914792305664,1788008914800638464,0.30100143061516454,8.33272933959961,2.5081634521484375,1332.6900645201888,621.0790833275008,1,720.8302193169596,626.5974034698743,1
539,599,19.966666666666665,20.02519392967224,18.01922297477722,1788008914462993,1788008914828244992,394111,394112,1788008914825638144,1788008914833971712,0.31281112319047893,8.333683013916016,2.6068687438964844,1332.6247775814766,621.1236375339578,1,720.2015833315929,625.7413471156017,1
540,600,20.0,20.05862307548523,18.05265212059021,1788008914496422,1788008914861675008,394115,394116,1788008914858971136,1788008914867303168,0.32451998740950583,8.332014083862305,2.7039051055908203,1332.3799527620129,621.400210192773,1,719.6648627324566,624.9046948365828,1
541,601,20.033333333333335,20.09205198287964,18.08608102798462,1788008914529851,1788008914895104768,394119,394120,1788008914892302592,1788008914900635136,0.3363090128755365,8.33272933959961,2.8023719787597656,1332.2410665345094,621.815919555614,1,719.3331929246274,624.2043869631881,1
542,602,20.066666666666666,20.12548303604126,18.11951208114624,1788008914563282,1788008914928537088,394123,394124,1788008914925634816,1788008914933968640,0.3482577101333181,8.333683013916016,2.9022693634033203,1332.4356266039654,621.7198529618516,1,719.112673432199,624.2213340916849,1
543,603,20.1,20.158910989761353,18.152940034866333,1788008914596710,1788008914961966336,394127,394128,1788008914958968064,1788008914967300864,0.3597997138769671,8.33272933959961,2.9981136322021484,1332.3709312694805,621.7355473241046,1,718.9060104277919,624.2932265068056,1
544,604,20.133333333333333,20.19234013557434,18.18636918067932,1788008914630139,1788008914995396864,394131,394132,1788008914992300288,1788008915000633344,0.37160596263340107,8.332967758178711,3.0965805053710938,1332.091971322967,621.899798693845,1,718.9832921220525,624.0457492535497,1
545,605,20.166666666666668,20.22576403617859,18.21979308128357,1788008914663563,1788008915028821760,394135,394136,1788008915025632512,1788008915033966592,0.3826634244028036,8.333921432495117,3.1890869140625,1331.504435784956,622.1602516720646,1,719.1641191837394,624.2675472005246,1
546,606,20.2,20.259194135665894,18.253223180770874,1788008914696993,1788008915062253056,394139,394140,1788008915058966016,1788008915067298560,0.3944778254649499,8.33272933959961,3.287076950073242,1331.1162017149923,622.1603304407038,1,718.5727106813283,623.6061645336113,1
547,607,20.233333333333334,20.29261612892151,18.28664517402649,1788008914730415,1788008915095675904,394143,394144,1788008915092298240,1788008915100632064,0.40530411397837157,8.333683013916016,3.377676010131836,1330.3507433876093,622.2359779075308,1,718.4722891687106,622.7004350788345,1
548,608,20.266666666666666,20.326045989990234,18.320075035095215,1788008914763845,1788008915129106944,394147,394148,1788008915125631232,1788008915133964288,0.41709822322680323,8.332967758178711,3.475666046142578,1329.45156252519,622.6218082119746,1,718.3892286546228,622.5214185026107,1
549,609,20.3,20.35946798324585,18.35349702835083,1788008914797267,1788008915162530048,394151,394152,1788008915158963712,1788008915167296768,0.42797058739377986,8.332967758178711,3.566265106201172,1328.5811641958808,623.1462903064735,1,718.1669089550064,622.1045720937806,1
550,610,20.333333333333332,20.392897129058838,18.38692617416382,1788008914830696,1788008915195959808,394155,394156,1788008915192295936,1788008915200629760,0.43963494878983805,8.333683013916016,3.663778305053711,1327.8026331522008,623.3588246715142,1,717.9300615229549,621.4631666907758,1
551,611,20.366666666666667,20.426326990127563,18.420356035232544,1788008914864126,1788008915229390592,394159,394160,1788008915225629440,1788008915233961984,0.4513876967095851,8.33272933959961,3.76129150390625,1327.6039545817225,623.3579596347716,1,717.3999134603278,620.8086914442965,1
552,612,20.4,20.459754943847656,18.453783988952637,1788008914897554,1788008915262819584,394163,394164,1788008915258961408,1788008915267294464,0.46299104460530455,8.332967758178711,3.8580894470214844,1327.4701832163141,623.7759368118317,1,716.8402768997217,620.8139709640201,1
553,613,20.433333333333334,20.49319291114807,18.48722195625305,1788008914930992,1788008915296258560,394167,394168,1788008915292293888,1788008915300627712,0.47575454155342584,8.333921432495117,3.9649009704589844,1327.4818681575816,622.8374971767079,1,716.5582729515537,620.9987319130793,1
554,614,20.466666666666665,20.526614904403687,18.520643949508667,1788008914964414,1788008915329681920,394171,394172,1788008915325627136,1788008915333959936,0.48660944206008583,8.33272933959961,4.054784774780273,1327.3531538323336,622.8690077100612,1,716.182371617143,620.9032035611363,1
555,615,20.5,20.560046911239624,18.554075956344604,1788008914997846,1788008915363115008,394175,394176,1788008915358959360,1788008915367292160,0.49871244635193135,8.33272933959961,4.155635833740234,1326.4986701240248,624.2205389753364,1,715.8865301490221,620.3669046255624,1
556,616,20.533333333333335,20.593475103378296,18.587504148483276,1788008915031274,1788008915396544512,394179,394180,1788008915392291584,1788008915400625408,0.510313259905593,8.333921432495117,4.081010818481445,1326.5620430812544,624.1482855809647,1,715.4839150769714,620.4521791890213,1
557,617,20.566666666666666,20.626905918121338,18.62093496322632,1788008915064705,1788008915429976576,394183,394184,1788008915425624832,1788008915433957888,0.5222168178306772,8.332967758178711,3.981351852416992,1326.2324376388472,623.8401893223576,1,715.2004625137181,620.55564614375,1
558,618,20.6,20.660335063934326,18.654364109039307,1788008915098134,1788008915463406592,394187,394188,1788008915458957312,1788008915467291136,0.5338864254040909,8.333921432495117,3.884553909301758,1325.934756828321,623.723659866196,1,714.9107034603874,620.6074153455857,1
559,619,20.633333333333333,20.69377112388611,18.68780016899109,1788008915131570,1788008915496843776,394191,394192,1788008915492290560,1788008915500623104,0.5464377682403434,8.33272933959961,3.7794113159179688,1326.254285701131,624.1030749970689,1,714.5380852491443,620.2170309203789,1
560,620,20.666666666666668,20.72719407081604,18.72122311592102,1788008915164993,1788008915530267904,394195,394196,1788008915525622784,1788008915533955584,0.5574535050071531,8.33272933959961,3.687620162963867,1326.1099096267512,624.3186665840657,1,714.4814578635111,619.4743074802384,1
561,621,20.7,20.760622024536133,18.754651069641113,1788008915198421,1788008915563697408,394199,394200,1788008915558955008,1788008915567288832,0.5690459161779431,8.333921432495117,3.5915374755859375,1326.531338670195,624.2873875318537,1,714.294859231473,619.402659531475,1
562,622,20.733333333333334,20.794052124023438,18.788081169128418,1788008915231851,1788008915597128448,394203,394204,1788008915592288256,1788008915600621312,0.5808417498784012,8.332967758178711,3.4928321838378906,1326.8131887181478,623.8060457014459,1,714.5077521569094,619.7462460365465,1
563,623,20.766666666666666,20.827481985092163,18.821511030197144,1788008915265281,1788008915630559488,394207,394208,1788008915625620480,1788008915633953280,0.5927038626609442,8.33272933959961,3.393888473510742,1326.7900416914583,622.5869233360382,1,715.001741225713,620.7502940431576,1
564,624,20.8,20.860912084579468,18.85494112968445,1788008915298711,1788008915663990784,394211,394212,1788008915658952960,1788008915667286528,0.6045087829719059,8.333683013916016,3.2958984375,1326.56057835305,623.7026302746034,1,715.2024609404378,620.6724133979985,1
565,625,20.833333333333332,20.894341945648193,18.888370990753174,1788008915332141,1788008915697421824,394215,394216,1788008915692286208,1788008915700619008,0.6163090128755365,8.33272933959961,3.197193145751953,1326.2295161983018,624.7880653654707,1,715.2325047751865,619.8372337268556,1
566,626,20.866666666666667,20.927772045135498,18.92180109024048,1788008915365571,1788008915730853120,394219,394220,1788008915725618432,1788008915733951232,0.6281937569740493,8.332967758178711,3.0982494354248047,1326.3091431011337,625.5507248963917,1,715.3718690487569,619.4636732254135,1
567,627,20.9,20.961200952529907,18.955229997634888,1788008915399000,1788008915764282880,394223,394224,1788008915758950656,1788008915767284736,0.6398226290945501,8.333921432495117,3.001689910888672,1326.3455809032819,626.2219054486873,1,715.6160520689391,619.6748050187657,1
568,628,20.933333333333334,20.994631052017212,18.988660097122192,1788008915432430,1788008915797714432,394227,394228,1788008915792283904,1788008915800616704,0.6517024320457797,8.33272933959961,2.9022693634033203,1326.3920164639474,626.6215219410705,1,715.8754686149327,619.9897469507231,1
569,629,20.966666666666665,21.02805995941162,19.0220890045166,1788008915465859,1788008915831144448,394231,394232,1788008915825616384,1788008915833949184,0.6634334763948497,8.33272933959961,2.8045177459716797,1326.1969130616503,626.6697115503252,1,715.9522761536042,620.2237605934074,1
570,630,21.0,21.06148099899292,19.0555100440979,1788008915499280,1788008915864566528,394235,394236,1788008915858948352,1788008915867281408,0.6742010242911505,8.332967758178711,2.714872360229492,1326.1714491426053,626.9724566638422,1,716.0308557205553,620.0233041533438,1
571,631,21.033333333333335,21.094911098480225,19.088940143585205,1788008915532710,1788008915897997824,394239,394240,1788008915892280832,1788008915900613632,0.6860944206008583,8.33272933959961,2.615690231323242,1326.5527204428583,627.2134980445951,1,715.9240910852733,619.8049353821982,1
572,632,21.066666666666666,21.12834906578064,19.12237811088562,1788008915566148,1788008915931437056,394243,394244,1788008915925613056,1788008915933946880,0.6988327516164101,8.333683013916016,2.5098323822021484,1327.0664580559255,627.5878025898143,1,715.9784963443736,620.013437552018,1
573,633,21.1,21.161771059036255,19.155800104141235,1788008915599570,1788008915964860160,394247,394248,1788008915958946560,1788008915967279104,0.7096995708154507,8.33272933959961,2.418994903564453,1327.5980180207737,628.1550660373118,1,715.9335649388835,620.5717714182208,1
574,634,21.133333333333333,21.195194959640503,19.189224004745483,1788008915632994,1788008915998284800,394251,394252,1788008915992278528,1788008916000611584,0.7207805213012504,8.332967758178711,2.3267269134521484,1327.9922256889695,628.6606102782713,1,715.6424862195313,620.5000264272365,1
575,635,21.166666666666668,21.22862410545349,19.22265315055847,1788008915666423,1788008916031714816,394255,394256,1788008916025611008,1788008916033944832,0.732427406665713,8.333921432495117,2.229928970336914,1328.1980952071758,629.105685012319,1,715.3136761801193,620.2585408642169,1
576,636,21.2,21.2620530128479,19.25608205795288,1788008915699852,1788008916065144576,394259,394260,1788008916058944256,1788008916067277056,0.7440915593705293,8.33272933959961,2.132415771484375,1328.2088948748415,629.3894311155648,1,715.1038937247392,620.4467329634074,1
577,637,21.233333333333334,21.295483112335205,19.289512157440186,1788008915733282,1788008916098575872,394263,394264,1788008916092276480,1788008916100610304,0.7558791554614637,8.333683013916016,2.034425735473633,1328.075505259616,629.5036219494189,1,714.6842832227483,620.4550712563757,1
578,638,21.266666666666666,21.328911066055298,19.32294011116028,1788008915766710,1788008916132004864,394267,394268,1788008916125609728,1788008916133942528,0.7674744642499499,8.332967758178711,1.9376277923583984,1327.9952363325942,629.4254047711302,1,714.0726365680572,620.2637672407902,1
579,639,21.3,21.362339973449707,19.356369018554688,1788008915800139,1788008916165434880,394271,394272,1788008916158941952,1788008916167275008,0.7791765614717747,8.332967758178711,1.8401145935058594,1327.9490292651574,628.8385402956164,1,713.6077935337285,620.3260704791011,1
580,640,21.333333333333332,21.395771026611328,19.38980007171631,1788008915833570,1788008916198867200,394275,394276,1788008916192274432,1788008916200608000,0.7910968701722264,8.333683013916016,1.7409324645996094,1327.7061992579124,628.5714886900133,1,713.3995643138193,619.9000511162176,1
581,641,21.366666666666667,21.42920207977295,19.42323112487793,1788008915867001,1788008916232299264,394279,394280,1788008916225607680,1788008916233940480,0.8030615164520744,8.33272933959961,1.6410350799560547,1327.9783980158197,629.6012709975763,1,713.7183810868112,619.7093331971607,1
582,642,21.4,21.46263813972473,19.456667184829712,1788008915900437,1788008916265736704,394283,394284,1788008916258939648,1788008916267272704,0.8156562044004464,8.332967758178711,1.5361309051513672,1327.8541084401547,629.8686343971124,1,714.3154849378482,619.8823283000918,1
583,643,21.433333333333334,21.496066093444824,19.490095138549805,1788008915933865,1788008916299165696,394287,394288,1788008916292272128,1788008916300605952,0.8271778000286082,8.333921432495117,1.440286636352539,1327.918362823763,629.8078540709076,1,714.7898762074883,619.8347589986378,1
584,644,21.466666666666665,21.529496908187866,19.523525953292847,1788008915967296,1788008916332597760,394291,394292,1788008916325605376,1788008916333938176,0.8391416309012876,8.33272933959961,1.3403892517089844,1328.4095446127717,629.9538941352725,1,715.1111918490744,620.1220634519013,1
585,645,21.5,21.56292700767517,19.55695605278015,1788008916000726,1788008916366029056,394295,394296,1788008916358937856,1788008916367270400,0.8510157367668097,8.33272933959961,1.241445541381836,1329.0672201148734,630.0100866665252,1,715.3056277034924,620.5291372070039,1
586,646,21.533333333333335,21.59635591506958,19.59038496017456,1788008916034155,1788008916399458816,394299,394300,1788008916392270080,1788008916400603648,0.8626194426961149,8.333683013916016,1.1448860168457031,1329.696728402059,630.4219282238582,1,715.2046673966403,620.5404677004622,1
587,647,21.566666666666666,21.629786014556885,19.623815059661865,1788008916067585,1788008916432890112,394303,394304,1788008916425603072,1788008916433936128,0.8744814168407199,8.332967758178711,1.0459423065185547,1329.8892918411575,630.8066888615417,1,715.3082428433427,620.8574195147064,1
588,648,21.6,21.66321611404419,19.65724515914917,1788008916101015,1788008916466321408,394307,394308,1788008916458935552,1788008916467268352,0.8863805436337625,8.33272933959961,0.9467601776123047,1329.9585267396333,631.2501864469962,1,715.327785061382,621.1737861539224,1
589,649,21.633333333333333,21.69664692878723,19.690675973892212,1788008916134446,1788008916499753472,394311,394312,1788008916492267776,1788008916500601600,0.8982376838130114,8.333683013916016,0.8480548858642578,1329.8876342774756,630.1176150579232,1,715.3731263878344,621.3205266505016,1
590,650,21.666666666666668,21.730082035064697,19.724111080169678,1788008916167881,1788008916533189888,394315,394316,1788008916525601024,1788008916533933824,0.9107296137339056,8.33272933959961,0.743865966796875,1330.4149150839708,631.1422066828607,1,715.4593166405529,621.6444585837669,1
591,651,21.7,21.763512134552002,19.757541179656982,1788008916201311,1788008916566621184,394319,394320,1788008916558933248,1788008916567267072,0.9225003576026319,8.333921432495117,0.6458759307861328,1330.7722928326757,631.7438420584045,1,715.5404559188557,621.8205999126233,1
592,652,21.733333333333334,21.796941995620728,19.790971040725708,1788008916234741,1788008916600052224,394323,394324,1788008916592266496,1788008916600599552,0.9343080312437413,8.332967758178711,0.5474090576171875,1330.462618373172,631.9589486351903,1,715.6409973029708,622.3030449634176,1
593,653,21.766666666666666,21.830379009246826,19.824408054351807,1788008916268178,1788008916633490432,394327,394328,1788008916625598976,1788008916633931520,0.947038626609442,8.33272933959961,0.4413127899169922,1330.540083835801,632.2597667627255,1,715.5836638837818,622.9892404074682,1
594,654,21.8,21.86380910873413,19.85783815383911,1788008916301608,1788008916666921728,394331,394332,1788008916658931200,1788008916667265024,0.9588029982262402,8.333683013916016,0.34332275390625,1330.3645718337946,632.6990752859551,1,715.7191318800096,624.3165255334802,1
595,655,21.833333333333332,21.897238969802856,19.891268014907837,1788008916335038,1788008916700352768,394335,394336,1788008916692264448,1788008916700597248,0.9706437768240344,8.33272933959961,0.24461746215820312,1329.9584381175662,633.232782081043,1,715.8623512405518,624.9848543746164,1
596,656,21.866666666666667,21.930660009384155,19.924689054489136,1788008916368459,1788008916733774592,394339,394340,1788008916725596672,1788008916733929728,0.9814025349775399,8.332967758178711,0.15497207641601562,1329.6832600832727,633.5974243314928,1,716.02716982425,625.3140379443328,1
597,657,21.9,21.964091062545776,19.958120107650757,1788008916401890,1788008916767206912,394343,394344,1788008916758928896,1788008916767262976,0.993277070519239,8.333921432495117,0.05602836608886719,1329.4964187529408,633.2914353451456,1,716.3368495802373,625.5696905294534,1
598,658,21.933333333333334,21.997524976730347,19.991554021835327,1788008916435324,1788008916800642304,394348,394349,1788008916800594944,1788008916808928000,0.00566507396068782,8.332967758178711,0.047206878662109375,1329.4888153867228,633.5747728881295,1,716.6249249223373,626.1399718437598,1
599,659,21.966666666666665,22.030956029891968,20.02498507499695,1788008916468755,1788008916834074624,394352,394353,1788008916833927424,1788008916842261248,0.017651265913317123,8.333921432495117,0.14710426330566406,1329.4702305950182,633.9783490238729,1,716.5521660305862,626.3454488116034,1
600,660,22.0,22.064386129379272,20.058415174484253,1788008916502185,1788008916867505664,394356,394357,1788008916867259648,1788008916875592448,0.02949928469241774,8.33272933959961,0.24580955505371094,1329.4096507838883,634.1875640345356,1,716.402605456873,626.3310796631574,1
601,661,22.033333333333335,22.09781503677368,20.091844081878662,1788008916535614,1788008916900935680,394360,394361,1788008916900591872,1788008916908925696,0.04125303962237162,8.333921432495117,0.3437995910644531,1329.4059370285095,634.4764023139435,1,716.0854815206526,626.0944903785925,1
602,662,22.066666666666666,22.13124704360962,20.1252760887146,1788008916569046,1788008916934368768,394364,394365,1788008916933925120,1788008916942258176,0.05324597293353552,8.332967758178711,0.4436969757080078,1329.3796916054318,634.6871169741653,1,715.7259389517151,625.798731151976,1
603,663,22.1,22.16467595100403,20.15870499610901,1788008916602475,1788008916967798528,394368,394369,1788008916967257600,1788008916975590144,0.06492131616595136,8.33272933959961,0.5409717559814453,1329.2138025006445,635.1364999600353,1,715.7646262493902,625.7092637144684,1
604,664,22.133333333333333,22.198105096817017,20.192134141921997,1788008916635904,1788008917001228544,394372,394373,1788008917000589824,1788008917008923648,0.07664358871659896,8.333683013916016,0.6387233734130859,1329.0190973675046,635.0454154124515,1,716.1494600913966,626.561295408436,1
605,665,22.166666666666668,22.23154091835022,20.2255699634552,1788008916669340,1788008917034665216,394376,394377,1788008917033923072,1788008917042255872,0.0890414878397711,8.33272933959961,0.7419586181640625,1328.7937229050103,634.9391350047028,1,716.3529387773419,627.0842665490629,1
606,666,22.2,22.26497197151184,20.25900101661682,1788008916702771,1788008917068097280,394380,394381,1788008917067255296,1788008917075588352,0.10105576378358273,8.332967758178711,0.8420944213867188,1328.6095225005045,634.7667657889253,1,716.3811146023481,626.7377170547471,1
607,667,22.233333333333334,22.29839301109314,20.29242205619812,1788008916736192,1788008917101519360,394384,394385,1788008917100587520,1788008917108921600,0.11180088685452724,8.333921432495117,0.9317398071289062,1328.548548078254,634.6627453880507,1,716.488430855699,626.4297120480019,1
608,668,22.266666666666666,22.33183002471924,20.32585906982422,1788008916769629,1788008917134957568,394388,394389,1788008917133921024,1788008917142253568,0.12440629470672389,8.33272933959961,1.0366439819335938,1328.1741174019014,634.3589562438298,1,717.0402212348591,626.208256683556,1
609,669,22.3,22.365252017974854,20.359281063079834,1788008916803051,1788008917168380416,394392,394393,1788008917167253248,1788008917175586816,0.135263489157178,8.333683013916016,1.1272430419921875,1327.582885666874,633.966529774604,1,717.2902324863521,625.7062168880383,1
610,670,22.333333333333332,22.398682117462158,20.39271116256714,1788008916836481,1788008917201811712,394396,394397,1788008917200586240,1788008917208919296,0.1470630311006838,8.332967758178711,1.2254714965820312,1326.9905149417505,632.9035690709884,1,717.2049270733203,624.917017849652,1
611,671,22.366666666666667,22.432119131088257,20.426148176193237,1788008916869918,1788008917235250176,394400,394401,1788008917233918720,1788008917242251520,0.15979514176990645,8.332967758178711,1.3315677642822266,1326.3983801337674,632.6913897170283,1,717.0804835905118,624.2578824739587,1
612,672,22.4,22.465548992156982,20.459578037261963,1788008916903348,1788008917268681216,394404,394405,1788008917267250944,1788008917275584768,0.17162556502832294,8.333683013916016,1.4302730560302734,1325.9976514243958,632.4027038722804,1,717.2516682271882,623.9678585353556,1
613,673,22.433333333333334,22.498970985412598,20.493000030517578,1788008916936770,1788008917302104320,394408,394409,1788008917300584192,1788008917308916992,0.18240343347639484,8.33272933959961,1.519918441772461,1325.6410275508752,632.0811110347981,1,717.7075039935931,624.4489254798622,1
614,674,22.466666666666665,22.53240203857422,20.5264310836792,1788008916970201,1788008917335536384,394412,394413,1788008917333916416,1788008917342249472,0.19441503819633202,8.332967758178711,1.6200542449951172,1325.8751885300558,631.0194115817735,1,718.1663352407328,624.4450534487861,1
615,675,22.5,22.565829038619995,20.559858083724976,1788008917003628,1788008917368964352,394416,394417,1788008917367248896,1788008917375582720,0.20586468316406809,8.333921432495117,1.7156600952148438,1325.8336425454463,629.5853750671333,1,718.3409817839114,623.8870206647408,1
616,676,22.533333333333335,22.599260091781616,20.593289136886597,1788008917037059,1788008917402396928,394420,394421,1788008917400582144,1788008917408914688,0.21779685264663806,8.33272933959961,1.8148422241210938,1325.3177336930667,630.1632339847023,1,718.7651607421415,623.2623179315593,1
617,677,22.566666666666666,22.632688999176025,20.626718044281006,1788008917070488,1788008917435826944,394424,394425,1788008917433914368,1788008917442247168,0.22952789699570816,8.33272933959961,1.9125938415527344,1324.5807344926143,630.7709376571116,1,718.9966800586287,622.8345545533176,1
618,678,22.6,22.666111946105957,20.660140991210938,1788008917103911,1788008917469251072,394428,394429,1788008917467246848,1788008917475580416,0.2405161068833324,8.333683013916016,2.004384994506836,1324.9864533327948,630.7192422330849,1,718.9649144351923,622.0415358296673,1
619,679,22.633333333333333,22.69954204559326,20.693571090698242,1788008917137341,1788008917502682368,394432,394433,1788008917500579840,1788008917508912896,0.2523246831278075,8.332967758178711,2.1026134490966797,1325.4951077914714,630.3733020850698,1,718.8805225388927,620.9822860937229,1
620,680,22.666666666666668,22.732971906661987,20.727000951766968,1788008917170771,1788008917536113408,394436,394437,1788008917533912064,1788008917542244864,0.26417739628040054,8.33272933959961,2.2013187408447266,1325.1682283901225,630.4307622257227,1,719.0614890255733,620.9115757091176,1
621,681,22.7,22.76640796661377,20.76043701171875,1788008917204207,1788008917569550848,394440,394441,1788008917567245568,1788008917575578112,0.27665236051502146,8.33272933959961,2.305269241333008,1325.0391933214455,630.5332223859677,1,719.4134377986604,621.3745584321778,1
622,682,22.733333333333334,22.799837112426758,20.79386615753174,1788008917237636,1788008917602981120,394444,394445,1788008917600577792,1788008917608910592,0.28841201716738196,8.33272933959961,2.40325927734375,1325.0976969113617,631.0028088454652,1,719.4976518622466,621.6572500220328,1
623,683,22.766666666666666,22.8332679271698,20.82729697227478,1788008917271067,1788008917636413440,394448,394449,1788008917633910016,1788008917642243840,0.3003862108425118,8.333921432495117,2.5033950805664062,1324.7170057014714,630.2816388744573,1,719.3258802364064,621.2806112140247,1
624,684,22.8,22.866698026657104,20.860727071762085,1788008917304497,1788008917669844480,394452,394453,1788008917667243264,1788008917675576320,0.3121512975308289,8.332967758178711,2.601146697998047,1324.505288116351,630.333898634793,1,719.1353413424877,621.0911946597068,1
625,685,22.833333333333332,22.90012502670288,20.89415407180786,1788008917337924,1788008917703272448,394456,394457,1788008917700575488,1788008917708908288,0.3236337625178827,8.33272933959961,2.6967525482177734,1324.0940892419057,630.0390951833713,1,719.0005443621754,620.292234087114,1
626,686,22.866666666666667,22.933556079864502,20.927585124969482,1788008917371355,1788008917736704512,394460,394461,1788008917733907968,1788008917742241536,0.335583910282085,8.333683013916016,2.796649932861328,1323.97103020091,629.7980229568336,1,719.2711467276334,619.590943248381,1
627,687,22.9,22.9669930934906,20.96102213859558,1788008917404792,1788008917770142720,394464,394465,1788008917767241216,1788008917775574016,0.34821173104434905,8.33272933959961,2.9015541076660156,1323.9178101115067,629.2127444105256,1,719.5745276547674,619.1851532880278,1
628,688,22.933333333333334,23.000423908233643,20.994452953338623,1788008917438223,1788008917803574528,394468,394469,1788008917800573440,1788008917808906240,0.36016136877342564,8.332967758178711,3.0012130737304688,1323.7404776296485,628.1088789317661,1,719.8042276461431,618.4826489945883,1
629,689,22.966666666666665,23.03386092185974,21.02788996696472,1788008917471660,1788008917837012736,394472,394473,1788008917833905664,1788008917842239744,0.37282219997139177,8.333921432495117,3.1070709228515625,1323.5588845379248,626.9976740802904,1,720.131217029618,618.1701233206018,1
630,690,23.0,23.06729006767273,21.06131911277771,1788008917505089,1788008917870442752,394476,394477,1788008917867238144,1788008917875570688,0.38457796852646636,8.33272933959961,3.2045841217041016,1322.8899080180122,626.0223221306181,1,720.2339373292523,617.8816082390002,1
631,691,23.033333333333335,23.10071897506714,21.09474802017212,1788008917538518,1788008917903872512,394480,394481,1788008917900570112,1788008917908904192,0.3962523244171077,8.333921432495117,3.302335739135742,1322.5039317435321,626.0025854726055,1,720.4299018595254,617.4483152349287,1
632,692,23.066666666666666,23.134150981903076,21.128180027008057,1788008917571950,1788008917937305088,394484,394485,1788008917933903360,1788008917942236416,0.4082286629853223,8.332967758178711,3.4017562866210938,1322.3146246755691,626.0558988564632,1,720.8209115090827,617.2350174933792,1
633,693,23.1,23.167580127716064,21.161609172821045,1788008917605379,1788008917970735616,394488,394489,1788008917967235840,1788008917975568640,0.42,8.33272933959961,3.499746322631836,1322.3698470149836,626.185496401415,1,721.1916622286345,616.8785839890331,1
634,694,23.133333333333333,23.201008081436157,21.195037126541138,1788008917638807,1788008918004164608,394492,394493,1788008918000568064,1788008918008901888,0.43156720260914344,8.333683013916016,3.5965442657470703,1322.5761038332748,626.3401915989896,1,721.3653503895498,616.5650222866503,1
635,695,23.166666666666668,23.234437942504883,21.228466987609863,1788008917672237,1788008918037595392,394496,394497,1788008918033901568,1788008918042234112,0.44331902718168814,8.33272933959961,3.6940574645996094,1322.6597998266398,626.4475681871016,1,721.6123933140002,616.7189410009324,1
636,696,23.2,23.267868041992188,21.261897087097168,1788008917705667,1788008918071026688,394500,394501,1788008918067233536,1788008918075566592,0.4552087207805213,8.332967758178711,3.7932395935058594,1322.7399274673164,626.472021988152,1,721.9669478351318,616.517115488991,1
637,697,23.233333333333334,23.301296949386597,21.295325994491577,1788008917739096,1788008918104456960,394504,394505,1788008918100566016,1788008918108899840,0.46688599628093264,8.333921432495117,3.8909912109375,1323.025078169202,626.5600182543876,1,722.2193293398389,616.5778252217159,1
638,698,23.266666666666666,23.334728002548218,21.3287570476532,1788008917772527,1788008918137889024,394508,394509,1788008918133899264,1788008918142232064,0.478826895565093,8.33272933959961,3.9899349212646484,1322.9679147299246,626.1845591059907,1,722.3635108182402,615.9484069540811,1
639,699,23.3,23.368156909942627,21.362185955047607,1788008917805956,1788008918171319296,394512,394513,1788008918167231488,1788008918175564288,0.4905579399141631,8.33272933959961,4.087686538696289,1323.3180128702893,625.9908454340743,1,722.5203150295824,615.9407992830274,1
640,700,23.333333333333332,23.40158700942993,21.395616054534912,1788008917839386,1788008918204750592,394516,394517,1788008918200564736,1788008918208897536,0.5023175965665236,8.33272933959961,4.147052764892578,1323.441285768166,625.7385576240858,1,722.2774206562638,615.2185151303177,1
641,701,23.366666666666667,23.435017108917236,21.429046154022217,1788008917872816,1788008918238182144,394520,394521,1788008918233896960,1788008918242230016,0.5142342136133444,8.332967758178711,4.047870635986328,1323.1188690012582,625.7525318691974,1,722.3093154777666,614.4258167238271,1
642,702,23.4,23.46843695640564,21.46246600151062,1788008917906236,1788008918271603200,394524,394525,1788008918267229440,1788008918275563008,0.524832637180294,8.333683013916016,3.9598941802978516,1322.9849611965237,625.8580867738178,1,722.2240942784556,614.1333085456068,1
643,703,23.433333333333334,23.501867055892944,21.495896100997925,1788008917939666,1788008918305034240,394528,394529,1788008918300562688,1788008918308895232,0.5366237482117311,8.33272933959961,3.8611888885498047,1322.9636551144972,625.6642795701441,1,722.1231647333304,613.7645097069687,1
644,704,23.466666666666665,23.53529691696167,21.52932596206665,1788008917973096,1788008918338465280,394532,394533,1788008918333894912,1788008918342227712,0.5484692417739628,8.33272933959961,3.762483596801758,1322.8081361147517,625.5929101432109,1,722.1319320130422,613.6882786685878,1
645,705,23.5,23.568718910217285,21.562747955322266,1788008918006518,1788008918371888128,394536,394537,1788008918367227136,1788008918375560960,0.5592905163782006,8.333921432495117,3.6728382110595703,1322.59061934389,625.0126962678213,1,721.9926752310528,613.7584655840855,1
646,706,23.533333333333335,23.60214900970459,21.59617805480957,1788008918039948,1788008918405319424,394540,394541,1788008918400560384,1788008918408893184,0.5711301859799713,8.33272933959961,3.5736560821533203,1322.1382341997164,624.8365410544451,1,721.7577159077377,613.9235824378305,1
647,707,23.566666666666666,23.63557195663452,21.629601001739502,1788008918073371,1788008918438743552,394544,394545,1788008918433892608,1788008918442225408,0.5821459227467811,8.33272933959961,3.4818649291992188,1322.180343781212,624.1983531538255,1,721.2818168081154,613.950095773729,1
648,708,23.6,23.668998956680298,21.66302800178528,1788008918106798,1788008918472172032,394548,394549,1788008918467225088,1788008918475558656,0.5936087429192654,8.333683013916016,3.3867359161376953,1322.288620793774,623.2880594361864,1,720.9841307562883,613.7471888614609,1
649,709,23.633333333333333,23.70243000984192,21.6964590549469,1788008918140229,1788008918505604096,394552,394553,1788008918500558080,1788008918508891136,0.6055334611312981,8.332967758178711,3.287076950073242,1322.3142870910185,622.8846076807417,1,720.8210284294337,613.4969716245777,1
650,710,23.666666666666668,23.73586106300354,21.72989010810852,1788008918173660,1788008918539036160,394556,394557,1788008918533890560,1788008918542223360,0.6175216731996224,8.332967758178711,3.1871795654296875,1322.543349664863,622.6458646187652,1,720.8256370423902,613.1925105313311,1
651,711,23.7,23.76928210258484,21.76331114768982,1788008918207081,1788008918572458240,394560,394561,1788008918567222784,1788008918575556608,0.6282256680208274,8.333683013916016,3.0982494354248047,1322.7642478879677,622.4053772108389,1,720.8875658715205,613.178443870928,1
652,712,23.733333333333334,23.802711963653564,21.796741008758545,1788008918240511,1788008918605889280,394564,394565,1788008918600556032,1788008918608888832,0.6400286123032904,8.33272933959961,2.999544143676758,1322.9079968733656,622.1525775080952,1,720.859574884844,612.4960595257794,1
653,713,23.766666666666666,23.83614206314087,21.83017110824585,1788008918273941,1788008918639320576,394568,394569,1788008918633888256,1788008918642222080,0.6518380775282506,8.333921432495117,2.9015541076660156,1323.0041363830996,621.8409180126279,1,720.9352838922938,612.1732453159427,1
654,714,23.8,23.86957097053528,21.86360001564026,1788008918307370,1788008918672750592,394572,394573,1788008918667221504,1788008918675554560,0.6635289405167234,8.332967758178711,2.803802490234375,1323.106243865825,621.8215994539244,1,720.7245743522582,611.5252881354872,1
655,715,23.833333333333332,23.903008937835693,21.897037982940674,1788008918340808,1788008918706189824,394576,394577,1788008918700553984,1788008918708886528,0.6763662374821173,8.33272933959961,2.6967525482177734,1323.281916407488,622.1169085943359,1,720.7682248575627,611.9005676086495,1
656,716,23.866666666666667,23.93643808364868,21.930467128753662,1788008918374237,1788008918739620096,394580,394581,1788008918733886208,1788008918742220032,0.6880471476798078,8.333683013916016,2.5997161865234375,1323.5974107616616,622.2151560101114,1,720.6891710864442,612.3544981680344,1
657,717,23.9,23.969867944717407,21.963896989822388,1788008918407667,1788008918773051136,394584,394585,1788008918767219456,1788008918775552256,0.6998569384835479,8.33272933959961,2.5010108947753906,1323.9489650192675,622.4706135495557,1,720.18580650873,612.7665050014747,1
658,718,23.933333333333334,24.00330400466919,21.99733304977417,1788008918441103,1788008918806488576,394588,394589,1788008918800551680,1788008918808884736,0.7124545792681182,8.332967758178711,2.396106719970703,1324.4509866953465,622.2444847212155,1,719.8892017543748,612.4255125446334,1
659,719,23.966666666666665,24.03673505783081,22.03076410293579,1788008918474534,1788008918839920640,394592,394593,1788008918833883904,1788008918842217984,0.7243598912887999,8.333921432495117,2.2971630096435547,1325.1728947358788,622.4824107756032,1,719.6627522988225,612.1313711991676,1
660,720,24.0,24.070163011550903,22.064192056655884,1788008918507962,1788008918873349632,394596,394597,1788008918867216384,1788008918875549184,0.7360515021459227,8.33272933959961,2.199411392211914,1325.4182656842445,621.8490651614486,1,719.3479466940203,611.6085024287556,1
661,721,24.033333333333335,24.103593111038208,22.09762215614319,1788008918541392,1788008918906780672,394600,394601,1788008918900548352,1788008918908882432,0.7478186239450723,8.333921432495117,2.1016597747802734,1325.5369659990392,621.4196380525016,1,719.1307877521905,611.4889596926066,1
662,722,24.066666666666666,24.137022972106934,22.131052017211914,1788008918574822,1788008918940211200,394604,394605,1788008918933881856,1788008918942214656,0.7595776944865669,8.332967758178711,2.0034313201904297,1325.6533680815985,621.407552004875,1,719.0262069780584,611.2354603454912,1
663,723,24.1,24.17045307159424,22.16448211669922,1788008918608252,1788008918973642240,394608,394609,1788008918967214080,1788008918975546880,0.7714449213161659,8.33272933959961,1.9044876098632812,1325.8685461452487,621.3435763489712,1,718.9053876231427,610.8405429929035,1
664,724,24.133333333333333,24.203881978988647,22.197911024093628,1788008918641681,1788008919007072512,394612,394613,1788008919000546560,1788008919008880128,0.7830863420495509,8.333683013916016,1.8076896667480469,1325.8220475755325,621.5652754045142,1,719.3233710342352,611.0968124981135,1
665,725,24.166666666666668,24.23731303215027,22.23134207725525,1788008918675112,1788008919040504576,394616,394617,1788008919033879808,1788008919042212608,0.7950500715307582,8.33272933959961,1.7077922821044922,1325.8687697406303,621.7906422309024,1,719.4121954662744,611.0115074111332,1
666,726,24.2,24.270741939544678,22.264770984649658,1788008918708541,1788008919073934592,394620,394621,1788008919067211776,1788008919075544832,0.8067580326743155,8.332967758178711,1.6102790832519531,1325.8759258082164,621.9671782814092,1,719.6709551301648,611.208708417124,1
667,727,24.233333333333334,24.304171085357666,22.298200130462646,1788008918741970,1788008919107364864,394624,394625,1788008919100544256,1788008919108878080,0.8184236875983407,8.333921432495117,1.5132427215576172,1325.7969669669528,622.5574087861215,1,719.6457068476823,612.4037903394884,1
668,728,24.266666666666666,24.33760905265808,22.33163809776306,1788008918775408,1788008919140804096,394628,394629,1788008919133877504,1788008919142210304,0.8312446351931331,8.33272933959961,1.4061927795410156,1325.820100246373,622.0591749528185,1,719.0344932313099,612.5207082012482,1
669,729,24.3,24.371037006378174,22.365066051483154,1788008918808836,1788008919174233088,394632,394633,1788008919167209984,1788008919175542528,0.8428612303290415,8.33272933959961,1.3093948364257812,1325.9117252629333,622.2244433661526,1,718.6724359349697,612.5067858367134,1
670,730,24.333333333333332,24.404465913772583,22.398494958877563,1788008918842265,1788008919207663360,394636,394637,1788008919200541952,1788008919208875776,0.8544986411099986,8.333921432495117,1.2125968933105469,1325.8478777377109,621.6474907762147,1,718.1187532655265,612.0676884076596,1
671,731,24.366666666666667,24.437904119491577,22.431933164596558,1788008918875703,1788008919241102592,394640,394641,1788008919233875200,1788008919242208256,0.8673285456782353,8.332967758178711,1.1055469512939453,1325.9953549619604,620.9186451642908,1,718.0791131115773,612.3374880910645,1
672,732,24.4,24.471333980560303,22.465363025665283,1788008918909133,1788008919274533632,394644,394645,1788008919267207680,1788008919275541504,0.8790730939779717,8.333921432495117,1.0077953338623047,1325.9184645874352,620.3771368552776,1,717.7252601834588,611.9357028161168,1
673,733,24.433333333333334,24.50476312637329,22.49879217147827,1788008918942562,1788008919307964160,394648,394649,1788008919300540928,1788008919308873728,0.8908440629470672,8.33272933959961,0.9095668792724609,1325.8740889408468,620.4296165465688,1,717.3447022424057,611.8444852811542,1
674,734,24.466666666666665,24.53819513320923,22.53222417831421,1788008918975994,1788008919341397248,394652,394653,1788008919333873152,1788008919342205952,0.9029470672389127,8.33272933959961,0.8087158203125,1326.1912125804665,620.7418452909009,1,717.096503026957,612.1404888714204,1
675,735,24.5,24.571624040603638,22.565653085708618,1788008919009423,1788008919374827264,394656,394657,1788008919367205376,1788008919375539200,0.9145472750679445,8.333921432495117,0.7121562957763672,1326.4912347773675,621.6374143680994,1,716.8457742429651,611.8999834265442,1
676,736,24.533333333333335,24.605052947998047,22.599081993103027,1788008919042852,1788008919408257280,394660,394661,1788008919400538624,1788008919408871680,0.9262682040571085,8.332967758178711,0.6144046783447266,1326.6925474373074,622.3620119059734,1,716.6458187178248,612.2764483581474,1
677,737,24.566666666666666,24.63848114013672,22.6325101852417,1788008919076280,1788008919441686528,394664,394665,1788008919433871104,1788008919442203648,0.9379399141630901,8.33272933959961,0.5171298980712891,1326.7631984952536,622.8710878196641,1,716.3632094240988,612.5932661415313,1
678,738,24.6,24.67191195487976,22.66594099998474,1788008919109711,1788008919475118336,394668,394669,1788008919467203328,1788008919475537152,0.9497625450592206,8.333683013916016,0.41866302490234375,1326.682438786625,622.0621424635262,1,716.063768576854,612.3782565292729,1
679,739,24.633333333333333,24.705348014831543,22.699377059936523,1788008919143147,1788008919508555776,394672,394673,1788008919500536320,1788008919508869376,0.962347286200681,8.332967758178711,0.31375885009765625,1327.0282626944943,622.5532518034424,1,716.0330538169582,612.6847383387328,1
680,740,24.666666666666668,24.738779067993164,22.732808113098145,1788008919176578,1788008919541987840,394676,394677,1788008919533868800,1788008919542201856,0.9743354982690052,8.332967758178711,0.21386146545410156,1327.422961408661,622.1439390825054,1,715.7607806683087,613.2944405567049,1
681,741,24.7,24.772207021713257,22.766236066818237,1788008919210006,1788008919575417088,394680,394681,1788008919567201024,1788008919575534848,0.9858671396692796,8.333683013916016,0.11777877807617188,1327.7269267572929,620.6202842145321,1,715.559359735967,613.8480570665295,1
682,742,24.733333333333334,24.805639028549194,22.799668073654175,1788008919243438,1788008919608850176,394684,394685,1788008919600534528,1788008919608867072,0.9979685264663806,8.33272933959961,0.016927719116210938,1328.0890971747149,619.3496949468522,1,715.2063534359717,613.924417900305,1
683,743,24.766666666666666,24.839067935943604,22.833096981048584,1788008919276867,1788008919642280448,394689,394690,1788008919642199552,1788008919650533120,0.009698460834239286,8.333683013916016,0.08082389831542969,1328.6666754173802,618.9470612903712,1,714.7250485150985,613.922543826249,1
684,744,24.8,24.872498035430908,22.86652708053589,1788008919310297,1788008919675711744,394693,394694,1788008919675532800,1788008919683865600,0.02145922746781116,8.33272933959961,0.17881393432617188,1329.3713469015447,619.7971557653649,1,714.4014444903552,613.2500806244102,1
685,745,24.833333333333332,24.905928134918213,22.899957180023193,1788008919343727,1788008919709143040,394697,394698,1788008919708865024,1788008919717198848,0.03335717350879702,8.333921432495117,0.2779960632324219,1329.4296171820713,620.3489243519891,1,714.6692179944021,613.6330674366837,1
686,746,24.866666666666667,24.939356088638306,22.933385133743286,1788008919377155,1788008919742572032,394701,394702,1788008919742198272,1788008919750531072,0.044862807931103546,8.332967758178711,0.37384033203125,1329.5070623120364,621.6349823363564,1,714.6015827760675,613.6726735601495,1
687,747,24.9,24.97279191017151,22.96682095527649,1788008919410591,1788008919776008960,394705,394706,1788008919775530496,1788008919783863296,0.05742489270386266,8.33272933959961,0.47850608825683594,1329.9607898533911,624.9328903332005,1,714.3733431849723,613.9113841799478,1
688,748,24.933333333333334,25.00622296333313,23.00025200843811,1788008919444022,1788008919809441280,394709,394710,1788008919808862976,1788008919817196544,0.06940550437718143,8.333683013916016,0.5784034729003906,1330.7561413682752,625.7734896839613,1,714.2010871749146,614.0681035055611,1
689,749,24.966666666666665,25.039653062820435,23.033682107925415,1788008919477452,1788008919842872576,394713,394714,1788008919842196224,1788008919850529024,0.08117310443490701,8.33272933959961,0.6763935089111328,1330.983106377657,626.3856377026337,1,713.7295475022162,614.185346697858,1
690,750,25.0,25.07308006286621,23.06710910797119,1788008919510879,1788008919876300288,394717,394718,1788008919875527424,1788008919883861248,0.09274781862394507,8.333921432495117,0.7729530334472656,1330.7394584767003,626.658985759419,1,713.7565069793723,615.2269554767987,1
691,751,25.033333333333335,25.106511116027832,23.100540161132812,1788008919544310,1788008919909732352,394721,394722,1788008919908860672,1788008919917193472,0.1046065808297568,8.33272933959961,0.8716583251953125,1330.580005617644,626.9552044685388,1,713.5457201681438,615.5393461078737,1
692,752,25.066666666666666,25.139941930770874,23.133970975875854,1788008919577741,1788008919943163904,394725,394726,1788008919942193152,1788008919950525696,0.11650929899856939,8.33272933959961,0.9708404541015625,1330.7089296812615,627.3129241751199,1,713.2303748248714,616.1649978161716,1
693,753,25.1,25.173378944396973,23.167407989501953,1788008919611178,1788008919976602112,394729,394730,1788008919975525120,1788008919983858944,0.12922328708339292,8.333921432495117,1.0769367218017578,1331.0895176387448,627.6845653384178,1,712.6564582017576,616.1147309554466,1
694,754,25.133333333333333,25.206809043884277,23.200838088989258,1788008919644608,1788008920010033408,394733,394734,1788008920008858368,1788008920017191424,0.14099739635489686,8.332967758178711,1.1749267578125,1331.1811639883522,628.1102556019433,1,712.4584540775229,616.350459253791,1
695,755,25.166666666666668,25.240237951278687,23.234266996383667,1788008919678037,1788008920043463168,394737,394738,1788008920042190848,1788008920050523392,0.1527038626609442,8.33272933959961,1.272439956665039,1331.162306226866,628.7515403083908,1,712.2340353133079,616.4807815486578,1
696,756,25.2,25.273674964904785,23.267704010009766,1788008919711474,1788008920076901376,394741,394742,1788008920075523072,1788008920083856896,0.16538879670423987,8.333683013916016,1.3782978057861328,1331.7282257282325,629.2333523244299,1,712.0866926354345,617.0777219159511,1
697,757,25.233333333333334,25.307106018066406,23.301135063171387,1788008919744905,1788008920110333696,394745,394746,1788008920108856320,1788008920117189120,0.1772818311874106,8.33272933959961,1.4772415161132812,1332.1604334609174,629.820715433061,1,711.944918833001,617.6938729215583,1
698,758,25.266666666666666,25.3405339717865,23.33456301689148,1788008919778333,1788008920143762944,394749,394750,1788008920142188544,1788008920150521600,0.18892163314354382,8.332967758178711,1.5742778778076172,1332.3046871461488,630.3337309128989,1,711.6861856326993,618.1621120792211,1
699,759,25.3,25.37397003173828,23.36799907684326,1788008919811769,1788008920177200128,394753,394754,1788008920175521024,1788008920183854848,0.20148762694893435,8.333921432495117,1.6791820526123047,1332.508772016316,630.6806482359956,1,711.8742165857255,619.422100095812,1
700,760,25.333333333333332,25.407401084899902,23.401430130004883,1788008919845200,1788008920210632448,394757,394758,1788008920208854272,1788008920217186816,0.21339055793991415,8.33272933959961,1.7781257629394531,1332.6126280040426,630.860350303449,1,712.0145240019554,620.7209687974566,1
701,761,25.366666666666667,25.440830945968628,23.43485999107361,1788008919878630,1788008920244063232,394761,394762,1788008920242186496,1788008920250519296,0.2252074391988555,8.33272933959961,1.8765926361083984,1332.702128680116,630.9459387089718,1,712.1127147327237,621.8003862899277,1
702,762,25.4,25.474261045455933,23.468290090560913,1788008919912060,1788008920277494528,394765,394766,1788008920275518720,1788008920283852544,0.23707624088113288,8.333921432495117,1.9757747650146484,1333.0061120463329,631.0191489480852,1,712.4795232818509,622.7733824763897,1
703,763,25.433333333333334,25.507690906524658,23.50171995162964,1788008919945490,1788008920310925568,394769,394770,1788008920308851968,1788008920317185024,0.24883408200051502,8.332967758178711,2.073526382446289,1333.801609697437,630.994378641378,1,712.8438059723948,623.7316489022777,1
704,764,25.466666666666665,25.54111909866333,23.53514814376831,1788008919978918,1788008920344354816,394773,394774,1788008920342184192,1788008920350518272,0.26044914890573595,8.333921432495117,2.170562744140625,1334.0146676496618,631.6611378967194,1,713.2223213105206,624.59627940485,1
705,765,25.5,25.574549913406372,23.568578958511353,1788008920012349,1788008920377786880,394777,394778,1788008920375517696,1788008920383850240,0.2723319027181688,8.33272933959961,2.269268035888672,1334.0312974469575,631.9691092365928,1,713.1572420234058,625.0112606147894,1
706,766,25.533333333333335,25.60797905921936,23.60200810432434,1788008920045778,1788008920411216896,394781,394782,1788008920408849920,1788008920417182720,0.2840629470672389,8.33272933959961,2.3670196533203125,1334.113177747611,632.4033611584227,1,713.2173235567668,625.5358054046904,1
707,767,25.566666666666666,25.641415119171143,23.635444164276123,1788008920079214,1788008920444654336,394785,394786,1788008920442182144,1788008920450515968,0.29663853525961953,8.333921432495117,2.4721622467041016,1334.1168110551962,632.7408276445357,1,713.4803192023802,625.8432824954326,1
708,768,25.6,25.674844980239868,23.66887402534485,1788008920112644,1788008920478085376,394789,394790,1788008920475515392,1788008920483848448,0.30840319304168695,8.332967758178711,2.569913864135742,1334.2088083831359,633.0414166506329,1,713.7178521268074,626.1125309607108,1
709,769,25.633333333333333,25.708275079727173,23.702304124832153,1788008920146074,1788008920511516672,394793,394794,1788008920508847616,1788008920517180416,0.32028612303290416,8.33272933959961,2.6688575744628906,1334.192494414139,633.3592957077934,1,713.9172731445187,626.4437361485964,1
710,770,25.666666666666668,25.7417049407959,23.73573398590088,1788008920179504,1788008920544947712,394797,394798,1788008920542180096,1788008920550513664,0.33209360874291927,8.333683013916016,2.7675628662109375,1334.0984830052994,633.4833246689709,1,714.1506750008692,626.9003734613075,1
711,771,25.7,25.775135040283203,23.769164085388184,1788008920212934,1788008920578379264,394801,394802,1788008920575513088,1788008920583846144,0.3439386569769105,8.332967758178711,2.866029739379883,1333.8708156574883,633.6512201797442,1,714.214262480176,627.0349077158758,1
712,772,25.733333333333334,25.808563947677612,23.802592992782593,1788008920246363,1788008920611809280,394805,394806,1788008920608845568,1788008920617178368,0.3556693656833853,8.332967758178711,2.9637813568115234,1333.821613804906,633.555115806522,1,714.1970980123928,627.0250682528307,1
713,773,25.766666666666666,25.841994047164917,23.836023092269897,1788008920279793,1788008920645240320,394809,394810,1788008920642177792,1788008920650511616,0.3674829776277393,8.333683013916016,3.0624866485595703,1333.7493707608087,633.958439073885,1,714.2781302499859,627.1116676747471,1
714,774,25.8,25.875423908233643,23.869452953338623,1788008920313223,1788008920678671104,394813,394814,1788008920675511040,1788008920683843840,0.3792274678111588,8.33272933959961,3.1599998474121094,1333.659020595157,634.2667276876123,1,714.3927071049346,626.7429542444529,1
715,775,25.833333333333332,25.908859968185425,23.902889013290405,1788008920346659,1788008920712108288,394817,394818,1788008920708843264,1788008920717177088,0.39178944357030465,8.333921432495117,3.2651424407958984,1333.5498497472258,634.5218931494276,1,714.2324733862706,626.1646177800686,1
716,776,25.866666666666667,25.942289113998413,23.936318159103394,1788008920380088,1788008920745538816,394821,394822,1788008920742176512,1788008920750509568,0.4034791565334325,8.332967758178711,3.3621788024902344,1333.4777829465763,634.7814761006142,1,714.1870498652291,625.6710968652769,1
717,777,25.9,25.975719928741455,23.969748973846436,1788008920413519,1788008920778970624,394825,394826,1788008920775508992,1788008920783841536,0.41545064377682406,8.33272933959961,3.4618377685546875,1333.5851050412684,634.4823421970472,1,714.3224811338042,625.2960446982066,1
718,778,25.933333333333334,26.00915002822876,24.00317907333374,1788008920446949,1788008920812401664,394829,394830,1788008920808841216,1788008920817174784,0.42724723922870056,8.333683013916016,3.5605430603027344,1333.6644446514574,634.0046438432931,1,714.2467308657035,624.7983144606343,1
719,779,25.966666666666665,26.04258704185486,24.03661608695984,1788008920480386,1788008920845839872,394833,394834,1788008920842174464,1788008920850507264,0.43988555078683833,8.33272933959961,3.665447235107422,1333.4552346314308,633.6528218371831,1,714.0497256279384,624.459509554905,1
720,780,26.0,26.076017141342163,24.070046186447144,1788008920513816,1788008920879271168,394837,394838,1788008920875505664,1788008920883838720,0.45188978856112844,8.332967758178711,3.765583038330078,1333.5801994618923,633.1467240060636,1,713.8437244824712,624.149272066071,1
721,781,26.033333333333335,26.109445095062256,24.103474140167236,1788008920547244,1788008920912699904,394841,394842,1788008920908838144,1788008920917171712,0.4634090518967786,8.333683013916016,3.8619041442871094,1333.8730553240562,632.6317922151262,1,713.775996583596,623.9092776162513,1
722,782,26.066666666666666,26.142882108688354,24.136911153793335,1788008920580681,1788008920946137856,394845,394846,1788008920942171392,1788008920950504192,0.47602288984263236,8.33272933959961,3.9665699005126953,1334.2130746611547,632.0815031100236,1,713.8868650078546,623.5501934656875,1
723,783,26.1,26.17631196975708,24.17034101486206,1788008920614111,1788008920979568384,394849,394850,1788008920975503360,1788008920983837440,0.4877699899871263,8.333921432495117,4.065036773681641,1334.4413907722278,631.5374085543007,1,714.0208035841183,623.2116979771711,1
724,784,26.133333333333333,26.20974898338318,24.20377802848816,1788008920647548,1788008921013006592,394853,394854,1788008921008836864,1788008921017169664,0.5004148665274241,8.332967758178711,4.163026809692383,1334.1559627801328,631.1201055374162,1,714.3778120742436,622.9266489471565,1
725,785,26.166666666666668,26.243178129196167,24.237207174301147,1788008920680977,1788008921046437120,394857,394858,1788008921042169088,1788008921050501888,0.5121888412017167,8.33272933959961,4.064798355102539,1334.1015925417064,630.5850809278606,1,714.7224094257897,622.4934600291939,1
726,786,26.2,26.27660894393921,24.27063798904419,1788008920714408,1788008921079868928,394861,394862,1788008921075501568,1788008921083835136,0.5240888024260456,8.333683013916016,3.966093063354492,1334.0569600063588,629.7984755925429,1,714.9489234774323,621.8313262469984,1
727,787,26.233333333333334,26.310038089752197,24.304067134857178,1788008920747837,1788008921113299456,394865,394866,1788008921108834816,1788008921117167360,0.535793991416309,8.33272933959961,3.86810302734375,1333.592861249081,629.1074864682953,1,715.2688148406747,621.1554311396676,1
728,788,26.266666666666666,26.34346890449524,24.33749794960022,1788008920781268,1788008921146731264,394869,394870,1788008921142166784,1788008921150499840,0.5477668736230723,8.332967758178711,3.768444061279297,1333.4961195268677,627.994380019745,1,715.3251687820657,620.3633601956503,1
729,789,26.3,26.376905918121338,24.37093496322632,1788008920814705,1788008921180169472,394873,394874,1788008921175499264,1788008921183833088,0.5604062365899013,8.333921432495117,3.6635398864746094,1333.1101216218522,627.2370395666647,1,715.4407645771734,619.0226236382794,1
730,790,26.333333333333332,26.410336017608643,24.404365062713623,1788008920848135,1788008921213600768,394877,394878,1788008921208832512,1788008921217165312,0.5722460658082976,8.33272933959961,3.5643577575683594,1332.556432819581,626.9695790568298,1,715.2862346674606,617.1762082363334,1
731,791,26.366666666666667,26.44376492500305,24.437793970108032,1788008920881564,1788008921247031040,394881,394882,1788008921242164736,1788008921250497536,0.5839771101573676,8.33272933959961,3.4666061401367188,1332.388895356536,626.9143915879208,1,715.4971195724606,616.0507359791171,1
732,792,26.4,26.477195024490356,24.471224069595337,1788008920914994,1788008921280462080,394885,394886,1788008921275496960,1788008921283830784,0.5957659848376484,8.333921432495117,3.368854522705078,1332.302373564552,626.5103303140269,1,715.8601325285553,616.2329587799487,1
733,793,26.433333333333334,26.510622024536133,24.504651069641113,1788008920948421,1788008921313890048,394889,394890,1788008921308830208,1788008921317163264,0.6071929272409945,8.332967758178711,3.2732486724853516,1332.0822545236583,626.7638555109454,1,716.0558323349145,616.1164288967697,1
734,794,26.466666666666665,26.544052124023438,24.538081169128418,1788008920981851,1788008921347321600,394893,394894,1788008921342162688,1788008921350496512,0.6190244600200258,8.333921432495117,3.175020217895508,1331.8517367788197,626.9732872245056,1,716.0485630018172,615.1779298407653,1
735,795,26.5,26.577481985092163,24.571511030197144,1788008921015281,1788008921380752640,394897,394898,1788008921375495936,1788008921383828736,0.6308440629470672,8.33272933959961,3.0760765075683594,1331.6933396969641,626.6126452714421,1,716.0581775849232,613.8881948882381,1
736,796,26.533333333333335,26.61091899871826,24.604948043823242,1788008921048718,1788008921414190592,394901,394902,1788008921408828160,1788008921417160960,0.643519313304721,8.33272933959961,2.970457077026367,1331.3943739422004,625.5192593655215,1,715.94902080624,612.3838651059709,1
737,797,26.566666666666666,26.644350051879883,24.638379096984863,1788008921082149,1788008921447622656,394905,394906,1788008921442160384,1788008921450494208,0.6554141038478043,8.333921432495117,2.8717517852783203,1330.737096327995,624.8247610250233,1,716.1315352017497,611.7489508065916,1
738,798,26.6,26.67778706550598,24.671816110610962,1788008921115586,1788008921481060864,394909,394910,1788008921475493632,1788008921483826688,0.6681067780607136,8.332967758178711,2.765655517578125,1330.5376990113884,623.5992527491441,1,716.269651170874,610.2219448746096,1
739,799,26.633333333333333,26.71121597290039,24.70524501800537,1788008921149015,1788008921514491136,394913,394914,1788008921508826112,1788008921517158656,0.6798569384835479,8.33272933959961,2.667665481567383,1330.2343190217118,622.7542660104892,1,716.7101708840021,608.6810025442745,1
740,800,26.666666666666668,26.744646072387695,24.738675117492676,1788008921182445,1788008921547922432,394917,394918,1788008921542158336,1788008921550492160,0.6916518853350118,8.333683013916016,2.5696754455566406,1329.7220776758834,620.8292206761888,1,717.4008837780298,607.5646480080145,1
741,801,26.7,26.77807593345642,24.7721049785614,1788008921215875,1788008921581353472,394921,394922,1788008921575491328,1788008921583824384,0.7034705730880375,8.332967758178711,2.4709701538085938,1329.6761196318948,619.8727599985211,1,718.1163577720984,606.3306404289607,1
742,802,26.733333333333334,26.811511039733887,24.805540084838867,1788008921249310,1788008921614789632,394925,394926,1788008921608823808,1788008921617156864,0.7159451803954107,8.332967758178711,2.3670196533203125,1329.6390340246066,619.0700239849758,1,719.0513521844766,605.7929868264798,1
743,803,26.766666666666666,26.84494113922119,24.838970184326172,1788008921282740,1788008921648220672,394929,394930,1788008921642156032,1788008921650489856,0.7277278709160611,8.333683013916016,2.2690296173095703,1329.629453241121,618.2151451995991,1,719.9083265344271,605.392299941885,1
744,804,26.8,26.87837290763855,24.87240195274353,1788008921316172,1788008921681653760,394933,394934,1788008921675489536,1788008921683822080,0.7397711015736766,8.33272933959961,2.168416976928711,1329.6016987370365,617.5211747184669,1,720.4438763447936,604.4857966390648,1
745,805,26.833333333333332,26.911802053451538,24.90583109855652,1788008921349601,1788008921715084032,394937,394938,1788008921708821504,1788008921717154560,0.7515378672999342,8.332967758178711,2.0704269409179688,1329.5226369934594,617.5905324259578,1,720.7457016891096,603.6405042959311,1
746,806,26.866666666666667,26.945230960845947,24.939260005950928,1788008921383030,1788008921748514048,394941,394942,1788008921742153984,1788008921750487808,0.7631526248033186,8.333921432495117,1.973867416381836,1329.610390239577,617.2590551842529,1,721.0586528568186,603.0311192507186,1
747,807,26.9,26.97866201400757,24.97269105911255,1788008921416461,1788008921781946112,394945,394946,1788008921775487232,1788008921783820032,0.7751359084406295,8.33272933959961,1.8737316131591797,1329.4144240976898,616.622178655542,1,721.2757777243221,602.7854762137636,1
748,808,26.933333333333334,27.01208996772766,25.00611901283264,1788008921449889,1788008921815375360,394949,394950,1788008921808819456,1788008921817153280,0.7866624706757452,8.333683013916016,1.7778873443603516,1329.232279151475,616.8503098375841,1,721.5955868113105,602.582993373398,1
749,809,26.966666666666665,27.045527935028076,25.039556980133057,1788008921483327,1788008921848814592,394953,394954,1788008921842152960,1788008921850485504,0.7994563662374821,8.33272933959961,1.6710758209228516,1329.0348855673233,616.9389064785908,1,721.99455511541,601.9167033778646,1
750,810,27.0,27.078956127166748,25.07298517227173,1788008921516755,1788008921882243840,394957,394958,1788008921875483904,1788008921883816960,0.8112214242797059,8.332967758178711,1.5730857849121094,1328.7421695225999,616.6760113850227,1,722.2939295902145,601.3151079865862,1
751,811,27.033333333333335,27.112385988235474,25.106415033340454,1788008921550185,1788008921915674880,394961,394962,1788008921908816384,1788008921917149952,0.8229959375178807,8.333683013916016,1.4750957489013672,1328.620301092527,615.7440875890743,1,722.438176477069,600.5949092585543,1
752,812,27.066666666666666,27.145823001861572,25.139852046966553,1788008921583622,1788008921949112832,394965,394966,1788008921942149632,1788008921950482432,0.8356509298998569,8.33272933959961,1.369476318359375,1328.330990904858,615.629941269119,1,722.5742506088172,599.7280823772866,1
753,813,27.1,27.179254055023193,25.173283100128174,1788008921617053,1788008921982544640,394969,394970,1788008921975481856,1788008921983815680,0.8474896295236733,8.333921432495117,1.2710094451904297,1328.4021276320352,615.5437347928748,1,722.872592227719,599.3182539287662,1
754,814,27.133333333333333,27.212682008743286,25.206711053848267,1788008921650481,1788008922015973632,394973,394974,1788008922008815104,1788008922017147904,0.859059826614403,8.332967758178711,1.1744499206542969,1328.4129523678291,615.1982945951112,1,722.9074912001947,598.4697774594003,1
755,815,27.166666666666668,27.2461199760437,25.24014902114868,1788008921683919,1788008922049412608,394977,394978,1788008922042147328,1788008922050480128,0.8718741058655222,8.33272933959961,1.0676383972167969,1328.2869577940291,614.928125394458,1,722.9193714779941,597.3545096301514,1
756,816,27.2,27.279550075531006,25.273579120635986,1788008921717349,1788008922082843648,394981,394982,1788008922075479808,1788008922083813376,0.8836184699891285,8.333683013916016,0.9698867797851562,1328.5098876930656,614.6243719797302,1,722.8560889348264,596.542030327707,1
757,817,27.233333333333334,27.31297993659973,25.307008981704712,1788008921750779,1788008922116274944,394985,394986,1788008922108813056,1788008922117145856,0.8954792560801145,8.33272933959961,0.8709430694580078,1328.3624022087124,614.1861835343302,1,722.9520806507517,596.0539105023399,1
758,818,27.266666666666666,27.34640908241272,25.3404381275177,1788008921784208,1788008922149705216,394989,394990,1788008922142145280,1788008922150478080,0.9072415667648994,8.332967758178711,0.7729530334472656,1328.213957337088,614.4324514351069,1,723.0870679967907,595.8103675919917,1
759,819,27.3,27.379844903945923,25.373873949050903,1788008921817644,1788008922183142144,394993,394994,1788008922175477504,1788008922183811328,0.9196967529681018,8.333921432495117,0.6692409515380859,1328.1442267044474,614.1151113911766,1,723.2088492456292,595.7835210709961,1
760,820,27.333333333333332,27.41327404975891,25.40730309486389,1788008921851073,1788008922216572160,394997,394998,1788008922208810752,1788008922217143552,0.931444921316166,8.33272933959961,0.5712509155273438,1328.014970515763,614.0742930887067,1,723.4104570811122,595.5261103074117,1
761,821,27.366666666666667,27.446703910827637,25.440732955932617,1788008921884503,1788008922250003200,395001,395002,1788008922242143232,1788008922250475776,0.9432618025751073,8.33272933959961,0.47278404235839844,1328.1366599069404,613.8480674731233,1,723.4835015181967,595.6233239231387,1
762,822,27.4,27.480134963989258,25.47416400909424,1788008921917934,1788008922283435264,395005,395006,1788008922275475200,1788008922283809280,0.9551423258475182,8.333921432495117,0.37384033203125,1328.0340269702695,613.7275228033641,1,723.6499805267331,595.1823693989137,1
763,823,27.433333333333334,27.513564109802246,25.507593154907227,1788008921951363,1788008922316865792,395009,395010,1788008922308808448,1788008922317141504,0.9668965122600212,8.332967758178711,0.2758502960205078,1328.058276149747,613.6580722249422,1,723.7581966974338,595.1003223937568,1
764,824,27.466666666666665,27.54699397087097,25.541023015975952,1788008921984793,1788008922350296832,395013,395014,1788008922342140928,1788008922350473728,0.9787696709585122,8.33272933959961,0.17690658569335938,1327.8622285861702,613.3843683806404,1,723.571910591847,595.0354285013212,1
765,825,27.5,27.58042311668396,25.57445216178894,1788008922018222,1788008922383727104,395017,395018,1788008922375473152,1788008922383806976,0.9904159752817989,8.333683013916016,0.07987022399902344,1328.0173677541932,613.135978707663,1,723.3095626673573,594.8512697894167,1
766,826,27.533333333333335,27.613852977752686,25.607882022857666,1788008922051652,1788008922417158144,395022,395023,1788008922417139200,1788008922425473280,0.0022600486339579458,8.333921432495117,0.018835067749023438,1328.2662622064793,613.4355807580714,1,723.3708220694904,595.0156327362307,1
767,827,27.566666666666666,27.64728307723999,25.64131212234497,1788008922085082,1788008922450589440,395026,395027,1788008922450472704,1788008922458805248,0.01402002861230329,8.33272933959961,0.11682510375976562,1328.0608866301138,613.1126719831552,1,723.0750510958951,594.5675772732395,1
768,828,27.6,27.680711030960083,25.674740076065063,1788008922118510,1788008922484018432,395030,395031,1788008922483804928,1788008922492137728,0.025608011444921315,8.33272933959961,0.21338462829589844,1327.8241008921113,612.8179680170518,1,723.111015668366,594.6803009696694,1
769,829,27.633333333333333,27.714141130447388,25.708170175552368,1788008922151940,1788008922517449728,395034,395035,1788008922517137152,1788008922525470976,0.03750536403947933,8.333921432495117,0.31256675720214844,1327.733554165927,612.8156808116541,1,722.9950121797917,594.4595116282132,1
770,830,27.666666666666668,27.747570991516113,25.741600036621094,1788008922185370,1788008922550880768,395038,395039,1788008922550470400,1788008922558803200,0.04924036508254413,8.332967758178711,0.41031837463378906,1327.6923023147078,612.934382884185,1,722.9928480800357,594.3648768348087,1
771,831,27.7,27.781001091003418,25.7750301361084,1788008922218800,1788008922584312064,395042,395043,1788008922583802624,1788008922592135424,0.06111587982832618,8.33272933959961,0.5092620849609375,1327.5544962427261,613.2667844175958,1,723.1252068780831,594.8562769411037,1
772,832,27.733333333333334,27.814430952072144,25.808459997177124,1788008922252230,1788008922617743360,395046,395047,1788008922617135104,1788008922625468672,0.07298163300337586,8.333683013916016,0.6082057952880859,1327.5843347740797,613.2990966676424,1,722.8981471784997,594.9291717255015,1
773,833,27.766666666666666,27.847860097885132,25.841889142990112,1788008922285659,1788008922651173376,395050,395051,1788008922650468096,1788008922658801152,0.08463277159451804,8.332967758178711,0.7052421569824219,1327.498391349599,613.6389593955339,1,723.0069055311689,594.6643485703312,1
774,834,27.8,27.881290912628174,25.875319957733154,1788008922319090,1788008922684605440,395054,395055,1788008922683800576,1788008922692133376,0.09659237217819233,8.332967758178711,0.804901123046875,1327.5774640546717,613.9637828670312,1,722.9997232030053,594.7766524216544,1
775,835,27.833333333333332,27.914720058441162,25.908749103546143,1788008922352519,1788008922718035456,395058,395059,1788008922717132800,1788008922725466368,0.1083137838301768,8.333683013916016,0.9026527404785156,1327.54848451703,614.1431174600375,1,723.0013426248279,594.6746861323414,1
776,836,27.866666666666667,27.948149919509888,25.942178964614868,1788008922385949,1788008922751466496,395062,395063,1788008922750466048,1788008922758798848,0.12005722460658083,8.33272933959961,1.0004043579101562,1327.5312281417125,614.6853394384964,1,722.7550581198027,594.7027431746807,1
777,837,27.9,27.981585025787354,25.975614070892334,1788008922419384,1788008922784902912,395066,395067,1788008922783798272,1788008922792131072,0.132557008383165,8.332967758178711,1.104593276977539,1327.4156878022786,615.1591050129949,1,722.2888003334435,594.8222317095765,1
778,838,27.933333333333334,28.015016078948975,26.009045124053955,1788008922452815,1788008922818334976,395070,395071,1788008922817131520,1788008922825464576,0.14443077451288946,8.332967758178711,1.2035369873046875,1327.3791442687834,615.2321133175052,1,722.0746201404443,594.85989328611,1
779,839,27.966666666666665,28.0484459400177,26.04247498512268,1788008922486245,1788008922851766016,395074,395075,1788008922850463744,1788008922858796544,0.15628040057224607,8.33272933959961,1.3022422790527344,1327.1680712253515,615.1220495674338,1,722.0532740345291,594.8821296221331,1
780,840,28.0,28.081876039505005,26.075905084609985,1788008922519675,1788008922885197568,395078,395079,1788008922883795200,1788008922892129024,0.16827830863420495,8.333683013916016,1.4023780822753906,1326.9243809992947,614.6279722099698,1,722.2548109628912,595.3583613530487,1
781,841,28.033333333333335,28.115304946899414,26.109333992004395,1788008922553104,1788008922918627840,395082,395083,1788008922917128448,1788008922925461248,0.17993762696346313,8.332967758178711,1.4994144439697266,1326.7459720693946,614.3482140559641,1,722.3131057399534,595.145097321929,1
782,842,28.066666666666666,28.14873504638672,26.1427640914917,1788008922586534,1788008922952059136,395086,395087,1788008922950460672,1788008922958793728,0.1918113930931876,8.332967758178711,1.598358154296875,1326.7128164918704,614.4012653779944,1,722.2932732618262,595.3351675583664,1
783,843,28.1,28.182164907455444,26.176193952560425,1788008922619964,1788008922985489664,395090,395091,1788008922983792896,1788008922992126720,0.20358185043199634,8.333683013916016,1.6965866088867188,1326.7581181936412,614.3991527106703,1,722.2092659442128,595.6804800824021,1
784,844,28.133333333333333,28.215594053268433,26.209623098373413,1788008922653393,1788008923018919680,395094,395095,1788008923017126400,1788008923025458944,0.2152217453505007,8.33272933959961,1.7933845520019531,1326.8437919893238,614.5492888552569,1,722.0658688473018,595.8165235910056,1
785,845,28.166666666666668,28.249022960662842,26.243052005767822,1788008922686822,1788008923052349440,395098,395099,1788008923050458368,1788008923058792448,0.2268917179230439,8.333921432495117,1.8908977508544922,1326.9434661891523,614.9446717022108,1,722.1029752822403,596.2383232544948,1
786,846,28.2,28.28245210647583,26.27648115158081,1788008922720251,1788008923085779456,395102,395103,1788008923083791616,1788008923092124672,0.23853394752653714,8.332967758178711,1.9876956939697266,1327.1620861573551,614.6708298149189,1,722.0603912081625,596.559603369791,1
787,847,28.233333333333334,28.315882921218872,26.309911966323853,1788008922753682,1788008923119211520,395106,395107,1788008923117124096,1788008923125456896,0.2505007153075823,8.33272933959961,2.0873546600341797,1327.1170182281248,614.4557290608141,1,721.9983122790943,596.9807697815853,1
788,848,28.266666666666666,28.349311113357544,26.343340158462524,1788008922787110,1788008923152640768,395110,395111,1788008923150456320,1788008923158790144,0.2621159237855467,8.333683013916016,2.1843910217285156,1327.152781383696,614.7954473667588,1,721.8510317082728,597.3156458681744,1
789,849,28.3,28.38274097442627,26.37677001953125,1788008922820540,1788008923186071808,395114,395115,1788008923183789824,1788008923192122368,0.27387696709585124,8.33272933959961,2.2821426391601562,1327.2535670293003,615.195969042509,1,721.6094461160543,597.0996651651367,1
790,850,28.333333333333332,28.416170120239258,26.41019916534424,1788008922853969,1788008923219502080,395118,395119,1788008923217121792,1788008923225454848,0.2856284512603359,8.332967758178711,2.3801326751708984,1327.16943324814,615.3858082612895,1,721.6714703293144,597.2657507815311,1
791,851,28.366666666666667,28.449602127075195,26.443631172180176,1788008922887401,1788008923252934912,395122,395123,1788008923250454272,1788008923258788096,0.297668430839651,8.333921432495117,2.480745315551758,1327.0589041225458,615.259512428408,1,721.4307461434012,596.611414919539,1
792,852,28.4,28.483031034469604,26.477060079574585,1788008922920830,1788008923286364928,395126,395127,1788008923283787520,1788008923292120320,0.30932761087267524,8.33272933959961,2.577543258666992,1326.6824542862619,615.3467157776041,1,721.4391073365998,596.0093036303517,1
793,853,28.433333333333334,28.51646113395691,26.51049017906189,1788008922954260,1788008923319796224,395130,395131,1788008923317119744,1788008923325452544,0.3212017167381974,8.33272933959961,2.6764869689941406,1326.590971846138,615.2530137507601,1,721.3654382909749,595.5906641012037,1
794,854,28.466666666666665,28.54989004135132,26.5439190864563,1788008922987689,1788008923353226496,395134,395135,1788008923350451968,1788008923358785792,0.33291374624517234,8.333921432495117,2.774477005004883,1326.2850184070655,615.1336791183787,1,721.1979907720636,595.0862964271355,1
795,855,28.5,28.583328008651733,26.577357053756714,1788008923021127,1788008923386665728,395138,395139,1788008923383785216,1788008923392118272,0.34568395754055675,8.332967758178711,2.880573272705078,1326.211119094852,614.8736186724931,1,721.7893603011289,596.0835185095058,1
796,856,28.533333333333335,28.61675500869751,26.61078405380249,1788008923054554,1788008923420093696,395142,395143,1788008923417117696,1788008923425450240,0.3571673819742489,8.33272933959961,2.9761791229248047,1326.7088044011439,615.464928820338,1,721.403224101589,595.8123572752024,1
797,857,28.566666666666666,28.650185108184814,26.644214153289795,1788008923087984,1788008923453524736,395146,395147,1788008923450450944,1788008923458783744,0.36889842632331904,8.33272933959961,3.0739307403564453,1326.6445795548348,616.3506023182038,1,721.5508512667941,595.3981359800475,1
798,858,28.6,28.68361496925354,26.67764401435852,1788008923121414,1788008923486955776,395150,395151,1788008923483783168,1788008923492115968,0.3807439198855508,8.33272933959961,3.172636032104492,1326.5674320492446,616.8774804222966,1,721.4839917358738,596.632526567213,1
799,859,28.633333333333333,28.717045068740845,26.711074113845825,1788008923154844,1788008923520387328,395154,395155,1788008923517115392,1788008923525449216,0.39261908167644116,8.333921432495117,3.2720565795898438,1326.3044920152045,617.0169451608745,1,721.3906126493869,596.8538264499222,1
800,860,28.666666666666668,28.75047492980957,26.74450397491455,1788008923188274,1788008923553818368,395158,395159,1788008923550448640,1788008923558781696,0.40439472404223054,8.332967758178711,3.3698081970214844,1325.3598248556407,613.4555429450359,1,721.9095937750639,597.441709867033,1
801,861,28.7,28.783905029296875,26.777934074401855,1788008923221704,1788008923587249664,395162,395163,1788008923583781120,1788008923592113664,0.4162804005722461,8.33272933959961,3.468751907348633,1325.5961685236086,611.4158579528635,1,721.8937144220926,598.3522899112827,1
802,862,28.733333333333334,28.817333936691284,26.811362981796265,1788008923255133,1788008923620679936,395166,395167,1788008923617113344,1788008923625446912,0.42796246495393947,8.333683013916016,3.5665035247802734,1325.8689066787063,611.92207224594,1,721.3987383319718,598.3912283349973,1
803,863,28.766666666666666,28.85076403617859,26.84479308128357,1788008923288563,1788008923654111232,395170,395171,1788008923650446336,1788008923658779392,0.43978713055420443,8.332967758178711,3.664731979370117,1326.2396995760887,615.5993811010641,1,720.9502559153627,598.9786049416589,1
804,864,28.8,28.884194135665894,26.878223180770874,1788008923321993,1788008923687542528,395174,395175,1788008923683778816,1788008923692111616,0.45166089668392895,8.332967758178711,3.7636756896972656,1326.8437564803244,615.8082106146535,1,720.1353437677691,599.2024639218643,1
805,865,28.833333333333332,28.917630910873413,26.911659955978394,1788008923355430,1788008923720980480,395178,395179,1788008923717111040,1788008923725444864,0.46429593179607487,8.333683013916016,3.869295120239258,1327.4355294230963,615.8145536240316,1,719.628916384832,599.1097377713697,1
806,866,28.866666666666667,28.9510600566864,26.945089101791382,1788008923388859,1788008923754410496,395182,395183,1788008923750444288,1788008923758777088,0.4759656652360515,8.33272933959961,3.966093063354492,1327.3186549073762,616.4985859540755,1,718.7318709519545,598.7079245859106,1
807,867,28.9,28.984496116638184,26.978525161743164,1788008923422295,1788008923787847424,395186,395187,1788008923783776512,1788008923792109568,0.48854110039769966,8.332967758178711,4.07099723815918,1327.593914703064,616.9675282934762,1,718.3675678870226,599.7415491849814,1
808,868,28.933333333333334,29.017926931381226,27.011955976486206,1788008923455726,1788008923821279488,395190,395191,1788008923817108992,1788008923825442816,0.5004434272636247,8.333921432495117,4.163265228271484,1328.114761304763,620.0413283312938,1,718.0829939027723,600.673587327039,1
809,869,28.966666666666665,29.051363945007324,27.045392990112305,1788008923489163,1788008923854717696,395194,395195,1788008923850442240,1788008923858774784,0.51310443490701,8.33272933959961,4.057168960571289,1328.1832287584439,622.3056828300519,1,717.9369481882543,601.3163760339363,1
810,870,29.0,29.08479404449463,27.07882308959961,1788008923522593,1788008923888148736,395198,395199,1788008923883773440,1788008923892107264,0.5250042913543514,8.333683013916016,3.958463668823242,1327.91281367925,622.9973520300467,1,717.9918605172597,601.6332313952239,1
811,871,29.033333333333335,29.118223905563354,27.112252950668335,1788008923556023,1788008923921579776,395202,395203,1788008923917106688,1788008923925439488,0.5368086750021459,8.332967758178711,3.8597583770751953,1327.118269047829,623.4323861344435,1,718.3673483015186,602.5568369980772,1
812,872,29.066666666666666,29.151660919189453,27.145689964294434,1788008923589460,1788008923955018240,395206,395207,1788008923950438912,1788008923958771968,0.5495407856713684,8.332967758178711,3.753662109375,1326.832984839473,624.8665909868294,1,718.7862531713865,603.4326101807737,1
813,873,29.1,29.185091018676758,27.17912006378174,1788008923622890,1788008923988449536,395210,395211,1788008923983771392,1788008923992104960,0.5613663672254964,8.333683013916016,3.6554336547851562,1326.8680681565108,625.0766461207147,1,719.1902920176516,603.7910605893917,1
814,874,29.133333333333333,29.218519926071167,27.212548971176147,1788008923656319,1788008924021880576,395214,395215,1788008924017104640,1788008924025437440,0.5731616595135909,8.33272933959961,3.5567283630371094,1327.006483898509,624.9738510763215,1,719.2766009706163,604.0191418760043,1
815,875,29.166666666666668,29.25195598602295,27.24598503112793,1788008923689755,1788008924055317504,395218,395219,1788008924050436864,1788008924058769664,0.5856938483547925,8.33272933959961,3.452301025390625,1327.435133600247,624.8084379905439,1,719.3337368629741,604.6363227467152,1
816,876,29.2,29.285385131835938,27.279414176940918,1788008923723184,1788008924088747520,395222,395223,1788008924083770112,1788008924092102912,0.5973219650367657,8.332967758178711,3.3555030822753906,1327.6814643604541,624.8268894221836,1,719.537765136268,605.368063742603,1
817,877,29.233333333333334,29.318814992904663,27.312844038009644,1788008923756614,1788008924122178048,395226,395227,1788008924117102336,1788008924125435136,0.6091273247496424,8.33272933959961,3.2570362091064453,1327.8799305238358,624.7972628537642,1,719.5642605362584,605.753164583916,1
818,878,29.266666666666666,29.35225200653076,27.346281051635742,1788008923790051,1788008924155615744,395230,395231,1788008924150434816,1788008924158768384,0.6217028094066488,8.333683013916016,3.152608871459961,1328.2282351715085,624.7074375422212,1,719.3044399827637,605.6355980419322,1
819,879,29.3,29.3856840133667,27.37971305847168,1788008923823483,1788008924189048576,395234,395235,1788008924183768064,1788008924192100864,0.6337052932761087,8.33272933959961,3.052234649658203,1328.5322357532984,624.6801476894492,1,719.1207368959698,605.8477742409972,1
820,880,29.333333333333332,29.419111967086792,27.413141012191772,1788008923856911,1788008924222477312,395238,395239,1788008924217100032,1788008924225433088,0.6452748133100626,8.332967758178711,2.955913543701172,1328.8315787871672,625.4152264977502,1,718.9527297721258,606.3152022887923,1
821,881,29.366666666666667,29.45254111289978,27.44657015800476,1788008923890340,1788008924255907584,395242,395243,1788008924250432512,1788008924258766336,0.6569589472178515,8.333921432495117,2.858877182006836,1328.9060936774838,626.0825698521064,1,718.5635771701347,607.1132067417025,1
822,882,29.4,29.485970973968506,27.480000019073486,1788008923923770,1788008924289338624,395246,395247,1788008924283765760,1788008924292098560,0.6687839771101574,8.33272933959961,2.7599334716796875,1328.846858208846,626.322849502016,1,718.7887271741984,607.9641376027687,1
823,883,29.433333333333334,29.519400119781494,27.513429164886475,1788008923957199,1788008924322768896,395250,395251,1788008924317098240,1788008924325430784,0.6805436337625179,8.33272933959961,2.6619434356689453,1328.9357084751464,626.8898137602292,1,718.81660284953,608.028246653615,1
824,884,29.466666666666665,29.55283808708191,27.54686713218689,1788008923990637,1788008924356208384,395254,395255,1788008924350430208,1788008924358764288,0.6933199828350737,8.333921432495117,2.55584716796875,1329.2314393018296,627.5145518328945,1,718.4365566375668,608.0524169566834,1
825,885,29.5,29.586267948150635,27.580296993255615,1788008924024067,1788008924389639168,395258,395259,1788008924383763456,1788008924392096512,0.705101427713084,8.332967758178711,2.4573802947998047,1329.4334269894916,627.6952548640631,1,717.9251055762401,608.677480086975,1
826,886,29.533333333333335,29.61969804763794,27.61372709274292,1788008924057497,1788008924423070464,395262,395263,1788008924417095936,1788008924425428736,0.7169957081545064,8.33272933959961,2.3581981658935547,1329.824737724678,627.4304764226308,1,717.4833395460375,608.9979595346435,1
827,887,29.566666666666666,29.65313410758972,27.647163152694702,1788008924090933,1788008924456507648,395266,395267,1788008924450428160,1788008924458761984,0.7295016307146536,8.333683013916016,2.2542476654052734,1330.062020214715,627.3932507134064,1,717.0635264305653,609.4045633522335,1
828,888,29.6,29.686563968658447,27.680593013763428,1788008924124363,1788008924489938432,395270,395271,1788008924483761664,1788008924492094208,0.7412875536480686,8.33272933959961,2.155780792236328,1330.4462030263198,627.7049409531446,1,716.9474002285406,610.2220127593976,1
829,889,29.633333333333333,29.719993114471436,27.714022159576416,1788008924157792,1788008924523368960,395274,395275,1788008924517093632,1788008924525427456,0.7529681018452296,8.333921432495117,2.058744430541992,1330.6776144242945,628.4430417239353,1,716.8663848872402,610.9478047626454,1
830,890,29.666666666666668,29.753423929214478,27.747452974319458,1788008924191223,1788008924556800768,395278,395279,1788008924550426880,1788008924558759936,0.7648994306314555,8.332967758178711,1.959085464477539,1330.9161214379474,629.0763281336929,1,716.5828287813052,611.3499962237701,1
831,891,29.7,29.786853075027466,27.780882120132446,1788008924224652,1788008924590231296,395282,395283,1788008924583759360,1788008924592092160,0.7766809728183118,8.33272933959961,1.8608570098876953,1330.9797594246518,629.7211871232794,1,716.1150030211354,611.4203221319174,1
832,892,29.733333333333334,29.82028102874756,27.81431007385254,1788008924258080,1788008924623660288,395286,395287,1788008924617091584,1788008924625425408,0.7882073582422613,8.333683013916016,1.7650127410888672,1331.0147751160362,629.9663238359575,1,715.7036871111028,611.6254244406182,1
833,893,29.766666666666666,29.853711128234863,27.847740173339844,1788008924291510,1788008924657091584,395290,395291,1788008924650424832,1788008924658757632,0.8000572246065808,8.33272933959961,1.6660690307617188,1330.841824182955,630.1363209780357,1,715.3602360141972,611.9671781069575,1
834,894,29.8,29.88714909553528,27.88117814064026,1788008924324948,1788008924690530816,395294,395295,1788008924683757056,1788008924692090112,0.8128808903894023,8.332967758178711,1.5592575073242188,1330.9041530112672,630.6371986165933,1,715.4908200186969,612.3540418905449,1
835,895,29.833333333333332,29.92057991027832,27.9146089553833,1788008924358379,1788008924723962880,395298,395299,1788008924717089536,1788008924725423104,0.8247696973164731,8.333683013916016,1.4603137969970703,1330.8570446663182,630.9795392399349,1,716.0263144284046,612.9621454843809,1
836,896,29.866666666666667,29.954015970230103,27.948045015335083,1788008924391815,1788008924757400320,395302,395303,1788008924750422784,1788008924758755328,0.8373676680972818,8.33272933959961,1.3551712036132812,1330.87278023138,631.2735865683234,1,716.5017942451944,613.444079937622,1
837,897,29.9,29.987446069717407,27.981475114822388,1788008924425245,1788008924790831360,395306,395307,1788008924783755008,1788008924792087808,0.8492131616595135,8.33272933959961,1.2564659118652344,1331.0472189778404,631.3405804962248,1,716.5660143196341,613.7927170958283,1
838,898,29.933333333333334,30.02088212966919,28.01491117477417,1788008924458681,1788008924824268288,395310,395311,1788008924817087232,1788008924825421056,0.8616793019596625,8.333921432495117,1.1527538299560547,1331.4871634416343,631.1063957473563,1,716.6416141193689,613.9965375395121,1
839,899,29.966666666666665,30.05431294441223,28.048341989517212,1788008924492112,1788008924857700096,395314,395315,1788008924850420480,1788008924858753280,0.8736194563662375,8.33272933959961,1.0530948638916016,1331.5237577630364,631.1500280605434,1,716.7721216743898,614.1845058767381,1
840,900,30.0,30.08774995803833,28.08177900314331,1788008924525549,1788008924891138304,395318,395319,1788008924883751936,1788008924892085504,0.8863363277450363,8.333683013916016,0.9472370147705078,1331.4874215138757,631.3082756958607,1,716.6083254403368,614.1228159440986,1
841,901,30.033333333333335,30.121177911758423,28.115206956863403,1788008924558977,1788008924924567552,395322,395323,1788008924917085184,1788008924925417984,0.8979399141630902,8.33272933959961,0.8504390716552734,1331.4524817641393,631.0216052790593,1,716.6227767229502,613.5577622829941,1
842,902,30.066666666666666,30.15461492538452,28.148643970489502,1788008924592414,1788008924958006016,395326,395327,1788008924950417408,1788008924958750208,0.910674944922892,8.332967758178711,0.7443428039550781,1331.7261900506753,630.9307815094993,1,715.4673973697006,613.0327174922337,1
843,903,30.1,30.18805193901062,28.1820809841156,1788008924625851,1788008924991443968,395330,395331,1788008924983749632,1788008924992083200,0.9232705841963724,8.333683013916016,0.6394386291503906,1332.3561666094834,630.798842233081,1,714.0246323699243,612.1897046594738,1
844,904,30.133333333333333,30.221489906311035,28.215518951416016,1788008924659289,1788008925024882944,395334,395335,1788008925017082880,1788008925025415680,0.9360801144492131,8.33272933959961,0.5326271057128906,1333.1541504569288,630.0459193920927,1,712.9613293509354,611.0678810100221,1
845,905,30.166666666666668,30.25492000579834,28.24894905090332,1788008924692719,1788008925058313984,395338,395339,1788008925050415360,1788008925058747904,0.9479256080114449,8.33272933959961,0.43392181396484375,1333.4527892578367,628.684254780528,1,711.703685910581,609.7592055457847,1
846,906,30.2,30.288357973098755,28.282387018203735,1788008924726157,1788008925091753216,395342,395343,1788008925083747328,1788008925092081408,0.9606351022743528,8.333921432495117,0.32806396484375,1334.4350535780436,627.1403716095929,1,710.7891231031547,608.7817401183992,1
847,907,30.233333333333334,30.321794033050537,28.315823078155518,1788008924759593,1788008925125190400,395346,395347,1788008925117080576,1788008925125413632,0.9732196503676576,8.332967758178711,0.2231597900390625,1335.3241654983608,625.8761862388878,1,710.1686255571252,608.0850949497669,1
848,908,30.266666666666666,30.35523009300232,28.3492591381073,1788008924793029,1788008925158627840,395350,395351,1788008925150413056,1788008925158746624,0.9857240945242318,8.333683013916016,0.11897087097167969,1336.0242580738743,624.8190839676657,1,709.3148948447118,607.7390856818442,1
849,909,30.3,30.388667106628418,28.3826961517334,1788008924826466,1788008925192065792,395354,395355,1788008925183746304,1788008925192079104,0.9983977110157368,8.33272933959961,0.0133514404296875,1336.5644082716206,623.9133110378114,1,707.8820537288123,607.2510637995084,1
850,910,30.333333333333332,30.42209506034851,28.41612410545349,1788008924859894,1788008925225494272,395359,395360,1788008925225411328,1788008925233745152,0.009955942095325285,8.333683013916016,0.08296966552734375,1337.4486936394733,622.9498872124032,1,706.9016020518746,606.6989701538613,1
851,911,30.366666666666667,30.455533027648926,28.449562072753906,1788008924893332,1788008925258933248,395363,395364,1788008925258744832,1788008925267077376,0.02263233190271817,8.33272933959961,0.18858909606933594,1338.2961217287916,622.1199914173483,1,706.2027987402037,606.0101716083556,1
852,912,30.4,30.488964080810547,28.482993125915527,1788008924926763,1788008925292365568,395367,395368,1788008925292076800,1788008925300409856,0.03464850791107551,8.332967758178711,0.2887248992919922,1339.0706899232073,621.5776575224337,1,705.2548804277376,605.9642422389687,1
853,913,30.433333333333334,30.522402048110962,28.516431093215942,1788008924960201,1788008925325804800,395371,395372,1788008925325409280,1788008925333743104,0.047461021313116865,8.333921432495117,0.3955364227294922,1339.631261514441,621.1094372131034,1,704.9033306931856,606.0113357738078,1
854,914,30.466666666666665,30.555830001831055,28.549859046936035,1788008924993629,1788008925359233536,395375,395376,1788008925358742528,1788008925367075328,0.05894134477825465,8.33272933959961,0.49114227294921875,1339.8975031873601,620.4754148977981,1,704.5192973553584,606.0478635078435,1
855,915,30.5,30.58926796913147,28.58329701423645,1788008925027067,1788008925392672768,395379,395380,1788008925392074752,1788008925400407552,0.07175965665236052,8.33272933959961,0.5979537963867188,1340.4060129610662,619.9207921757549,1,703.81772780977,605.900317509647,1
856,916,30.533333333333335,30.62270498275757,28.61673402786255,1788008925060504,1788008925426110720,395383,395384,1788008925425406976,1788008925433740800,0.08445143756258046,8.333921432495117,0.7038116455078125,1340.6009612055927,619.45671094932,1,702.710256583445,605.5909986308794,1
857,917,30.566666666666666,30.656135082244873,28.650164127349854,1788008925093934,1788008925459541760,395387,395388,1788008925458740224,1788008925467073280,0.09619181139309319,8.332967758178711,0.8015632629394531,1341.3090703070973,618.5335881924923,1,701.564862526638,605.2732200810511,1
858,918,30.6,30.68956995010376,28.68359899520874,1788008925127369,1788008925492978176,395391,395392,1788008925492072704,1788008925500405248,0.1086695278969957,8.33272933959961,0.9055137634277344,1342.0092473852337,617.8845908483672,1,699.9214004265784,604.9269415083921,1
859,919,30.633333333333333,30.723000049591064,28.717029094696045,1788008925160799,1788008925526409728,395395,395396,1788008925525404928,1788008925533738496,0.12055844824626652,8.333683013916016,1.0046958923339844,1342.764205997427,617.6200669438629,1,697.96119358084,604.5455772582295,1
860,920,30.666666666666668,30.756437063217163,28.750466108322144,1788008925194236,1788008925559847936,395399,395400,1788008925558738176,1788008925567070976,0.13316165951359085,8.33272933959961,1.1096000671386719,1343.8073975821471,617.1981523748957,1,695.99172802937,604.2073879904005,1
861,921,30.7,30.789868116378784,28.783897161483765,1788008925227667,1788008925593279744,395403,395404,1788008925592070400,1788008925600404224,0.14512945215276785,8.333921432495117,1.2094974517822266,1344.8262338055972,616.6246213571962,1,694.0092581014458,603.89245546758,1
862,922,30.733333333333334,30.823305130004883,28.817334175109863,1788008925261104,1788008925626717952,395407,395408,1788008925625403648,1788008925633736704,0.15773511487511088,8.332967758178711,1.314401626586914,1345.981606999856,616.1113985000669,1,692.1996525895281,603.5766652356259,1
863,923,30.766666666666666,30.856741905212402,28.850770950317383,1788008925294541,1788008925660155904,395411,395412,1788008925658735872,1788008925667068672,0.17041487839771102,8.33272933959961,1.4200210571289062,1347.2881724809922,615.3731185328289,1,690.8739420284298,603.7464216203344,1
864,924,30.8,30.89017105102539,28.88420009613037,1788008925327970,1788008925693586432,395415,395416,1788008925692068352,1788008925700401920,0.18215368770383933,8.333683013916016,1.5180110931396484,1348.1156909218923,614.906422908252,1,690.078472022,603.9819279304348,1
865,925,30.833333333333332,30.923609018325806,28.917638063430786,1788008925361408,1788008925727025408,395419,395420,1788008925725401600,1788008925733734400,0.19487839771101573,8.33272933959961,1.6238689422607422,1348.7540938372845,614.6425835166863,1,689.4696734402633,604.1087331758899,1
866,926,30.866666666666667,30.957037925720215,28.951066970825195,1788008925394837,1788008925760455424,395423,395424,1788008925758733824,1788008925767066624,0.2066035306572058,8.332967758178711,1.7216205596923828,1349.0828668397005,614.6151281234748,1,688.5196991495864,604.2499426406303,1
867,927,30.9,30.990473985671997,28.984503030776978,1788008925428273,1788008925793892608,395427,395428,1788008925792066048,1788008925800399872,0.21917377124220405,8.333683013916016,1.8265247344970703,1349.4475623561457,614.1093911053763,1,687.5851011489874,604.151633986693,1
868,928,30.933333333333334,31.023905038833618,29.0179340839386,1788008925461704,1788008925827324928,395431,395432,1788008925825399296,1788008925833732096,0.23107296137339056,8.33272933959961,1.9254684448242188,1349.5964697005836,613.5428263649533,1,686.9557863168608,603.7115339444484,1
869,929,30.966666666666665,31.057342052459717,29.051371097564697,1788008925495141,1788008925860763136,395435,395436,1788008925858731776,1788008925867064576,0.24377682403433476,8.33272933959961,2.0313262939453125,1350.0819843915604,612.9022171334738,1,685.6435168757955,603.2871217175251,1
870,930,31.0,31.090771913528442,29.084800958633423,1788008925528571,1788008925894194176,395439,395440,1788008925892063744,1788008925900396800,0.25564361534720037,8.332967758178711,2.130270004272461,1350.7143469800294,611.8573687313379,1,684.0861560345322,602.7659430250656,1
871,931,31.033333333333335,31.12420892715454,29.11823797225952,1788008925562008,1788008925927632384,395443,395444,1788008925925396224,1788008925933729024,0.26835479256080114,8.33272933959961,2.2361278533935547,1351.3753347580196,610.5082717728205,1,682.4159695929555,602.0620898919476,1
872,932,31.066666666666666,31.157639026641846,29.151668071746826,1788008925595438,1788008925961063680,395447,395448,1788008925958728448,1788008925967062272,0.28019683011958574,8.333683013916016,2.335071563720703,1352.8449337636914,608.9276729593225,1,680.3845624656365,601.1035157675562,1
873,933,31.1,31.191076040267944,29.185105085372925,1788008925628875,1788008925994501888,395451,395452,1788008925992061952,1788008926000394496,0.29281831187410584,8.33272933959961,2.4399757385253906,1354.4431766553548,607.1441041849115,1,678.3555116476989,600.1118413591577,1
874,934,31.133333333333333,31.224504947662354,29.218533992767334,1788008925662304,1788008926027931648,395455,395456,1788008926025393920,1788008926033726976,0.30454064261394526,8.332967758178711,2.5377273559570312,1356.2337831698542,604.9797502545478,1,676.1877882594399,599.0609309969127,1
875,935,31.166666666666668,31.257935047149658,29.25196409225464,1788008925695734,1788008926061362944,395459,395460,1788008926058726400,1788008926067059968,0.3163872518166733,8.333683013916016,2.6366710662841797,1357.5258822383973,603.0845785124974,1,674.3488976782573,598.0040331774101,1
876,936,31.2,31.291369915008545,29.285398960113525,1788008925729169,1788008926094799104,395463,395464,1788008926092059648,1788008926100392448,0.32875536480686696,8.33272933959961,2.739429473876953,1358.3409702451615,601.3831287869876,1,672.6063330314116,596.9129497312819,1
877,937,31.233333333333334,31.32480001449585,29.31882905960083,1788008925762599,1788008926128230400,395467,395468,1788008926125391872,1788008926133724672,0.34062947067238913,8.33272933959961,2.8383731842041016,1359.8482641163635,599.8412009131011,1,670.982735283621,595.9460312708462,1
878,938,31.266666666666666,31.35823106765747,29.35226011276245,1788008925796030,1788008926161662464,395471,395472,1788008926158724096,1788008926167057920,0.352596195107996,8.333921432495117,2.938508987426758,1361.5788537731923,598.4006567849036,1,669.4606361730112,595.119720457616,1
879,939,31.3,31.39166808128357,29.38569712638855,1788008925829467,1788008926195100672,395475,395476,1788008926192057344,1788008926200390144,0.36523605150214594,8.33272933959961,3.0434131622314453,1363.3766269508435,597.0956882031664,1,668.0006778275628,594.194513816112,1
880,940,31.333333333333332,31.425097942352295,29.419126987457275,1788008925862897,1788008926228531712,395479,395480,1788008926225389824,1788008926233723392,0.37703839331693084,8.333683013916016,3.142118453979492,1365.2535663990436,596.0053608198023,1,666.7808250982956,593.213529361443,1
881,941,31.366666666666667,31.458527088165283,29.452556133270264,1788008925896326,1788008926261962240,395483,395484,1788008926258723072,1788008926267055872,0.3887267525035765,8.33272933959961,3.239154815673828,1366.240026716478,595.0395319556175,1,665.2581657656783,592.0174133140151,1
882,942,31.4,31.49195694923401,29.48598599433899,1788008925929756,1788008926295392768,395487,395488,1788008926292055040,1788008926300388096,0.40053217361448884,8.332967758178711,3.3376216888427734,1367.2480219090949,594.0838201954367,1,664.7378044930892,591.0931533714432,1
883,943,31.433333333333334,31.525387048721313,29.519416093826294,1788008925963186,1788008926328823808,395491,395492,1788008926325387520,1788008926333721344,0.4123301387498212,8.333921432495117,3.4363269805908203,1368.0534253074165,593.2617556527099,1,663.9781902347255,590.4583756919046,1
884,944,31.466666666666665,31.558815002441406,29.552844047546387,1788008925996614,1788008926362252544,395495,395496,1788008926358720768,1788008926367053568,0.4238340486409156,8.33272933959961,3.5316944122314453,1368.800729198569,592.3206187003952,1,663.1313862425629,590.049060500436,1
885,945,31.5,31.59224510192871,29.58627414703369,1788008926030044,1788008926395683840,395499,395500,1788008926392053248,1788008926400385792,0.4357081545064378,8.33272933959961,3.6306381225585938,1369.7147550817185,591.7330937759715,1,662.3812484315357,589.6546431233389,1
886,946,31.533333333333335,31.625674962997437,29.619704008102417,1788008926063474,1788008926429114880,395503,395504,1788008926425385216,1788008926433719040,0.4475182377342297,8.333921432495117,3.729581832885742,1370.452166753786,591.5229794254309,1,661.5597336357117,589.2403445631503,1
887,947,31.566666666666666,31.65911293029785,29.653141975402832,1788008926096912,1788008926462553856,395507,395508,1788008926458718464,1788008926467051520,0.46024434207891046,8.332967758178711,3.8352012634277344,1370.9658944900684,591.3405441766927,1,660.8927192729954,589.0746422298538,1
888,948,31.6,31.69254207611084,29.68657112121582,1788008926130341,1788008926495983872,395511,395512,1788008926492050944,1788008926500383488,0.4719885550786838,8.33272933959961,3.932952880859375,1371.5494948113183,591.1003384201705,1,660.6237438044141,589.0544587224938,1
889,949,31.633333333333333,31.725971937179565,29.720000982284546,1788008926163771,1788008926529414912,395515,395516,1788008926525383168,1788008926533716992,0.4837786805515821,8.333683013916016,4.031658172607422,1371.9051530565455,591.4049861680603,1,659.9336375390792,588.8116571856954,1
890,950,31.666666666666668,31.75940203666687,29.75343108177185,1788008926197201,1788008926562846464,395519,395520,1788008926558716416,1788008926567049216,0.4956223175965665,8.33272933959961,4.129886627197266,1372.7105229282552,591.8007191570713,1,659.4957697038159,589.0054054113411,1
891,951,31.7,31.79283094406128,29.78685998916626,1788008926230630,1788008926596276224,395523,395524,1788008926592048640,1788008926600382464,0.5072807895866114,8.333921432495117,4.106283187866211,1373.3330504025505,592.5692227051578,1,659.2943460291966,589.2736982043626,1
892,952,31.733333333333334,31.826267957687378,29.82029700279236,1788008926264067,1788008926629714176,395527,395528,1788008926625381888,1788008926633714944,0.5198992875740323,8.332967758178711,4.000663757324219,1373.9933280633193,593.8280004130403,1,659.297310275771,589.5228902359111,1
893,953,31.766666666666666,31.85969591140747,29.85372495651245,1788008926297495,1788008926663143424,395531,395532,1788008926658714368,1788008926667046912,0.5315307582260372,8.33272933959961,3.903627395629883,1374.2344971483458,594.8405801477593,1,659.9290845023495,589.8314226444847,1
894,954,31.8,31.893126010894775,29.887155055999756,1788008926330925,1788008926696574720,395535,395536,1788008926692046592,1788008926700380416,0.5433426789494764,8.333683013916016,3.8056373596191406,1373.8816290757923,595.6070384126951,1,660.12366881454,589.8734713890836,1
895,955,31.833333333333332,31.92656397819519,29.92059302330017,1788008926364363,1788008926730013952,395539,395540,1788008926725379840,1788008926733712640,0.5561087267525036,8.33272933959961,3.6988258361816406,1373.6448012305289,596.1000909583149,1,660.080665067858,589.8988896249356,1
896,956,31.866666666666667,31.960001945495605,29.954030990600586,1788008926397801,1788008926763452928,395543,395544,1788008926758712064,1788008926767045120,0.5689393722640268,8.332967758178711,3.5920143127441406,1372.7883896322603,596.3754539929791,1,660.1339159124745,589.9364621009471,1
897,957,31.9,31.993431091308594,29.987460136413574,1788008926431230,1788008926796883456,395547,395548,1788008926792044288,1788008926800378368,0.5806322414532971,8.333921432495117,3.4949779510498047,1372.2892349525675,596.4262909243932,1,660.3358272311411,590.0227860556266,1
898,958,31.933333333333334,32.02686095237732,30.0208899974823,1788008926464660,1788008926830314496,395551,395552,1788008926825377792,1788008926833710336,0.5924463519313304,8.33272933959961,3.3960342407226562,1372.186686315671,596.3741269283623,1,660.4441580869965,590.1367502468665,1
899,959,31.966666666666665,32.06029009819031,30.054319143295288,1788008926498089,1788008926863744768,395555,395556,1788008926858710016,1788008926867042816,0.604206008583691,8.33272933959961,3.298044204711914,1372.2659534202853,596.783762542968,1,660.2755644251259,590.324047167689,1
900,960,32.0,32.093727111816406,30.087756156921387,1788008926531526,1788008926897182976,395559,395560,1788008926892042240,1788008926900375040,0.6169208320219737,8.332967758178711,3.1921863555908203,1372.8200095107918,596.856947855109,1,660.1693444272764,590.6008041154698,1
901,961,32.03333333333333,32.12715697288513,30.121186017990112,1788008926564956,1788008926930614016,395563,395564,1788008926925374464,1788008926933707264,0.6287839771101573,8.33272933959961,3.093242645263672,1373.3016640993758,596.7095006508422,1,660.0393330388197,590.7787081797214,1
902,962,32.06666666666667,32.160584926605225,30.154613971710205,1788008926598384,1788008926964043008,395567,395568,1788008926958706944,1788008926967040512,0.6402986782628598,8.333683013916016,2.9976367950439453,1373.322459142892,596.7674981868763,1,660.0603649978876,590.9447989659399,1
903,963,32.1,32.19401502609253,30.18804407119751,1788008926631814,1788008926997474048,395571,395572,1788008926992040192,1788008927000372992,0.6521030042918455,8.33272933959961,2.8989315032958984,1372.9671048648252,597.0596697289313,1,660.1969491983177,591.0470864592361,1
904,964,32.13333333333333,32.227452993392944,30.221482038497925,1788008926665252,1788008927030913024,395575,395576,1788008927025372160,1788008927033705216,0.6649309032645704,8.332967758178711,2.7921199798583984,1372.5175858042091,597.3007711459178,1,660.7550963900819,591.0405216584206,1
905,965,32.166666666666664,32.26088309288025,30.25491213798523,1788008926698682,1788008927064344320,395579,395580,1788008927058704640,1788008927067038464,0.6767272207123445,8.333921432495117,2.6941299438476562,1371.4827499435758,597.681797795034,1,662.1682025570301,590.5606349328197,1
906,966,32.2,32.29432010650635,30.288349151611328,1788008926732119,1788008927097782784,395583,395584,1788008927092037888,1788008927100370688,0.6894420600858369,8.33272933959961,2.5877952575683594,1370.5003382113214,597.4124435266406,1,663.786081151912,590.3850893318238,1
907,967,32.233333333333334,32.32774996757507,30.321779012680054,1788008926765549,1788008927131213568,395587,395588,1788008927125370368,1788008927133702912,0.7012589413447783,8.33272933959961,2.489328384399414,1369.621044654061,597.4340198742725,1,665.2445551775684,590.4089623431535,1
908,968,32.266666666666666,32.36118698120117,30.355216026306152,1788008926798986,1788008927164651776,395591,395592,1788008927158702336,1788008927167036416,0.7138892862251466,8.333921432495117,2.3844242095947266,1369.5730423316143,597.0321857515098,1,666.3543210358387,590.5662487574455,1
909,969,32.3,32.39461612701416,30.38864517211914,1788008926832415,1788008927198082304,395595,395596,1788008927192035584,1788008927200368640,0.72561586220709,8.332967758178711,2.2864341735839844,1370.0558143420324,595.5266926248319,1,667.780147173374,590.8362554488122,1
910,970,32.333333333333336,32.42805314064026,30.42208218574524,1788008926865852,1788008927231520512,395599,395600,1788008927225368064,1788008927233701632,0.7382559935915775,8.333683013916016,2.1812915802001953,1368.4836456887801,596.746784374166,1,668.5502205796147,590.6699279162301,1
911,971,32.36666666666667,32.46148896217346,30.455518007278442,1788008926899288,1788008927264957440,395603,395604,1788008927258701312,1788008927267034112,0.7507868383404864,8.33272933959961,2.0766258239746094,1367.0792321860044,597.0312432327108,1,669.3633105746799,590.3734772229552,1
912,972,32.4,32.49491810798645,30.48894715309143,1788008926932717,1788008927298387712,395607,395608,1788008927292033536,1788008927300366336,0.7625532888901605,8.332967758178711,1.9786357879638672,1365.915345439034,597.6504088004751,1,670.842724819345,590.6771551844644,1
913,973,32.43333333333333,32.528358936309814,30.522387981414795,1788008926966158,1788008927331829760,395611,395612,1788008927325365760,1788008927333699584,0.7756258046059219,8.333921432495117,1.8699169158935547,1364.739268073398,597.9769693200705,1,672.248452648258,590.8037923558351,1
914,974,32.46666666666667,32.56179404258728,30.55582308769226,1788008926999593,1788008927365266176,395615,395616,1788008927358699008,1788008927367031808,0.7880972818311874,8.33272933959961,1.7657279968261719,1363.664076608543,597.9459361391346,1,673.2254920291093,590.8154612263377,1
915,975,32.5,32.595232009887695,30.589261054992676,1788008927033031,1788008927398704640,395619,395620,1788008927392031488,1788008927400364288,0.8008583690987124,8.33272933959961,1.659393310546875,1363.249158662407,598.1709147118539,1,674.087573352654,590.077838550705,1
916,976,32.53333333333333,32.62866806983948,30.622697114944458,1788008927066467,1788008927432141568,395623,395624,1788008927425363456,1788008927433697536,0.8133028179087398,8.333921432495117,1.5559196472167969,1362.6633468041741,596.652045028342,1,675.0594400234752,589.7524522897222,1
917,977,32.56666666666667,32.6620979309082,30.656126976013184,1788008927099897,1788008927465572096,395627,395628,1788008927458696960,1788008927467029760,0.8250693828502761,8.332967758178711,1.4576911926269531,1361.5916292259883,597.6955574693947,1,677.0796770452091,590.0066528734139,1
918,978,32.6,32.6955349445343,30.689563989639282,1788008927133334,1788008927499010304,395631,395632,1788008927492029184,1788008927500361984,0.8377968526466381,8.33272933959961,1.3515949249267578,1360.2054548134083,599.0286795451558,1,678.5858069054973,589.5979412060523,1
919,979,32.63333333333333,32.72897005081177,30.722999095916748,1788008927166769,1788008927532446720,395635,395636,1788008927525361664,1788008927533695232,0.8501745150769583,8.333683013916016,1.2485980987548828,1359.2586277553985,599.8255968967068,1,679.6885046258512,589.4830915433463,1
920,980,32.666666666666664,32.76239991188049,30.756428956985474,1788008927200199,1788008927565877760,395639,395640,1788008927558694912,1788008927567027456,0.862002861230329,8.33272933959961,1.149892807006836,1358.420470482195,599.880452204867,1,681.7301267332714,589.9220407947605,1
921,981,32.7,32.79583692550659,30.789865970611572,1788008927233636,1788008927599315968,395643,395644,1788008927592026880,1788008927600359936,0.8747103087179193,8.332967758178711,1.0440349578857422,1357.6811587309196,599.9692990386237,1,683.7382120112633,589.9608554596809,1
922,982,32.733333333333334,32.8292760848999,30.823305130004883,1788008927267075,1788008927632756224,395647,395648,1788008927625359360,1788008927633693184,0.8875697325132313,8.333921432495117,0.9369850158691406,1356.2812210958302,600.5649476526543,1,685.3729422238134,589.5742754702875,1
923,983,32.766666666666666,32.862713098526,30.85674214363098,1788008927300512,1788008927666194176,395651,395652,1788008927658692608,1788008927667025408,0.9002575107296137,8.33272933959961,0.8311271667480469,1355.1850193109988,601.0090955417752,1,687.5466157621547,590.0212338074381,1
924,984,32.8,32.896148920059204,30.890177965164185,1788008927333948,1788008927699630848,395655,395656,1788008927692024832,1788008927700358656,0.9126852434628369,8.333683013916016,0.7276535034179688,1353.6712949158011,601.2072937077128,1,689.6958048601805,590.705936482767,1
925,985,32.833333333333336,32.9295871257782,30.92361617088318,1788008927367386,1788008927733070336,395659,395660,1788008927725358336,1788008927733690880,0.92552217453505,8.33272933959961,0.6206035614013672,1352.5601352012113,601.0369264865211,1,691.6432252075529,590.927962555138,1
926,986,32.86666666666667,32.9630229473114,30.957051992416382,1788008927400822,1788008927766507264,395663,395664,1788008927758690304,1788008927767023360,0.9380847472175331,8.332967758178711,0.5159378051757812,1351.8868882926954,601.0978710554518,1,693.4831692692426,591.4406687888032,1
927,987,32.9,32.996460914611816,30.990489959716797,1788008927434260,1788008927799946496,395667,395668,1788008927792022784,1788008927800356608,0.9507938778429409,8.333921432495117,0.4100799560546875,1351.1231710686945,601.2887228196091,1,694.7672769200565,591.8464580273969,1
928,988,32.93333333333333,33.0298969745636,31.02392601966858,1788008927467696,1788008927833383680,395671,395672,1788008927825356032,1788008927833688832,0.9634048640915593,8.33272933959961,0.30493736267089844,1350.7538751609443,601.0944076013719,1,696.0600826092134,592.7004706166956,1
929,989,32.96666666666667,33.0633339881897,31.057363033294678,1788008927501133,1788008927866821888,395675,395676,1788008927858688256,1788008927867021056,0.9761087267525036,8.33272933959961,0.1990795135498047,1350.2700282079968,601.3827323621354,1,697.476266007891,593.3237948257888,1
930,990,33.0,33.096763134002686,31.090792179107666,1788008927534562,1788008927900252416,395679,395680,1788008927892020480,1788008927900353536,0.987868730508426,8.332967758178711,0.1010894775390625,1349.3288664231286,601.8262565834135,1,698.9100091119403,593.7010401944192,1
931,991,33.03333333333333,33.13020205497742,31.124231100082397,1788008927568001,1788008927933692416,395684,395685,1788008927933685504,1788008927942019584,0.0008296381061364611,8.333921432495117,0.0069141387939453125,1348.27531790042,602.1574622614716,1,700.3751131565025,594.3480452220002,1
932,992,33.06666666666667,33.163639068603516,31.157668113708496,1788008927601438,1788008927967130624,395688,395689,1788008927967018752,1788008927975351808,0.01341878630082115,8.332967758178711,0.11181831359863281,1347.2647865814617,602.9103281210406,1,701.7414657164354,595.001999481265,1
933,993,33.1,33.1970751285553,31.19110417366028,1788008927634874,1788008928000567808,395692,395693,1788008928000351232,1788008928008684032,0.026008583690987123,8.33272933959961,0.2167224884033203,1346.2460597716859,603.4053355411495,1,703.157251814588,595.3754895573653,1
934,994,33.13333333333333,33.23051309585571,31.224542140960693,1788008927668312,1788008928034007040,395696,395697,1788008928033683456,1788008928042017280,0.0388224523659667,8.333683013916016,0.3235340118408203,1345.202735573376,604.0652351218274,1,704.5286127879086,595.7494818563736,1
935,995,33.166666666666664,33.26395010948181,31.257979154586792,1788008927701749,1788008928067444992,395700,395701,1788008928067016960,1788008928075349504,0.05138769670958512,8.33272933959961,0.42819976806640625,1344.561733658427,604.993302444311,1,705.496000485013,595.8960328002545,1
936,996,33.2,33.29738712310791,31.29141616821289,1788008927735186,1788008928100883200,395704,395705,1788008928100348928,1788008928108681984,0.06411833710051215,8.332967758178711,0.5342960357666016,1343.832751091431,606.0687922354648,1,706.2007330188925,596.1852300485318,1
937,997,33.233333333333334,33.33082413673401,31.32485318183899,1788008927768623,1788008928134321408,395708,395709,1788008928133681408,1788008928142015232,0.07681304534401373,8.333921432495117,0.6401538848876953,1342.8705286451966,606.2764253721058,1,706.8038178975307,595.5074892966164,1
938,998,33.266666666666666,33.36426091194153,31.35828995704651,1788008927802060,1788008928167759360,395712,395713,1788008928167014656,1788008928175347456,0.08938483547925608,8.33272933959961,0.7448196411132812,1341.6595873567144,606.1452207701248,1,707.626742855969,595.4915765693667,1
939,999,33.3,33.39769792556763,31.391726970672607,1788008927835497,1788008928201197568,395716,395717,1788008928200346880,1788008928208679680,0.10208869814020029,8.33272933959961,0.850677490234375,1339.751791171619,605.9919781235329,1,708.5777110407086,596.3031820556095,1
940,1000,33.333333333333336,33.43113303184509,31.425162076950073,1788008927868932,1788008928234633728,395720,395721,1788008928233679104,1788008928242012928,0.1145472750679445,8.333921432495117,0.9546279907226562,1338.1394188209752,605.80601647216,1,709.7308211899465,597.8465777814822,1
941,1001,33.36666666666667,33.46457099914551,31.45860004425049,1788008927902370,1788008928268072960,395724,395725,1788008928267012352,1788008928275345408,0.12726388372292638,8.332967758178711,1.06048583984375,1336.8592865372166,606.3390585114278,1,711.104907038392,598.856555208092,1
942,1002,33.4,33.4980149269104,31.49204397201538,1788008927935814,1788008928301518080,395728,395729,1788008928300344832,1788008928308678400,0.1407850317560222,8.333683013916016,1.173257827758789,1335.465881994894,606.8724098255681,1,712.3885603157439,600.0955799485421,1
943,1003,33.43333333333333,33.531453132629395,31.525482177734375,1788008927969252,1788008928334957312,395732,395733,1788008928333678080,1788008928342010624,0.15353361945636623,8.33272933959961,1.2793540954589844,1333.613692607942,606.8914988694482,1,713.5222049356646,601.3750188896872,1
944,1004,33.46666666666667,33.56488800048828,31.55891704559326,1788008928002687,1788008928368393472,395736,395737,1788008928367010048,1788008928375343104,0.16600383393894308,8.332967758178711,1.3833045959472656,1331.6635559522322,606.933733098848,1,714.5287346077637,601.9395339725622,1
945,1005,33.5,33.59832811355591,31.59235715866089,1788008928036127,1788008928401835008,395740,395741,1788008928400342528,1788008928408676352,0.1790873980832499,8.333921432495117,1.4925003051757812,1329.8080228279264,606.9295897556949,1,715.610781185674,602.2898561120584,1
946,1006,33.53333333333333,33.63176393508911,31.625792980194092,1788008928069563,1788008928435271680,395744,395745,1788008928433675776,1788008928442008576,0.19153075822603718,8.33272933959961,1.5959739685058594,1328.367290741699,606.3497982110284,1,716.9622757718145,602.8547311314475,1
947,1007,33.56666666666667,33.665202140808105,31.659231185913086,1788008928103001,1788008928468711168,395748,395749,1788008928467008000,1788008928475340800,0.20437768240343349,8.33272933959961,1.703023910522461,1326.7347336202731,605.7850335249643,1,718.263850896675,603.5089677210616,1
948,1008,33.6,33.69863700866699,31.692666053771973,1788008928136436,1788008928502146816,395752,395753,1788008928500340224,1788008928508674048,0.2167644113860678,8.333921432495117,1.806497573852539,1326.1965616951804,606.1569534510556,1,719.4104371908819,603.6208005787845,1
949,1009,33.63333333333333,33.732073068618774,31.726102113723755,1788008928169872,1788008928535583488,395756,395757,1788008928533673472,1788008928542006528,0.2292066035306572,8.332967758178711,1.9099712371826172,1325.2137234114407,606.2689648136108,1,720.1943078426777,603.901787804384,1
950,1010,33.666666666666664,33.765511989593506,31.759541034698486,1788008928203311,1788008928569023232,395760,395761,1788008928567005952,1788008928575338496,0.2420886981402003,8.33272933959961,2.0172595977783203,1324.8375647454932,606.9307487747432,1,721.166794492994,604.1069685530606,1
951,1011,33.7,33.798941135406494,31.792970180511475,1788008928236740,1788008928602453504,395764,395765,1788008928600338176,1788008928608672000,0.25381930537277564,8.333683013916016,2.1152496337890625,1324.2113774126212,607.7104604095966,1,722.398060866187,603.9578242905051,1
952,1012,33.733333333333334,33.83237910270691,31.82640814781189,1788008928270178,1788008928635892736,395768,395769,1788008928633671424,1788008928642004224,0.266552217453505,8.33272933959961,2.2211074829101562,1324.1205567356456,608.2417941119647,1,723.5121641565509,603.5557201798754,1
953,1013,33.766666666666666,33.865817070007324,31.859846115112305,1788008928303616,1788008928669331968,395772,395773,1788008928667003648,1788008928675336704,0.27941975909129924,8.332967758178711,2.3283958435058594,1323.5608654142143,608.9254267508643,1,724.6188971745896,603.6045775500934,1
954,1014,33.8,33.89924502372742,31.893274068832397,1788008928337044,1788008928702761216,395776,395777,1788008928700336896,1788008928708669952,0.2909215759205745,8.332967758178711,2.4242401123046875,1323.5355060455058,610.2174846087898,1,725.6187748885663,604.0048842274692,1
955,1015,33.833333333333336,33.93268299102783,31.926712036132812,1788008928370482,1788008928736200192,395780,395781,1788008928733669376,1788008928742001920,0.30371959942775395,8.33272933959961,2.530813217163086,1323.7806936592467,611.8878735470748,1,726.6639194231008,604.7099250830363,1
956,1016,33.86666666666667,33.96612000465393,31.96014904975891,1788008928403919,1788008928769638144,395784,395785,1788008928767001600,1788008928775335424,0.3163586427876638,8.333683013916016,2.636432647705078,1323.8608317198648,613.7985766953602,1,728.0624599120299,605.5377511201056,1
957,1017,33.9,33.9995551109314,31.993584156036377,1788008928437354,1788008928803074304,395788,395789,1788008928800334848,1788008928808667648,0.32875536480686696,8.33272933959961,2.739429473876953,1323.8055825132092,615.2823218937465,1,729.181991904759,606.3036569698311,1
958,1018,33.93333333333333,34.03298497200012,32.0270140171051,1788008928470784,1788008928836505344,395792,395793,1788008928833667072,1788008928842000128,0.3406197247575177,8.332967758178711,2.8383731842041016,1323.9432918848483,616.7333268284128,1,730.6202160561295,606.7855192084244,1
959,1019,33.96666666666667,34.06642293930054,32.06045198440552,1788008928504222,1788008928869944576,395796,395797,1788008928866998528,1788008928875332096,0.3535217714710763,8.333683013916016,2.946138381958008,1324.0427019969202,618.175633927009,1,732.0717158663184,607.3273942158678,1
960,1020,34.0,34.09985899925232,32.0938880443573,1788008928537658,1788008928903381504,395800,395801,1788008928900331776,1788008928908664576,0.3660085836909871,8.33272933959961,3.0498504638671875,1323.9990818685976,619.548324138876,1,733.3849983018077,607.5680460276723,1
961,1021,34.03333333333333,34.13329601287842,32.1273250579834,1788008928571095,1788008928936819712,395804,395805,1788008928933663744,1788008928941997824,0.3786868831354599,8.333921432495117,3.155946731567383,1323.681344620135,620.8909115961501,1,734.5595856716178,607.6928032456394,1
962,1022,34.06666666666667,34.16673398017883,32.16076302528381,1788008928604533,1788008928970259200,395808,395809,1788008928966997248,1788008928975330048,0.39146233298045835,8.332967758178711,3.262042999267578,1323.1104145694749,621.7575538971874,1,735.4715168702407,607.6702869783579,1
963,1023,34.1,34.20017099380493,32.19420003890991,1788008928637970,1788008929003697152,395812,395813,1788008929000329472,1788008929008662272,0.4041487839771102,8.33272933959961,3.3676624298095703,1322.4496177952851,622.497312609651,1,736.2158898513031,607.6319377521689,1
964,1024,34.13333333333333,34.23360800743103,32.22763705253601,1788008928671407,1788008929037135104,395816,395817,1788008929033661952,1788008929041995520,0.4167763346112033,8.333683013916016,3.4732818603515625,1322.0103058294321,623.4583236003444,1,736.685915400733,607.8346843161441,1
965,1025,34.166666666666664,34.267045974731445,32.261075019836426,1788008928704845,1788008929070574592,395820,395821,1788008929066995200,1788008929075328000,0.4295565092989986,8.33272933959961,3.579378128051758,1321.8558780283115,623.8033863782332,1,737.1059066769316,607.9712545203827,1
966,1026,34.2,34.30048203468323,32.29451107978821,1788008928738281,1788008929104011776,395824,395825,1788008929100327168,1788008929108660224,0.44216188378014937,8.332967758178711,3.684520721435547,1322.0954025720562,624.1493817183443,1,737.4748704150863,608.224929441155,1
967,1027,34.233333333333334,34.333919048309326,32.32794809341431,1788008928771718,1788008929137449728,395828,395829,1788008929133659648,1788008929141993472,0.45478472321556285,8.333921432495117,3.790140151977539,1322.015399591383,624.4105604102941,1,737.8659870035021,608.3964482131366,1
968,1028,34.266666666666666,34.367356061935425,32.361385107040405,1788008928805155,1788008929170887936,395832,395833,1788008929166992896,1788008929175325696,0.4674391988555079,8.33272933959961,3.8950443267822266,1322.1495346301924,624.0213208763389,1,738.6985296890055,608.4792500241441,1
969,1029,34.3,34.40079402923584,32.39482307434082,1788008928838593,1788008929204327168,395836,395837,1788008929200325376,1788008929208657920,0.48025751072961376,8.33272933959961,4.001855850219727,1322.3211710379683,623.0452571854066,1,739.2476128710915,608.4770047603007,1
970,1030,34.333333333333336,34.43423008918762,32.4282591342926,1788008928872029,1788008929237764352,395840,395841,1788008929233657344,1788008929241991168,0.4928050350450579,8.333921432495117,4.106998443603516,1322.5647006427416,622.5318036573519,1,739.5144441940854,608.295378115908,1
971,1031,34.36666666666667,34.46766805648804,32.46169710159302,1788008928905467,1788008929271203584,395844,395845,1788008929266990592,1788008929275323648,0.505564933764413,8.332967758178711,4.120111465454102,1322.7774189186807,622.1395071341012,1,739.5180960409076,608.4725616449822,1
972,1032,34.4,34.501096963882446,32.49512600898743,1788008928938896,1788008929304633600,395848,395849,1788008929300323072,1788008929308655616,0.517310443490701,8.33272933959961,4.022121429443359,1323.1369933103933,621.5484563696829,1,739.3587171120454,608.4899128710503,1
973,1033,34.43333333333333,34.53453612327576,32.52856516838074,1788008928972335,1788008929338073856,395852,395853,1788008929333656320,1788008929341989120,0.5301573676680973,8.33272933959961,3.915071487426758,1323.560063959452,620.9530515126847,1,739.4436085631958,608.4990384661348,1
974,1034,34.46666666666667,34.567965030670166,32.56199407577515,1788008929005764,1788008929371504128,395856,395857,1788008929366988544,1788008929375321344,0.5419015192698349,8.332967758178711,3.817319869995117,1324.0095378317683,620.0080193046211,1,738.8862995345953,608.7359318326442,1
975,1035,34.5,34.601398944854736,32.59542798995972,1788008929039198,1788008929404939008,395860,395861,1788008929400320768,1788008929408654592,0.5541410384780432,8.333921432495117,3.7157535552978516,1324.0346494408595,618.2767148113971,1,737.5661244536273,608.6680448749087,1
976,1036,34.53333333333333,34.63483810424805,32.62886714935303,1788008929072637,1788008929438379264,395864,395865,1788008929433654016,1788008929441986816,0.5670672389127325,8.33272933959961,3.607511520385742,1323.4640786841162,616.2287816183932,1,736.0931587195022,608.3342341191318,1
977,1037,34.56666666666667,34.66826605796814,32.66229510307312,1788008929106065,1788008929471808512,395868,395869,1788008929466986496,1788008929475319040,0.5786838340486409,8.33272933959961,3.510713577270508,1323.7195327235293,614.6693909577959,1,734.2999907211292,607.8198190460349,1
978,1038,34.6,34.70170497894287,32.69573402404785,1788008929139504,1788008929505248512,395872,395873,1788008929500318464,1788008929508652544,0.5915605778858533,8.333921432495117,3.403902053833008,1323.3728828406593,612.6961910241279,1,732.9303203698321,607.1635033395262,1
979,1039,34.63333333333333,34.73513603210449,32.72916507720947,1788008929172935,1788008929538680832,395876,395877,1788008929533651712,1788008929541984768,0.6035020457211525,8.332967758178711,3.304004669189453,1323.63000220578,611.2675244858606,1,731.6315296247224,606.615399710463,1
980,1040,34.666666666666664,34.768572092056274,32.762601137161255,1788008929206371,1788008929572118016,395880,395881,1788008929566984192,1788008929575316992,0.6161087267525036,8.33272933959961,3.198862075805664,1323.6410946485298,610.3377424653191,1,730.541366911945,605.983131032419,1
981,1041,34.7,34.802000999450684,32.796030044555664,1788008929239800,1788008929605548032,395884,395885,1788008929600316416,1788008929608650240,0.627739314527665,8.333683013916016,3.1023025512695312,1323.8483825549729,609.7584207603851,1,730.0293916633674,605.2942291476942,1
982,1042,34.733333333333334,34.8354389667511,32.82946801185608,1788008929273238,1788008929638987008,395888,395889,1788008929633649920,1788008929641982464,0.6405150214592275,8.33272933959961,2.9954910278320312,1323.8618024649124,609.1108956109429,1,729.9511582895489,604.1378987681645,1
983,1043,34.766666666666666,34.86886692047119,32.86289596557617,1788008929306666,1788008929672416000,395892,395893,1788008929666981888,1788008929675314944,0.6521129581413979,8.332967758178711,2.8989315032958984,1323.5622866179087,608.8772458633056,1,729.7875493337392,604.0985691479415,1
984,1044,34.8,34.90229606628418,32.89632511138916,1788008929340095,1788008929705845760,395896,395897,1788008929700314368,1788008929708648192,0.6637390931197253,8.333921432495117,2.8023719787597656,1323.343654962852,609.220461612216,1,729.8186397873177,603.5258238665319,1
985,1045,34.833333333333336,34.935734033584595,32.929763078689575,1788008929373533,1788008929739284736,395900,395901,1788008929733647616,1788008929741980416,0.6765092989985694,8.33272933959961,2.6955604553222656,1323.13958348333,609.5586428996698,1,729.7992543928196,603.108376147107,1
986,1046,34.86666666666667,34.9691641330719,32.96319317817688,1788008929406963,1788008929772716032,395904,395905,1788008929766979840,1788008929775313664,0.6883046289408937,8.333683013916016,2.5975704193115234,1322.7875327895026,609.7935720837033,1,729.1814892846545,602.8074625178768,1
987,1047,34.9,35.002602100372314,32.996631145477295,1788008929440401,1788008929806155264,395908,395909,1788008929800313344,1788008929808645888,0.7010872675250358,8.33272933959961,2.4907588958740234,1322.5098541124394,609.7402902759253,1,727.9633494862899,602.4628602907508,1
988,1048,34.93333333333333,35.036031007766724,33.030060052871704,1788008929473830,1788008929839585024,395912,395913,1788008929833645312,1788008929841978368,0.7127979170839175,8.332967758178711,2.3932456970214844,1322.3656138175638,609.5603090455197,1,726.3815998635238,602.0209325149991,1
989,1049,34.96666666666667,35.06946802139282,33.0634970664978,1788008929507267,1788008929873022976,395916,395917,1788008929866976768,1788008929875310336,0.7255249756823253,8.333683013916016,2.2873878479003906,1322.2717128164363,609.1040329872752,1,723.9098205001743,601.4579864362439,1
990,1050,35.0,35.10290503501892,33.0969340801239,1788008929540704,1788008929906461184,395920,395921,1788008929900310016,1788008929908642816,0.7381974248927039,8.33272933959961,2.181529998779297,1322.833259173073,608.630200811663,1,721.5311437550484,601.3712181675671,1
991,1051,35.03333333333333,35.136335134506226,33.130364179611206,1788008929574134,1788008929939892480,395924,395925,1788008929933642240,1788008929941975040,0.7500786815827873,8.332967758178711,2.0825862884521484,1323.2372074654775,607.5472724262813,1,718.9201406473658,601.2762012167232,1
992,1052,35.06666666666667,35.16977095603943,33.16380000114441,1788008929607570,1788008929973329664,395928,395929,1788008929966975488,1788008929975308544,0.7625246774055106,8.332967758178711,1.9788742065429688,1323.9349819947377,607.5780984980476,1,716.458600222013,601.0259538524497,1
993,1053,35.1,35.20320701599121,33.19723606109619,1788008929641006,1788008930006766848,395932,395933,1788008930000307712,1788008930008640512,0.7751359084406295,8.33272933959961,1.8737316131591797,1325.277532793851,607.5877975572153,1,714.4771375408525,600.9099907679131,1
994,1054,35.13333333333333,35.23663806915283,33.23066711425781,1788008929674437,1788008930040198912,395936,395937,1788008930033640192,1788008930041973760,0.7870057790238599,8.333683013916016,1.7750263214111328,1326.5292133357618,607.3329732612042,1,712.9676540890766,600.5137101899493,1
995,1055,35.166666666666664,35.27007603645325,33.26410508155823,1788008929707875,1788008930073637888,395940,395941,1788008930066973440,1788008930075306240,0.7997997138769671,8.33272933959961,1.6682147979736328,1328.1591019078137,607.0474803644324,1,711.1815739262703,600.2997990245792,1
996,1056,35.2,35.303513050079346,33.297542095184326,1788008929741312,1788008930107076352,395944,395945,1788008930100305664,1788008930108638464,0.812537552573603,8.332967758178711,1.5621185302734375,1329.7624290734097,606.506274924571,1,709.2450528792747,600.023172525592,1
997,1057,35.233333333333334,35.33694911003113,33.33097815513611,1788008929774748,1788008930140513536,395948,395949,1788008930133637888,1788008930141971712,0.825032184236876,8.333921432495117,1.4581680297851562,1330.947911562387,606.0510107675672,1,707.446462245672,600.4679932438138,1
998,1058,35.266666666666666,35.37037897109985,33.364408016204834,1788008929808178,1788008930173944576,395952,395953,1788008930166971136,1788008930175303936,0.8368526466380544,8.33272933959961,1.3594627380371094,1332.1086588935248,605.5362532872416,1,705.7492068592633,600.2680239329563,1
999,1059,35.3,35.40381598472595,33.39784502983093,1788008929841615,1788008930207382784,395956,395957,1788008930200303616,1788008930208636160,0.8495565092989986,8.33272933959961,1.2536048889160156,1332.9166602534042,604.8232541688807,1,703.6898406121763,599.7514713939254,1
1000,1060,35.333333333333336,35.43725299835205,33.43128204345703,1788008929875052,1788008930240821248,395960,395961,1788008930233635584,1788008930241969664,0.8621942497496782,8.333921432495117,1.1484622955322266,1333.675522060161,604.0376620860727,1,701.6400187535346,597.9981183134818,1
1001,1061,35.36666666666667,35.470683097839355,33.464712142944336,1788008929908482,1788008930274252288,395964,395965,1788008930266969088,1788008930275301888,0.8740522445709707,8.332967758178711,1.0495185852050781,1334.7573524293127,603.6464250750842,1,699.880834216912,597.3821967287313,1
1002,1062,35.4,35.50411295890808,33.49814200401306,1788008929941912,1788008930307683584,395968,395969,1788008930300301312,1788008930308634112,0.8859227467811159,8.33272933959961,0.9505748748779297,1335.7901109411023,602.5143900551074,1,698.1572276372005,597.1753630530786,1
1003,1063,35.43333333333333,35.53754901885986,33.531578063964844,1788008929975348,1788008930341120768,395972,395973,1788008930333633536,1788008930341967360,0.8984093379870687,8.333683013916016,0.8466243743896484,1337.1484729349015,601.6564873720303,1,696.4144067618628,597.1894499717637,1
1004,1064,35.46666666666667,35.57097792625427,33.56500697135925,1788008930008777,1788008930374550528,395976,395977,1788008930366966784,1788008930375299584,0.9101027152298933,8.332967758178711,0.7491111755371094,1338.4667194498484,600.9314837248198,1,694.6328896916667,597.0803426796134,1
1005,1065,35.5,35.60441493988037,33.59844398498535,1788008930042214,1788008930407988736,395980,395981,1788008930400299008,1788008930408633088,0.922700615076527,8.333921432495117,0.6442070007324219,1339.572030544662,600.7347845051758,1,692.6260492818203,596.4174104006491,1
1006,1066,35.53333333333333,35.637845039367676,33.631874084472656,1788008930075644,1788008930441420032,395984,395985,1788008930433632256,1788008930441965056,0.9345922746781116,8.33272933959961,0.5450248718261719,1341.0773283251795,600.839226982083,1,690.1865715767019,595.9223461425169,1
1007,1067,35.56666666666667,35.67127513885498,33.66530418395996,1788008930109074,1788008930474851072,395988,395989,1788008930466964736,1788008930475297536,0.9464377682403433,8.33272933959961,0.446319580078125,1342.8902490000553,600.5162456074701,1,688.0203395987389,595.3753446928216,1
1008,1068,35.6,35.704704999923706,33.69873404502869,1788008930142504,1788008930508282112,395992,395993,1788008930500296704,1788008930508630784,0.9581747961664998,8.333921432495117,0.3485679626464844,1344.5580086974285,599.7730411123514,1,685.365577727591,594.9501123634112,1
1009,1069,35.63333333333333,35.73813509941101,33.73216414451599,1788008930175934,1788008930541713408,395996,395997,1788008930533630208,1788008930541963008,0.9700437755715144,8.332967758178711,0.24962425231933594,1346.2371442946767,598.887708511559,1,683.41329188029,594.577111934152,1
1010,1070,35.666666666666664,35.7715630531311,33.765592098236084,1788008930209362,1788008930575142656,396000,396001,1788008930566962432,1788008930575295232,0.9816881258941345,8.33272933959961,0.152587890625,1348.0419776254407,598.1460806109117,1,681.3837016681571,594.335576259409,1
1011,1071,35.7,35.804994106292725,33.799023151397705,1788008930242793,1788008930608574976,396004,396005,1788008930600294912,1788008930608628480,0.9935629684728501,8.333683013916016,0.05364418029785156,1349.9740148075496,598.5013377962795,1,679.4682995247197,594.3478137813817,1
1012,1072,35.733333333333334,35.83842396736145,33.83245301246643,1788008930276223,1788008930642006016,396009,396010,1788008930641960960,1788008930650293504,0.005407725321888412,8.33272933959961,0.04506111145019531,1350.738388487459,598.8741837142788,1,678.2824843379237,594.6971758549258,1
1013,1073,35.766666666666666,35.87185311317444,33.86588215827942,1788008930309652,1788008930675436288,396013,396014,1788008930675293184,1788008930683627008,0.017165417405733248,8.333683013916016,0.1430511474609375,1351.8441029753753,597.8820874840567,1,677.5175712838095,595.0353851518148,1
1014,1074,35.8,35.90528202056885,33.89931106567383,1788008930343081,1788008930708865792,396017,396018,1788008930708626432,1788008930716959232,0.02872675250357654,8.33272933959961,0.23937225341796875,1352.0530381367041,597.2635492539247,1,676.854079955265,595.683976455888,1
1015,1075,35.833333333333336,35.93871212005615,33.93274116516113,1788008930376511,1788008930742296832,396021,396022,1788008930741958656,1788008930750291712,0.04059969671826271,8.332967758178711,0.3383159637451172,1351.9658328481473,597.2361801694774,1,675.7375266074395,596.0597892446665,1
1016,1076,35.86666666666667,35.972147941589355,33.966176986694336,1788008930409947,1788008930775733504,396025,396026,1788008930775290880,1788008930783624960,0.05309683879273351,8.333921432495117,0.4425048828125,1351.952196959344,596.6606492205418,1,674.6804173856563,596.5010926463788,1
1017,1077,35.9,36.00557804107666,33.99960708618164,1788008930443377,1788008930809164544,396029,396030,1788008930808624384,1788008930816956928,0.06483547925608012,8.33272933959961,0.5402565002441406,1352.3808147375514,596.1858250129501,1,673.6451820179079,596.9791032886534,1
1018,1078,35.93333333333333,36.03900909423828,34.03303813934326,1788008930476808,1788008930842596864,396033,396034,1788008930841956608,1788008930850290176,0.07681524289065629,8.333683013916016,0.6401538848876953,1352.9113432074232,595.8085330256926,1,672.2668872130407,596.9537406206834,1
1019,1079,35.96666666666667,36.07244610786438,34.06647515296936,1788008930510245,1788008930876035072,396037,396038,1788008930875288832,1788008930883621632,0.08955394695430746,8.332967758178711,0.7462501525878906,1353.5920752505363,594.6941227838653,1,670.7727611337925,596.6013902220953,1
1020,1080,36.0,36.10587501525879,34.09990406036377,1788008930543674,1788008930909465088,396041,396042,1788008930908621056,1788008930916953856,0.10128755364806867,8.33272933959961,0.8440017700195312,1354.0436075870311,594.6473584943702,1,668.9060119588639,596.2334822574444,1
1021,1081,36.03333333333333,36.1393039226532,34.13333296775818,1788008930577103,1788008930942895104,396045,396046,1788008930941953536,1788008930950287104,0.11300566458774389,8.333683013916016,0.9417533874511719,1355.2585287293589,592.5112240692187,1,667.8154936698254,596.1679595870239,1
1022,1082,36.06666666666667,36.17273497581482,34.1667640209198,1788008930610534,1788008930976327424,396049,396050,1788008930975286784,1788008930983619328,0.12489270386266095,8.33272933959961,1.0406970977783203,1355.640069557072,593.0444478640285,1,666.9837916933807,595.9478267220525,1
1023,1083,36.1,36.206165075302124,34.200194120407104,1788008930643964,1788008931009758720,396053,396054,1788008931008618752,1788008931016952832,0.13677585467029038,8.333921432495117,1.1398792266845703,1356.0565969982433,593.4993337753594,1,665.9628354894814,595.4166188919114,1
1024,1084,36.13333333333333,36.23959302902222,34.2336220741272,1788008930677392,1788008931043187968,396057,396058,1788008931041952256,1788008931050285056,0.14829332494063116,8.332967758178711,1.2357234954833984,1356.6876048682275,593.9323415791775,1,665.0283690327095,594.929389087146,1
1025,1085,36.166666666666664,36.27302312850952,34.2670521736145,1788008930710822,1788008931076619264,396061,396062,1788008931075284480,1788008931083617280,0.16017167381974248,8.33272933959961,1.3346672058105469,1356.442254975601,595.2066784302851,1,664.2190972435861,594.6910582039326,1
1026,1086,36.2,36.30645203590393,34.30048108100891,1788008930744251,1788008931110049280,396065,396066,1788008931108616704,1788008931116950528,0.17188304628940893,8.333683013916016,1.4324188232421875,1357.0501376681784,595.6277274604317,1,663.8565163057112,594.7712761980341,1
1027,1087,36.233333333333334,36.339882135391235,34.333911180496216,1788008930777681,1788008931143480320,396069,396070,1788008931141950208,1788008931150282752,0.1836337625178827,8.33272933959961,1.5301704406738281,1358.0277019617217,595.9495411589052,1,663.5647809174238,594.7608046892586,1
1028,1088,36.266666666666666,36.37332010269165,34.36734914779663,1788008930811119,1788008931176919296,396073,396074,1788008931175282176,1788008931183615232,0.19644645360647764,8.332967758178711,1.6369819641113281,1359.2186274250982,595.3933525019943,1,663.260340851571,594.6428722072399,1
1029,1089,36.3,36.406749963760376,34.400779008865356,1788008930844549,1788008931210350336,396077,396078,1788008931208614656,1788008931216948480,0.2082677728508082,8.333921432495117,1.735687255859375,1360.3155808598742,595.074685956057,1,663.3579068337499,594.7942871236827,1
1030,1090,36.333333333333336,36.440179109573364,34.434208154678345,1788008930877978,1788008931243780352,396081,396082,1788008931241947904,1788008931250280704,0.21991416309012876,8.33272933959961,1.8324851989746094,1361.66401786781,593.8904580591113,1,663.5100245494839,594.853566075121,1
1031,1091,36.36666666666667,36.47360897064209,34.46763801574707,1788008930911408,1788008931277211392,396085,396086,1788008931275280128,1788008931283612928,0.2317596566523605,8.33272933959961,1.9311904907226562,1361.8499141964726,595.0401157348808,1,663.8206854100481,594.8079579301607,1
1032,1092,36.4,36.50704598426819,34.50107502937317,1788008930944845,1788008931310649600,396089,396090,1788008931308612352,1788008931316946176,0.24445715920469174,8.333921432495117,2.0372867584228516,1363.356712864148,594.0882968729561,1,664.43010451502,594.7074563810374,1
1033,1093,36.43333333333333,36.54047393798828,34.53450298309326,1788008930978273,1788008931344078848,396093,396094,1788008931341945600,1788008931350278656,0.25598695316299963,8.332967758178711,2.1331310272216797,1363.999360074697,595.1963957234117,1,664.7509803309324,594.3899587090295,1
1034,1094,36.46666666666667,36.57390213012695,34.567931175231934,1788008931011701,1788008931377508096,396097,396098,1788008931375278080,1788008931383610624,0.2676394849785408,8.33272933959961,2.2301673889160156,1364.7279381329881,595.3320098273405,1,665.2882612465899,594.2523291795599,1
1035,1095,36.5,36.607341051101685,34.601370096206665,1788008931045140,1788008931410948352,396101,396102,1788008931408610304,1788008931416944128,0.28054013846770043,8.333683013916016,2.337932586669922,1366.0249399888703,594.3075735306593,1,665.5852568546852,594.1158781000617,1
1036,1096,36.53333333333333,36.64077091217041,34.63479995727539,1788008931078570,1788008931444379392,396105,396106,1788008931441943296,1788008931450276352,0.2923235386684215,8.332967758178711,2.435922622680664,1365.469925216104,595.1356136743484,1,665.8701281401527,594.0456544384466,1
1037,1097,36.56666666666667,36.67420792579651,34.66823697090149,1788008931112007,1788008931477817856,396109,396110,1788008931475275776,1788008931483609600,0.3050207409526534,8.333921432495117,2.5420188903808594,1365.1666336197582,596.5264417725637,1,666.3674068973419,594.1863839380877,1
1038,1098,36.6,36.70763897895813,34.70166802406311,1788008931145438,1788008931511249920,396113,396114,1788008931508609024,1788008931516941824,0.3169384835479256,8.33272933959961,2.640962600708008,1365.2224049433937,596.8790429486864,1,666.6711753049991,594.160289607664,1
1039,1099,36.63333333333333,36.74107503890991,34.73510408401489,1788008931178874,1788008931544687360,396117,396118,1788008931541941504,1788008931550274048,0.32952789699570817,8.33272933959961,2.7458667755126953,1364.8499159934877,597.1629079927445,1,667.2498339397173,594.0953393022072,1
1040,1100,36.666666666666664,36.77450609207153,34.768535137176514,1788008931212305,1788008931578119168,396121,396122,1788008931575273472,1788008931583607552,0.34146760120154485,8.333921432495117,2.84576416015625,1364.4917776526518,597.2024918316222,1,667.9254403116984,593.7681056962015,1
1041,1101,36.7,36.80794310569763,34.80197215080261,1788008931245742,1788008931611557376,396125,396126,1788008931608606720,1788008931616939776,0.3540957340276387,8.332967758178711,2.9506683349609375,1364.2683946793218,597.3132292552499,1,668.7426693778754,593.4913263279451,1
1042,1102,36.733333333333334,36.84137201309204,34.83540105819702,1788008931279171,1788008931644987392,396129,396130,1788008931641939200,1788008931650272000,0.36580829756795424,8.33272933959961,3.0481815338134766,1364.266618402049,597.4275880603113,1,669.5687318657081,593.1735550571817,1
1043,1103,36.766666666666666,36.87480092048645,34.86882996559143,1788008931312600,1788008931678417152,396133,396134,1788008931675271424,1788008931683605248,0.3774675287520742,8.333683013916016,3.1456947326660156,1364.3949179332158,597.6467040385562,1,670.3785654125577,592.861745871696,1
1044,1104,36.8,36.90823793411255,34.90226697921753,1788008931346037,1788008931711855360,396137,396138,1788008931708604928,1788008931716937472,0.39010014306151647,8.33272933959961,3.250598907470703,1364.7353531078738,597.3359041977844,1,671.1059982010772,592.6233100824892,1
1045,1105,36.833333333333336,36.94167613983154,34.93570518493652,1788008931379475,1788008931745295104,396141,396142,1788008931741936896,1788008931750269952,0.40299276129438355,8.332967758178711,3.358125686645508,1365.0071205488932,597.0217919637992,1,671.9047655911224,592.3552022480645,1
1046,1106,36.86666666666667,36.97510504722595,34.96913409233093,1788008931412904,1788008931778725120,396145,396146,1788008931775269376,1788008931783603200,0.41467601201544846,8.333921432495117,3.4558773040771484,1365.1617104035658,596.8704636720896,1,673.0126850207041,592.106278198816,1
1047,1107,36.9,37.00853991508484,35.00256896018982,1788008931446339,1788008931812161024,396149,396150,1788008931808602624,1788008931816935424,0.4270386266094421,8.33272933959961,3.5583972930908203,1364.680682157802,597.8245102378355,1,673.8485844794382,591.6996273055012,1
1048,1108,36.93333333333333,37.04197812080383,35.03600716590881,1788008931479777,1788008931845600256,396153,396154,1788008931841934848,1788008931850268672,0.439835211992905,8.333683013916016,3.665447235107422,1364.2614980789278,598.1292066489934,1,674.959211868372,591.6145188625435,1
1049,1109,36.96666666666667,37.07540798187256,35.06943702697754,1788008931513207,1788008931879031296,396157,396158,1788008931875267072,1788008931883599872,0.45171811965322883,8.332967758178711,3.7641525268554688,1363.5449867976208,598.5913546862106,1,675.9817319893573,592.0385673638457,1
1050,1110,37.0,37.108845949172974,35.102874994277954,1788008931546645,1788008931912469760,396161,396162,1788008931908599296,1788008931916932096,0.46449213161659514,8.33272933959961,3.8704872131347656,1362.6665880037533,599.1092216989088,1,676.753978227797,592.0602948340027,1
1051,1111,37.03333333333333,37.14227509498596,35.13630414009094,1788008931580074,1788008931945900032,396165,396166,1788008931941931776,1788008931950265344,0.4761686788350403,8.333683013916016,3.9682388305664062,1361.409788297716,599.2091507756086,1,676.6119028716932,591.0520614968258,1
1052,1112,37.06666666666667,37.17571306228638,35.16974210739136,1788008931613512,1788008931979339008,396169,396170,1788008931975265024,1788008931983597824,0.48892703862660947,8.33272933959961,4.0740966796875,1360.5567663536078,598.9570679373569,1,677.7913454589341,590.6585198768453,1
1053,1113,37.1,37.20915102958679,35.20318007469177,1788008931646950,1788008932012777984,396173,396174,1788008932008597248,1788008932016930048,0.5017309948213213,8.332967758178711,4.152059555053711,1361.6556700093647,596.350263295543,1,679.3927109760596,590.8975936149583,1
1054,1114,37.13333333333333,37.242578983306885,35.236608028411865,1788008931680378,1788008932046206976,396177,396178,1788008932041929472,1788008932050263296,0.5132599055929051,8.333921432495117,4.056453704833984,1362.190555104818,595.587803678278,1,680.9034483469441,591.1945117371985,1
1055,1115,37.166666666666664,37.2760169506073,35.27004599571228,1788008931713816,1788008932079646208,396181,396182,1788008932075262720,1788008932083595520,0.5260371959942776,8.33272933959961,3.949403762817383,1361.5164034585189,594.5647471871121,1,682.1651025673771,591.2803314645926,1
1056,1116,37.2,37.30944490432739,35.30347394943237,1788008931747244,1788008932113075200,396185,396186,1788008932108595200,1788008932116928768,0.5375922641185558,8.333683013916016,3.8535594940185547,1360.5439439250626,595.1575897816186,1,683.4725494498405,591.4791932195019,1
1057,1117,37.233333333333334,37.34288191795349,35.33691096305847,1788008931780681,1788008932146513408,396189,396190,1788008932141928448,1788008932150261248,0.5502432045779685,8.33272933959961,3.747701644897461,1359.6326188333683,596.1950451582119,1,684.850444740719,591.8826418526598,1
1058,1118,37.266666666666666,37.376312017440796,35.370341062545776,1788008931814111,1788008932179944704,396193,396194,1788008932175260416,1788008932183593472,0.5621298389173415,8.332967758178711,3.6487579345703125,1358.682289802172,599.3001456678354,1,685.9030070117916,592.0240333982961,1
1059,1119,37.3,37.409749031066895,35.403778076171875,1788008931847548,1788008932213382912,396197,396198,1788008932208592896,1788008932216926720,0.574767558289229,8.333921432495117,3.543853759765625,1357.9179990095256,600.8733523726963,1,687.5229797413397,592.2070863211329,1
1060,1120,37.333333333333336,37.4431791305542,35.43720817565918,1788008931880978,1788008932246813952,396201,396202,1788008932241926144,1788008932250258944,0.5865808297567954,8.33272933959961,3.4449100494384766,1357.0140121610934,602.1114249761404,1,688.9211758029321,592.9167843572968,1
1061,1121,37.36666666666667,37.476617097854614,35.470646142959595,1788008931914416,1788008932280253184,396205,396206,1788008932275258624,1788008932283591168,0.5993991416309012,8.33272933959961,3.3380985260009766,1355.3251877150615,602.8701803055216,1,690.0028252991601,592.8965196923722,1
1062,1122,37.4,37.51004505157471,35.50407409667969,1788008931947844,1788008932313682432,396209,396210,1788008932308590592,1788008932316924672,0.6109569446431126,8.333921432495117,3.2422542572021484,1354.4040991125164,603.2955425204647,1,691.0375765683779,593.337342390801,1
1063,1123,37.43333333333333,37.54347610473633,35.53750514984131,1788008931981275,1788008932347114496,396213,396214,1788008932341923840,1788008932350256896,0.6229006323138108,8.332967758178711,3.1423568725585938,1353.7638157757442,603.5139805760926,1,692.4800376503338,594.2027010563362,1
1064,1124,37.46666666666667,37.57691311836243,35.57094216346741,1788008932014712,1788008932380552704,396217,396218,1788008932375256320,1788008932383589120,0.6356223175965665,8.33272933959961,3.0362606048583984,1353.7971759794586,603.5228318233075,1,693.4770281271069,594.1968723474317,1
1065,1125,37.5,37.61034107208252,35.6043701171875,1788008932048140,1788008932413981952,396221,396222,1788008932408588544,1788008932416922368,0.647164845225153,8.333683013916016,2.9404163360595703,1353.693424279011,603.7997230270898,1,694.7889047470061,594.0762632182733,1
1066,1126,37.53333333333333,37.643770933151245,35.637799978256226,1788008932081570,1788008932447412992,396225,396226,1788008932441922048,1788008932450254592,0.658969957081545,8.33272933959961,2.8417110443115234,1353.4119116601864,604.5801738630902,1,695.6296567919987,594.6371953236795,1
1067,1127,37.56666666666667,37.67720007896423,35.671229124069214,1788008932114999,1788008932480843008,396229,396230,1788008932475254016,1788008932483588096,0.6706336718638249,8.333921432495117,2.744913101196289,1353.0202573362637,605.5764720974798,1,696.8484240250273,595.5889006641273,1
1068,1128,37.6,37.710631132125854,35.704660177230835,1788008932148430,1788008932514275584,396233,396234,1788008932508587264,1788008932516920064,0.6826323319027182,8.33272933959961,2.6445388793945312,1352.7214964480181,606.4008827267602,1,697.8791290310238,596.0901051780677,1
1069,1129,37.63333333333333,37.74405908584595,35.73808813095093,1788008932181858,1788008932547704576,396237,396238,1788008932541919744,1788008932550252544,0.6942489270386266,8.33272933959961,2.547740936279297,1352.3626038062223,606.6482959262827,1,699.1255478528388,596.6452854919756,1
1070,1130,37.666666666666664,37.77749013900757,35.77151918411255,1788008932215289,1788008932581136640,396241,396242,1788008932575251968,1788008932583585792,0.7061280540138468,8.333683013916016,2.44903564453125,1351.921374503718,606.7965160155097,1,700.2627778822673,597.3517313982105,1
1071,1131,37.7,37.810920000076294,35.804949045181274,1788008932248719,1788008932614567424,396245,396246,1788008932608585216,1788008932616918016,0.7179193728362565,8.332967758178711,2.3505687713623047,1351.3665116908328,606.9559905800288,1,701.2374499330388,597.6589008293474,1
1072,1132,37.733333333333334,37.84434795379639,35.83837699890137,1788008932282147,1788008932647996672,396249,396250,1788008932641917440,1788008932650250240,0.7295565092989986,8.33272933959961,2.2535324096679688,1350.895969353808,607.3801849929116,1,701.737871404002,596.8713517481899,1
1073,1133,37.766666666666666,37.87777900695801,35.87180805206299,1788008932315578,1788008932681428992,396253,396254,1788008932675249920,1788008932683583488,0.7414602048406477,8.333683013916016,2.1545886993408203,1350.4332499472032,608.3525664696302,1,702.4943921331521,596.990989657375,1
1074,1134,37.8,37.91120910644531,35.90523815155029,1788008932349008,1788008932714860288,396257,396258,1788008932708583168,1788008932716915968,0.7533047210300429,8.33272933959961,2.055644989013672,1349.8832849030828,608.7653831320318,1,703.7982058847006,597.8932379166374,1
1075,1135,37.833333333333336,37.944637060165405,35.938666105270386,1788008932382436,1788008932748289024,396261,396262,1788008932741915136,1788008932750248192,0.7648994306314555,8.332967758178711,1.959085464477539,1349.2577302082118,609.1472780515093,1,705.0544772011086,598.4271406577338,1
1076,1136,37.86666666666667,37.97806906700134,35.97209811210632,1788008932415868,1788008932781722624,396265,396266,1788008932775247616,1788008932783581440,0.7769417822915177,8.333921432495117,1.8589496612548828,1349.0615710290379,610.1385725271339,1,706.2904170638709,599.2271403504138,1
1077,1137,37.9,38.011497020721436,36.005526065826416,1788008932449296,1788008932815151616,396269,396270,1788008932808580864,1788008932816913664,0.788555078683834,8.33272933959961,1.7619132995605469,1349.289279936013,610.8035011282981,1,707.5742320474362,600.2778985798689,1
1078,1138,37.93333333333333,38.04493308067322,36.0389621257782,1788008932482732,1788008932848589056,396273,396274,1788008932841913344,1788008932850245888,0.8011444921316166,8.33272933959961,1.6570091247558594,1349.3255323030821,611.4940180065126,1,708.9263983628364,601.0514511159696,1
1079,1139,37.96666666666667,38.07836604118347,36.07239508628845,1788008932516165,1788008932882022912,396277,396278,1788008932875245312,1788008932883578368,0.8133386741438013,8.332967758178711,1.5554428100585938,1349.2255388230035,612.8411269994774,1,710.1412534471333,601.4044659276293,1
1080,1140,38.0,38.111793994903564,36.105823040008545,1788008932549593,1788008932915451904,396281,396282,1788008932908577792,1788008932916910592,0.8249549369116763,8.332967758178711,1.4586448669433594,1349.6522517045316,614.414231001538,1,711.4499902675442,601.8039271071743,1
1081,1141,38.03333333333333,38.14522409439087,36.13925313949585,1788008932583023,1788008932948883200,396285,396286,1788008932941910016,1788008932950243584,0.8367568804714768,8.333683013916016,1.3604164123535156,1349.7002960519137,614.6715241223039,1,712.4449529502319,602.2431259940138,1
1082,1142,38.06666666666667,38.178653955459595,36.172683000564575,1788008932616453,1788008932982314240,396289,396290,1788008932975243264,1788008932983576064,0.8485836909871245,8.33272933959961,1.2617111206054688,1349.4363584310806,614.6179119640354,1,713.1514652041908,602.2623432593592,1
1083,1143,38.1,38.21209096908569,36.206120014190674,1788008932649890,1788008933015752448,396293,396294,1788008933008575488,1788008933016908288,0.8612915224170983,8.332967758178711,1.155853271484375,1349.67604900198,615.400532805245,1,714.1257923963394,602.5015903054015,1
1084,1144,38.13333333333333,38.24552011489868,36.23954916000366,1788008932683319,1788008933049182464,396297,396298,1788008933041907712,1788008933050241792,0.8728937204977829,8.333921432495117,1.0592937469482422,1350.0231939011412,616.2864437957181,1,715.4344681257123,603.0285980967344,1
1085,1145,38.166666666666664,38.278955936431885,36.272984981536865,1788008932716755,1788008933082619136,396301,396302,1788008933075241216,1788008933083573760,0.8854363376251788,8.33272933959961,0.9546279907226562,1349.9903207148382,617.1752511206677,1,716.6122356786602,604.1460194396718,1
1086,1146,38.2,38.31238603591919,36.30641508102417,1788008932750185,1788008933116049920,396305,396306,1788008933108573440,1788008933116907008,0.8971505407106483,8.333683013916016,0.8571147918701172,1350.0285238438726,617.9760068344578,1,717.6141693620618,604.9448786998026,1
1087,1147,38.233333333333334,38.3458149433136,36.33984398841858,1788008932783614,1788008933149479936,396309,396310,1788008933141906688,1788008933150239488,0.9088412017167382,8.33272933959961,0.7596015930175781,1349.8461716588358,618.7364399281782,1,718.2758007795413,604.6391663084784,1
1088,1148,38.266666666666666,38.37925410270691,36.37328314781189,1788008932817053,1788008933182920192,396313,396314,1788008933175238912,1788008933183571712,0.9218048124517181,8.332967758178711,0.6515979766845703,1349.355277187396,619.2910784870568,1,719.1492305145605,604.4095401291262,1
1089,1149,38.3,38.412683963775635,36.406713008880615,1788008932850483,1788008933216351232,396317,396318,1788008933208571136,1788008933216905216,0.9335431268774138,8.333921432495117,0.5538463592529297,1349.0524429867319,620.0886449680705,1,720.509005451922,604.987720644974,1
1090,1150,38.333333333333336,38.4461190700531,36.44014811515808,1788008932883918,1788008933249787648,396321,396322,1788008933241904384,1788008933250237184,0.9460371959942775,8.33272933959961,0.4496574401855469,1348.7442662065687,620.7806204503911,1,722.105467114052,605.8708871942434,1
1091,1151,38.36666666666667,38.47955107688904,36.47358012199402,1788008932917350,1788008933283220736,396325,396326,1788008933275236864,1788008933283569664,0.958140200286123,8.33272933959961,0.34880638122558594,1348.2081925357995,621.2009048040338,1,723.2876148330396,606.7602658134335,1
1092,1152,38.4,38.51298713684082,36.5070161819458,1788008932950786,1788008933316657920,396329,396330,1788008933308568832,1788008933316902912,0.9706193677585467,8.333921432495117,0.2448558807373047,1347.9464463425572,621.3010887307905,1,724.2296337087935,607.1099814564558,1
1093,1153,38.43333333333333,38.54641604423523,36.54044508934021,1788008932984215,1788008933350088192,396333,396334,1788008933341902336,1788008933350235136,0.9823467139709879,8.332967758178711,0.14710426330566406,1347.8763569264584,621.4067005263023,1,724.871215658933,607.5824811350482,1
1094,1154,38.46666666666667,38.57985305786133,36.57388210296631,1788008933017652,1788008933383526400,396337,396338,1788008933375234560,1788008933383567360,0.9950786838340486,8.33272933959961,0.04100799560546875,1348.127838825248,621.899803667267,1,725.4852331943366,608.1680869765786,1
1095,1155,38.5,38.613282918930054,36.607311964035034,1788008933051082,1788008933416957440,396342,396343,1788008933416900608,1788008933425233664,0.00680953334668536,8.332967758178711,0.056743621826171875,1348.4232762255303,622.5861298918599,1,725.9146895270804,608.982516088884,1
1096,1156,38.53333333333333,38.64671301841736,36.64074206352234,1788008933084512,1788008933450388736,396346,396347,1788008933450233088,1788008933458565632,0.018683834048640914,8.33272933959961,0.1556873321533203,1348.2423188924433,623.2265235720337,1,726.2327232547776,609.6453997162398,1
1097,1157,38.56666666666667,38.68014097213745,36.67417001724243,1788008933117940,1788008933483817728,396350,396351,1788008933483565312,1788008933491899136,0.030296961721119186,8.333683013916016,0.2524852752685547,1348.3150768623532,623.2969835856111,1,726.5865028571146,610.1192780194597,1
1098,1158,38.6,38.71357798576355,36.70760703086853,1788008933151377,1788008933517255936,396354,396355,1788008933516898560,1788008933525231360,0.0428898426323319,8.33272933959961,0.3573894500732422,1348.4284015396404,623.6256730261848,1,726.8543918698202,610.7048251308134,1
1099,1159,38.63333333333333,38.74700713157654,36.74103617668152,1788008933184806,1788008933550686208,396358,396359,1788008933550230784,1788008933558564608,0.054641682162780716,8.333921432495117,0.4553794860839844,1348.6799070636564,624.2500954543824,1,727.5815152633915,611.8971849721114,1
1100,1160,38.666666666666664,38.780439138412476,36.774468183517456,1788008933218238,1788008933584119296,396362,396363,1788008933583564032,1788008933591896832,0.06663805436337625,8.33272933959961,0.5552768707275391,1349.1452290034567,625.4957687131985,1,728.0643040050641,613.160447564149,1
1101,1161,38.7,38.813868045806885,36.807897090911865,1788008933251667,1788008933617549312,396366,396367,1788008933616896512,1788008933625229056,0.07836909871244635,8.33272933959961,0.6530284881591797,1349.3468781313557,625.70255336069,1,728.184685341299,613.7048406065243,1
1102,1162,38.733333333333334,38.84729790687561,36.84132695198059,1788008933285097,1788008933650980352,396370,396371,1788008933650228736,1788008933658562304,0.09020426846712823,8.333683013916016,0.7517337799072266,1349.3952523993619,626.0817764187415,1,728.2292178934549,613.988728703896,1
1103,1163,38.766666666666666,38.880728006362915,36.874757051467896,1788008933318527,1788008933684411648,396374,396375,1788008933683561728,1788008933691894784,0.1019999427770307,8.332967758178711,0.8499622344970703,1350.026366220895,626.3898153971413,1,728.088927585996,614.0581011034087,1
1104,1164,38.8,38.91415596008301,36.90818500518799,1788008933351955,1788008933717840896,396378,396379,1788008933716894208,1788008933725226752,0.11361945636623748,8.33272933959961,0.9467601776123047,1350.3450597090168,626.1799294067564,1,727.6433053081071,613.8235169150554,1
1105,1165,38.833333333333336,38.94758701324463,36.94161605834961,1788008933385386,1788008933751273216,396382,396383,1788008933750226432,1788008933758560256,0.12559363735194828,8.333683013916016,1.0466575622558594,1350.5892819468559,625.9175679765195,1,727.16844472426,613.0075947138264,1
1106,1166,38.86666666666667,38.98101592063904,36.97504496574402,1788008933418815,1788008933784702976,396386,396387,1788008933783559680,1788008933791892480,0.13719599427753934,8.33272933959961,1.1432170867919922,1350.7923615035063,625.843447121262,1,726.5109158531668,612.2784986581876,1
1107,1167,38.9,39.01445293426514,37.00848197937012,1788008933452252,1788008933818141184,396390,396391,1788008933816891904,1788008933825224960,0.14992417956567766,8.332967758178711,1.2493133544921875,1351.057459608352,625.6819624843957,1,726.02976982153,611.7610420910117,1
1108,1168,38.93333333333333,39.04788303375244,37.04191207885742,1788008933485682,1788008933851572480,396394,396395,1788008933850224384,1788008933858558208,0.16177943069660994,8.333921432495117,1.348257064819336,1351.2068247300492,625.0991464297945,1,725.516832211033,611.3435233960282,1
1109,1169,38.96666666666667,39.08131194114685,37.07534098625183,1788008933519111,1788008933885002496,396398,396399,1788008933883556608,1788008933891889408,0.17350500715307582,8.33272933959961,1.445770263671875,1351.3880883644417,624.4571800338706,1,724.8744680305203,611.1057473356371,1
1110,1170,39.0,39.11474895477295,37.10877799987793,1788008933552548,1788008933918440704,396402,396403,1788008933916888832,1788008933925222656,0.18618756079418664,8.333683013916016,1.5516281127929688,1351.393600001697,623.3541152438058,1,724.1421914072395,610.6612166478085,1
1111,1171,39.03333333333333,39.148179054260254,37.142208099365234,1788008933585978,1788008933951871744,396406,396407,1788008933950222080,1788008933958554880,0.1979914737775743,8.332967758178711,1.6498565673828125,1351.4656165392366,622.4655468887871,1,723.6195462505899,610.5190196081492,1
1112,1172,39.06666666666667,39.181617975234985,37.175647020339966,1788008933619417,1788008933985312000,396410,396411,1788008933983554304,1788008933991887360,0.21092386483934653,8.332967758178711,1.7576217651367188,1351.3012931490298,621.312707728548,1,722.8544285949547,609.5924471387211,1
1113,1173,39.1,39.215047121047974,37.209076166152954,1788008933652846,1788008934018742272,396414,396415,1788008934016886784,1788008934025220352,0.2226640727813698,8.333683013916016,1.855611801147461,1350.9450863537122,619.4273382491052,1,722.0960317923084,608.8691490429854,1
1114,1174,39.13333333333333,39.24847412109375,37.24250316619873,1788008933686273,1788008934052170496,396418,396419,1788008934050220032,1788008934058552832,0.23407725321888412,8.33272933959961,1.9505023956298828,1350.563590040712,617.4996033841776,1,721.2022287790688,607.8396978453573,1
1115,1175,39.166666666666664,39.281903982162476,37.275933027267456,1788008933719703,1788008934085601536,396422,396423,1788008934083552000,1788008934091885056,0.24594432205087122,8.332967758178711,2.0494461059570312,1350.6375068665916,615.1423869810059,1,720.4173127747836,606.3920981303384,1
1116,1176,39.2,39.315333127975464,37.309362173080444,1788008933753132,1788008934119031808,396426,396427,1788008934116884480,1788008934125218304,0.2576741524817623,8.333921432495117,2.1474361419677734,1350.6045936966661,612.1989747418033,1,719.4390367348185,604.938467345362,1
1117,1177,39.233333333333334,39.348763942718506,37.342792987823486,1788008933786563,1788008934152463360,396430,396431,1788008934150217728,1788008934158550528,0.26949928469241774,8.33272933959961,2.245664596557617,1351.1036593075446,609.0884866758005,1,718.251722655136,603.4287246033357,1
1118,1178,39.266666666666666,39.38220191001892,37.3762309551239,1788008933820001,1788008934185902336,396434,396435,1788008934183550208,1788008934191883776,0.2822566802082737,8.333683013916016,2.3522377014160156,1351.6294195512942,606.8079347187781,1,717.386674497203,602.5046399537766,1
1119,1179,39.3,39.41563105583191,37.40966010093689,1788008933853430,1788008934219332096,396438,396439,1788008934216883456,1788008934225216256,0.2938769670958512,8.33272933959961,2.4487972259521484,1352.5262715017816,604.853851509506,1,716.9257011213367,601.5089708796804,1
1120,1180,39.333333333333336,39.44906806945801,37.44309711456299,1788008933886867,1788008934252770304,396442,396443,1788008934250215424,1788008934258548480,0.3066006695087408,8.332967758178711,2.5548934936523438,1352.9049054758432,603.3457454142396,1,716.9950742591427,601.6844671897974,1
1121,1181,39.36666666666667,39.48249793052673,37.476526975631714,1788008933920297,1788008934286201344,396446,396447,1788008934283547904,1788008934291881728,0.3183807752825061,8.333921432495117,2.653360366821289,1352.7155534406963,601.6454332477413,1,716.6653196379834,601.2523407218983,1
1122,1182,39.4,39.51592803001404,37.50995707511902,1788008933953727,1788008934319632640,396450,396451,1788008934316881152,1788008934325213952,0.3301859799713877,8.33272933959961,2.7513504028320312,1352.8575834005849,599.9027333906834,1,716.475579346397,600.5406477955175,1
1123,1183,39.43333333333333,39.54936504364014,37.54339408874512,1788008933987164,1788008934353070848,396454,396455,1788008934350213632,1788008934358546176,0.3428898426323319,8.33272933959961,2.857208251953125,1351.9465455992636,599.9226844938422,1,716.6184559909022,599.7861497706941,1
1124,1184,39.46666666666667,39.58279490470886,37.57682394981384,1788008934020594,1788008934386501888,396458,396459,1788008934383545600,1788008934391879680,0.3547132026891718,8.333921432495117,2.9561519622802734,1351.0119088287574,599.7108736323826,1,716.8937096962076,598.9993885295726,1
1125,1185,39.5,39.61622190475464,37.61025094985962,1788008934054021,1788008934419929856,396462,396463,1788008934416878848,1788008934425211904,0.36611255758061284,8.332967758178711,3.0508041381835938,1350.6263751862773,599.9338003978255,1,717.3612169127895,598.4951729105054,1
1126,1186,39.53333333333333,39.64965200424194,37.643681049346924,1788008934087451,1788008934453361152,396466,396467,1788008934450211328,1788008934458544128,0.37799713876967095,8.33272933959961,3.149747848510742,1349.8771764352014,600.0783868054693,1,717.6570731252814,597.5590933396261,1
1127,1187,39.56666666666667,39.68308401107788,37.67711305618286,1788008934120883,1788008934486794240,396470,396471,1788008934483543552,1788008934491877376,0.39005550151627855,8.333683013916016,3.250598907470703,1349.6099028167284,600.4578367453745,1,717.9820313204675,597.069814391657,1
1128,1188,39.6,39.716511964797974,37.710541009902954,1788008934154311,1788008934520223232,396474,396475,1788008934516877056,1788008934525209600,0.4015736766809728,8.33272933959961,3.3462047576904297,1348.3718854295917,600.8395504488618,1,718.0991262949792,596.5085094172235,1
1129,1189,39.63333333333333,39.74994897842407,37.74397802352905,1788008934187748,1788008934553661440,396478,396479,1788008934550209024,1788008934558542080,0.41429429773110926,8.332967758178711,3.452301025390625,1347.8044010577635,600.9852278300808,1,717.93493526186,595.6162916804553,1
1130,1190,39.666666666666664,39.78337907791138,37.77740812301636,1788008934221178,1788008934587092992,396482,396483,1788008934583542272,1788008934591875328,0.42608222940688395,8.332967758178711,3.5505294799804688,1347.505214525675,600.9639946893179,1,717.7715622482624,594.7826917441054,1
1131,1191,39.7,39.8168089389801,37.81083798408508,1788008934254608,1788008934620524032,396486,396487,1788008934616874752,1788008934625207552,0.43793991416309014,8.33272933959961,3.6492347717285156,1347.0895507478767,601.2052769261594,1,717.3203424751923,593.7600806422079,1
1132,1192,39.733333333333334,39.850237131118774,37.844266176223755,1788008934288036,1788008934653953024,396490,396491,1788008934650206976,1788008934658540800,0.4495050637981347,8.333683013916016,3.74603271484375,1347.143837582847,601.0831520055146,1,716.7879442982269,593.125135346385,1
1133,1193,39.766666666666666,39.8836669921875,37.87769603729248,1788008934321466,1788008934687383808,396494,396495,1788008934683540224,1788008934691873024,0.46127435552630824,8.332967758178711,3.8437843322753906,1347.2952096515014,601.0739094523054,1,716.3541090101062,592.3662633695654,1
1134,1194,39.8,39.9171040058136,37.91113305091858,1788008934354903,1788008934720822016,396498,396499,1788008934716872448,1788008934725205504,0.47397785471088094,8.332967758178711,3.9496421813964844,1347.2962758256563,600.9082339718238,1,715.7435725271874,591.8720155171518,1
1135,1195,39.833333333333336,39.950536012649536,37.94456505775452,1788008934388335,1788008934754255360,396502,396503,1788008934750204928,1788008934758538496,0.486038793843337,8.333683013916016,4.050493240356445,1347.439006969346,600.3622027487057,1,714.956991310437,591.889548931797,1
1136,1196,39.86666666666667,39.983971118927,37.97800016403198,1788008934421770,1788008934787691520,396506,396507,1788008934783538176,1788008934791870720,0.4984549356223176,8.33272933959961,4.15349006652832,1347.725959988371,600.1166558855468,1,714.161430333052,591.8121549627529,1
1137,1197,39.9,40.01740097999573,38.01143002510071,1788008934455200,1788008934821122560,396510,396511,1788008934816870144,1788008934825203200,0.5103144402163028,8.332967758178711,4.080533981323242,1348.0908521576548,599.7594994533124,1,713.6192741680088,591.8007450597743,1
1138,1198,39.93333333333333,40.05083107948303,38.04486012458801,1788008934488630,1788008934854553856,396514,396515,1788008934850202624,1788008934858536448,0.5221284508653984,8.333921432495117,3.9825439453125,1348.5133782987432,599.9771516163912,1,713.3581180868139,591.6689519630152,1
1139,1199,39.96666666666667,40.08426094055176,38.07828998565674,1788008934522060,1788008934887984896,396518,396519,1788008934883534848,1788008934891867648,0.5340486409155937,8.33272933959961,3.8826465606689453,1348.8858109190078,600.6081641051802,1,713.0561100914776,591.568463983808,1
1140,1200,40.0,40.117690086364746,38.11171913146973,1788008934555489,1788008934921415424,396522,396523,1788008934916867328,1788008934925200896,0.5457458373862791,8.333683013916016,3.7856101989746094,1349.2464831880984,600.6573593099954,1,713.8828963882714,591.957216196926,1
1141,1201,40.03333333333333,40.151127099990845,38.145156145095825,1788008934588926,1788008934954853632,396526,396527,1788008934950200320,1788008934958533376,0.5584103459128494,8.332967758178711,3.6797523498535156,1349.2834107139784,600.2517843801556,1,714.719030767484,592.6472876782531,1
1142,1202,40.06666666666667,40.18456411361694,38.178593158721924,1788008934622363,1788008934988291840,396530,396531,1788008934983532544,1788008934991865600,0.5711138450974221,8.332967758178711,3.573894500732422,1349.2955593896381,599.9837106845365,1,715.1425114534079,592.8577325895021,1
1143,1203,40.1,40.21800112724304,38.21203017234802,1788008934655800,1788008935021730048,396534,396535,1788008935016865024,1788008935025198592,0.5837672369399782,8.333683013916016,3.468751907348633,1349.3865673006371,599.77917814496,1,715.0747925759974,592.8062049935228,1
1144,1204,40.13333333333333,40.25143003463745,38.24545907974243,1788008934689229,1788008935055159808,396538,396539,1788008935050198272,1788008935058531072,0.5954220314735336,8.33272933959961,3.3712387084960938,1349.0331524589965,600.5313565783558,1,714.9493061191544,593.0079598807044,1
1145,1205,40.166666666666664,40.28486895561218,38.27889800071716,1788008934722668,1788008935088599808,396542,396543,1788008935083530496,1788008935091863296,0.608365998111642,8.332967758178711,3.2634735107421875,1348.423685508028,600.8491647097611,1,714.3454553445903,593.1965336755496,1
1146,1206,40.2,40.318305015563965,38.312334060668945,1788008934756104,1788008935122037248,396546,396547,1788008935116862720,1788008935125196800,0.6208839937061936,8.333921432495117,3.1595230102539062,1347.9470839414,600.8723807934509,1,714.0895051240152,593.6798942928449,1
1147,1207,40.233333333333334,40.35173511505127,38.34576416015625,1788008934789534,1788008935155468544,396550,396551,1788008935150195968,1788008935158528768,0.6327324749642346,8.33272933959961,3.0603408813476562,1347.8274372540673,600.6274725418172,1,714.3333373209414,594.5895012681333,1
1148,1208,40.266666666666666,40.38517093658447,38.37919998168945,1788008934822970,1788008935188905472,396554,396555,1788008935183528448,1788008935191861248,0.6452932761087268,8.33272933959961,2.9556751251220703,1347.631776529869,600.6611069901313,1,714.2019340025872,595.4103654489699,1
1149,1209,40.3,40.41860008239746,38.41262912750244,1788008934856399,1788008935222335488,396558,396559,1788008935216861696,1788008935225194496,0.6569098712446352,8.33272933959961,2.858877182006836,1347.6217018425587,601.2103774190352,1,713.7784422485308,595.7537230245206,1
1150,1210,40.333333333333336,40.452038049697876,38.446067094802856,1788008934889837,1788008935255774720,396562,396563,1788008935250193920,1788008935258526720,0.66973763268576,8.332967758178711,2.752065658569336,1348.3769215435277,601.7782517170058,1,713.6028181420107,596.1810157091818,1
1151,1211,40.36666666666667,40.485475063323975,38.479504108428955,1788008934923274,1788008935289212928,396566,396567,1788008935283526144,1788008935291860224,0.6823630381919611,8.333921432495117,2.6471614837646484,1349.230224551277,602.33955222544,1,713.5114045816066,596.1327154522236,1
1152,1212,40.4,40.5189049243927,38.51293396949768,1788008934956704,1788008935322643456,396570,396571,1788008935316859392,1788008935325192192,0.694134477825465,8.33272933959961,2.548694610595703,1350.1975408099593,602.5424773933728,1,713.2859326782649,596.1030466866557,1
1153,1213,40.43333333333333,40.552335023880005,38.546364068984985,1788008934990134,1788008935356074496,396574,396575,1788008935350191872,1788008935358524672,0.7059799713876967,8.33272933959961,2.4499893188476562,1350.7429590176348,602.6244957144563,1,713.1629867325458,596.3838234680361,1
1154,1214,40.46666666666667,40.585763931274414,38.579792976379395,1788008935023563,1788008935389504256,396578,396579,1788008935383523840,1788008935391857920,0.717579745386926,8.333921432495117,2.353668212890625,1351.2525725963847,602.5596571718905,1,713.009466776402,596.7263173045253,1
1155,1215,40.5,40.61919403076172,38.6132230758667,1788008935056993,1788008935422935552,396582,396583,1788008935416857344,1788008935425190144,0.7294211896655317,8.332967758178711,2.2547245025634766,1352.0205717511046,602.6501816461894,1,712.8989379784879,597.2567663689297,1
1156,1216,40.53333333333333,40.65262293815613,38.64665198326111,1788008935090422,1788008935456365312,396586,396587,1788008935450189568,1788008935458522368,0.7411444921316166,8.33272933959961,2.156972885131836,1352.6382011327926,602.7376777165542,1,712.782957937655,597.5959419218705,1
1157,1217,40.56666666666667,40.68605399131775,38.68008303642273,1788008935123853,1788008935489797632,396590,396591,1788008935483522048,1788008935491855616,0.7530468615895176,8.333683013916016,2.0580291748046875,1353.260927932827,602.6018398621618,1,712.7633421064609,598.0215611253947,1
1158,1218,40.6,40.71948790550232,38.7135169506073,1788008935157287,1788008935523232768,396594,396595,1788008935516855296,1788008935525188096,0.7653505007153076,8.33272933959961,1.955270767211914,1353.552623091718,602.3839539889551,1,712.9113039450663,598.4542414497041,1
1159,1219,40.63333333333333,40.75291895866394,38.74694800376892,1788008935190718,1788008935556664832,396598,396599,1788008935550187264,1788008935558520320,0.7773454264541787,8.332967758178711,1.8553733825683594,1353.9088341482277,601.8263631733928,1,713.0533907011288,598.6531792121024,1
1160,1220,40.666666666666664,40.78634810447693,38.78037714958191,1788008935224147,1788008935590095360,396602,396603,1788008935583519744,1788008935591853568,0.789014447146331,8.333921432495117,1.7583370208740234,1354.3187256828985,601.3833656858513,1,713.3384333772523,598.5948217207246,1
1161,1221,40.7,40.819777965545654,38.813807010650635,1788008935257577,1788008935623526400,396606,396607,1788008935616852992,1788008935625185792,0.8008583690987124,8.33272933959961,1.659393310546875,1354.7485321735676,601.2254798729391,1,713.6094157048501,598.6279977734071,1
1162,1222,40.733333333333334,40.85321593284607,38.84724497795105,1788008935291015,1788008935656965632,396610,396611,1788008935650185472,1788008935658519040,0.8136121760027465,8.333683013916016,1.5532970428466797,1355.408512048292,601.5048563464145,1,713.7728047233609,598.4663964295884,1
1163,1223,40.766666666666666,40.88664507865906,38.88067412376404,1788008935324444,1788008935690395904,396614,396615,1788008935683518464,1788008935691851264,0.8253268862121256,8.332967758178711,1.455545425415039,1356.021285984929,601.6140348077065,1,713.9789110452797,598.4039443051038,1
1164,1224,40.8,40.92007613182068,38.91410517692566,1788008935357875,1788008935723827712,396618,396619,1788008935716850688,1788008935725183744,0.8372864867957999,8.332967758178711,1.355886459350586,1356.3871409907638,601.6828099915368,1,714.0662086493651,598.2766712152337,1
1165,1225,40.833333333333336,40.95350503921509,38.94753408432007,1788008935391304,1788008935757257984,396622,396623,1788008935750183168,1788008935758516736,0.8489443268295475,8.333683013916016,1.25885009765625,1356.6439336301514,601.6419051293323,1,714.2605079392964,598.4696362786178,1
1166,1226,40.86666666666667,40.98694205284119,38.98097109794617,1788008935424741,1788008935790696192,396626,396627,1788008935783516416,1788008935791849216,0.8616309012875536,8.33272933959961,1.1529922485351562,1356.6858161845694,601.5359750142342,1,713.9479420816687,598.0735836087446,1
1167,1227,40.9,41.02037000656128,39.01439905166626,1788008935458169,1788008935824125184,396630,396631,1788008935816848640,1788008935825181440,0.8732511230007725,8.332967758178711,1.0561943054199219,1356.5217852719531,601.4991896732665,1,713.4436358829464,597.46130868376,1
1168,1228,40.93333333333333,41.0538010597229,39.04783010482788,1788008935491600,1788008935857557504,396634,396635,1788008935850180864,1788008935858514688,0.8851380346159348,8.333921432495117,0.9572505950927734,1356.2154303455582,601.374285013318,1,713.3238493538774,597.2432303788643,1
1169,1229,40.96666666666667,41.08723711967468,39.08126616477966,1788008935525036,1788008935890994688,396638,396639,1788008935883513088,1788008935891845888,0.8978540772532189,8.33272933959961,0.8511543273925781,1355.6522819881443,601.1552920696004,1,713.1161155805954,596.812113078957,1
1170,1230,41.0,41.120667934417725,39.114696979522705,1788008935558467,1788008935924426496,396642,396643,1788008935916845568,1788008935925179136,0.9096812954168335,8.333683013916016,0.7526874542236328,1355.0734806142673,600.76767846904,1,712.7238131652599,596.2768310679495,1
1171,1231,41.03333333333333,41.15409708023071,39.14812612533569,1788008935591896,1788008935957856768,396646,396647,1788008935950178560,1788008935958511616,0.9214328631512689,8.332967758178711,0.6546974182128906,1354.5405881965562,600.3912101752622,1,712.430386991938,595.7119441494261,1
1172,1232,41.06666666666667,41.18752694129944,39.18155598640442,1788008935625326,1788008935991288064,396650,396651,1788008935983511040,1788008935991843840,0.9332780177963435,8.332967758178711,0.5559921264648438,1354.1402471269953,600.2089374941587,1,712.1934730382254,594.9787292096964,1
1173,1233,41.1,41.22095704078674,39.214986085891724,1788008935658756,1788008936024719360,396654,396655,1788008936016843264,1788008936025177088,0.9450706643016537,8.333683013916016,0.457763671875,1353.669345369263,599.8568166672864,1,711.8478740331747,594.1427439651839,1
1174,1234,41.13333333333333,41.25439405441284,39.24842309951782,1788008935692193,1788008936058157568,396658,396659,1788008936050176512,1788008936058509312,0.9577682403433476,8.33272933959961,0.35190582275390625,1353.174598391179,599.2185328273882,1,711.4283744151811,593.4561531268365,1
1175,1235,41.166666666666664,41.28782391548157,39.28185296058655,1788008935725623,1788008936091588608,396662,396663,1788008936083508736,1788008936091841792,0.9696146033017653,8.332967758178711,0.2532005310058594,1352.7537335298084,599.1882014807196,1,710.9752251056135,593.0536287123583,1
1176,1236,41.2,41.32125210762024,39.31528115272522,1788008935759051,1788008936125017600,396666,396667,1788008936116840960,1788008936125175040,0.9811185810327564,8.333921432495117,0.15735626220703125,1352.3291315461167,599.0753916242105,1,710.4725677169507,592.5100976564673,1
1177,1237,41.233333333333334,41.354681968688965,39.348711013793945,1788008935792481,1788008936158448640,396670,396671,1788008936150174464,1788008936158507008,0.9929899856938483,8.33272933959961,0.05841255187988281,1351.8668865399204,598.9895606975826,1,709.8616437605407,592.0314288876793,1
1178,1238,41.266666666666666,41.38811206817627,39.38214111328125,1788008935825911,1788008936191879936,396675,396676,1788008936191839488,1788008936200173312,0.004863395794593048,8.333921432495117,0.040531158447265625,1351.213294611211,598.9880469583513,1,709.375759836016,591.5128823541614,1
1179,1239,41.3,41.421541929244995,39.415570974349976,1788008935859341,1788008936225310720,396679,396680,1788008936225172736,1788008936233505536,0.016566523605150214,8.33272933959961,0.1380443572998047,1350.5923693564705,598.5552078278274,1,708.8930570674473,590.9257019041324,1
1180,1240,41.333333333333336,41.4549720287323,39.44900107383728,1788008935892771,1788008936258742016,396683,396684,1788008936258505216,1788008936266838784,0.028437374835498082,8.333683013916016,0.23698806762695312,1350.2053404033713,598.0849297191289,1,708.6514721404047,590.3263257890113,1
1181,1241,41.36666666666667,41.488402128219604,39.482431173324585,1788008935926201,1788008936292173312,396687,396688,1788008936291838464,1788008936300171264,0.040200286123032905,8.33272933959961,0.3349781036376953,1349.7715266966295,597.7233103469249,1,708.347682442609,589.7229686347295,1
1182,1242,41.4,41.521831035614014,39.515860080718994,1788008935959630,1788008936325603584,396691,396692,1788008936325170432,1788008936333503488,0.05195845612428829,8.332967758178711,0.4329681396484375,1349.1823736906993,596.8930308537633,1,708.0752077710714,589.1900063771823,1
1183,1243,41.43333333333333,41.55526113510132,39.5492901802063,1788008935993060,1788008936359034880,396695,396696,1788008936358502912,1788008936366836736,0.06382491775139465,8.333921432495117,0.5319118499755859,1348.7948031503902,596.0756703107941,1,707.7713307667672,588.2987816176369,1
1184,1244,41.46666666666667,41.58869004249573,39.58271908760071,1788008936026489,1788008936392464896,396699,396700,1788008936391836160,1788008936400168960,0.07545064377682403,8.33272933959961,0.6287097930908203,1348.4717716895805,594.8812551964792,1,707.2544969869707,587.3620432988043,1
1185,1245,41.5,41.62212014198303,39.61614918708801,1788008936059919,1788008936425896192,396703,396704,1788008936425168640,1788008936433501184,0.08732474964234621,8.33272933959961,0.7276535034179688,1348.1943428416564,594.1360492394125,1,706.7265886179672,586.1781188495445,1
1186,1246,41.53333333333333,41.65554904937744,39.64957809448242,1788008936093348,1788008936459325952,396707,396708,1788008936458500608,1788008936466834432,0.09904162494635961,8.333921432495117,0.8254051208496094,1348.0927090418595,594.0950482003818,1,706.3708675943094,585.4398735685006,1
1187,1247,41.56666666666667,41.68897891044617,39.68300795555115,1788008936126778,1788008936492756736,396711,396712,1788008936491833856,1788008936500166912,0.11075505707991187,8.332967758178711,0.9229183197021484,1348.2514828268916,594.1517865170418,1,706.2159834473034,584.981939067013,1
1188,1248,41.6,41.72240900993347,39.71643805503845,1788008936160208,1788008936526187776,396715,396716,1788008936525166336,1788008936533498880,0.12257510729613734,8.33272933959961,1.0213851928710938,1348.6590607052267,594.8415572806493,1,705.8307656948876,584.8381585498689,1
1189,1249,41.63333333333333,41.75584411621094,39.74987316131592,1788008936193643,1788008936559623680,396719,396720,1788008936558498560,1788008936566832384,0.13500600789609202,8.333683013916016,1.1250972747802734,1349.3245436081916,595.8833512065344,1,705.5538229672431,585.1593530164736,1
1190,1250,41.666666666666664,41.78926706314087,39.78329610824585,1788008936227066,1788008936593047552,396723,396724,1788008936591831808,1788008936600164608,0.14589413447782545,8.33272933959961,1.2156963348388672,1349.51932100771,596.8706872348912,1,705.2299132532733,585.6333598775749,1
1191,1251,41.7,41.82269597053528,39.81672501564026,1788008936260495,1788008936626477824,396727,396728,1788008936625164032,1788008936633497088,0.15764928042116105,8.332967758178711,1.3136863708496094,1349.2396304412907,597.2740604181515,1,705.1754230467749,586.2233505130483,1
1192,1252,41.733333333333334,41.85612607002258,39.85015511512756,1788008936293925,1788008936659909120,396731,396732,1788008936658496256,1788008936666830336,0.16950364754684594,8.333921432495117,1.4126300811767578,1348.6389425824416,597.3053435026264,1,705.174882696444,586.8758373906244,1
1193,1253,41.766666666666666,41.889557123184204,39.883586168289185,1788008936327356,1788008936693341184,396735,396736,1788008936691829760,1788008936700162304,0.18140200286123032,8.33272933959961,1.5115737915039062,1347.763362794309,597.3876475073973,1,705.2182720126186,587.6452201353233,1
1194,1254,41.8,41.9229941368103,39.91702318191528,1788008936360793,1788008936726779392,396739,396740,1788008936725161984,1788008936733495808,0.19408365280082393,8.333683013916016,1.617431640625,1347.1195585907594,597.5810918353461,1,705.2717136304386,588.1283750764852,1
1195,1255,41.833333333333336,41.95642304420471,39.95045208930969,1788008936394222,1788008936760209408,396743,396744,1788008936758494976,1788008936766828032,0.2057165746330577,8.332967758178711,1.7142295837402344,1346.8016789560568,598.2485749347101,1,705.3471743846634,588.5405751893984,1
1196,1256,41.86666666666667,41.98985290527344,39.98388195037842,1788008936427652,1788008936793640448,396747,396748,1788008936791827456,1788008936800160512,0.21756172927813225,8.332967758178711,1.8129348754882812,1346.6959004240014,598.7651217453512,1,705.5273545090118,588.8496622127437,1
1197,1257,41.9,42.023282051086426,40.017311096191406,1788008936461081,1788008936827070464,396751,396752,1788008936825159680,1788008936833493504,0.2292727584825771,8.333683013916016,1.9106864929199219,1346.6699810191967,599.4951222298922,1,705.7359220055785,589.7334431766659,1
1198,1258,41.93333333333333,42.05671191215515,40.05074095726013,1788008936494511,1788008936860501504,396755,396756,1788008936858493184,1788008936866824960,0.24105763177473816,8.331775665283203,2.0084381103515625,1347.1095307164433,600.7473667521281,1,705.8022108321193,590.9076664967029,1
1199,1259,41.96666666666667,42.090147972106934,40.084177017211914,1788008936527947,1788008936893938944,396759,396760,1788008936891824128,1788008936900158208,0.2537548276355314,8.333921432495117,2.1147727966308594,1347.7257697619646,603.3497203541111,1,705.7483683784291,592.8843991002383,1
1200,1260,42.0,42.12357807159424,40.11760711669922,1788008936561377,1788008936927370240,396763,396764,1788008936925157632,1788008936933490432,0.2655431890360791,8.332967758178711,2.2127628326416016,1349.1912513267957,607.2325950975506,1,705.1615008609454,595.2915403901685,1
1201,1261,42.03333333333333,42.15700697898865,40.15103602409363,1788008936594806,1788008936960800512,396767,396768,1788008936958489856,1788008936966822656,0.27728183118741057,8.33272933959961,2.310514450073242,1351.6926682950134,612.1543617530501,1,704.1582861549429,598.4304278538555,1
1202,1262,42.06666666666667,42.190443992614746,40.18447303771973,1788008936628243,1788008936994238720,396771,396772,1788008936991822336,1788008937000155904,0.28995250901184416,8.333683013916016,2.416372299194336,1354.3399529224139,615.7428373127553,1,702.6619987735072,601.079470235194,1
1203,1263,42.1,42.22387409210205,40.21790313720703,1788008936661673,1788008937027670016,396775,396776,1788008937025155328,1788008937033488384,0.30176532860290123,8.332967758178711,2.5146007537841797,1356.4260339238526,616.9362008441421,1,700.9651181163392,602.4623395123538,1
1204,1264,42.13333333333333,42.25730490684509,40.25133395195007,1788008936695104,1788008937061101824,396779,396780,1788008937058487552,1788008937066820608,0.3137249291865755,8.332967758178711,2.614259719848633,1357.94929528887,616.4027706312536,1,699.4153728503524,603.195375513347,1
1205,1265,42.166666666666664,42.2907350063324,40.28476405143738,1788008936728534,1788008937094532864,396783,396784,1788008937091820032,1788008937100153600,0.32554214109973106,8.333683013916016,2.7129650115966797,1359.2564799774523,615.3944329621836,1,697.9019701525572,602.892593910148,1
1206,1266,42.2,42.32416105270386,40.31819009780884,1788008936761960,1788008937127960320,396787,396788,1788008937125153280,1788008937133486080,0.33685264663805436,8.33272933959961,2.8069019317626953,1361.2153220019047,612.7552113525239,1,696.4809407765215,602.7441761175285,1
1207,1267,42.233333333333334,42.35759401321411,40.35162305831909,1788008936795393,1788008937161394432,396791,396792,1788008937158485504,1788008937166818304,0.34908872421389947,8.332967758178711,2.908945083618164,1363.0682336764216,610.6409892633142,1,695.5152646972961,602.8027481293196,1
1208,1268,42.266666666666666,42.391024112701416,40.3850531578064,1788008936828823,1788008937194825728,396795,396796,1788008937191817728,1788008937200151808,0.36092118437991705,8.333921432495117,3.0078887939453125,1365.0238657791174,609.2817036291593,1,694.3164025434055,603.1827426984732,1
1209,1269,42.3,42.424461126327515,40.418490171432495,1788008936862260,1788008937228263936,396799,396800,1788008937225150976,1788008937233483776,0.37356223175965664,8.33272933959961,3.11279296875,1367.1691985471284,608.1856928646488,1,692.9645259234126,603.2712887549388,1
1210,1270,42.333333333333336,42.45789098739624,40.45192003250122,1788008936895690,1788008937261694976,396803,396804,1788008937258483456,1788008937266816256,0.38540772532188844,8.33272933959961,3.211498260498047,1369.2789660423755,607.2020428563022,1,692.3108976768167,603.6757195005833,1
1211,1271,42.36666666666667,42.49132013320923,40.48534917831421,1788008936929119,1788008937295124992,396807,396808,1788008937291815424,1788008937300149504,0.3971105707338006,8.333921432495117,3.309488296508789,1370.463851480436,606.094174520539,1,691.5492170828365,603.786706042144,1
1212,1272,42.4,42.524749994277954,40.518779039382935,1788008936962549,1788008937328556032,396811,396812,1788008937325148928,1788008937333481728,0.40888672713227087,8.332967758178711,3.4072399139404297,1371.2462325619977,605.1901870017758,1,690.5992336220856,603.8758656274249,1
1213,1273,42.43333333333333,42.558186054229736,40.55221509933472,1788008936995985,1788008937361993216,396815,396816,1788008937358481152,1788008937366814976,0.4214275497067658,8.333921432495117,3.512144088745117,1371.4247798791337,604.4710070682822,1,689.8244458894719,603.8455118729905,1
1214,1274,42.46666666666667,42.591614961624146,40.585644006729126,1788008937029414,1788008937395423488,396819,396820,1788008937391814400,1788008937400147200,0.43310443490701,8.33272933959961,3.6089420318603516,1371.9709991812824,603.7561632121177,1,689.0208887999543,603.7972383074888,1
1215,1275,42.5,42.625051975250244,40.619081020355225,1788008937062851,1788008937428861696,396823,396824,1788008937425146880,1788008937433479424,0.4458082975679542,8.33272933959961,3.7147998809814453,1373.2529244155958,601.8874336731046,1,688.5603049088002,603.9637739704363,1
1216,1276,42.53333333333333,42.658483028411865,40.652512073516846,1788008937096282,1788008937462293504,396827,396828,1788008937458478848,1788008937466812928,0.45773136890287514,8.333921432495117,3.814697265625,1373.8215490779187,600.2683230680404,1,687.5072340057353,604.0773549441867,1
1217,1277,42.56666666666667,42.69192099571228,40.68595004081726,1788008937129720,1788008937495732736,396831,396832,1788008937491812352,1788008937500145152,0.47048725358358845,8.332967758178711,3.9205551147460938,1374.4116077768294,599.2421753504038,1,686.5476216273116,604.6052044274081,1
1218,1278,42.6,42.72535014152527,40.71937918663025,1788008937163149,1788008937529163008,396835,396836,1788008937525144576,1788008937533477376,0.48226037195994276,8.33272933959961,4.018545150756836,1374.9516339737106,598.1809650234734,1,685.5309156655048,605.2752550601268,1
1219,1279,42.63333333333333,42.75878691673279,40.75281596183777,1788008937196586,1788008937562601216,396839,396840,1788008937558476800,1788008937566810624,0.49487898380728956,8.333683013916016,4.124164581298828,1375.1214799341974,598.2344976907585,1,684.2331977904587,605.5832887705615,1
1220,1280,42.666666666666664,42.79221796989441,40.78624701499939,1788008937230017,1788008937596033280,396843,396844,1788008937591810304,1788008937600142848,0.5068097281831188,8.33272933959961,4.109621047973633,1375.6088392755985,597.1501162889813,1,682.6245961980676,605.5122561637306,1
1221,1281,42.7,42.82565402984619,40.81968307495117,1788008937263453,1788008937629470464,396847,396848,1788008937625142272,1788008937633475328,0.5194128923349832,8.332967758178711,4.004716873168945,1376.4536768927644,596.1068802995186,1,681.2437739757455,605.378138679611,1
1222,1282,42.733333333333334,42.859081983566284,40.853111028671265,1788008937296881,1788008937662899200,396851,396852,1788008937658474752,1788008937666808576,0.5309111715062222,8.333921432495117,3.9093494415283203,1377.407027693639,595.068130623236,1,680.3709209100489,605.7183756502292,1
1223,1283,42.766666666666666,42.89251899719238,40.88654804229736,1788008937330318,1788008937696337152,396855,396856,1788008937691808000,1788008937700140800,0.5435479256080115,8.33272933959961,3.8034915924072266,1377.9778735617856,594.351361644279,1,679.5595464675814,605.9100459238451,1
1224,1284,42.8,42.92594790458679,40.91997694969177,1788008937363747,1788008937729766912,396859,396860,1788008937725140224,1788008937733474048,0.5551582079304228,8.333683013916016,3.7071704864501953,1379.6415811626564,593.5732985285065,1,677.5424126598007,605.1273836456892,1
1225,1285,42.833333333333336,42.95937895774841,40.953408002853394,1788008937397178,1788008937763198976,396863,396864,1788008937758473472,1788008937766806272,0.5670796257617807,8.332967758178711,3.607511520385742,1381.8066765528722,593.1684002258662,1,675.5316562817723,604.50631012857,1
1226,1286,42.86666666666667,42.99281597137451,40.98684501647949,1788008937430615,1788008937796637184,396867,396868,1788008937791805696,1788008937800138752,0.5797831249463534,8.332967758178711,3.5016536712646484,1384.307063335442,592.2759024281413,1,673.12021729049,603.6636108832888,1
1227,1287,42.9,43.026246070861816,41.0202751159668,1788008937464045,1788008937830068224,396871,396872,1788008937825138176,1788008937833471744,0.5916061108885965,8.333683013916016,3.4034252166748047,1386.064910284666,591.8895302635266,1,671.6426246057636,603.3682035155405,1
1228,1288,42.93333333333333,43.059674978256226,41.053704023361206,1788008937497474,1788008937863498496,396875,396876,1788008937858471424,1788008937866803200,0.6033594688948664,8.331775665283203,3.304719924926758,1387.910740394135,591.1849715251467,1,668.2639666747486,603.0423173021499,1
1229,1289,42.96666666666667,43.09310507774353,41.08713412284851,1788008937530904,1788008937896929792,396879,396880,1788008937891802624,1788008937900135424,0.6152899773969271,8.332967758178711,3.2057762145996094,1391.128443349386,591.3059715973775,1,664.1307498825759,603.1682321304968,1
1230,1290,43.0,43.12654209136963,41.12057113647461,1788008937564341,1788008937930368000,396883,396884,1788008937925134848,1788008937933468928,0.6279216135030754,8.333921432495117,3.100872039794922,1393.0850483678814,591.4131979983717,1,660.828276845999,603.8708123720872,1
1231,1291,43.03333333333333,43.15997099876404,41.15400004386902,1788008937597770,1788008937963797760,396887,396888,1788008937958468096,1788008937966800896,0.6395994277539342,8.33272933959961,3.0031204223632812,1394.7473275700763,590.6489056745232,1,658.3569449174433,604.256234247254,1
1232,1292,43.06666666666667,43.19339990615845,41.18742895126343,1788008937631199,1788008937997228032,396891,396892,1788008937991800576,1788008938000134144,0.6512559363735195,8.333683013916016,2.906322479248047,1395.902855959911,590.3278548841912,1,655.0239611341133,603.8420423200583,1
1233,1293,43.1,43.22683000564575,41.22085905075073,1788008937664629,1788008938030659072,396895,396896,1788008938025133568,1788008938033466624,0.6630997682469744,8.332967758178711,2.8073787689208984,1396.1255866866832,590.1491844230563,1,652.7217774006665,603.9718581072229,1
1234,1294,43.13333333333333,43.26026105880737,41.25429010391235,1788008937698060,1788008938064091392,396899,396900,1788008938058466048,1788008938066798848,0.6750879803152986,8.332967758178711,2.7074813842773438,1396.5684627727965,589.4959791654684,1,650.6309198157028,603.3113537907878,1
1235,1295,43.166666666666664,43.29368996620178,41.28771901130676,1788008937731489,1788008938097521664,396903,396904,1788008938091798272,1788008938100132096,0.6867597413743778,8.333683013916016,2.610445022583008,1396.446537568465,589.1255234899646,1,649.1253381459871,602.1006128949433,1
1236,1296,43.2,43.32712006568909,41.32114911079407,1788008937764919,1788008938130952960,396907,396908,1788008938125131520,1788008938133464320,0.6985979971387697,8.33272933959961,2.5115013122558594,1396.4938618547296,588.9743836895846,1,648.0392153624204,601.4345902067801,1
1237,1297,43.233333333333334,43.36054992675781,41.35457897186279,1788008937798349,1788008938164384000,396911,396912,1788008938158463744,1788008938166796800,0.7104517753426225,8.332967758178711,2.4127960205078125,1396.788185181226,589.3703883048904,1,647.154660872539,601.0383268276007,1
1238,1298,43.266666666666666,43.393985986709595,41.388015031814575,1788008937831785,1788008938197821184,396915,396916,1788008938191795968,1788008938200130048,0.7229580889715348,8.333921432495117,2.3088455200195312,1397.3799056170944,589.4401404444806,1,646.1703420985963,601.1017363214656,1
1239,1299,43.3,43.427417039871216,41.421446084976196,1788008937865216,1788008938231253504,396919,396920,1788008938225129472,1788008938233462016,0.7349356223175966,8.33272933959961,2.208709716796875,1398.5753326575232,589.0708254165653,1,645.1810689800698,601.4847622925608,1
1240,1300,43.333333333333336,43.46084403991699,41.45487308502197,1788008937898643,1788008938264681472,396923,396924,1788008938258461696,1788008938266794496,0.7464377682403434,8.33272933959961,2.112865447998047,1399.517700150975,588.5838250774185,1,644.3435319010822,601.630630235877,1
1241,1301,43.36666666666667,43.494266986846924,41.488296031951904,1788008937932066,1788008938298105600,396927,396928,1788008938291793920,1788008938300127744,0.7573451580603633,8.333921432495117,2.022266387939453,1400.9396044633393,588.1105377482579,1,643.9814337404346,601.699789537317,1
1242,1302,43.4,43.52769613265991,41.52172517776489,1788008937965495,1788008938331535872,396931,396932,1788008938325127168,1788008938333459968,0.7690767073903465,8.332967758178711,1.924276351928711,1402.1834138559757,588.3318574489011,1,643.2206823645531,601.589944398919,1
1243,1303,43.43333333333333,43.561126947402954,41.555155992507935,1788008937998926,1788008938364967936,396935,396936,1788008938358459392,1788008938366793472,0.7809469317694179,8.333921432495117,1.825571060180664,1404.2796328127763,588.4947724517879,1,642.8306143119385,601.6514342951598,1
1244,1304,43.46666666666667,43.59455704689026,41.58858609199524,1788008938032356,1788008938398398976,396939,396940,1788008938391792896,1788008938400125440,0.7927896995708155,8.33272933959961,1.7266273498535156,1405.8631064673932,588.8261506887912,1,642.3293978811269,601.6097901499887,1
1245,1305,43.5,43.627986907958984,41.622015953063965,1788008938065786,1788008938431830016,396943,396944,1788008938425125120,1788008938433457920,0.8046351931330472,8.33272933959961,1.6279220581054688,1407.1042061112403,588.6289686214465,1,642.2810495816954,601.7307933219547,1
1246,1306,43.53333333333333,43.66141605377197,41.65544509887695,1788008938099215,1788008938465260288,396947,396948,1788008938458457344,1788008938466791168,0.8163066800171649,8.333921432495117,1.5308856964111328,1408.1954859832001,589.0289010164549,1,641.7342234880664,601.5812130656947,1
1247,1307,43.56666666666667,43.6948459148407,41.68887495994568,1788008938132645,1788008938498691328,396951,396952,1788008938491790592,1788008938500123392,0.8281308117078195,8.332967758178711,1.432180404663086,1409.3181408754426,590.324036226242,1,641.7237016347246,601.6817503190307,1
1248,1308,43.6,43.728281021118164,41.722310066223145,1788008938166080,1788008938532127744,396955,396956,1788008938525122816,1788008938533455616,0.8406294706723891,8.33272933959961,1.3279914855957031,1410.0360990189806,592.2645244809883,1,641.9826128207326,602.6256090376014,1
1249,1309,43.63333333333333,43.76171112060547,41.75574016571045,1788008938199510,1788008938565559040,396959,396960,1788008938558455296,1788008938566788864,0.8524346283687132,8.333683013916016,1.2297630310058594,1411.3847667278292,594.415819510971,1,641.9992361067519,603.4958016748609,1
1250,1310,43.666666666666664,43.79514002799988,41.78916907310486,1788008938232939,1788008938598989312,396963,396964,1788008938591788544,1788008938600121344,0.8641487839771101,8.33272933959961,1.1320114135742188,1412.6124437316253,596.3616940622804,1,641.7144502670695,603.8865767354553,1
1251,1311,43.7,43.8285710811615,41.82260012626648,1788008938266370,1788008938632421376,396967,396968,1788008938625120512,1788008938633453568,0.8761122714657663,8.332967758178711,1.0323524475097656,1413.8076696073203,597.7404535460153,1,641.3524232545064,604.836787881049,1
1252,1312,43.733333333333334,43.862009048461914,41.856038093566895,1788008938299808,1788008938665860352,396971,396972,1788008938658452992,1788008938666786816,0.8888284937777142,8.333921432495117,0.9264945983886719,1414.1077219396655,599.3004887052738,1,640.9186661984322,605.3051989901733,1
1253,1313,43.766666666666666,43.89543795585632,41.889467000961304,1788008938333237,1788008938699290624,396975,396976,1788008938691786240,1788008938700119040,0.9005722460658083,8.33272933959961,0.8285045623779297,1415.2640491223865,599.6794607765422,1,640.3503546576512,605.5202147901874,1
1254,1314,43.8,43.92886805534363,41.92289710044861,1788008938366667,1788008938732721920,396979,396980,1788008938725118720,1788008938733451264,0.9124463519313305,8.33272933959961,0.7295608520507812,1416.0858787653199,599.9223303436163,1,639.5360313635474,605.4568516413063,1
1255,1315,43.833333333333336,43.96229791641235,41.956326961517334,1788008938400097,1788008938766152448,396983,396984,1788008938758450688,1788008938766784768,0.9241310256043485,8.333921432495117,0.6322860717773438,1416.6028728910553,600.1714704989611,1,638.6888503077121,605.565001912988,1
1256,1316,43.86666666666667,43.99572801589966,41.98975706100464,1788008938433527,1788008938799582976,396987,396988,1788008938791783936,1788008938800116992,0.9359102743841378,8.332967758178711,0.5340576171875,1417.588565414298,600.1834263496346,1,637.718148689929,605.8714989999426,1
1257,1317,43.9,44.02915811538696,42.02318716049194,1788008938466957,1788008938833013760,396991,396992,1788008938825116416,1788008938833449984,0.9476454769125136,8.333683013916016,0.4363059997558594,1418.7261081970257,600.6221583543496,1,636.8870534470575,606.2628143678809,1
1258,1318,43.93333333333333,44.06258702278137,42.05661606788635,1788008938500386,1788008938866444032,396995,396996,1788008938858449664,1788008938866781440,0.9595089566760144,8.331775665283203,0.33736228942871094,1419.2911284030142,601.2095942014494,1,636.5511550724525,606.8345482448674,1
1259,1319,43.96666666666667,44.096009969711304,42.090039014816284,1788008938533809,1788008938899868160,396999,397000,1788008938891780864,1788008938900113920,0.9705301708105634,8.332967758178711,0.24557113647460938,1419.3177276849592,601.3463379941257,1,636.1799578407238,606.9583504932193,1
1260,1320,44.0,44.12943696975708,42.12346601486206,1788008938567236,1788008938933296384,397003,397004,1788008938925113088,1788008938933447168,0.9819196109283365,8.333921432495117,0.1506805419921875,1418.6801365275223,601.1842121435889,1,635.9338920650349,606.7738459533306,1
1261,1321,44.03333333333333,44.16286611557007,42.15689516067505,1788008938600665,1788008938966726656,397007,397008,1788008938958446592,1788008938966779136,0.9937052932761087,8.33272933959961,0.05245208740234375,1418.5306071493324,601.0706875631336,1,635.4411191118512,606.4043623379093,1
1262,1322,44.06666666666667,44.196288108825684,42.190317153930664,1788008938634087,1788008939000149760,397012,397013,1788008939000112640,1788008939008445440,0.004463391605390403,8.332967758178711,0.03719329833984375,1418.0852122662682,601.9032754801035,1,635.7423082556791,605.8981695117761,1
1263,1323,44.1,44.22972011566162,42.2237491607666,1788008938667519,1788008939033582848,397016,397017,1788008939033444864,1788008939041777664,0.016566523605150214,8.33272933959961,0.1380443572998047,1417.8259706404351,602.35808006085,1,635.8801900339245,605.5881294873939,1
1264,1324,44.13333333333333,44.263142108917236,42.25717115402222,1788008938700941,1788008939067006208,397020,397021,1788008939066777344,1788008939075110912,0.0274646678491732,8.333683013916016,0.2288818359375,1417.646089718768,602.960553678747,1,636.1171558035189,605.406829284288,1
1265,1325,44.166666666666664,44.29657196998596,42.29060101509094,1788008938734371,1788008939100437248,397024,397025,1788008939100110336,1788008939108443136,0.03922634545506566,8.332967758178711,0.3268718719482422,1417.9298671025865,603.5834781909049,1,636.2901044260307,605.4333965140412,1
1266,1326,44.2,44.32999396324158,42.32402300834656,1788008938767793,1788008939133860096,397028,397029,1788008939133442560,1788008939141775616,0.05009870962204229,8.332967758178711,0.41747093200683594,1417.535249228192,604.0616352043968,1,636.301572438946,605.430343389231,1
1267,1327,44.233333333333334,44.36342406272888,42.35745310783386,1788008938801223,1788008939167291392,397032,397033,1788008939166775040,1788008939175108608,0.06196715683469703,8.333683013916016,0.5164146423339844,1416.7173672367235,604.1652303121549,1,636.2961031146692,606.111461809999,1
1268,1328,44.266666666666666,44.39685392379761,42.39088296890259,1788008938834653,1788008939200722432,397036,397037,1788008939200108288,1788008939208441088,0.07370529327610872,8.33272933959961,0.614166259765625,1416.156832909481,604.7832742080814,1,636.3198926768841,606.6292899209116,1
1269,1329,44.3,44.43028211593628,42.42431116104126,1788008938868081,1788008939234151936,397040,397041,1788008939233440512,1788008939241773312,0.08537667019541643,8.332967758178711,0.7114410400390625,1416.0113299122486,605.4418089840381,1,636.7677835302777,606.8548637458786,1
1270,1330,44.333333333333336,44.463711977005005,42.457741022109985,1788008938901511,1788008939267582976,397044,397045,1788008939266772736,1788008939275106560,0.0972106994707481,8.333921432495117,0.8101463317871094,1416.0382319614425,605.8777486588662,1,636.9291763185183,606.9171441315142,1
1271,1331,44.36666666666667,44.497133016586304,42.491162061691284,1788008938934932,1788008939301005056,397048,397049,1788008939300105984,1788008939308438784,0.1078969957081545,8.33272933959961,0.8990764617919922,1416.0734341177679,606.0675211909132,1,637.0096878140013,607.005900125009,1
1272,1332,44.4,44.530571937561035,42.524600982666016,1788008938968371,1788008939334445568,397052,397053,1788008939333438464,1788008939341771008,0.12085836909871245,8.33272933959961,1.007080078125,1416.1824476529926,606.1858961270704,1,636.8878314054202,607.0928450105142,1
1273,1333,44.43333333333333,44.56399893760681,42.55802798271179,1788008939001798,1788008939367873792,397056,397057,1788008939366770432,1788008939375104512,0.1323701902446002,8.333921432495117,1.1031627655029297,1416.1020328956702,606.2757984437627,1,636.5974461965304,607.1690147093676,1
1274,1334,44.46666666666667,44.59743094444275,42.59145998954773,1788008939035230,1788008939401306624,397060,397061,1788008939400103680,1788008939408436736,0.14434494005893966,8.332967758178711,1.2028217315673828,1416.7316318936278,606.4071324214661,1,636.513721429819,607.3998485760551,1
1275,1335,44.5,44.63086009025574,42.62488913536072,1788008939068659,1788008939434736640,397064,397065,1788008939433436160,1788008939441769984,0.156057788585324,8.333921432495117,1.3005733489990234,1417.3730995439942,606.5467983790038,1,636.5638721667467,607.5795744100569,1
1276,1336,44.53333333333333,44.66428899765015,42.65831804275513,1788008939102088,1788008939468166912,397068,397069,1788008939466769408,1788008939475102208,0.1676967095851216,8.33272933959961,1.3973712921142578,1417.7387864799855,606.5224138406045,1,636.4233665000056,607.6207432638993,1
1277,1337,44.56666666666667,44.697726011276245,42.691755056381226,1788008939135525,1788008939501605120,397072,397073,1788008939500101888,1788008939508434432,0.18040057224606582,8.33272933959961,1.5032291412353516,1418.0669481276395,606.3669504363535,1,636.2382893275956,607.5269246035025,1
1278,1338,44.6,44.731157064437866,42.72518610954285,1788008939168956,1788008939535037184,397076,397077,1788008939533433856,1788008939541767936,0.1923902159919897,8.333921432495117,1.6033649444580078,1418.1800273757174,606.2013480077885,1,636.5765415598743,607.3535195476346,1
1279,1339,44.63333333333333,44.76458692550659,42.75861597061157,1788008939202386,1788008939568467968,397080,397081,1788008939566767104,1788008939575100160,0.20411433149266114,8.332967758178711,1.7008781433105469,1418.3546259956522,606.0712231255002,1,637.0744178198165,607.2055957211533,1
1280,1340,44.666666666666664,44.79801607131958,42.79204511642456,1788008939235815,1788008939601898496,397084,397085,1788008939600099584,1788008939608432384,0.21587982832618025,8.33272933959961,1.798868179321289,1418.7039935237062,606.015953925193,1,637.4212434684182,606.8020865946331,1
1281,1341,44.7,44.831454038619995,42.825483083724976,1788008939269253,1788008939635337472,397088,397089,1788008939633431808,1788008939641765632,0.22867196887337643,8.333683013916016,1.905679702758789,1418.9054389908179,605.9537137741983,1,637.8602554940273,606.4879385950848,1
1282,1342,44.733333333333334,44.864882946014404,42.858911991119385,1788008939302682,1788008939668767744,397092,397093,1788008939666765312,1788008939675097856,0.24031473533619457,8.33272933959961,2.0024776458740234,1419.0942144058292,606.1556556905368,1,638.0237780430223,606.400892070685,1
1283,1343,44.766666666666666,44.898313999176025,42.892343044281006,1788008939336113,1788008939702200064,397096,397097,1788008939700097280,1788008939708430336,0.2523532946124574,8.332967758178711,2.1028518676757812,1419.137123202517,606.0940059674064,1,638.0497691087241,606.3766481457628,1
1284,1344,44.8,44.931747913360596,42.925776958465576,1788008939369547,1788008939735634944,397100,397101,1788008939733429760,1788008939741763584,0.26462594764697467,8.333921432495117,2.205371856689453,1418.8542693785703,605.8903267808041,1,637.9230200108013,606.6190437762076,1
1285,1345,44.833333333333336,44.9651780128479,42.95920705795288,1788008939402977,1788008939769065984,397104,397105,1788008939766763008,1788008939775095808,0.27639484978540774,8.33272933959961,2.3031234741210938,1418.6953127130291,605.7521539205216,1,637.6552086744426,606.6280898476596,1
1286,1346,44.86666666666667,44.99860095977783,42.99263000488281,1788008939436400,1788008939802490112,397108,397109,1788008939800095232,1788008939808428032,0.28741058655221746,8.33272933959961,2.3949146270751953,1418.7636672440944,605.5749916793362,1,637.5861373831642,606.348752621329,1
1287,1347,44.9,45.03203201293945,43.026061058044434,1788008939469831,1788008939835922688,397112,397113,1788008939833428736,1788008939841761280,0.29931330472103,8.33272933959961,2.4940967559814453,1418.8295300744217,605.4355067675385,1,637.5157510061493,605.9780827173932,1
1288,1348,44.93333333333333,45.065459966659546,43.059489011764526,1788008939503259,1788008939869351424,397116,397117,1788008939866759680,1788008939875092480,0.3110157367668097,8.33272933959961,2.5916099548339844,1418.6220716059904,605.335627490892,1,637.311963015563,605.5145052143063,1
1289,1349,44.96666666666667,45.09889793395996,43.09292697906494,1788008939536697,1788008939902790144,397120,397121,1788008939900092160,1788008939908425728,0.3237397722721291,8.333683013916016,2.6979446411132812,1418.6705893377077,605.0230200384987,1,637.1441605752483,604.8364602294242,1
1290,1350,45.0,45.132328033447266,43.126357078552246,1788008939570127,1788008939936220928,397124,397125,1788008939933425408,1788008939941758208,0.3354792560801145,8.33272933959961,2.7954578399658203,1419.089829024603,604.6579704789048,1,636.8792644004554,604.1284514900269,1
1291,1351,45.03333333333333,45.16575813293457,43.15978717803955,1788008939603557,1788008939969652224,397128,397129,1788008939966757632,1788008939975090432,0.34737203513490317,8.332967758178711,2.8946399688720703,1419.6083380599164,604.0690163266783,1,636.8337198241829,603.2976626074269,1
1292,1352,45.06666666666667,45.19918513298035,43.19321417808533,1788008939636984,1788008940003080448,397132,397133,1788008940000089856,1788008940008423680,0.35883278500929766,8.333921432495117,2.9904842376708984,1419.6248383737166,603.7139423972961,1,636.8646285635725,602.249791771319,1
1293,1353,45.1,45.23261499404907,43.22664403915405,1788008939670414,1788008940036511488,397136,397137,1788008940033423104,1788008940041755904,0.37061516452074394,8.33272933959961,3.088235855102539,1418.9684405626945,603.4965919916477,1,637.4080575710586,600.995875267473,1
1294,1354,45.13333333333333,45.26605200767517,43.26008105278015,1788008939703851,1788008940069949696,397140,397141,1788008940066755584,1788008940075089152,0.3832751616410139,8.333683013916016,3.194093704223633,1416.6446214780672,603.6707433657839,1,638.6632008847031,599.7131370227173,1
1295,1355,45.166666666666664,45.29948306083679,43.29351210594177,1788008939737282,1788008940103381760,397144,397145,1788008940100088832,1788008940108421632,0.3951931330472103,8.33272933959961,3.2930374145507812,1414.097058277516,603.4203392868098,1,639.4463032739045,598.2066073692608,1
1296,1356,45.2,45.33292102813721,43.32695007324219,1788008939770720,1788008940136820992,397148,397149,1788008940133421056,1788008940141753856,0.40802838259277274,8.332967758178711,3.400087356567383,1413.5560393882752,601.7308073467957,1,641.2149764793437,596.3588362979813,1
1297,1357,45.233333333333334,45.3663489818573,43.36037802696228,1788008939804148,1788008940170251008,397152,397153,1788008940166753280,1788008940175086848,0.4197230645991875,8.333683013916016,3.4978389739990234,1411.0380711904431,599.9074225762657,1,644.3243803338397,594.3228050853471,1
1298,1358,45.266666666666666,45.3997859954834,43.39381504058838,1788008939837585,1788008940203689216,397156,397157,1788008940200086528,1788008940208419328,0.4323319027181688,8.33272933959961,3.6025047302246094,1406.4863359786377,598.412984509894,1,647.423475653615,592.4189764534982,1
1299,1359,45.3,45.43321704864502,43.42724609375,1788008939871016,1788008940237120768,397160,397161,1788008940233419008,1788008940241751552,0.44426323319027183,8.33272933959961,3.701925277709961,1403.6157429363657,596.453519289965,1,651.390039360773,590.5588336047989,1
1300,1360,45.333333333333336,45.46664595603943,43.46067500114441,1788008939904445,1788008940270550784,397164,397165,1788008940266750976,1788008940275085056,0.45592905163782005,8.333921432495117,3.7996768951416016,1400.4885366515618,594.2185011485235,1,656.4513087837133,588.3266925078913,1
1301,1361,45.36666666666667,45.50007510185242,43.4941041469574,1788008939937874,1788008940303981056,397168,397169,1788008940300084480,1788008940308417024,0.4676394849785408,8.33272933959961,3.8967132568359375,1396.4002745236357,591.1058331159735,1,662.369083129057,586.348683329478,1
1302,1362,45.4,45.533504009246826,43.52753305435181,1788008939971303,1788008940337410816,397172,397173,1788008940333416704,1788008940341749504,0.47934191702432044,8.33272933959961,3.9942264556884766,1392.2585086886359,587.283147733116,1,667.9227719435821,583.9888636724413,1
1303,1363,45.43333333333333,45.56693410873413,43.56096315383911,1788008940004733,1788008940370842112,397176,397177,1788008940366748928,1788008940375082752,0.49115981003604736,8.333683013916016,4.093170166015625,1388.8162678291708,583.5361716395548,1,673.611454834589,582.3337189983807,1
1304,1364,45.46666666666667,45.600363969802856,43.59439301490784,1788008940038163,1788008940404273152,397180,397181,1788008940400082176,1788008940408414976,0.5029612886612687,8.332967758178711,4.141807556152344,1382.946043142308,580.2328285255205,1,677.9689363778352,582.6134196799603,1
1305,1365,45.5,45.63379406929016,43.62782311439514,1788008940071593,1788008940437704448,397184,397185,1788008940433414400,1788008940441747200,0.5148497854077253,8.33272933959961,4.042625427246094,1379.5851485778487,577.6580605745526,1,680.6952725943955,582.7814445162566,1
1306,1366,45.53333333333333,45.667222023010254,43.661251068115234,1788008940105021,1788008940471133440,397188,397189,1788008940466747648,1788008940475080448,0.5263233190271817,8.33272933959961,3.947019577026367,1376.47016376074,576.0619290303047,1,683.1121750175639,583.612814053918,1
1307,1367,45.56666666666667,45.700653076171875,43.694682121276855,1788008940138452,1788008940504565760,397192,397193,1788008940500080128,1788008940508412928,0.5383118741058656,8.33272933959961,3.8471221923828125,1373.2061403449093,574.8749317129426,1,684.2492600227688,583.5077649273571,1
1308,1368,45.6,45.7340829372406,43.72811198234558,1788008940171882,1788008940537996800,397196,397197,1788008940533412096,1788008940541746176,0.5501072807895866,8.333921432495117,3.749370574951172,1369.51990588879,574.1830782510683,1,686.1087892633852,584.1887946806277,1
1309,1369,45.63333333333333,45.767504930496216,43.761533975601196,1788008940205304,1788008940571419904,397200,397201,1788008940566745600,1788008940575078400,0.5609567680466939,8.332967758178711,3.6585330963134766,1365.7633138068586,573.9466627635096,1,688.5347788004267,586.108223786581,1
1310,1370,45.666666666666664,45.80093312263489,43.79496216773987,1788008940238732,1788008940604849408,397204,397205,1788008940600077824,1788008940608410624,0.572618025751073,8.33272933959961,3.561258316040039,1361.5342253294125,574.4151263147227,1,690.5739428294169,587.4654616173327,1
1311,1371,45.7,45.8343710899353,43.82840013504028,1788008940272170,1788008940638288384,397208,397209,1788008940633410304,1788008940641743872,0.5853693425645133,8.333683013916016,3.4554004669189453,1358.0128228579927,574.6028546476218,1,692.0368304778651,588.7501211545361,1
1312,1372,45.733333333333334,45.86780095100403,43.86182999610901,1788008940305600,1788008940671719424,397212,397213,1788008940666743552,1788008940675076352,0.5971387696709585,8.33272933959961,3.35693359375,1355.1523472710476,573.6751134394095,1,694.2327943694895,591.034102517842,1
1313,1373,45.766666666666666,45.90122413635254,43.89525318145752,1788008940339023,1788008940705143808,397216,397217,1788008940700075520,1788008940708408576,0.6081943292037424,8.332967758178711,3.264904022216797,1350.9324042866374,574.4980847220515,1,696.5051282868385,593.20932599809,1
1314,1374,45.8,45.93465304374695,43.92868208885193,1788008940372452,1788008940738573824,397220,397221,1788008940733408000,1788008940741741824,0.6198540981261622,8.333921432495117,3.1681060791015625,1348.108959463998,575.3335013913853,1,697.2661498614675,592.801042357434,1
1315,1375,45.833333333333336,45.96809101104736,43.962120056152344,1788008940405890,1788008940772013056,397224,397225,1788008940766741248,1788008940775074048,0.6326466380543634,8.33272933959961,3.061056137084961,1346.1085138749465,575.409666499945,1,697.2707853189656,592.25115755523,1
1316,1376,45.86666666666667,46.00151991844177,43.99554896354675,1788008940439319,1788008940805443072,397228,397229,1788008940800073728,1788008940808406272,0.6443776824034335,8.33272933959961,2.9633045196533203,1345.7010708116009,570.6579444441551,1,697.4235828704681,590.8104163044302,1
1317,1377,45.9,46.03494191169739,44.02897095680237,1788008940472741,1788008940838865920,397232,397233,1788008940833405696,1788008940841739776,0.6551852381633528,8.333921432495117,2.873659133911133,1344.6974566645638,570.9241149025571,1,697.7017227135804,589.7312077199621,1
1318,1378,45.93333333333333,46.068373918533325,44.062402963638306,1788008940506173,1788008940872299264,397236,397237,1788008940866738176,1788008940875070720,0.6673819742489271,8.33272933959961,2.771615982055664,1343.9922890607813,571.9203545599693,1,697.693199708911,589.5720991448122,1
1319,1379,45.96666666666667,46.101799964904785,44.095829010009766,1788008940539599,1788008940905726208,397240,397241,1788008940900070400,1788008940908404224,0.6786633861646736,8.333683013916016,2.67791748046875,1343.8364345146424,572.8846894855573,1,697.9613906987481,590.0802109497911,1
1320,1380,46.0,46.13523006439209,44.12925910949707,1788008940573029,1788008940939156992,397244,397245,1788008940933403648,1788008940941736448,0.6904434907010014,8.33272933959961,2.5794506072998047,1343.558447885764,573.3878604397379,1,697.9844410779069,589.9247241181537,1
1321,1381,46.03333333333333,46.168659925460815,44.162688970565796,1788008940606459,1788008940972587776,397248,397249,1788008940966735872,1788008940975068928,0.7022688907327401,8.332967758178711,2.4809837341308594,1343.5574538154308,574.0770263004638,1,697.6424520311059,589.515689713483,1
1322,1382,46.06666666666667,46.20209002494812,44.1961190700531,1788008940639889,1788008941006019072,397252,397253,1788008941000068096,1788008941008402176,0.7140609354884851,8.333921432495117,2.382993698120117,1343.3686102219394,575.1988985982085,1,697.8237423588952,589.8300136753387,1
1323,1383,46.1,46.235520124435425,44.229549169540405,1788008940673319,1788008941039450112,397256,397257,1788008941033401600,1788008941041734144,0.7258941344778255,8.33272933959961,2.2840499877929688,1343.140335588455,576.4975100786663,1,698.2941014824796,589.9864597113171,1
1324,1384,46.13333333333333,46.26894998550415,44.26297903060913,1788008940706749,1788008941072881152,397260,397261,1788008941066733824,1788008941075066624,0.7377396280400572,8.33272933959961,2.185344696044922,1343.4229593415416,577.9348270098271,1,698.7149558944673,590.7279844005792,1
1325,1385,46.166666666666664,46.30237913131714,44.29640817642212,1788008940740178,1788008941106311680,397264,397265,1788008941100067072,1788008941108399872,0.749384835479256,8.33272933959961,2.088308334350586,1343.0262169740963,577.6754350607316,1,699.0115063495764,591.7516708353244,1
1326,1386,46.2,46.335808992385864,44.329838037490845,1788008940773608,1788008941139742720,397268,397269,1788008941133399296,1788008941141732096,0.7612371605962633,8.332967758178711,1.989603042602539,1342.8566594222634,578.341991264459,1,699.0785084287089,592.8341418635823,1
1327,1387,46.233333333333334,46.36923694610596,44.36326599121094,1788008940807036,1788008941173171712,397272,397273,1788008941166731520,1788008941175065600,0.7727649835502789,8.333921432495117,1.893758773803711,1342.7612946551894,579.2139576142397,1,699.4424613976662,593.106538133906,1
1328,1388,46.266666666666666,46.40266704559326,44.39669609069824,1788008940840466,1788008941206603008,397276,397277,1788008941200065024,1788008941208397568,0.7846351931330472,8.33272933959961,1.794576644897461,1343.1081879832864,580.8857150801109,1,699.6582139657244,593.684129210718,1
1329,1389,46.3,46.43609690666199,44.43012595176697,1788008940873896,1788008941240033792,397280,397281,1788008941233397248,1788008941241730048,0.7964520743919885,8.33272933959961,1.6961097717285156,1343.4133305597854,582.5312065594188,1,700.3596734332936,594.1686179569967,1
1330,1390,46.333333333333336,46.46952700614929,44.46355605125427,1788008940907326,1788008941273465088,397284,397285,1788008941266729472,1788008941275063296,0.8082391646402518,8.333921432495117,1.5981197357177734,1343.0622341582223,584.0135203713513,1,700.5542149318112,593.2960014382986,1
1331,1391,46.36666666666667,46.50294899940491,44.49697804450989,1788008940940748,1788008941306888192,397288,397289,1788008941300062720,1788008941308395520,0.819089582558439,8.332967758178711,1.5075206756591797,1343.5477701083275,584.8779235819644,1,700.919787685559,593.5682102215835,1
1332,1392,46.4,46.53638005256653,44.53040909767151,1788008940974179,1788008941340320256,397292,397293,1788008941333394944,1788008941341727744,0.831101573676681,8.33272933959961,1.4073848724365234,1343.7943329451016,585.5355000979141,1,700.8774309475019,593.6702478164156,1
1333,1393,46.43333333333333,46.56980895996094,44.56383800506592,1788008941007608,1788008941373750528,397296,397297,1788008941366727424,1788008941375060992,0.8427361675344739,8.333683013916016,1.310586929321289,1344.1060936545161,586.3482157914516,1,700.6728828620842,593.8750369303699,1
1334,1394,46.46666666666667,46.60323095321655,44.59725999832153,1788008941041030,1788008941407173632,397300,397301,1788008941400060416,1788008941408393472,0.8536236445309147,8.332967758178711,1.2197494506835938,1344.2931169292278,587.3814987344009,1,700.042469642163,593.0759311802489,1
1335,1395,46.5,46.63666105270386,44.63069009780884,1788008941074460,1788008941440604928,397304,397305,1788008941433392640,1788008941441725696,0.8654974106606392,8.332967758178711,1.1208057403564453,1343.6527620211084,588.0487493641035,1,700.1948161288839,593.3974813037057,1
1336,1396,46.53333333333333,46.67008996009827,44.66411900520325,1788008941107889,1788008941474034944,397308,397309,1788008941466725120,1788008941475058688,0.877152829432969,8.333683013916016,1.0237693786621094,1343.0263693689033,588.4568356107587,1,700.6968679477765,594.7991050919261,1
1337,1397,46.56666666666667,46.703519105911255,44.697548151016235,1788008941141318,1788008941507465472,397312,397313,1788008941500058368,1788008941508391168,0.8888984263233191,8.33272933959961,0.9257793426513672,1342.7545735912422,589.0209988750892,1,701.0286756549185,595.7625009410008,1
1338,1398,46.6,46.73694896697998,44.73097801208496,1788008941174748,1788008941540896512,397316,397317,1788008941533390592,1788008941541724416,0.9006436847375197,8.333921432495117,0.8280277252197266,1342.8302902110772,589.3975326021764,1,701.8218922009141,596.8453032190232,1
1339,1399,46.63333333333333,46.770370960235596,44.764400005340576,1788008941208170,1788008941574319616,397320,397321,1788008941566723840,1788008941575056896,0.9115332894623902,8.332967758178711,0.7371902465820312,1342.892228569996,589.8263338996604,1,701.7932005151913,596.286260765556,1
1340,1400,46.666666666666664,46.80380201339722,44.7978310585022,1788008941241601,1788008941607751680,397324,397325,1788008941600056064,1788008941608388864,0.923519313304721,8.33272933959961,0.6372928619384766,1342.7491014050604,589.6633001325927,1,701.9866082297826,596.4763791457917,1
1341,1401,46.7,46.837223052978516,44.831252098083496,1788008941275022,1788008941641173504,397328,397329,1788008941633388544,1788008941641722112,0.934170624249013,8.333683013916016,0.5486011505126953,1342.661486693146,589.3317839632977,1,702.1977894681553,597.3914668537589,1
1342,1402,46.733333333333334,46.87065291404724,44.86468195915222,1788008941308452,1788008941674604800,397332,397333,1788008941666721792,1788008941675054592,0.9460371959942775,8.33272933959961,0.4496574401855469,1342.578023265765,589.7059286902041,1,702.4483005694652,597.8773335038636,1
1343,1403,46.766666666666666,46.90407609939575,44.89810514450073,1788008941341875,1788008941708029184,397336,397337,1788008941700054016,1788008941708386816,0.9570827730250923,8.332967758178711,0.35762786865234375,1342.334969060689,590.1076894978172,1,702.6697508616019,597.7558133093862,1
1344,1404,46.8,46.93750500679016,44.93153405189514,1788008941375304,1788008941741459456,397340,397341,1788008941733386240,1788008941741720320,0.9687026176512659,8.333921432495117,0.2608299255371094,1342.437665635119,589.7367540198491,1,702.4224397764264,597.1052164287906,1
1345,1405,46.833333333333336,46.970932960510254,44.964962005615234,1788008941408732,1788008941774888448,397344,397345,1788008941766719488,1788008941775052288,0.9803433476394849,8.33272933959961,0.16379356384277344,1342.496753265365,589.5986708198076,1,702.6048512976138,597.1384942988544,1
1346,1406,46.86666666666667,47.00436305999756,44.99839210510254,1788008941442162,1788008941808319488,397348,397349,1788008941800051968,1788008941808384768,0.9921888412017167,8.33272933959961,0.06508827209472656,1342.7282190159976,589.4964779144202,1,702.3247369252432,596.5443219621784,1
1347,1407,46.9,47.037792921066284,45.031821966171265,1788008941475592,1788008941841750528,397353,397354,1788008941841718016,1788008941850050560,0.003919885550786839,8.33272933959961,0.03266334533691406,1342.8527686776474,589.4359109903472,1,701.9428193238006,595.9012930162406,1
1348,1408,46.93333333333333,47.071223974227905,45.065253019332886,1788008941509023,1788008941875182848,397357,397358,1788008941875049216,1788008941883383040,0.01604920612215706,8.333921432495117,0.13375282287597656,1342.8722334709023,589.7086349846555,1,701.4757084306298,595.5950277472463,1
1349,1409,46.96666666666667,47.104653120040894,45.098682165145874,1788008941542452,1788008941908613120,397361,397362,1788008941908382464,1788008941916715264,0.027695917141140454,8.332967758178711,0.2307891845703125,1342.9307173051986,589.1616536302695,1,701.1958824505812,596.2594581284018,1
1350,1410,47.0,47.13809013366699,45.13211917877197,1788008941575889,1788008941942051328,397365,397366,1788008941941714688,1788008941950047488,0.04040057224606581,8.33272933959961,0.33664703369140625,1342.9608264681483,589.091981203045,1,700.3321543557184,597.7270453284784,1
1351,1411,47.03333333333333,47.17151999473572,45.1655490398407,1788008941609319,1788008941975482368,397369,397370,1788008941975047168,1788008941983380736,0.05224008697144819,8.333683013916016,0.4353523254394531,1343.7191257554746,589.1293187448636,1,699.1809112378292,598.0997649553193,1
1352,1412,47.06666666666667,47.20495009422302,45.198979139328,1788008941642749,1788008942008913664,397373,397374,1788008942008380416,1788008942016713216,0.06400572246065808,8.33272933959961,0.5333423614501953,1344.159477767962,589.3427781005827,1,698.7148553697414,597.9275598892161,1
1353,1413,47.1,47.23837900161743,45.23240804672241,1788008941676178,1788008942042343936,397377,397378,1788008942041712640,1788008942050045440,0.07576321135303711,8.332967758178711,0.6313323974609375,1344.5879617987905,589.2328982171676,1,698.5249150916139,597.6287885256348,1
1354,1414,47.13333333333333,47.27180790901184,45.26583695411682,1788008941709607,1788008942075773696,397381,397382,1788008942075044864,1788008942083378688,0.08745529967100558,8.333921432495117,0.7288455963134766,1344.6277009694713,589.2654381756147,1,698.6125954806581,597.8276339343776,1
1355,1415,47.166666666666664,47.30524492263794,45.29927396774292,1788008941743044,1788008942109211648,397385,397386,1788008942108378112,1788008942116710912,0.10002861230329041,8.33272933959961,0.8335113525390625,1344.455693927087,589.0864907414696,1,698.4607751406215,597.7375348081042,1
1356,1416,47.2,47.33867597579956,45.33270502090454,1788008941776475,1788008942142643712,397389,397390,1788008942141710592,1788008942150044160,0.1119757395433999,8.333683013916016,0.9331703186035156,1343.8566323652706,588.4554876711435,1,698.0972812105439,597.0805416043995,1
1357,1417,47.233333333333334,47.37210512161255,45.36613416671753,1788008941809904,1788008942176073472,397393,397394,1788008942175043840,1788008942183376640,0.12357653791130185,8.33272933959961,1.0297298431396484,1343.6307573973495,588.524000241909,1,698.3124529540399,596.7080890769365,1
1358,1418,47.266666666666666,47.405534982681274,45.399564027786255,1788008941843334,1788008942209504256,397397,397398,1788008942208375808,1788008942216708864,0.13541815684815886,8.332967758178711,1.1284351348876953,1343.1612521037719,588.7935828531954,1,698.7804274561599,597.6418642939227,1
1359,1419,47.3,47.43896508216858,45.43299412727356,1788008941876764,1788008942242935552,397401,397402,1788008942241708288,1788008942250042112,0.14727506794450007,8.333921432495117,1.2273788452148438,1342.9644146960668,588.560421232174,1,698.643756668398,598.2881123978174,1
1360,1420,47.333333333333336,47.47239398956299,45.46642303466797,1788008941910193,1788008942276365824,397405,397406,1788008942275041536,1788008942283374336,0.15891273247496424,8.33272933959961,1.3241767883300781,1342.9662012617916,588.4544861993102,1,698.4141649718928,598.176002004521,1
1361,1421,47.36666666666667,47.50582408905029,45.49985313415527,1788008941943623,1788008942309797120,397409,397410,1788008942308374016,1788008942316706560,0.1707868383404864,8.33272933959961,1.4231204986572266,1343.4947270356515,588.7120417306616,1,698.1236771001991,597.2376982764714,1
1362,1422,47.4,47.5392529964447,45.53328204154968,1788008941977052,1788008942343226880,397413,397414,1788008942341705984,1788008942350040064,0.18249177513946502,8.333921432495117,1.5208721160888672,1343.4622224193577,589.0061444711574,1,698.033231013417,596.5733795504287,1
1363,1423,47.43333333333333,47.57268214225769,45.56671118736267,1788008942010481,1788008942376657152,397417,397418,1788008942375039232,1788008942383372288,0.19415753483448256,8.332967758178711,1.6179084777832031,1343.3997795698554,589.2103493016667,1,698.0487020617388,596.1071728923358,1
1364,1424,47.46666666666667,47.606112003326416,45.6001410484314,1788008942043911,1788008942410088192,397421,397422,1788008942408371712,1788008942416704512,0.20600858369098712,8.33272933959961,1.71661376953125,1343.4301340921863,588.9207595719022,1,698.0831458161292,595.9682236093569,1
1365,1425,47.5,47.63954210281372,45.6335711479187,1788008942077341,1788008942443519488,397425,397426,1788008942441703936,1788008942450037760,0.2178577559077645,8.333683013916016,1.8155574798583984,1343.4418630454538,588.3451316238308,1,697.9108510707358,596.1560969149923,1
1366,1426,47.53333333333333,47.672971963882446,45.66700100898743,1788008942110771,1788008942476950528,397429,397430,1788008942475037184,1788008942483369984,0.22963577580040628,8.332967758178711,1.9135475158691406,1343.6604557816493,588.2274338903638,1,698.0500786940513,595.9575003402384,1
1367,1427,47.56666666666667,47.706401109695435,45.700430154800415,1788008942144200,1788008942510380800,397433,397434,1788008942508369408,1788008942516702464,0.24136648450688106,8.332967758178711,2.0112991333007812,1344.0180306376183,588.1357698850051,1,697.895521379716,594.9583098746955,1
1368,1428,47.6,47.73983693122864,45.73386597633362,1788008942177636,1788008942543817728,397437,397438,1788008942541701888,1788008942550035456,0.25390513245980434,8.333683013916016,2.115964889526367,1344.6064333771633,588.079615358141,1,698.2504249151007,594.4213951113877,1
1369,1429,47.63333333333333,47.773268938064575,45.767297983169556,1788008942211068,1788008942577251072,397441,397442,1788008942575035136,1788008942583367936,0.2659227467811159,8.33272933959961,2.215862274169922,1345.2731465718236,587.9638654800419,1,698.2508935335015,594.3182832511438,1
1370,1430,47.666666666666664,47.80669808387756,45.800727128982544,1788008942244497,1788008942610681344,397445,397446,1788008942608367104,1788008942616701184,0.27767129166070664,8.333921432495117,2.3140907287597656,1345.9549773266058,587.6792581940999,1,698.2582538799744,594.4993427548027,1
1371,1431,47.7,47.840126037597656,45.83415508270264,1788008942277925,1788008942644110080,397449,397450,1788008942641700608,1788008942650033408,0.28917627535692825,8.332967758178711,2.409696578979492,1347.1920911165053,587.470099166686,1,698.2237259624278,594.8514504546723,1
1372,1432,47.733333333333334,47.873563051223755,45.867592096328735,1788008942311362,1788008942677548288,397453,397454,1788008942675032832,1788008942683365632,0.3018884120171674,8.33272933959961,2.515554428100586,1347.2269151368882,586.9918008524868,1,698.4736144455214,595.2423876888175,1
1373,1433,47.766666666666666,47.90699291229248,45.90102195739746,1788008942344792,1788008942710979584,397457,397458,1788008942708365312,1788008942716698880,0.31369800308977513,8.333683013916016,2.614259719848633,1347.4655681641932,586.3878644748486,1,698.8510202649086,595.5705831893403,1
1374,1434,47.8,47.940423011779785,45.934452056884766,1788008942378222,1788008942744410880,397461,397462,1788008942741698560,1788008942750031360,0.3254935622317597,8.33272933959961,2.712249755859375,1347.592103956298,586.5228067983285,1,699.2354238047342,595.9486567147885,1
1375,1435,47.833333333333336,47.97385311126709,45.96788215637207,1788008942411652,1788008942777841920,397465,397466,1788008942775030528,1788008942783363584,0.3373866269920746,8.332967758178711,2.811431884765625,1347.3294682737242,587.1534825306,1,699.6719485517973,595.7040000481655,1
1376,1436,47.86666666666667,48.00729012489319,46.00131916999817,1788008942445089,1788008942811280128,397469,397470,1788008942808363008,1788008942816696832,0.35005006436847375,8.333921432495117,2.9172897338867188,1346.9531519254806,587.676268889571,1,700.2844263024125,596.1723116695414,1
1377,1437,47.9,48.040719985961914,46.034749031066895,1788008942478519,1788008942844711424,397473,397474,1788008942841696256,1788008942850029056,0.36183118741058656,8.33272933959961,3.0150413513183594,1346.4076730112631,588.2319677754928,1,700.939697714884,596.5591455107361,1
1378,1438,47.93333333333333,48.0741491317749,46.06817817687988,1788008942511948,1788008942878141696,397477,397478,1788008942875027456,1788008942883361280,0.37368044628808467,8.333921432495117,3.1142234802246094,1345.8996441991148,588.0329308651568,1,702.059031481871,596.7484715610193,1
1379,1439,47.96666666666667,48.107579946517944,46.101608991622925,1788008942545379,1788008942911573760,397481,397482,1788008942908360704,1788008942916693760,0.38556836714257103,8.332967758178711,3.2129287719726562,1345.4406603764378,586.7560444069729,1,703.5195838514677,597.0367786162625,1
1380,1440,48.0,48.141008138656616,46.1350371837616,1788008942578807,1788008942945002752,397485,397486,1788008942941693184,1788008942950025728,0.3971959942775393,8.33272933959961,3.3097267150878906,1344.8127718280596,586.5922124768373,1,704.2575835730245,597.6253190949493,1
1381,1441,48.03333333333333,48.17443799972534,46.16846704483032,1788008942612237,1788008942978433792,397489,397490,1788008942975025408,1788008942983358976,0.40899467872060424,8.333683013916016,3.4084320068359375,1343.6394244951978,585.4492237580793,1,705.3467988672286,596.9406454424774,1
1382,1442,48.06666666666667,48.20787596702576,46.20190501213074,1788008942645675,1788008943011873024,397493,397494,1788008943008358656,1788008943016691456,0.4217453505007153,8.33272933959961,3.5142898559570312,1342.5181328512163,585.3687856470161,1,706.9478690559702,596.9103940482705,1
1383,1443,48.1,48.241305112838745,46.235334157943726,1788008942679104,1788008943045303040,397497,397498,1788008943041690880,1788008943050023680,0.43349260393121797,8.332967758178711,3.6122798919677734,1341.7611028772003,586.7754428529657,1,709.3236353836878,597.2904666920134,1
1384,1444,48.13333333333333,48.27473497390747,46.26876401901245,1788008942712534,1788008943078734080,397501,397502,1788008943075023104,1788008943083357184,0.4452867973108282,8.333921432495117,3.7109851837158203,1341.2714995467275,587.6702131948335,1,712.1517427005848,598.1993308878159,1
1385,1445,48.166666666666664,48.308165073394775,46.302194118499756,1788008942745964,1788008943112165632,397505,397506,1788008943108356352,1788008943116689152,0.4571387696709585,8.33272933959961,3.809213638305664,1340.1735510329538,588.4812565030722,1,714.9028718778254,599.8280563175954,1
1386,1446,48.2,48.34159302711487,46.33562207221985,1788008942779392,1788008943145594880,397509,397510,1788008943141688832,1788008943150021632,0.46875536480686697,8.33272933959961,3.9060115814208984,1338.1222097514299,590.495726651628,1,717.9028869696149,601.7015323198204,1
1387,1447,48.233333333333334,48.37503099441528,46.369060039520264,1788008942812830,1788008943179033600,397513,397514,1788008943175021056,1788008943183354880,0.4814761836647118,8.333921432495117,4.012584686279297,1335.6467839268248,592.0255681342445,1,719.7734206950817,601.1630158319832,1
1388,1448,48.266666666666666,48.40846300125122,46.4024920463562,1788008942846262,1788008943212466432,397517,397518,1788008943208354304,1788008943216687104,0.493490887242139,8.332967758178711,4.11224365234375,1334.3152518166478,593.4420171763898,1,720.7992887453546,599.8004452811649,1
1389,1449,48.3,48.441890001297,46.43591904640198,1788008942879689,1788008943245894144,397521,397522,1788008943241686528,1788008943250020608,0.5048776998998713,8.333921432495117,4.126310348510742,1332.8413473368028,594.4408612868938,1,721.6018086007962,598.4442115207224,1
1390,1450,48.333333333333336,48.47532796859741,46.46935701370239,1788008942913127,1788008943279333376,397525,397526,1788008943275019776,1788008943283352576,0.517653791130186,8.33272933959961,4.019260406494141,1331.298688631025,595.9256403868314,1,721.974132402173,595.4610227184203,1
1391,1451,48.36666666666667,48.508755922317505,46.502784967422485,1788008942946555,1788008943312762624,397529,397530,1788008943308352256,1788008943316685056,0.5292703862660945,8.33272933959961,3.9224624633789062,1329.6909314719003,596.174797763158,1,722.4007779044721,592.3018341634935,1
1392,1452,48.4,48.54219198226929,46.53622102737427,1788008942979991,1788008943346199552,397533,397534,1788008943341684224,1788008943350018304,0.5417822915176655,8.333921432495117,3.8187503814697266,1328.8215202860422,595.063910470323,1,722.4245860162224,589.3337315981536,1
1393,1453,48.43333333333333,48.5756299495697,46.56965899467468,1788008943013429,1788008943379638784,397537,397538,1788008943375017728,1788008943383350528,0.5545477954851077,8.332967758178711,3.7119388580322266,1327.820975564256,591.082340975599,1,722.4178945856388,587.3552323877547,1
1394,1454,48.46666666666667,48.60906100273132,46.603090047836304,1788008943046860,1788008943413070848,397541,397542,1788008943408349952,1788008943416682752,0.566552217453505,8.33272933959961,3.6118030548095703,1327.2330121145096,586.2712452395147,1,722.9374500803648,585.1538553934206,1
1395,1455,48.5,48.642497062683105,46.636526107788086,1788008943080296,1788008943446508288,397545,397546,1788008943441682432,1788008943450016000,0.5790753561824111,8.333683013916016,3.507852554321289,1325.2756239533358,582.9675661044861,1,723.2320977996148,583.91907298967,1
1396,1456,48.53333333333333,48.67592692375183,46.66995596885681,1788008943113726,1788008943479939072,397549,397550,1788008943475015424,1788008943483348480,0.5908557695058797,8.332967758178711,3.4093856811523438,1324.0238815295902,581.7395985536052,1,723.4356300316695,583.1164101681487,1
1397,1457,48.56666666666667,48.70936298370361,46.703392028808594,1788008943147162,1788008943513376256,397553,397554,1788008943508347648,1788008943516680704,0.6034448227518526,8.332967758178711,3.3044815063476562,1322.403854596194,580.2653543352307,1,723.8708273576701,582.0550872782622,1
1398,1458,48.6,48.74279308319092,46.7368221282959,1788008943180592,1788008943546807296,397557,397558,1788008943541680128,1788008943550013696,0.6152371688504892,8.333683013916016,3.206491470336914,1320.9595102504354,578.236028370391,1,724.159706268594,581.3389898762832,1
1399,1459,48.63333333333333,48.77623105049133,46.77026009559631,1788008943214030,1788008943580246528,397561,397562,1788008943575013376,1788008943583346176,0.6280114449213162,8.33272933959961,3.099679946899414,1319.711066931831,577.2362827037233,1,724.365198172696,580.993251776684,1
1400,1460,48.666666666666664,48.809667110443115,46.803696155548096,1788008943247466,1788008943613683968,397565,397566,1788008943608345600,1788008943616679424,0.6405664425690173,8.333921432495117,2.9954910278320312,1319.0629633016827,576.250424941157,1,724.4506128218072,580.830804925492,1
1401,1461,48.7,48.84309697151184,46.83712601661682,1788008943280896,1788008943647115008,397569,397570,1788008943641678848,1788008943650011904,0.6523704615032474,8.332967758178711,2.8967857360839844,1318.9845019794316,575.8276749972935,1,724.7314696020354,580.596839554503,1
1402,1462,48.733333333333334,48.876527070999146,46.870556116104126,1788008943314326,1788008943680546048,397573,397574,1788008943675011072,1788008943683343872,0.6642346208869814,8.33272933959961,2.797842025756836,1318.5520883956858,574.9144951112465,1,724.9863816822799,580.4738672850756,1
1403,1463,48.766666666666666,48.90996313095093,46.90399217605591,1788008943347762,1788008943713983232,397577,397578,1788008943708343552,1788008943716677120,0.6767465812210334,8.333683013916016,2.6938915252685547,1317.66821346184,572.8896040029581,1,725.2845450516018,580.3866384385434,1
1404,1464,48.8,48.94338393211365,46.93741297721863,1788008943381183,1788008943747405312,397581,397582,1788008943741676800,1788008943750009600,0.6874678111587983,8.33272933959961,2.604246139526367,1317.1388532115316,571.9068737160316,1,725.2361980896251,579.9900779031848,1
1405,1465,48.833333333333336,48.976815938949585,46.970844984054565,1788008943414615,1788008943780838400,397585,397586,1788008943775009024,1788008943783341824,0.6995794111756459,8.332967758178711,2.5033950805664062,1316.7733622478067,570.1109585305289,1,725.4303505690983,580.4699984371841,1
1406,1466,48.86666666666667,49.01024603843689,47.00427508354187,1788008943448045,1788008943814269696,397589,397590,1788008943808341248,1788008943816675072,0.7113717636961808,8.333921432495117,2.405405044555664,1316.5167230586571,569.1529128305058,1,725.6797984993904,580.3911106715105,1
1407,1467,48.9,49.043680906295776,47.03770995140076,1788008943481480,1788008943847705856,397593,397594,1788008943841674496,1788008943850007296,0.7238054363376252,8.33272933959961,2.301454544067383,1316.4293095049863,569.1379232342682,1,725.5331863935526,579.6152838578407,1
1408,1468,48.93333333333333,49.07711100578308,47.07114005088806,1788008943514910,1788008943881136896,397597,397598,1788008943875005696,1788008943883339520,0.7356887426691461,8.333921432495117,2.202749252319336,1316.4478479974257,569.9629226664206,1,725.7021454019655,579.5394675729011,1
1409,1469,48.96666666666667,49.110541105270386,47.104570150375366,1788008943548340,1788008943914568192,397601,397602,1788008943908338944,1788008943916672000,0.7475322594489429,8.332967758178711,2.1038055419921875,1316.296726188047,570.2841507029972,1,725.7824504099957,579.7599420026961,1
1410,1470,49.0,49.1439790725708,47.13800811767578,1788008943581778,1788008943948007424,397605,397606,1788008943941671424,1788008943950004224,0.7603719599427754,8.33272933959961,1.996755599975586,1315.8418207141435,570.3667796753634,1,725.9539071403362,580.0334636970364,1
1411,1471,49.03333333333333,49.17740797996521,47.17143702507019,1788008943615207,1788008943981437440,397609,397610,1788008943975003648,1788008943983337472,0.7720146478228529,8.333683013916016,1.8999576568603516,1315.0633169932842,570.1551327012726,1,726.1464927692068,579.5582272266236,1
1412,1472,49.06666666666667,49.210845947265625,47.204874992370605,1788008943648645,1788008944014876672,397613,397614,1788008944008336896,1788008944016669696,0.7848068669527897,8.33272933959961,1.7931461334228516,1314.3972325215466,569.6866334602735,1,726.2128588227822,579.5841333260296,1
1413,1473,49.1,49.24427509307861,47.238304138183594,1788008943682074,1788008944048306688,397617,397618,1788008944041669120,1788008944050002176,0.7965437326542875,8.332967758178711,1.695394515991211,1314.2433486811274,569.4461709650996,1,726.1849506407838,579.7003517567987,1
1414,1474,49.13333333333333,49.27770495414734,47.27173399925232,1788008943715504,1788008944081737728,397621,397622,1788008944075001600,1788008944083335424,0.8082963810613646,8.333921432495117,1.5976428985595703,1314.6837811337878,568.6337755942873,1,726.2778697811184,579.5895775310261,1
1415,1475,49.166666666666664,49.311140060424805,47.305169105529785,1788008943748939,1788008944115174400,397625,397626,1788008944108334848,1788008944116667392,0.8208011444921316,8.33272933959961,1.493215560913086,1314.4522312248498,567.5989621890278,1,726.3938544359281,579.4827121218503,1
1416,1476,49.2,49.34456992149353,47.33859896659851,1788008943782369,1788008944148605184,397629,397630,1788008944141667072,1788008944149999872,0.8326180257510729,8.33272933959961,1.3947486877441406,1313.4684692409303,567.035355379011,1,726.3785914408058,579.6691489063861,1
1417,1477,49.233333333333334,49.378000020980835,47.372029066085815,1788008943815799,1788008944182036480,397633,397634,1788008944174999296,1788008944183333120,0.8443999427835789,8.333921432495117,1.2967586517333984,1311.8133336819424,566.6949501512676,1,726.2503438398865,580.1172035522293,1
1418,1478,49.266666666666666,49.41143798828125,47.40546703338623,1788008943849237,1788008944215475456,397637,397638,1788008944208332544,1788008944216665600,0.857200080112157,8.332967758178711,1.1899471282958984,1310.518431525621,566.5026452455568,1,726.2532391577442,580.6976504231634,1
1419,1479,49.3,49.444868087768555,47.438897132873535,1788008943882667,1788008944248906752,397641,397642,1788008944241664768,1788008944249998848,0.868974395651552,8.333921432495117,1.0919570922851562,1309.639601179479,566.4657027351855,1,726.2531101502115,581.6223473441227,1
1420,1480,49.333333333333336,49.47829794883728,47.47232699394226,1788008943916097,1788008944282337536,397645,397646,1788008944274998272,1788008944283330816,0.8807725321888412,8.33272933959961,0.9934902191162109,1308.920897793129,565.4781242080311,1,726.2447343219541,581.5063428453926,1
1421,1481,49.36666666666667,49.51173496246338,47.50576400756836,1788008943949534,1788008944315775232,397649,397650,1788008944308330496,1788008944316663296,0.8934191702432046,8.33272933959961,0.8881092071533203,1308.9145352903888,566.2244037182198,1,726.0765798696301,581.0344401470744,1
1422,1482,49.4,49.54516410827637,47.53919315338135,1788008943982963,1788008944349204992,397653,397654,1788008944341662720,1788008944349996544,0.9050207409526534,8.333921432495117,0.7915496826171875,1308.9678792657085,566.6786266532844,1,726.0794875826523,580.9929199183084,1
1423,1483,49.43333333333333,49.57859206199646,47.57262110710144,1788008944016391,1788008944382634240,397657,397658,1788008944374995968,1788008944383329024,0.9166261337300793,8.332967758178711,0.6947517395019531,1308.834204210178,566.3936740782445,1,725.873960404133,580.9454468225872,1
1424,1484,49.46666666666667,49.612021923065186,47.606050968170166,1788008944049821,1788008944416065280,397661,397662,1788008944408328192,1788008944416660992,0.9284978540772533,8.33272933959961,0.5958080291748047,1308.785689228393,565.9819486227825,1,725.5338106944572,580.9434928056562,1
1425,1485,49.5,49.645451068878174,47.639480113983154,1788008944083250,1788008944449495552,397665,397666,1788008944441660672,1788008944449994240,0.9401499113120101,8.333683013916016,0.49877166748046875,1308.8073561137176,565.7951276894238,1,725.1943660499655,580.939859027811,1
1426,1486,49.53333333333333,49.67888307571411,47.67291212081909,1788008944116682,1788008944482928640,397669,397670,1788008944474993664,1788008944483326720,0.9522474321192527,8.332967758178711,0.3979206085205078,1308.7444705096698,565.7807136754006,1,724.9239873435224,580.6707367694165,1
1427,1487,49.56666666666667,49.71231293678284,47.70634198188782,1788008944150112,1788008944516359680,397673,397674,1788008944508326144,1788008944516658944,0.9640925867643272,8.332967758178711,0.29921531677246094,1308.454620013163,565.0147826632744,1,724.6962982009705,580.2043442611398,1
1428,1488,49.6,49.74574899673462,47.7397780418396,1788008944183548,1788008944549797376,397677,397678,1788008944541658368,1788008944549992192,0.9766264232991932,8.333683013916016,0.19478797912597656,1308.096199447383,564.5890440365949,1,724.5253524795016,579.9568286690422,1
1429,1489,49.63333333333333,49.779179096221924,47.773208141326904,1788008944216978,1788008944583228672,397681,397682,1788008944574991616,1788008944583324416,0.9884978540772532,8.33272933959961,0.09584426879882812,1308.1248019723807,564.3699801271772,1,724.5104248360415,579.9392331978135,1
1430,1490,49.666666666666664,49.81260895729065,47.80663800239563,1788008944250408,1788008944616659456,397686,397687,1788008944616656896,1788008944624990464,0.00031469931910510957,8.333683013916016,0.0026226043701171875,1307.7197403846135,563.5835900713815,1,724.6456194596981,580.0552375600289,1
1431,1491,49.7,49.84603810310364,47.84006714820862,1788008944283837,1788008944650089472,397690,397691,1788008944649990144,1788008944658322688,0.011931330472103005,8.33272933959961,0.09942054748535156,1307.9995994405713,564.3391395068033,1,725.011428476075,580.1227162413504,1
1432,1492,49.733333333333334,49.879475116729736,47.87350416183472,1788008944317274,1788008944683527424,397694,397695,1788008944683322112,1788008944691656192,0.02463166928908597,8.333921432495117,0.2052783966064453,1308.3191689194973,564.4396669983425,1,725.3333948290982,580.3217888922201,1
1433,1493,49.766666666666666,49.912904024124146,47.906933069229126,1788008944350703,1788008944716957696,397698,397699,1788008944716655616,1788008944724988416,0.03625075105147206,8.332967758178711,0.3020763397216797,1308.5798443043595,564.4910518474767,1,725.4591197418188,580.4148902072023,1
1434,1494,49.8,49.94633412361145,47.94036316871643,1788008944384133,1788008944750388736,397702,397703,1788008944749987840,1788008944758320640,0.04812589413447783,8.33272933959961,0.4010200500488281,1308.8077621035686,564.304509636565,1,725.4104906031782,580.3867721672193,1
1435,1495,49.833333333333336,49.97977304458618,47.97380208969116,1788008944417572,1788008944783828992,397706,397707,1788008944783320064,1788008944791653888,0.06105166790639126,8.333683013916016,0.5087852478027344,1308.0511203697454,564.1408809967993,1,725.4131746059909,580.641001075199,1
1436,1496,49.86666666666667,50.013200998306274,48.007230043411255,1788008944451000,1788008944817258240,397710,397711,1788008944816653568,1788008944824986112,0.07256080114449213,8.33272933959961,0.6046295166015625,1308.4289517177401,564.3253379942644,1,725.4657665032462,580.9336848723393,1
1437,1497,49.9,50.04663109779358,48.04066014289856,1788008944484430,1788008944850689536,397714,397715,1788008944849985536,1788008944858318592,0.08446110268661841,8.332967758178711,0.7038116455078125,1308.4420641116715,564.5523695736174,1,725.5185047207085,581.0383339827382,1
1438,1498,49.93333333333333,50.08006191253662,48.0740909576416,1788008944517861,1788008944884121344,397718,397719,1788008944883318016,1788008944891650560,0.09642346208869813,8.33272933959961,0.8034706115722656,1308.9466229339548,564.9717525498331,1,725.4816286434982,581.0574712907984,1
1439,1499,49.96666666666667,50.1134979724884,48.107527017593384,1788008944551297,1788008944917558784,397722,397723,1788008944916650240,1788008944924983040,0.10901287553648069,8.33272933959961,0.9083747863769531,1308.9789669264976,565.8836419344386,1,725.3514646211635,581.059383939452,1
1440,1500,50.0,50.14691996574402,48.140949010849,1788008944584719,1788008944950981888,397726,397727,1788008944949982464,1788008944958316288,0.11992561865255329,8.333921432495117,0.99945068359375,1309.027866998388,566.7605636517371,1,724.8708087050372,581.2058970431947,1
1441,1501,50.03333333333333,50.18034791946411,48.17437696456909,1788008944618147,1788008944984410880,397730,397731,1788008944983315712,1788008944991648768,0.13141254899716745,8.332967758178711,1.0950565338134766,1308.9682938440667,567.1311593251346,1,724.0132081424322,581.3509916969059,1
1442,1502,50.06666666666667,50.213778018951416,48.2078070640564,1788008944651577,1788008945017842176,397734,397735,1788008945016647936,1788008945024980736,0.14329041487839772,8.33272933959961,1.194000244140625,1308.4771870908212,567.2591396253542,1,723.258767674562,581.621334779603,1
1443,1503,50.1,50.24720001220703,48.24122905731201,1788008944684999,1788008945051265280,397738,397739,1788008945049980416,1788008945058313984,0.15417405733249415,8.333683013916016,1.2848377227783203,1308.4395018982245,567.4483462430846,1,722.634544493243,581.9631069059898,1
1444,1504,50.13333333333333,50.28063201904297,48.27466106414795,1788008944718431,1788008945084698624,397742,397743,1788008945083313664,1788008945091646464,0.16620886981402003,8.33272933959961,1.3849735260009766,1308.6539421824875,566.7537200848001,1,722.0908102940717,582.2910662697457,1
1445,1505,50.166666666666664,50.31406092643738,48.30808997154236,1788008944751860,1788008945118128896,397746,397747,1788008945116645888,1788008945124978688,0.17796343452261737,8.332967758178711,1.4829635620117188,1308.775139107499,566.1119135178927,1,721.6591025322227,582.4772481758382,1
1446,1506,50.2,50.347490072250366,48.34151911735535,1788008944785289,1788008945151559168,397750,397751,1788008945149978112,1788008945158312192,0.1897010441996853,8.333921432495117,1.580953598022461,1309.1884410431762,565.5862625531638,1,721.1423500957331,582.4004210902257,1
1447,1507,50.233333333333334,50.38091993331909,48.37494897842407,1788008944818719,1788008945184990208,397754,397755,1788008945183311360,1788008945191644160,0.20145922746781117,8.33272933959961,1.6787052154541016,1309.8663777085164,565.2597028520781,1,720.5049271406792,582.2083732171034,1
1448,1508,50.266666666666666,50.4143500328064,48.40837907791138,1788008944852149,1788008945218421504,397758,397759,1788008945216643840,1788008945224976640,0.21333333333333335,8.33272933959961,1.77764892578125,1310.6830579787204,565.1055455024913,1,720.074695428309,582.2676225890352,1
1449,1509,50.3,50.447778940200806,48.441807985305786,1788008944885578,1788008945251851264,397762,397763,1788008945249975808,1788008945258309888,0.225032184236876,8.333921432495117,1.8754005432128906,1311.54113457953,565.0659956410796,1,719.9304538252662,582.4493929051722,1
1450,1510,50.333333333333336,50.481208086013794,48.475237131118774,1788008944919007,1788008945285281536,397766,397767,1788008945283309312,1788008945291642112,0.2367028125089411,8.332967758178711,1.9724369049072266,1312.5086336119575,565.0931571036335,1,719.9545577083156,582.4548711414615,1
1451,1511,50.36666666666667,50.514639139175415,48.508668184280396,1788008944952438,1788008945318713856,397770,397771,1788008945316641536,1788008945324975616,0.2486625661564869,8.333921432495117,2.0723342895507812,1313.3342684979757,565.1874072738136,1,720.0750085000698,582.2808416880475,1
1452,1512,50.4,50.54806709289551,48.54209613800049,1788008944985866,1788008945352143104,397774,397775,1788008945349974784,1788008945358307584,0.2602002861230329,8.33272933959961,2.1681785583496094,1313.6218708466877,565.4067515874015,1,720.537304427134,582.217566753038,1
1453,1513,50.43333333333333,50.58149003982544,48.57551908493042,1788008945019289,1788008945385566976,397778,397779,1788008945383307264,1788008945391640064,0.2711874105865522,8.33272933959961,2.2597312927246094,1313.7742637606311,565.5380309434252,1,720.6956370310107,582.2059756726335,1
1454,1514,50.46666666666667,50.61491799354553,48.60894703865051,1788008945052717,1788008945418995968,397782,397783,1788008945416639232,1788008945424973312,0.2827635531397511,8.333921432495117,2.3565292358398438,1314.1124166181417,565.6724964506037,1,720.6612962954631,582.1655048632299,1
1455,1515,50.5,50.64834904670715,48.642378091812134,1788008945086148,1788008945452427520,397786,397787,1788008945449972736,1788008945458305536,0.2946124574404166,8.332967758178711,2.454996109008789,1314.4982512885304,565.6990803366405,1,720.6292177227546,581.9739573829345,1
1456,1516,50.53333333333333,50.68177890777588,48.67580795288086,1788008945119578,1788008945485858560,397790,397791,1788008945483304960,1788008945491637760,0.30643776824034336,8.33272933959961,2.5534629821777344,1315.6303499518408,565.0473008769519,1,720.4153532792827,581.5065802001354,1
1457,1517,50.56666666666667,50.71521592140198,48.70924496650696,1788008945153015,1788008945519296256,397794,397795,1788008945516637440,1788008945524971008,0.319047891514562,8.333683013916016,2.658843994140625,1316.73286328903,564.5353272639943,1,720.2759215901974,581.2953087680016,1
1458,1518,50.6,50.748645067214966,48.742674112319946,1788008945186444,1788008945552726272,397798,397799,1788008945549970432,1788008945558303232,0.33072015106863895,8.332967758178711,2.755880355834961,1317.9172991085572,564.9022092675945,1,720.2508949443326,581.4872267387733,1
1459,1519,50.63333333333333,50.782073974609375,48.776103019714355,1788008945219873,1788008945586156288,397802,397803,1788008945583302656,1788008945591635712,0.34245085977511375,8.332967758178711,2.8536319732666016,1319.111724785823,565.872566907392,1,720.2339689649825,581.9647487637072,1
1460,1520,50.666666666666664,50.815510988235474,48.809540033340454,1788008945253310,1788008945619594496,397806,397807,1788008945616635136,1788008945624968704,0.3551238770956114,8.333683013916016,2.9594898223876953,1320.532177619926,568.3208242216963,1,720.1759494179993,583.0749912972117,1
1461,1521,50.7,50.84894299507141,48.84297204017639,1788008945286742,1788008945653027840,397810,397811,1788008945649968384,1788008945658301184,0.3671530758226037,8.33272933959961,3.05938720703125,1322.3762673175675,570.6042839134087,1,719.9515754967554,583.8397452549149,1
1462,1522,50.733333333333334,50.882373094558716,48.876402139663696,1788008945320172,1788008945686459136,397814,397815,1788008945683300608,1788008945691633408,0.379044948642385,8.332967758178711,3.1585693359375,1323.9661364343428,571.2554059018445,1,719.2253129914316,584.3048424351246,1
1463,1523,50.766666666666666,50.915802001953125,48.909831047058105,1788008945353601,1788008945719888896,397818,397819,1788008945716633856,1788008945724966656,0.3906325999256101,8.332967758178711,3.255128860473633,1325.205777429906,572.811642658855,1,718.7685174132197,585.4218307248042,1
1464,1524,50.8,50.949230909347534,48.943259954452515,1788008945387030,1788008945753318912,397822,397823,1788008945749966080,1788008945758298880,0.4023748211731044,8.33272933959961,3.3528804779052734,1325.3877981575379,575.0604557956885,1,718.4818595197455,586.5876362709595,1
1465,1525,50.833333333333336,50.98266100883484,48.97669005393982,1788008945420460,1788008945786750208,397826,397827,1788008945783298560,1788008945791632128,0.4142015220003433,8.333683013916016,3.451824188232422,1324.674337867758,577.964909340764,1,718.2177143468818,587.6051091164012,1
1466,1526,50.86666666666667,51.016091108322144,49.010120153427124,1788008945453890,1788008945820181760,397830,397831,1788008945816631808,1788008945824964608,0.42603719599427753,8.33272933959961,3.5500526428222656,1324.0895645772644,579.9902317030485,1,717.7907188125629,588.1410632996458,1
1467,1527,50.9,51.04951810836792,49.0435471534729,1788008945487317,1788008945853609984,397834,397835,1788008945849963776,1788008945858296832,0.43755543475150926,8.332967758178711,3.6461353302001953,1323.1896133544906,580.6830825368522,1,716.9050003043629,589.0519722545681,1
1468,1528,50.93333333333333,51.08294701576233,49.07697606086731,1788008945520746,1788008945887040000,397838,397839,1788008945883295232,1788008945891629056,0.44933340962407736,8.333683013916016,3.7446022033691406,1323.1030138311971,582.3635902518741,1,716.3984312170828,589.5865829956194,1
1469,1529,50.96666666666667,51.11637997627258,49.11040902137756,1788008945554179,1788008945920474112,397842,397843,1788008945916628480,1788008945924961280,0.4614878397711016,8.33272933959961,3.8454532623291016,1323.5477231813327,585.3355695693291,1,715.9190412179375,589.5050914130479,1
1470,1530,51.0,51.14980697631836,49.14383602142334,1788008945587606,1788008945953902336,397846,397847,1788008945949960704,1788008945958294528,0.4729509369188957,8.333921432495117,3.9415359497070312,1323.069827602275,587.044970121793,1,715.2915682655279,588.7682704999115,1
1471,1531,51.03333333333333,51.183237075805664,49.177266120910645,1788008945621036,1788008945987333632,397850,397851,1788008945983293952,1788008945991627008,0.48476438442390773,8.332967758178711,4.039525985717773,1322.9661172178412,587.3702055099792,1,714.5459655742802,588.558447165754,1
1472,1532,51.06666666666667,51.21666693687439,49.21069598197937,1788008945654466,1788008946020764416,397854,397855,1788008946016626432,1788008946024958976,0.4965951359084406,8.33272933959961,4.137992858886719,1322.8707951201611,587.5772621317642,1,713.7510322130029,588.5998185762353,1
1473,1533,51.1,51.250097036361694,49.244126081466675,1788008945687896,1788008946054195712,397858,397859,1788008946049958656,1788008946058292480,0.5084110545288093,8.333683013916016,4.096746444702148,1322.8283082835446,583.9495119307938,1,712.891154830774,588.3111324269347,1
1474,1534,51.13333333333333,51.28353404998779,49.27756309509277,1788008945721333,1788008946087634176,397862,397863,1788008946083291904,1788008946091624704,0.5210872675250358,8.33272933959961,3.990650177001953,1322.6674514201236,586.1067700416279,1,711.8281152054207,588.2838216001818,1
1475,1535,51.166666666666664,51.31696391105652,49.3109929561615,1788008945754763,1788008946121065216,397866,397867,1788008946116624128,1788008946124957184,0.5329461245744042,8.332967758178711,3.8919448852539062,1322.8446146380345,590.2459799675122,1,711.1859797908287,588.4995598072126,1
1476,1536,51.2,51.35040092468262,49.3444299697876,1788008945788200,1788008946154503424,397870,397871,1788008946149956352,1788008946158290432,0.5455871835216707,8.333921432495117,3.7870407104492188,1322.8282098733762,592.7908600595754,1,710.8276570917235,588.9028376068579,1
1477,1537,51.233333333333334,51.38383197784424,49.37786102294922,1788008945821631,1788008946187935232,397874,397875,1788008946183289856,1788008946191622400,0.5575107296137339,8.33272933959961,3.687143325805664,1323.0774390627885,593.7602923284455,1,710.5683381474687,589.2390795362551,1
1478,1538,51.266666666666666,51.41726803779602,49.411297082901,1788008945855067,1788008946221372672,397878,397879,1788008946216622080,1788008946224954880,0.5701001430615165,8.33272933959961,3.5822391510009766,1323.2338085631989,594.7169725151916,1,710.4869447936026,590.2296528928441,1
1479,1539,51.3,51.45069599151611,49.444725036621094,1788008945888495,1788008946254801408,397882,397883,1788008946249954304,1788008946258288128,0.5816335288227721,8.333921432495117,3.48663330078125,1323.5287095453095,596.2979387236492,1,710.3677083916664,591.0835374106612,1
1480,1540,51.333333333333336,51.484127044677734,49.478156089782715,1788008945921926,1788008946288233472,397886,397887,1788008946283287552,1788008946291620608,0.5935452490629739,8.332967758178711,3.386974334716797,1323.6789881035015,597.0061267907114,1,710.6134406383196,591.7173959955095,1
1481,1541,51.36666666666667,51.51756405830383,49.51159310340881,1788008945955363,1788008946321671680,397890,397891,1788008946316619776,1788008946324952576,0.6062660944206009,8.33272933959961,3.2808780670166016,1324.1257804040263,598.1794283915998,1,710.4978242423408,592.5890509392552,1
1482,1542,51.4,51.550995111465454,49.545024156570435,1788008945988794,1788008946355104256,397894,397895,1788008946349953280,1788008946358285824,0.6181688125894135,8.33272933959961,3.1816959381103516,1324.5964149885215,599.2091949824962,1,710.3951697497814,593.4084981051352,1
1483,1543,51.43333333333333,51.58443212509155,49.57846117019653,1788008946022231,1788008946388542720,397898,397899,1788008946383285504,1788008946391618304,0.630901287553648,8.33272933959961,3.0755996704101562,1324.9940086816873,599.5490378996617,1,710.1181790273743,593.9417917029084,1
1484,1544,51.46666666666667,51.61786103248596,49.61189007759094,1788008946055660,1788008946421972480,397902,397903,1788008946416617728,1788008946424951552,0.642540409097411,8.333921432495117,2.9790401458740234,1325.7956241247891,600.1201573503992,1,710.0121995695016,594.3338207796598,1
1485,1545,51.5,51.65129113197327,49.64532017707825,1788008946089090,1788008946455403776,397906,397907,1788008946449950976,1788008946458283776,0.6543732654287431,8.332967758178711,2.880096435546875,1326.3676443216511,600.483605165412,1,709.9103390947237,594.5177716642859,1
1486,1546,51.53333333333333,51.684720039367676,49.678749084472656,1788008946122519,1788008946488833792,397910,397911,1788008946483283200,1788008946491616000,0.6661230329041488,8.33272933959961,2.782106399536133,1326.7896870359946,600.1062843810178,1,709.7896430340447,594.1568242135824,1
1487,1547,51.56666666666667,51.71814703941345,49.71217608451843,1788008946155946,1788008946522262016,397914,397915,1788008946516615680,1788008946524949248,0.6775476340333009,8.333683013916016,2.687215805053711,1327.2459967191098,600.218614433896,1,709.7129349375662,594.2204262999524,1
1488,1548,51.6,51.75157713890076,49.74560618400574,1788008946189376,1788008946555693056,397918,397919,1788008946549948928,1788008946558281728,0.6893562231759657,8.33272933959961,2.588510513305664,1327.6207772697076,600.3951701136474,1,709.6717869785219,594.5581150744779,1
1489,1549,51.63333333333333,51.7850079536438,49.77903699874878,1788008946222807,1788008946589125120,397922,397923,1788008946583281152,1788008946591613952,0.7013247117392921,8.332967758178711,2.488851547241211,1328.0071152161727,600.5578149725079,1,709.6681202937841,594.6039346058656,1
1490,1550,51.666666666666664,51.8184380531311,49.812467098236084,1788008946256237,1788008946622555904,397926,397927,1788008946616613376,1788008946624946944,0.7130800480631687,8.333683013916016,2.3910999298095703,1328.3854892129136,600.8193928278363,1,709.8123830854892,594.7163550210024,1
1491,1551,51.7,51.85186791419983,49.84589695930481,1788008946289667,1788008946655986688,397930,397931,1788008946649946624,1788008946658279424,0.7248640915593705,8.33272933959961,2.292633056640625,1328.7000420042132,601.6296297233322,1,709.9779352959883,594.7880067555928,1
1492,1552,51.733333333333334,51.885298013687134,49.879327058792114,1788008946323097,1788008946689417728,397934,397935,1788008946683279104,1788008946691611648,0.7366809728183119,8.33272933959961,2.1941661834716797,1329.0779833970455,601.7833900822121,1,710.1757884088463,594.8755794310096,1
1493,1553,51.766666666666666,51.91872811317444,49.91275715827942,1788008946356527,1788008946722848768,397938,397939,1788008946716611072,1788008946724945152,0.7484766127878701,8.333921432495117,2.0961761474609375,1329.4265618675386,600.5480491168845,1,710.4530289233628,594.8362673769384,1
1494,1554,51.8,51.95215702056885,49.94618606567383,1788008946389956,1788008946756279040,397942,397943,1788008946749944576,1788008946758277120,0.7602002861230329,8.33272933959961,1.9981861114501953,1329.8812991098125,600.109569042238,1,710.7653213728948,594.8974680217842,1
1495,1555,51.833333333333336,51.98558712005615,49.97961616516113,1788008946423386,1788008946789710336,397946,397947,1788008946783276800,1788008946791610368,0.7719860387938433,8.333683013916016,1.9001960754394531,1330.3391328882767,600.0838222366817,1,710.8852011823011,594.9631435948645,1
1496,1556,51.86666666666667,52.01901602745056,50.01304507255554,1788008946456815,1788008946823140096,397950,397951,1788008946816610048,1788008946824942848,0.7836623748211731,8.33272933959961,1.802682876586914,1330.7651258728847,600.2690551329338,1,710.7878676313096,595.2182314544241,1
1497,1557,51.9,52.052443981170654,50.046473026275635,1788008946490243,1788008946856569344,397954,397955,1788008946849942272,1788008946858275072,0.7952848273296902,8.332967758178711,1.7058849334716797,1331.3260130955525,600.9378802376119,1,710.8436159733818,595.4811816812007,1
1498,1558,51.93333333333333,52.08587408065796,50.07990312576294,1788008946523673,1788008946890000640,397958,397959,1788008946883273728,1788008946891607296,0.807203753504606,8.333683013916016,1.6067028045654297,1331.8516450814539,601.2189328220691,1,711.1133547576671,595.862854807471,1
1499,1559,51.96666666666667,52.119312047958374,50.113341093063354,1788008946557111,1788008946923439616,397962,397963,1788008946916606976,1788008946924939520,0.82,8.33272933959961,1.4998912811279297,1332.1224017383365,601.3463387380339,1,711.2582922395775,596.1534335276982,1
1500,1560,52.0,52.15274095535278,50.146770000457764,1788008946590540,1788008946956869888,397966,397967,1788008946949939200,1788008946958272000,0.8317310443490701,8.33272933959961,1.402139663696289,1332.5945067925882,601.538929235153,1,711.3887024996905,596.3196340774892,1
1501,1561,52.03333333333333,52.1861789226532,50.18020796775818,1788008946623978,1788008946990309120,397970,397971,1788008946983272192,1788008946991605248,0.8444393579582845,8.332967758178711,1.2962818145751953,1333.0063284231342,601.8249428562015,1,711.4178927625712,596.902033006024,1
1502,1562,52.06666666666667,52.2196090221405,50.21363806724548,1788008946657408,1788008947023740416,397974,397975,1788008947016604672,1788008947024937472,0.8563376251788269,8.33272933959961,1.1970996856689453,1333.1781527292787,602.1887784632149,1,711.4723458656256,596.9893837374209,1
1503,1563,52.1,52.2530460357666,50.24707508087158,1788008946690845,1788008947057178368,397978,397979,1788008947049936896,1788008947058270720,0.8689134290782171,8.333683013916016,1.0924339294433594,1333.330182740466,602.2571677036684,1,711.4946118760325,597.1167613636939,1
1504,1564,52.13333333333333,52.2864830493927,50.28051209449768,1788008946724282,1788008947090616576,397982,397983,1788008947083270400,1788008947091602944,0.8816022889842632,8.33272933959961,0.9865760803222656,1333.309284087044,602.227852278167,1,711.276036924647,597.5667595395522,1
1505,1565,52.166666666666664,52.31991100311279,50.31394004821777,1788008946757710,1788008947124045568,397986,397987,1788008947116602368,1788008947124935424,0.8932219392864296,8.332967758178711,0.8897781372070312,1333.085129068665,602.1398965203779,1,711.2340777690551,597.7566613898292,1
1506,1566,52.2,52.3533399105072,50.34736895561218,1788008946791139,1788008947157475584,397990,397991,1788008947149934848,1788008947158268672,0.9048490916893148,8.333921432495117,0.7929801940917969,1333.0805941375907,601.8926469219965,1,711.3177329256248,598.00060155072,1
1507,1567,52.233333333333334,52.38677000999451,50.38079905509949,1788008946824569,1788008947190906880,397994,397995,1788008947183268096,1788008947191600896,0.9167381974248927,8.33272933959961,0.6937980651855469,1333.1161552626984,602.4607758020594,1,711.1981371001043,598.1287525515049,1
1508,1568,52.266666666666666,52.420202016830444,50.414231061935425,1788008946858001,1788008947224340480,397998,397999,1788008947216600320,1788008947224933120,0.9288698140200287,8.33272933959961,0.5927085876464844,1333.2692743900716,602.9993778352317,1,710.9041071365783,597.9714342505774,1
1509,1569,52.3,52.45362997055054,50.44765901565552,1788008946891429,1788008947257769472,398002,398003,1788008947249932544,1788008947258266368,0.9403518809898441,8.333921432495117,0.4971027374267578,1333.3634208788353,603.3281290206875,1,710.967659924383,598.0190877136977,1
1510,1570,52.333333333333336,52.48706793785095,50.48109698295593,1788008946924867,1788008947291208192,398006,398007,1788008947283265792,1788008947291598848,0.9531343881434008,8.332967758178711,0.3905296325683594,1333.455407258461,603.4451097447509,1,711.3586546999865,598.1660470032051,1
1511,1571,52.36666666666667,52.52049803733826,50.51452708244324,1788008946958297,1788008947324639488,398010,398011,1788008947316598272,1788008947324930816,0.9650357653791131,8.33272933959961,0.2913475036621094,1333.7119284378832,603.5709849836087,1,711.9253146304076,598.8764595338087,1
1512,1572,52.4,52.553926944732666,50.54795598983765,1788008946991726,1788008947358069760,398014,398015,1788008947349930496,1788008947358264320,0.9766550323282028,8.333683013916016,0.194549560546875,1333.8604992106025,603.6709106368049,1,712.3885174079251,599.4665797800453,1
1513,1573,52.43333333333333,52.58736491203308,50.58139395713806,1788008947025164,1788008947391508992,398018,398019,1788008947383263744,1788008947391596544,0.9894992846924178,8.33272933959961,0.08749961853027344,1333.8485576920075,603.8437390040992,1,712.7760205135758,599.8205954197489,1
1514,1574,52.46666666666667,52.62079310417175,50.61482214927673,1788008947058592,1788008947424938496,398023,398024,1788008947424929792,1788008947433262592,0.0010300429184549357,8.33272933959961,0.00858306884765625,1333.7747509629835,604.0187465045135,1,713.1912888778843,600.1048739217243,1
1515,1575,52.5,52.65422201156616,50.64825105667114,1788008947092021,1788008947458368512,398027,398028,1788008947458262272,1788008947466594816,0.012761087267525036,8.33272933959961,0.10633468627929688,1333.8023291791083,604.0871013405324,1,713.6779306146204,600.4110211532915,1
1516,1576,52.53333333333333,52.68765306472778,50.681682109832764,1788008947125452,1788008947491800832,398031,398032,1788008947491594240,1788008947499928320,0.024774710341868116,8.333921432495117,0.20647048950195312,1333.8034154619077,604.5096861241313,1,714.058071693541,600.508648792766,1
1517,1577,52.56666666666667,52.72109007835388,50.71511912345886,1788008947158889,1788008947525239040,398035,398036,1788008947524927744,1788008947533260544,0.037366598952819664,8.332967758178711,0.3113746643066406,1334.190710229916,604.9592946651211,1,714.2489154744128,600.7880372904963,1
1518,1578,52.6,52.75451898574829,50.74854803085327,1788008947192318,1788008947558668800,398039,398040,1788008947558259968,1788008947566592768,0.04907010014306152,8.33272933959961,0.4088878631591797,1334.5043634633528,605.2565109376495,1,714.3309640786867,601.066609060429,1
1519,1579,52.63333333333333,52.78795003890991,50.78197908401489,1788008947225749,1788008947592101120,398043,398044,1788008947591592192,1788008947599926016,0.06105166790639126,8.333683013916016,0.5087852478027344,1334.881312606358,605.8438909672561,1,714.5033757323556,601.3170612526823,1
1520,1580,52.666666666666664,52.821377992630005,50.815407037734985,1788008947259177,1788008947625530368,398047,398048,1788008947624925696,1788008947633258240,0.07256080114449213,8.33272933959961,0.6046295166015625,1334.561499842485,605.5399234283859,1,714.669239827052,601.4124406074811,1
1521,1581,52.7,52.85480809211731,50.84883713722229,1788008947292607,1788008947658961408,398051,398052,1788008947658257664,1788008947666590720,0.08443249120196847,8.332967758178711,0.7035732269287109,1334.0320538955255,605.0638406203484,1,714.925173451807,601.3793286920983,1
1522,1582,52.733333333333334,52.888237953186035,50.882266998291016,1788008947326037,1788008947692392448,398055,398056,1788008947691590144,1788008947699923712,0.09626938261715397,8.333683013916016,0.8022785186767578,1333.8955348219756,604.4894652076587,1,715.3069419479293,601.5032918729795,1
1523,1583,52.766666666666666,52.92166590690613,50.91569495201111,1788008947359465,1788008947725821440,398059,398060,1788008947724923392,1788008947733256192,0.10778254649499285,8.33272933959961,0.8981227874755859,1333.9144540420339,601.8003724364668,1,715.868860281556,601.9159292370961,1
1524,1584,52.8,52.95510411262512,50.9491331577301,1788008947392903,1788008947759260928,398063,398064,1788008947758255616,1788008947766588416,0.12062947067238913,8.33272933959961,1.0051727294921875,1333.6866263227898,599.9871961001636,1,716.5283391158188,601.871955525124,1
1525,1585,52.833333333333336,52.98853302001953,50.98256206512451,1788008947426332,1788008947792690432,398067,398068,1788008947791587840,1788008947799921664,0.13231297382348733,8.333921432495117,1.1026859283447266,1332.7954305981714,601.9924978273996,1,717.2849406298056,601.6083919190446,1
1526,1586,52.86666666666667,53.02196502685547,51.01599407196045,1788008947459764,1788008947826123264,398071,398072,1788008947824921088,1788008947833253888,0.14426323319027182,8.33272933959961,1.2021064758300781,1332.1617890725527,602.4297390761084,1,718.1791648071955,601.5136745952605,1
1527,1587,52.9,53.05539393424988,51.04942297935486,1788008947493193,1788008947859552768,398075,398076,1788008947858253568,1788008947866586112,0.15593705293276108,8.33272933959961,1.2993812561035156,1331.4524236758102,602.4984204058893,1,719.1779554373262,601.3919314974432,1
1528,1588,52.93333333333333,53.08883094787598,51.08285999298096,1788008947526630,1788008947892990976,398079,398080,1788008947891585792,1788008947899918592,0.16864091559370528,8.33272933959961,1.4052391052246094,1330.5251529784503,602.6213068491757,1,719.9260759371823,601.3169540095572,1
1529,1589,52.96666666666667,53.1222620010376,51.11629104614258,1788008947560061,1788008947926423296,398083,398084,1788008947924918016,1788008947933250816,0.1806529140797116,8.332967758178711,1.5053749084472656,1330.3240005170776,603.0781812132993,1,719.8181939859577,600.8628802888751,1
1530,1590,53.0,53.15568995475769,51.14971899986267,1788008947593489,1788008947959852544,398087,398088,1788008947958250240,1788008947966584064,0.1922526749442124,8.333683013916016,1.6021728515625,1330.4168343596207,603.3190782515143,1,720.3747695340533,600.2186948359711,1
1531,1591,53.03333333333333,53.18911790847778,51.183146953582764,1788008947626917,1788008947993281536,398091,398092,1788008947991583488,1788008947999916288,0.20377682403433475,8.33272933959961,1.6980171203613281,1330.1041247919638,603.7495195570154,1,720.6536544186331,599.1086439075995,1
1532,1592,53.06666666666667,53.22254800796509,51.21657705307007,1788008947660347,1788008948026712576,398095,398096,1788008948024915968,1788008948033249536,0.2155976426160096,8.333683013916016,1.796722412109375,1329.6645973134816,604.4362957354398,1,720.8908885022634,598.0882972012228,1
1533,1593,53.1,53.25597810745239,51.25000715255737,1788008947693777,1788008948060143872,398099,398100,1788008948058248960,1788008948066582016,0.2274040799977111,8.332967758178711,1.8949508666992188,1329.0726595062008,604.9877684049382,1,721.1011433286208,596.5045796396661,1
1534,1594,53.13333333333333,53.28941607475281,51.28344511985779,1788008947727215,1788008948093583104,398103,398104,1788008948091581440,1788008948099913984,0.2402288984263233,8.33272933959961,2.0017623901367188,1328.4181733647627,605.5870534587777,1,721.111535300493,594.7727116190994,1
1535,1595,53.166666666666664,53.32284498214722,51.3168740272522,1788008947760644,1788008948127013120,398107,398108,1788008948124913664,1788008948133247488,0.251931109458145,8.333683013916016,2.0995140075683594,1327.5297028068298,605.6570617433358,1,722.024924844668,594.0833001990575,1
1536,1596,53.2,53.35628294944763,51.35031199455261,1788008947794082,1788008948160452352,398111,398112,1788008948158246912,1788008948166579712,0.2646638054363376,8.33272933959961,2.205371856689453,1327.2569884499694,605.253892418775,1,722.837177477108,593.3204152019365,1
1537,1597,53.233333333333334,53.38971209526062,51.3837411403656,1788008947827511,1788008948193882624,398115,398116,1788008948191579136,1788008948199912192,0.27644416468770566,8.332967758178711,2.303600311279297,1326.836397718685,604.5674780562543,1,723.715097565647,592.7195532750474,1
1538,1598,53.266666666666666,53.42314910888672,51.4171781539917,1788008947860948,1788008948227320832,398119,398120,1788008948224911360,1788008948233245440,0.2891145758832785,8.333921432495117,2.4094581604003906,1326.4254791895705,604.337894447053,1,724.4914584679576,592.3497093986069,1
1539,1599,53.3,53.456578969955444,51.450608015060425,1788008947894378,1788008948260751616,398123,398124,1788008948258244864,1788008948266577408,0.30085836909871244,8.33272933959961,2.5069713592529297,1325.885759654506,604.4606140550296,1,725.5960916603206,591.6535769254278,1
1540,1600,53.333333333333336,53.49001407623291,51.48404312133789,1788008947927813,1788008948294188288,398127,398128,1788008948291577088,1788008948299909888,0.31336194563662373,8.33272933959961,2.6111602783203125,1325.5460385333613,604.0722025471999,1,726.4290357928624,591.4186030455928,1
1541,1601,53.36666666666667,53.523443937301636,51.517472982406616,1788008947961243,1788008948327619584,398131,398132,1788008948324909312,1788008948333243136,0.3252181376054928,8.333921432495117,2.7103424072265625,1325.0817988728293,603.7861025812272,1,726.8433392159328,590.8877244166083,1
1542,1602,53.4,53.55688190460205,51.55091094970703,1788008947994681,1788008948361058560,398135,398136,1788008948358242560,1788008948366575360,0.3379302452004235,8.332967758178711,2.8159618377685547,1324.6359456339096,603.0565577232312,1,727.1707434088115,590.2557462948756,1
1543,1603,53.43333333333333,53.59031105041504,51.58434009552002,1788008948028110,1788008948394488320,398139,398140,1788008948391574784,1788008948399907584,0.3496423462088698,8.33272933959961,2.9134750366210938,1324.767615525962,602.4860987443798,1,727.0566629188355,589.5766333862839,1
1544,1604,53.46666666666667,53.62374806404114,51.61777710914612,1788008948061547,1788008948427926528,398143,398144,1788008948424907264,1788008948433240832,0.3623047433770098,8.333683013916016,3.0193328857421875,1324.7007775985303,602.2352085089805,1,727.2484715630417,589.0251436500181,1
1545,1605,53.5,53.65717792510986,51.651206970214844,1788008948094977,1788008948461357568,398147,398148,1788008948458240512,1788008948466573312,0.37407725321888413,8.33272933959961,3.117084503173828,1324.5821668794629,601.7442323534755,1,727.2222930184112,588.1832911672655,1
1546,1606,53.53333333333333,53.69061803817749,51.68464708328247,1788008948128417,1788008948494799104,398151,398152,1788008948491572736,1788008948499906560,0.38715491346016306,8.333921432495117,3.2265186309814453,1324.3874095395781,601.5204413406593,1,727.2285770506244,587.3569356301488,1
1547,1607,53.56666666666667,53.72405290603638,51.71808195114136,1788008948161852,1788008948528235264,398155,398156,1788008948524905984,1788008948533238784,0.399530771651741,8.332967758178711,3.3292770385742188,1324.3796265597434,601.7575586601254,1,727.2427062490077,586.930256730863,1
1548,1608,53.6,53.757483959198,51.75151300430298,1788008948195283,1788008948561667328,398159,398160,1788008948558238208,1788008948566571008,0.41150214592274675,8.33272933959961,3.428936004638672,1324.2668876056207,601.8797656886617,1,727.1642357596374,586.6482565105416,1
1549,1609,53.63333333333333,53.79092001914978,51.78494906425476,1788008948228719,1788008948595104512,398163,398164,1788008948591570688,1788008948599904256,0.4240430279796304,8.333683013916016,3.5338401794433594,1324.157275358865,601.9950462087135,1,726.9233092505293,586.2589652831934,1
1550,1610,53.666666666666664,53.82435703277588,51.81838607788086,1788008948262156,1788008948628542720,398167,398168,1788008948624903936,1788008948633236736,0.43668097281831186,8.33272933959961,3.638744354248047,1323.9211102732627,602.0065378856773,1,726.6778225606621,586.2484324978283,1
1551,1611,53.7,53.85778594017029,51.85181498527527,1788008948295585,1788008948661972480,398171,398172,1788008948658235904,1788008948666568960,0.44839918743383594,8.332967758178711,3.7364959716796875,1323.7352833681337,602.0115183674112,1,726.6143026263844,586.2091574580526,1
1552,1612,53.733333333333334,53.89122200012207,51.88525104522705,1788008948329021,1788008948695409664,398175,398176,1788008948691568384,1788008948699902208,0.4609354884851953,8.333921432495117,3.841400146484375,1323.6104470043806,602.0522917578185,1,726.5538515624274,586.1589602740786,1
1553,1613,53.766666666666666,53.92465305328369,51.91868209838867,1788008948362452,1788008948728841984,398179,398180,1788008948724901632,1788008948733234432,0.4728755364806867,8.33272933959961,3.9403438568115234,1323.6081362254288,601.8472691179155,1,726.6166976483211,586.1633525505994,1
1554,1614,53.8,53.95809006690979,51.95211911201477,1788008948395889,1788008948762280448,398183,398184,1788008948758234112,1788008948766566656,0.48560801144492133,8.33272933959961,4.046440124511719,1323.52087001535,601.8657546395643,1,726.6122471346451,586.1048485451712,1
1555,1615,53.833333333333336,53.991519927978516,51.985548973083496,1788008948429319,1788008948795711488,398187,398188,1788008948791566080,1788008948799900160,0.4974109569446431,8.333921432495117,4.145383834838867,1323.5272775521714,601.5731810210643,1,726.3700786323132,586.1496035593613,1
1556,1616,53.86666666666667,54.02495813369751,52.01898717880249,1788008948462757,1788008948829150464,398191,398192,1788008948824899328,1788008948833232384,0.5101427713084032,8.332967758178711,4.081964492797852,1323.768651567996,600.9615198695222,1,726.4378643099174,587.2599477067289,1
1557,1617,53.9,54.058391094207764,52.052420139312744,1788008948496190,1788008948862583808,398195,398196,1788008948858231808,1788008948866564608,0.5222889842632332,8.33272933959961,3.9806365966796875,1323.9343024559066,600.3860562696726,1,726.326317891171,587.4178850314189,1
1558,1618,53.93333333333333,54.09182405471802,52.085853099823,1788008948529623,1788008948896017664,398199,398200,1788008948891564032,1788008948899896832,0.5344492131616595,8.33272933959961,3.8793087005615234,1323.8051195864741,600.3955664426827,1,726.2064253440374,587.4386045207078,1
1559,1619,53.96666666666667,54.12525296211243,52.11928200721741,1788008948563052,1788008948929447680,398203,398204,1788008948924896256,1788008948933229312,0.5461932419673257,8.332967758178711,3.781557083129883,1323.6746539844344,600.4384809542275,1,725.9052867488298,587.7575677988792,1
1560,1620,54.0,54.15868091583252,52.1527099609375,1788008948596480,1788008948962876672,398207,398208,1788008948958228480,1788008948966562560,0.5577456730081534,8.333921432495117,3.6857128143310547,1323.582444535743,600.4739066714127,1,725.6642653268442,588.2255187414492,1
1561,1621,54.03333333333333,54.19211196899414,52.18614101409912,1788008948629911,1788008948996308992,398211,398212,1788008948991561984,1788008948999894528,0.5696995708154506,8.33272933959961,3.5855770111083984,1323.6157021120566,600.4617073016921,1,725.1065988226026,588.3968325366709,1
1562,1622,54.06666666666667,54.225542068481445,52.219571113586426,1788008948663341,1788008949029740032,398215,398216,1788008949024894208,1788008949033227008,0.5815450643776824,8.33272933959961,3.4868717193603516,1323.5822990041922,600.5317596473378,1,724.6752131737129,588.6358943925967,1
1563,1623,54.1,54.25897192955017,52.25300097465515,1788008948696771,1788008949063171072,398219,398220,1788008949058226432,1788008949066560256,0.5933342869403518,8.333921432495117,3.389120101928711,1323.6626828505257,600.5683259590649,1,724.0646829079865,588.5784195731766,1
1564,1624,54.13333333333333,54.29240107536316,52.28643012046814,1788008948730200,1788008949096601600,398223,398224,1788008949091559680,1788008949099892736,0.6050470658922491,8.332967758178711,3.2911300659179688,1323.845939581634,600.1178462554512,1,723.5790784488975,588.5274265109284,1
1565,1625,54.166666666666664,54.32582998275757,52.31985902786255,1788008948763629,1788008949130031616,398227,398228,1788008949124891904,1788008949133225728,0.6167248383589861,8.333683013916016,3.194093704223633,1323.951089609499,599.7455678533239,1,723.1548968702252,588.7258687032709,1
1566,1626,54.2,54.35926795005798,52.353296995162964,1788008948797067,1788008949163471104,398231,398232,1788008949158225408,1788008949166557952,0.6295278969957081,8.33272933959961,3.0870437622070312,1323.9314392238423,599.7365794742859,1,722.8585699302399,589.4663787123836,1
1567,1627,54.233333333333334,54.392696142196655,52.386725187301636,1788008948830495,1788008949196900096,398235,398236,1788008949191557376,1788008949199890432,0.6411547595204715,8.332967758178711,2.990245819091797,1323.691444315276,601.3061129490015,1,722.745640294263,590.8374946132225,1
1568,1628,54.266666666666666,54.426132917404175,52.420161962509155,1788008948863932,1788008949230338048,398239,398240,1788008949224889856,1788008949233223680,0.6537548276355314,8.333921432495117,2.885580062866211,1323.3783037999062,603.5113763803517,1,723.4046850049906,593.0601275088673,1
1569,1629,54.3,54.459563970565796,52.453593015670776,1788008948897363,1788008949263770368,398243,398244,1788008949258223104,1788008949266555904,0.6657224606580829,8.33272933959961,2.7854442596435547,1321.9768489361027,604.4305407687935,1,723.5590965120284,594.9805313388534,1
1570,1630,54.333333333333336,54.493000984191895,52.487030029296875,1788008948930800,1788008949297208576,398247,398248,1788008949291555328,1788008949299888128,0.6784263233190272,8.33272933959961,2.679586410522461,1321.4764166831103,605.2146526768904,1,723.5374402374218,596.5191011770402,1
1571,1631,54.36666666666667,54.52643895149231,52.52046799659729,1788008948964238,1788008949330647808,398251,398252,1788008949324887552,1788008949333221376,0.6911743670433415,8.333921432495117,2.573728561401367,1321.571140598945,605.5085028107771,1,723.3606115241078,597.4851645859457,1
1572,1632,54.4,54.559869050979614,52.553898096084595,1788008948997668,1788008949364078848,398255,398256,1788008949358220800,1788008949366553856,0.7029841778489886,8.332967758178711,2.4750232696533203,1321.5824545458295,605.6288624093263,1,723.189311290329,598.7506481321595,1
1573,1633,54.43333333333333,54.5933051109314,52.58733415603638,1788008949031104,1788008949397516288,398259,398260,1788008949391553280,1788008949399885824,0.7156223175965665,8.33272933959961,2.3696422576904297,1321.5448508984236,605.4603304122815,1,723.3051297643526,599.3525101303934,1
1574,1634,54.46666666666667,54.62673592567444,52.62076497077942,1788008949064535,1788008949430948352,398263,398264,1788008949424885504,1788008949433219072,0.7274989986839847,8.333683013916016,2.270936965942383,1321.8218239164607,605.6366170984078,1,723.0256264805369,599.9210238316618,1
1575,1635,54.5,54.660171031951904,52.654200077056885,1788008949097970,1788008949464384512,398267,398268,1788008949458218752,1788008949466551552,0.7399427753934191,8.33272933959961,2.1669864654541016,1322.0823019686566,606.0933163065805,1,723.1425637746479,600.4063363772839,1
1576,1636,54.53333333333333,54.69359993934631,52.687628984451294,1788008949131399,1788008949497814528,398271,398272,1788008949491550976,1788008949499884800,0.751594907738521,8.333921432495117,2.070188522338867,1322.23425429366,606.4271562571186,1,723.4112453549251,600.6964220462103,1
1577,1637,54.56666666666667,54.727030992507935,52.721060037612915,1788008949164830,1788008949531246848,398275,398276,1788008949524884224,1788008949533217280,0.7635546908529084,8.332967758178711,1.9702911376953125,1322.3340060487556,607.0644169808138,1,723.5381988101243,601.3553462977343,1
1578,1638,54.6,54.76046013832092,52.7544891834259,1788008949198259,1788008949564677120,398279,398280,1788008949558216448,1788008949566549248,0.775307582260372,8.33272933959961,1.8723011016845703,1322.399041746228,607.1141093341374,1,723.7901665784207,601.870047625723,1
1579,1639,54.63333333333333,54.79388904571533,52.78791809082031,1788008949231688,1788008949598107136,398283,398284,1788008949591548928,1788008949599882496,0.7869485609658409,8.333683013916016,1.775503158569336,1322.2257479526986,607.034157526037,1,724.3062621426444,602.5970271424341,1
1580,1640,54.666666666666664,54.82732009887695,52.821349143981934,1788008949265119,1788008949631539456,398287,398288,1788008949624882176,1788008949633214976,0.7989127324749642,8.33272933959961,1.6756057739257812,1322.2898591288822,607.2993599714086,1,724.7816478532297,603.5021784005261,1
1581,1641,54.7,54.860748052597046,52.854777097702026,1788008949298547,1788008949664968192,398291,398292,1788008949658214400,1788008949666547200,0.8105061371634574,8.332967758178711,1.5790462493896484,1322.1665140686941,607.6545934661607,1,725.1644903774229,604.013705331556,1
1582,1642,54.733333333333334,54.89417791366577,52.88820695877075,1788008949331977,1788008949698399232,398295,398296,1788008949691546624,1788008949699880704,0.8222571878129024,8.333921432495117,1.4812946319580078,1321.9717607713765,607.9307428145516,1,725.3852011030104,603.871004203036,1
1583,1643,54.766666666666666,54.92759990692139,52.92162895202637,1788008949365399,1788008949731822592,398299,398300,1788008949724879872,1788008949733212672,0.8331616595135909,8.33272933959961,1.390218734741211,1321.714689692761,608.672745398171,1,725.8575136170216,604.1251983922576,1
1584,1644,54.8,54.9610390663147,52.95506811141968,1788008949398838,1788008949765262848,398303,398304,1788008949758212352,1788008949766545152,0.8461230329041488,8.33272933959961,1.2822151184082031,1321.6410486366128,609.1568022811456,1,726.6895490605111,604.4468506785081,1
1585,1645,54.833333333333336,54.994467973709106,52.98849701881409,1788008949432267,1788008949798692864,398307,398308,1788008949791544320,1788008949799878400,0.8577599771134315,8.333921432495117,1.1854171752929688,1321.3377553600876,609.2251935537655,1,727.7512467626415,604.6070273473782,1
1586,1646,54.86666666666667,55.02789807319641,53.02192711830139,1788008949465697,1788008949832124160,398311,398312,1788008949824877824,1788008949833210624,0.8696174644502304,8.332967758178711,1.0864734649658203,1321.2378557453367,609.4425988252117,1,728.5265603351975,605.0054516741545,1
1587,1647,54.9,55.06132698059082,53.0553560256958,1788008949499126,1788008949865554432,398315,398316,1788008949858210048,1788008949866542848,0.88137339055794,8.33272933959961,0.9884834289550781,1321.0419810567523,610.0732591795983,1,729.2324679311113,605.4025261225339,1
1588,1648,54.93333333333333,55.094757080078125,53.088786125183105,1788008949532556,1788008949898985728,398319,398320,1788008949891542528,1788008949899875072,0.8932474964234621,8.33272933959961,0.8895397186279297,1321.0292616512934,610.8355060350021,1,729.848963461837,605.431642709624,1
1589,1649,54.96666666666667,55.12819504737854,53.12222409248352,1788008949565994,1788008949932424192,398323,398324,1788008949924874496,1788008949933207552,0.9060112729249521,8.332967758178711,0.7832050323486328,1321.0684207391575,611.3449498808609,1,730.2608383544733,606.1463653935032,1
1590,1650,55.0,55.16162395477295,53.15565299987793,1788008949599423,1788008949965853952,398327,398328,1788008949958206976,1788008949966540800,0.917579745386926,8.333921432495117,0.6868839263916016,1321.060349598596,611.4929247440787,1,730.4427798186223,606.3599683859204,1
1591,1651,55.03333333333333,55.19505190849304,53.18908095359802,1788008949632851,1788008949999282688,398331,398332,1788008949991540224,1788008949999873024,0.9291559370529328,8.33272933959961,0.5903244018554688,1321.1932110245714,611.5720773182237,1,730.62792828737,606.3924599796134,1
1592,1652,55.06666666666667,55.22848892211914,53.22251796722412,1788008949666288,1788008950032720896,398335,398336,1788008950024872448,1788008950033205248,0.941859799713877,8.33272933959961,0.484466552734375,1321.4977104003083,611.4708562401969,1,730.5602456792094,606.6116605409348,1
1593,1653,55.1,55.26191997528076,53.25594902038574,1788008949699719,1788008950066152960,398339,398340,1788008950058204672,1788008950066538496,0.9537405235302532,8.333921432495117,0.38552284240722656,1322.0513798039278,611.2171351495663,1,730.2200687952497,606.4673907112358,1
1594,1654,55.13333333333333,55.29534912109375,53.28937816619873,1788008949733148,1788008950099583488,398343,398344,1788008950091537920,1788008950099870976,0.9654945495121742,8.332967758178711,0.2875328063964844,1322.3310102235168,611.680068136757,1,729.7912429726778,606.6715904653157,1
1595,1655,55.166666666666664,55.32877206802368,53.32280111312866,1788008949766571,1788008950133007616,398347,398348,1788008950124870400,1788008950133203968,0.9764261600961264,8.333683013916016,0.1964569091796875,1322.6506657362079,611.6530476217811,1,729.2369529873861,606.8561341681079,1
1596,1656,55.2,55.36220192909241,53.35623097419739,1788008949800001,1788008950166438656,398351,398352,1788008950158203648,1788008950166536448,0.9882689556509299,8.33272933959961,0.09775161743164062,1322.9393569848082,611.6757344773281,1,728.972596450214,606.6725319057196,1
1597,1657,55.233333333333334,55.39563012123108,53.38965916633606,1788008949833429,1788008950199867648,398355,398356,1788008950191535616,1788008950199868672,0.9998855540614002,8.332967758178711,0.00095367431640625,1323.1969611186873,611.7740141444141,1,729.0090591884334,606.4380700400875,1
1598,1658,55.266666666666666,55.42905902862549,53.42308807373047,1788008949866858,1788008950233297664,398360,398361,1788008950233201920,1788008950241534720,0.011473533619456366,8.33272933959961,0.09560585021972656,1323.2846348778253,611.9330304889926,1,728.8838328578161,606.2212286468451,1
1599,1659,55.3,55.462491035461426,53.456520080566406,1788008949900290,1788008950266730752,398364,398365,1788008950266534144,1788008950274866944,0.02360447483619925,8.332967758178711,0.19669532775878906,1323.365445616721,611.8694977358759,1,728.5718138022984,605.965116570573,1
1600,1660,55.333333333333336,55.4959180355072,53.48994708061218,1788008949933717,1788008950300158976,398368,398369,1788008950299866368,1788008950308200448,0.035102274352739236,8.333921432495117,0.2925395965576172,1322.8885932602013,611.7618777775888,1,728.2721688693074,606.028009217873,1
1601,1661,55.36666666666667,55.52934908866882,53.523378133773804,1788008949967148,1788008950333591552,398372,398373,1788008950333199616,1788008950341532416,0.04701001430615165,8.33272933959961,0.3917217254638672,1322.7429121329906,611.4530317568333,1,728.1795453265634,605.8223139953136,1
1602,1662,55.4,55.56277894973755,53.55680799484253,1788008950000578,1788008950367022592,398376,398377,1788008950366532096,1788008950374864896,0.05885550786838341,8.33272933959961,0.49042701721191406,1322.7216738083307,611.4328156441608,1,728.2349740866225,605.1429961659913,1
1603,1663,55.43333333333333,55.59620809555054,53.59023714065552,1788008950034007,1788008950400452608,398380,398381,1788008950399864320,1788008950408198144,0.07060506365326849,8.333921432495117,0.5884170532226562,1322.6057149766857,611.6307370236966,1,728.2121981059609,604.7495338032687,1
1604,1664,55.46666666666667,55.62963891029358,53.62366795539856,1788008950067438,1788008950433884672,398384,398385,1788008950433197568,1788008950441530368,0.08245829876112272,8.332967758178711,0.6871223449707031,1322.4065196989122,611.6779471922248,1,728.280762348086,604.3775289186847,1
1605,1665,55.5,55.66306710243225,53.65709614753723,1788008950100866,1788008950467313920,398388,398389,1788008950466529792,1788008950474862592,0.09410586552217454,8.33272933959961,0.7841587066650391,1322.3120602296294,611.6424597616617,1,728.3023345335318,603.78362284233,1
1606,1666,55.53333333333333,55.69649696350098,53.69052600860596,1788008950134296,1788008950500744960,398392,398393,1788008950499862272,1788008950508195840,0.1059392344223837,8.333683013916016,0.8828639984130859,1322.709721588763,611.5697344860763,1,728.011384077105,603.8751472572635,1
1607,1667,55.56666666666667,55.729926109313965,53.723955154418945,1788008950167725,1788008950534175488,398396,398397,1788008950533195520,1788008950541528320,0.11759656652360514,8.33272933959961,0.9799003601074219,1323.2151994499159,611.7349388094808,1,727.761497382232,603.9885717912174,1
1608,1668,55.6,55.76335597038269,53.75738501548767,1788008950201155,1788008950567606528,398400,398401,1788008950566527488,1788008950574861568,0.12945215276784436,8.333921432495117,1.0788440704345703,1323.5907966458728,611.8291240530846,1,727.7726270360073,603.9143126294013,1
1609,1669,55.63333333333333,55.79678392410278,53.790812969207764,1788008950234583,1788008950601035264,398404,398405,1788008950599860992,1788008950608193792,0.14094017338559697,8.332967758178711,1.1744499206542969,1323.6373601807848,611.9860196280214,1,727.6606091869774,604.0002954704113,1
1610,1670,55.666666666666664,55.83021593093872,53.8242449760437,1788008950268015,1788008950634468608,398408,398409,1788008950633193216,1788008950641526016,0.1530472103004292,8.33272933959961,1.2753009796142578,1323.9965440038914,611.9514641310749,1,727.395178855224,603.4700110662715,1
1611,1671,55.7,55.86364507675171,53.85767412185669,1788008950301444,1788008950667898624,398412,398413,1788008950666525696,1788008950674859264,0.16475939806602963,8.333683013916016,1.3730525970458984,1324.4140262494539,611.4265085480293,1,727.0525837087513,602.5923582151224,1
1612,1672,55.733333333333334,55.89707398414612,53.8911030292511,1788008950334873,1788008950701328640,398416,398417,1788008950699858944,1788008950708191744,0.17639484978540773,8.33272933959961,1.4698505401611328,1324.8491195909176,611.0492318675606,1,726.660576760024,601.433619722652,1
1613,1673,55.766666666666666,55.93050503730774,53.92453408241272,1788008950368304,1788008950734760960,398420,398421,1788008950733190912,1788008950741523968,0.18840662641984493,8.332967758178711,1.569986343383789,1325.2798136722172,610.9023599148012,1,726.4946537464931,600.4501194060862,1
1614,1674,55.8,55.96393609046936,53.95796513557434,1788008950401735,1788008950768193536,398424,398425,1788008950766523392,1788008950774857216,0.20040051494779001,8.333921432495117,1.6701221466064453,1325.6604029184052,610.6656944246427,1,726.3854974594561,599.5833094932354,1
1615,1675,55.833333333333336,55.99736404418945,53.991393089294434,1788008950435163,1788008950801622528,398428,398429,1788008950799856640,1788008950808189440,0.211931330472103,8.33272933959961,1.7659664154052734,1326.1272157753388,610.447032124023,1,726.3044087444429,599.4108733551928,1
1616,1676,55.86666666666667,56.03079295158386,54.02482199668884,1788008950468592,1788008950835052544,398432,398433,1788008950833189120,1788008950841521664,0.2236337625178827,8.33272933959961,1.8634796142578125,1326.3716737652358,610.3156578209607,1,726.2059480496991,599.2700861838958,1
1617,1677,55.9,56.06422209739685,54.05825114250183,1788008950502021,1788008950868482560,398436,398437,1788008950866521088,1788008950874854144,0.2353866842150439,8.332967758178711,1.9614696502685547,1326.4423893716346,610.1939286600513,1,726.2422101039069,599.4660918010346,1
1618,1678,55.93333333333333,56.097651958465576,54.09168100357056,1788008950535451,1788008950901913600,398440,398441,1788008950899853568,1788008950908186112,0.24723891273247497,8.33272933959961,2.0601749420166016,1326.5848696896478,610.6400798956221,1,726.2879051329089,599.8667629925203,1
1619,1679,55.96666666666667,56.13109111785889,54.12512016296387,1788008950568890,1788008950935354112,398444,398445,1788008950933185792,1788008950941519616,0.26017050981289697,8.333683013916016,2.1681785583496094,1326.7770143451182,610.9356133569464,1,726.4748656167695,600.1022816908903,1
1620,1680,56.0,56.164520025253296,54.158549070358276,1788008950602319,1788008950968784128,398448,398449,1788008950966519040,1788008950974851840,0.2718168812589413,8.33272933959961,2.2649765014648438,1326.610837255284,610.9428907703059,1,726.9319222025798,600.2229071852657,1
1621,1681,56.03333333333333,56.197948932647705,54.191977977752686,1788008950635748,1788008951002214144,398452,398453,1788008950999851264,1788008951008184320,0.2835684243655403,8.332967758178711,2.362966537475586,1326.529929664132,610.9245896242138,1,727.3230112501141,600.6873885275787,1
1622,1682,56.06666666666667,56.23137903213501,54.22540807723999,1788008950669178,1788008951035645184,398456,398457,1788008951033183488,1788008951041517568,0.2953797739951366,8.333921432495117,2.461671829223633,1326.4365860387607,610.6244374287778,1,727.6801754805495,600.2616973014542,1
1623,1683,56.1,56.26481604576111,54.25884509086609,1788008950702615,1788008951069083392,398460,398461,1788008951066516992,1788008951074849536,0.30801144492131616,8.33272933959961,2.5665760040283203,1326.4194460651015,610.2064639164711,1,727.6969899144852,599.7997405689515,1
1624,1684,56.13333333333333,56.298245906829834,54.292274951934814,1788008950736045,1788008951102514176,398464,398465,1788008951099849216,1788008951108182016,0.3198283261802575,8.33272933959961,2.6650428771972656,1326.5280358446464,609.9823026951823,1,727.6944387686705,599.9166487886254,1
1625,1685,56.166666666666664,56.331674098968506,54.325703144073486,1788008950769473,1788008951135943168,398468,398469,1788008951133181440,1788008951141515264,0.3313975110856816,8.333921432495117,2.7618408203125,1326.8248406910034,609.4902891698372,1,727.5654817504292,599.7447114147063,1
1626,1686,56.2,56.365111112594604,54.359140157699585,1788008950802910,1788008951169381120,398472,398473,1788008951166514688,1788008951174847488,0.3439958799462104,8.332967758178711,2.866506576538086,1326.9629688765758,609.4528402827556,1,727.3516620105448,599.6548026268674,1
1627,1687,56.233333333333334,56.39854192733765,54.39257097244263,1788008950836341,1788008951202813440,398476,398477,1788008951199846912,1788008951208180736,0.35595353893688847,8.333683013916016,2.9664039611816406,1326.8259457025827,609.5342627008819,1,727.0139410989175,599.4584740060038,1
1628,1688,56.266666666666666,56.43197202682495,54.42600107192993,1788008950869771,1788008951236244736,398480,398481,1788008951233180160,1788008951241512960,0.36775393419170244,8.33272933959961,3.064393997192383,1326.7990077696506,609.7652053870971,1,726.7860351354027,599.3804745782467,1
1629,1689,56.3,56.46540307998657,54.45943212509155,1788008950903202,1788008951269676800,398484,398485,1788008951266512384,1788008951274845440,0.3797316242739836,8.332967758178711,3.1642913818359375,1326.8395720736212,610.1673320402118,1,726.6451512285288,599.7309038953347,1
1630,1690,56.333333333333336,56.49883794784546,54.49286699295044,1788008950936637,1788008951303112704,398488,398489,1788008951299844864,1788008951308178688,0.39213274209698185,8.333921432495117,3.268003463745117,1326.4575426642166,610.2371694336086,1,726.5794031615894,599.7786941661712,1
1631,1691,56.36666666666667,56.532268047332764,54.526297092437744,1788008950970067,1788008951336544000,398492,398493,1788008951333178112,1788008951341510656,0.40394849785407727,8.33272933959961,3.3659934997558594,1326.091605344313,609.948164822782,1,726.7757370875389,600.0877149812746,1
1632,1692,56.4,56.56569790840149,54.55972695350647,1788008951003497,1788008951369974784,398496,398497,1788008951366510336,1788008951374843136,0.4157653791130186,8.33272933959961,3.4644603729248047,1325.6718130159625,609.9272857963672,1,726.8902497449028,600.1812810539932,1
1633,1693,56.43333333333333,56.59912610054016,54.59315514564514,1788008951036925,1788008951403404288,398500,398501,1788008951399842560,1788008951408176384,0.42737805750250324,8.333921432495117,3.561735153198242,1325.447844151605,610.0545518524118,1,727.1244200157355,600.2514267132193,1
1634,1694,56.46666666666667,56.6325569152832,54.626585960388184,1788008951070356,1788008951436836352,398504,398505,1788008951433175808,1788008951441508864,0.43927212383050557,8.332967758178711,3.660440444946289,1325.1493651318729,610.2535966602377,1,727.4284814041989,600.955458221938,1
1635,1695,56.5,56.665977001190186,54.660006046295166,1788008951103776,1788008951470257408,398508,398509,1788008951466508032,1788008951474840832,0.449928469241774,8.33272933959961,3.7491321563720703,1324.5699080164768,610.5921346972623,1,727.6049055719465,602.302405532928,1
1636,1696,56.53333333333333,56.69940805435181,54.69343709945679,1788008951137207,1788008951503689472,398512,398513,1788008951499840512,1788008951508174080,0.4618641643302626,8.333683013916016,3.849029541015625,1324.2983916222306,611.0671304221911,1,728.1930377559329,603.44312904094,1
1637,1697,56.56666666666667,56.73283910751343,54.72686815261841,1788008951170638,1788008951537121792,398516,398517,1788008951533173760,1788008951541506560,0.47379113018597996,8.33272933959961,3.9479732513427734,1324.5066551521898,610.9826021908058,1,728.6610705940412,603.2318925843401,1
1638,1698,56.6,56.76626896858215,54.760298013687134,1788008951204068,1788008951570552576,398520,398521,1788008951566505984,1788008951574838784,0.4856227289634059,8.332967758178711,4.04667854309082,1324.9147576242547,611.055362454552,1,728.970000537916,603.0014518586962,1
1639,1699,56.63333333333333,56.79969811439514,54.79372715950012,1788008951237497,1788008951603982848,398524,398525,1788008951599839232,1788008951608172288,0.4972676032159309,8.332967758178711,4.143714904785156,1324.3672303363649,611.5426871566409,1,728.9689462711572,603.2661408548373,1
1640,1700,56.666666666666664,56.83312702178955,54.82715606689453,1788008951270926,1788008951637413376,398528,398529,1788008951633171456,1788008951641504256,0.5090414878397711,8.33272933959961,4.091024398803711,1323.6222968084126,611.8111300737677,1,728.966938561212,603.2969086450705,1
1641,1701,56.7,56.866557121276855,54.860586166381836,1788008951304356,1788008951670845696,398532,398533,1788008951666503936,1788008951674837504,0.5209990272930137,8.333683013916016,3.991842269897461,1322.6721696210193,611.5825074476907,1,728.9707986457022,602.8952962976451,1
1642,1702,56.733333333333334,56.89998412132263,54.89401316642761,1788008951337783,1788008951704273408,398536,398537,1788008951699837184,1788008951708169984,0.5323891273247496,8.33272933959961,3.896474838256836,1321.6815097838678,611.5331808684408,1,729.4721847063373,602.0435159975029,1
1643,1703,56.766666666666666,56.93342304229736,54.927452087402344,1788008951371222,1788008951737713152,398540,398541,1788008951733169408,1788008951741502208,0.5452776744585277,8.332967758178711,3.789186477661133,1320.7066227893026,611.8043124220417,1,729.8635542552474,601.3666686973402,1
1644,1704,56.8,56.96685194969177,54.96088099479675,1788008951404651,1788008951771142656,398544,398545,1788008951766501632,1788008951774835712,0.5568874266914604,8.333921432495117,3.6928653717041016,1319.9855789019016,612.0992287021297,1,730.6414037397835,600.8080138218355,1
1645,1705,56.833333333333336,57.000283002853394,54.994312047958374,1788008951438082,1788008951804574976,398548,398549,1788008951799834880,1788008951808167680,0.5688412017167382,8.33272933959961,3.5927295684814453,1319.2523450181388,612.0497949267776,1,730.6448758977253,599.9731197730283,1
1646,1706,56.86666666666667,57.03372097015381,55.02775001525879,1788008951471520,1788008951838014208,398552,398553,1788008951833167360,1788008951841500160,0.5816595135908441,8.33272933959961,3.4859180450439453,1318.5985129677847,612.0510282531889,1,730.4604382331088,599.1455371973445,1
1647,1707,56.9,57.0671501159668,55.06117916107178,1788008951504949,1788008951871444480,398556,398557,1788008951866499328,1788008951874832384,0.5934308031243741,8.332967758178711,3.387928009033203,1317.9691926565308,611.927552163205,1,730.9867234170997,598.6918343220831,1
1648,1708,56.93333333333333,57.100579023361206,55.09460806846619,1788008951538378,1788008951904874496,398560,398561,1788008951899831808,1788008951908164608,0.6051788268955651,8.33272933959961,3.289937973022461,1317.4189651802321,611.7347432136389,1,731.9535086589572,598.5889366826152,1
1649,1709,56.96666666666667,57.13401699066162,55.1280460357666,1788008951571816,1788008951938313728,398564,398565,1788008951933164032,1788008951941497856,0.6179264175773874,8.333683013916016,3.184080123901367,1316.4794230885796,610.7133525011376,1,732.482918570875,598.234329943375,1
1650,1710,57.0,57.16744613647461,55.16147518157959,1788008951605245,1788008951971743744,398568,398569,1788008951966497536,1788008951974830080,0.6296137339055794,8.33272933959961,3.0863285064697266,1315.657079794642,611.0932969213223,1,733.3626600501726,598.0122833674434,1
1651,1711,57.03333333333333,57.20088195800781,55.19491100311279,1788008951638681,1788008952005180928,398572,398573,1788008951999829504,1788008952008162560,0.6421847729678694,8.332967758178711,2.9816627502441406,1315.3897927422713,611.7055497847562,1,734.2691895382945,598.0004395603366,1
1652,1712,57.06666666666667,57.23431205749512,55.2283411026001,1788008951672111,1788008952038612224,398576,398577,1788008952033161984,1788008952041495808,0.6539836933199829,8.333921432495117,2.8836727142333984,1315.058948347254,611.5233070208967,1,735.083910880747,598.1593664664305,1
1653,1713,57.1,57.267740964889526,55.26177000999451,1788008951705540,1788008952072042240,398580,398581,1788008952066495232,1788008952074828032,0.6656938483547925,8.33272933959961,2.7856826782226562,1314.627014316945,611.1782065577057,1,735.5670887437441,597.9879100587531,1
1654,1714,57.13333333333333,57.30117893218994,55.29520797729492,1788008951738978,1788008952105481472,398584,398585,1788008952099827456,1788008952108160256,0.6785121602288984,8.33272933959961,2.6788711547851562,1314.3694731416242,610.4005732796071,1,736.0320700414034,597.5845376807084,1
1655,1715,57.166666666666664,57.334609031677246,55.32863807678223,1788008951772408,1788008952138912768,398588,398589,1788008952133159680,1788008952141493504,0.6903161207266485,8.333921432495117,2.580881118774414,1314.5142390088604,610.7159481757838,1,736.2741535571081,596.8181026367137,1
1656,1716,57.2,57.368046045303345,55.362075090408325,1788008951805845,1788008952172350976,398592,398593,1788008952166492928,1788008952174825984,0.7029841778489886,8.332967758178711,2.4750232696533203,1314.767160898457,610.9058768010482,1,736.4793128927589,596.7263489005549,1
1657,1717,57.233333333333334,57.401474952697754,55.395503997802734,1788008951839274,1788008952205780480,398596,398597,1788008952199825408,1788008952208157952,0.7146781115879828,8.33272933959961,2.3775100708007812,1314.996410968556,610.9316321190602,1,736.7336988374498,596.994610820754,1
1658,1718,57.266666666666666,57.43491196632385,55.42894101142883,1788008951872711,1788008952239218176,398600,398601,1788008952233158656,1788008952241491200,0.7272103004291846,8.33272933959961,2.273082733154297,1315.0397143609282,611.002831658576,1,737.0067927807262,597.5320182224735,1
1659,1719,57.3,57.468346118927,55.46237516403198,1788008951906145,1788008952272653056,398604,398605,1788008952266490624,1788008952274823680,0.73952104374696,8.332967758178711,2.170562744140625,1315.118711950415,610.9084920981544,1,737.160154659919,598.003200403619,1
1660,1720,57.333333333333336,57.50177001953125,55.49579906463623,1788008951939569,1788008952306078208,398608,398609,1788008952299823104,1788008952308156928,0.7505650121584895,8.333921432495117,2.0787715911865234,1315.1384680594938,610.6966042008594,1,737.231876110734,598.2444618600236,1
1661,1721,57.36666666666667,57.535207986831665,55.529237031936646,1788008951973007,1788008952339517440,398612,398613,1788008952333156352,1788008952341489152,0.763376251788269,8.33272933959961,1.9717216491699219,1315.1706158848992,610.5826542708971,1,737.1055999021553,598.1527603536474,1
1662,1722,57.4,57.56863808631897,55.56266713142395,1788008952006437,1788008952372948736,398616,398617,1788008952366488576,1788008952374821376,0.7752503576537911,8.33272933959961,1.8727779388427734,1315.2088879792927,610.5806418446052,1,736.9652002758398,597.1939595344303,1
1663,1723,57.43333333333333,57.60206699371338,55.59609603881836,1788008952039866,1788008952406378496,398620,398621,1788008952399820800,1788008952408154624,0.7868688313545987,8.333921432495117,1.7762184143066406,1315.3168401960547,610.5996137054075,1,736.9265604266906,596.3097337840949,1
1664,1724,57.46666666666667,57.635504961013794,55.629534006118774,1788008952073304,1788008952439817728,398624,398625,1788008952433154048,1788008952441487104,0.7996623844811307,8.332967758178711,1.6694068908691406,1315.2779189096352,610.6502164965146,1,736.9331619666611,595.6624981111321,1
1665,1725,57.5,57.6689350605011,55.66296410560608,1788008952106734,1788008952473249024,398628,398629,1788008952466486528,1788008952474819072,0.8115593705293276,8.33272933959961,1.5702247619628906,1315.2624350446833,610.6907294428026,1,736.8169562432204,595.2769019861317,1
1666,1726,57.53333333333333,57.70236396789551,55.69639301300049,1788008952140163,1788008952506678784,398632,398633,1788008952499818752,1788008952508152576,0.823167591691938,8.333683013916016,1.4736652374267578,1315.2830865028677,610.5475571889972,1,736.8411618640241,595.2882319491567,1
1667,1727,57.56666666666667,57.73579406738281,55.72982311248779,1788008952173593,1788008952540110080,398636,398637,1788008952533152000,1788008952541484800,0.8350214592274678,8.33272933959961,1.3747215270996094,1315.294258157392,610.3944252865342,1,736.8925785544154,595.4847609346015,1
1668,1728,57.6,57.769230127334595,55.763259172439575,1788008952207029,1788008952573547520,398640,398641,1788008952566484224,1788008952574817280,0.8476438442390776,8.332967758178711,1.2695789337158203,1315.3603809057968,610.1204518612382,1,737.0018032029117,595.7635401521421,1
1669,1729,57.63333333333333,57.80265998840332,55.7966890335083,1788008952240459,1788008952606978560,398644,398645,1788008952599816448,1788008952608150528,0.8593906451151481,8.333921432495117,1.1718273162841797,1315.337544544451,609.8844334394712,1,736.9242127712625,595.9830019484904,1
1670,1730,57.666666666666664,57.83609104156494,55.83012008666992,1788008952273890,1788008952640410880,398648,398649,1788008952633149952,1788008952641482496,0.8713876967095852,8.33272933959961,1.0716915130615234,1315.280955160918,609.6571588323702,1,736.7304502053364,596.0421156698384,1
1671,1731,57.7,57.869518995285034,55.863548040390015,1788008952307318,1788008952673840128,398652,398653,1788008952666482176,1788008952674816000,0.8829032442638897,8.333683013916016,0.9758472442626953,1315.1914072222735,609.4706918067895,1,736.4363958384193,595.9723482833616,1
1672,1732,57.733333333333334,57.90294814109802,55.896977186203,1788008952340747,1788008952707270144,398656,398657,1788008952699815424,1788008952708148224,0.894620886981402,8.33272933959961,0.8780956268310547,1315.1143854436757,609.342733742412,1,736.1640021246667,595.7067929184572,1
1673,1733,57.766666666666666,57.93637800216675,55.93040704727173,1788008952374177,1788008952740701184,398660,398661,1788008952733147648,1788008952741480704,0.9064690566793511,8.332967758178711,0.7793903350830078,1315.0973368561436,609.2758868094625,1,735.9330131432469,595.3872304859573,1
1674,1734,57.8,57.96980905532837,55.96383810043335,1788008952407608,1788008952774133504,398664,398665,1788008952766479872,1788008952774813952,0.9183521670719497,8.333921432495117,0.6804466247558594,1315.0674926000213,609.2734958522306,1,735.7885161410696,595.228564191479,1
1675,1735,57.833333333333336,58.00323796272278,55.99726700782776,1788008952441037,1788008952807563520,398668,398669,1788008952799813376,1788008952808145920,0.9301001430615164,8.33272933959961,0.5824565887451172,1315.184252253569,609.2219761389148,1,735.6006620665122,594.9987315978368,1
1676,1736,57.86666666666667,58.0366690158844,56.03069806098938,1788008952474468,1788008952840995840,398672,398673,1788008952833145600,1788008952841478400,0.9420886981402002,8.33272933959961,0.4825592041015625,1315.2933701933769,609.1104871676336,1,735.3950974608957,594.8748813592114,1
1677,1737,57.9,58.07009792327881,56.06412696838379,1788008952507897,1788008952874425600,398676,398677,1788008952866477824,1788008952874810624,0.9537924522903494,8.332967758178711,0.38504600524902344,1315.344631828559,608.8515169603982,1,735.0383782025463,594.6763545106553,1
1678,1738,57.93333333333333,58.10352802276611,56.097557067871094,1788008952541327,1788008952907856896,398680,398681,1788008952899810048,1788008952908142848,0.9656938483547926,8.33272933959961,0.28586387634277344,1315.3686607956267,608.5884323491437,1,734.8891636581069,594.5092931067712,1
1679,1739,57.96666666666667,58.136964082717896,56.130993127822876,1788008952574763,1788008952941294336,398684,398685,1788008952933142528,1788008952941476096,0.9781999198947188,8.333683013916016,0.18167495727539062,1315.3636955306383,608.3892114348872,1,734.9087337303791,594.4071810254102,1
1680,1740,58.0,58.170392990112305,56.164422035217285,1788008952608192,1788008952974724352,398688,398689,1788008952966475776,1788008952974808576,0.9898998569384836,8.33272933959961,0.08416175842285156,1315.2858407515348,608.2565578964322,1,734.7763392238054,594.2608345899147,1
1681,1741,58.03333333333333,58.20382213592529,56.19785118103027,1788008952641621,1788008953008154624,398693,398694,1788008953008140800,1788008953016474368,0.0016593236825542142,8.333683013916016,0.013828277587890625,1315.2438805025936,608.1557849148309,1,734.6861431352219,594.1772321335651,1
1682,1742,58.06666666666667,58.23725199699402,56.231281042099,1788008952675051,1788008953041585664,398697,398698,1788008953041474048,1788008953049806848,0.013390557939914163,8.33272933959961,0.11157989501953125,1315.1528654358942,607.8335197336951,1,734.601433521496,594.1406180907966,1
1683,1743,58.1,58.270689964294434,56.264719009399414,1788008952708489,1788008953075024896,398701,398702,1788008953074806272,1788008953083139072,0.02623673142399359,8.332967758178711,0.2186298370361328,1315.2452645596472,607.8192393214647,1,734.3916986825532,594.2231812899324,1
1684,1744,58.13333333333333,58.30411911010742,56.2981481552124,1788008952741918,1788008953108455168,398705,398706,1788008953108138496,1788008953116472576,0.03799170361893864,8.333921432495117,0.316619873046875,1315.6126366748958,607.9598350636817,1,734.1383546409116,594.3607068777335,1
1685,1745,58.166666666666664,58.33755803108215,56.331587076187134,1788008952775357,1788008953141895168,398709,398710,1788008953141471744,1788008953149804544,0.05081545064377682,8.33272933959961,0.423431396484375,1315.909066715489,607.880441572775,1,733.6974604606601,594.4472898727074,1
1686,1746,58.2,58.370985984802246,56.36501502990723,1788008952808785,1788008953175324160,398713,398714,1788008953174804224,1788008953183137024,0.06240343347639485,8.33272933959961,0.5199909210205078,1316.0950319391097,607.7287011569042,1,733.4774346776703,594.9687954415251,1
1687,1747,58.233333333333334,58.40441608428955,56.39844512939453,1788008952842215,1788008953208755456,398717,398718,1788008953208136448,1788008953216470272,0.07429552281504792,8.333921432495117,0.6191730499267578,1316.2001434577542,607.5126417040595,1,733.3713661219342,595.5231342408604,1
1688,1748,58.266666666666666,58.437845945358276,56.43187499046326,1788008952875645,1788008953242186496,398721,398722,1788008953241469696,1788008953249802496,0.08603473434236503,8.332967758178711,0.7169246673583984,1316.3696813999475,607.4335663472372,1,733.4116819958188,596.0315592360282,1
1689,1749,58.3,58.47127413749695,56.46530318260193,1788008952909073,1788008953275616000,398725,398726,1788008953274801920,1788008953283135744,0.09767122503862219,8.333683013916016,0.8139610290527344,1316.530185037759,607.4276260485915,1,733.4217916636023,597.0541253006625,1
1690,1750,58.333333333333336,58.504703998565674,56.498733043670654,1788008952942503,1788008953309046528,398729,398730,1788008953308135168,1788008953316467968,0.10935622317596566,8.33272933959961,0.9112358093261719,1316.5107352305863,607.3385111124098,1,733.4749773281985,598.4208567697154,1
1691,1751,58.36666666666667,58.53813409805298,56.53216314315796,1788008952975933,1788008953342477568,398733,398734,1788008953341467392,1788008953349800448,0.12122686046178936,8.332967758178711,1.0101795196533203,1316.4839503950748,607.20505387119,1,733.3858155375575,599.7201254494338,1
1692,1752,58.4,58.571556091308594,56.565585136413574,1788008953009355,1788008953375900160,398737,398738,1788008953374799616,1788008953383133696,0.13205549992847948,8.333921432495117,1.1005401611328125,1316.4004648097127,608.0734384267427,1,733.1059956127235,600.6594338515578,1
1693,1753,58.43333333333333,58.604986906051636,56.599015951156616,1788008953042786,1788008953409332224,398741,398742,1788008953408133120,1788008953416465664,0.14391988555078683,8.33272933959961,1.1992454528808594,1316.2802700834484,609.249437192842,1,732.8308383172098,601.4135316661301,1
1694,1754,58.46666666666667,58.638407945632935,56.632436990737915,1788008953076207,1788008953442754560,398745,398746,1788008953441465344,1788008953449798144,0.15470672389127324,8.33272933959961,1.2891292572021484,1315.6342153145195,610.3584159569658,1,732.7479651466925,601.9466148693613,1
1695,1755,58.5,58.67183804512024,56.66586709022522,1788008953109637,1788008953476185856,398749,398750,1788008953474797568,1788008953483131392,0.16658561007009012,8.333921432495117,1.3883113861083984,1315.4098050614089,610.4869067286403,1,732.303640887309,601.9654671569858,1
1696,1756,58.53333333333333,58.70526099205017,56.69929003715515,1788008953143060,1788008953509609984,398753,398754,1788008953508130816,1788008953516463872,0.17750565076821836,8.332967758178711,1.4791488647460938,1315.0186248384862,610.4261036790277,1,731.8037601238162,601.6277467626701,1
1697,1757,58.56666666666667,58.73869013786316,56.73271918296814,1788008953176489,1788008953543040256,398757,398758,1788008953541463040,1788008953549795840,0.1892703862660944,8.33272933959961,1.577138900756836,1314.427277603064,610.5675701793783,1,731.508866047686,601.6748725744443,1
1698,1758,58.6,58.77211904525757,56.76614809036255,1788008953209918,1788008953576470016,398761,398762,1788008953574795520,1788008953583129088,0.20094981976311724,8.333683013916016,1.674652099609375,1314.7189557555141,610.5631576558097,1,731.2565080455329,602.2318017072645,1
1699,1759,58.63333333333333,58.805548906326294,56.799577951431274,1788008953243348,1788008953609901312,398765,398766,1788008953608128768,1788008953616461568,0.2127038626609442,8.33272933959961,1.7724037170410156,1314.9068227311056,610.8181660890165,1,730.831924310207,602.6328443320734,1
1700,1760,58.666666666666664,58.838972091674805,56.833001136779785,1788008953276771,1788008953643325440,398769,398770,1788008953641460992,1788008953649793792,0.22377042144716888,8.332967758178711,1.8646717071533203,1315.2591456481239,611.0121222369072,1,730.5646760375072,603.0480853971474,1
1701,1761,58.7,58.8724000453949,56.86642909049988,1788008953310199,1788008953676754688,398773,398774,1788008953674793216,1788008953683127040,0.2353597482477471,8.333921432495117,1.9614696502685547,1315.2845651745638,611.1459304767882,1,730.6197643115712,603.4335678422175,1
1702,1762,58.733333333333334,58.90583109855652,56.8998601436615,1788008953343630,1788008953710187008,398777,398778,1788008953708126464,1788008953716459264,0.24726752503576538,8.33272933959961,2.060413360595703,1315.4776677868522,611.1878550035414,1,730.4413075875497,603.7586325822564,1
1703,1763,58.766666666666666,58.93926000595093,56.93328905105591,1788008953377059,1788008953743616768,398781,398782,1788008953741458944,1788008953749792512,0.2589403215654861,8.333683013916016,2.157926559448242,1315.9810176551978,611.0395628449073,1,730.0270250048528,604.0221897624618,1
1704,1764,58.8,58.97268891334534,56.96671795845032,1788008953410488,1788008953777047040,398785,398786,1788008953774792192,1788008953783124992,0.2705865522174535,8.33272933959961,2.2547245025634766,1316.2983277757533,611.6103615701305,1,729.825372066892,604.7782423162001,1
1705,1765,58.833333333333336,59.00612711906433,57.00015616416931,1788008953443926,1788008953810486272,398789,398790,1788008953808124416,1788008953816457216,0.2834539784269406,8.332967758178711,2.3620128631591797,1316.8192969234594,611.7891419961813,1,729.5985851500225,605.1755564775934,1
1706,1766,58.86666666666667,59.039555072784424,57.033584117889404,1788008953477354,1788008953843915520,398793,398794,1788008953841456640,1788008953849790464,0.29503647546845946,8.333921432495117,2.458810806274414,1317.2961234593386,612.077699842653,1,729.4225041298117,605.7204898551067,1
1707,1767,58.9,59.07298493385315,57.06701397895813,1788008953510784,1788008953877346560,398797,398798,1788008953874789120,1788008953883121664,0.3069241773962804,8.33272933959961,2.557516098022461,1317.9543980661333,612.7212472469415,1,729.2817815290018,606.0628242598978,1
1708,1768,58.93333333333333,59.106415033340454,57.100444078445435,1788008953544214,1788008953910777856,398801,398802,1788008953908121088,1788008953916454912,0.3187812902302961,8.333921432495117,2.656698226928711,1318.2193693620527,612.696840826889,1,728.9627846797633,606.0178406884249,1
1709,1769,58.96666666666667,59.139846086502075,57.133875131607056,1788008953577645,1788008953944210176,398805,398806,1788008953941454336,1788008953949787392,0.330691539583989,8.332967758178711,2.7556419372558594,1318.6200281937145,612.9666954885988,1,728.7064166007101,605.7714726471329,1
1710,1770,59.0,59.1732759475708,57.16730499267578,1788008953611075,1788008953977640960,398809,398810,1788008953974786816,1788008953983119360,0.3425178826895565,8.33272933959961,2.8541088104248047,1318.7997244523062,613.1569868611805,1,728.5656450294949,605.4971295721625,1
1711,1771,59.03333333333333,59.206706047058105,57.200735092163086,1788008953644505,1788008954011072256,398813,398814,1788008954008119040,1788008954016452864,0.35435143331235336,8.333683013916016,2.953052520751953,1318.77475074713,613.1437728715553,1,728.5126251128012,605.139356447469,1
1712,1772,59.06666666666667,59.240134954452515,57.234163999557495,1788008953677934,1788008954044502272,398817,398818,1788008954041452288,1788008954049785088,0.3660085836909871,8.33272933959961,3.0498504638671875,1318.7147181446308,613.0905450762953,1,728.4990878438957,605.0128199795375,1
1713,1773,59.1,59.27356290817261,57.26759195327759,1788008953711362,1788008954077931264,398821,398822,1788008954074784512,1788008954083117568,0.37761437440988815,8.332967758178711,3.146648406982422,1318.6458811792115,613.0399057330443,1,728.5090709965634,604.8479362700043,1
1714,1774,59.13333333333333,59.306992053985596,57.301021099090576,1788008953744791,1788008954111361536,398825,398826,1788008954108116992,1788008954116450816,0.38932913746245174,8.333921432495117,3.244638442993164,1318.4721023752904,612.8595115417434,1,728.5655621953687,604.398842439622,1
1715,1775,59.166666666666664,59.34042501449585,57.33445405960083,1788008953778224,1788008954144795904,398829,398830,1788008954141450240,1788008954149782784,0.401516452074392,8.33272933959961,3.3457279205322266,1318.2195311696144,612.5983052114158,1,728.7172353732353,604.0543498284334,1
1716,1776,59.2,59.37384510040283,57.36787414550781,1788008953811644,1788008954178217216,398833,398834,1788008954174782464,1788008954183115264,0.4121888412017167,8.33272933959961,3.4346580505371094,1318.0423399938898,612.2419157976905,1,728.8207529883315,603.7668320486803,1
1717,1777,59.233333333333334,59.407273054122925,57.401302099227905,1788008953845072,1788008954211646208,398837,398838,1788008954208114688,1788008954216448512,0.42377342297239307,8.333921432495117,3.5316944122314453,1318.048928630391,611.8760544201598,1,728.860841305403,603.3590527190131,1
1718,1778,59.266666666666666,59.44070506095886,57.43473410606384,1788008953878504,1788008954245079552,398841,398842,1788008954241447936,1788008954249780992,0.435810134187863,8.332967758178711,3.631591796875,1318.244491411735,611.700543144199,1,728.875331568061,602.8757823417941,1
1719,1779,59.3,59.474133014678955,57.468162059783936,1788008953911932,1788008954278508544,398845,398846,1788008954274780160,1788008954283112960,0.44741058655221744,8.33272933959961,3.728151321411133,1318.4371312810947,611.5518351374005,1,728.7877424933614,602.7541376257609,1
1720,1780,59.333333333333336,59.50756597518921,57.50159502029419,1788008953945365,1788008954311942400,398849,398850,1788008954308112640,1788008954316446208,0.45954683298048865,8.333683013916016,3.8297176361083984,1318.6491622817434,611.4664379601697,1,728.8042373587467,602.7564086111665,1
1721,1781,59.36666666666667,59.5409939289093,57.53502297401428,1788008953978793,1788008954345371392,398853,398854,1788008954341445888,1788008954349778688,0.471101573676681,8.33272933959961,3.9255619049072266,1318.89481037174,611.3627292324184,1,728.8573822019566,602.7687495999734,1
1722,1782,59.4,59.574424028396606,57.56845307350159,1788008954012223,1788008954378802944,398857,398858,1788008954374778112,1788008954383111936,0.4829638106136461,8.333921432495117,4.024982452392578,1319.0716443433616,611.1788811559338,1,728.8864896459722,602.7414464003623,1
1723,1783,59.43333333333333,59.607845067977905,57.601874113082886,1788008954045644,1788008954412224768,398861,398862,1788008954408111360,1788008954416444160,0.4936480686695279,8.33272933959961,4.113435745239258,1319.2394568203076,610.9444340887917,1,728.9638499611492,602.8102187032682,1
1724,1784,59.46666666666667,59.64127492904663,57.63530397415161,1788008954079074,1788008954445655040,398865,398866,1788008954441443584,1788008954449776384,0.5054077253218884,8.33272933959961,4.121303558349609,1319.354433373996,610.6260226151475,1,728.8577709991641,602.8792948811596,1
1725,1785,59.5,59.674705028533936,57.668734073638916,1788008954112504,1788008954479085824,398869,398870,1788008954474776064,1788008954483109632,0.5171654174057333,8.333683013916016,4.02379035949707,1319.4078638633443,610.3159352752931,1,728.6580818181784,602.8941847764604,1
1726,1786,59.53333333333333,59.70814299583435,57.70217204093933,1788008954145942,1788008954512525056,398873,398874,1788008954508109056,1788008954516442112,0.5299419186861606,8.332967758178711,3.9169788360595703,1319.3883678764082,609.9853294874566,1,728.183840458581,602.5823159653803,1
1727,1787,59.56666666666667,59.74156403541565,57.73559308052063,1788008954179363,1788008954545947392,398877,398878,1788008954541441536,1788008954549774080,0.5407439198855508,8.33272933959961,3.8268566131591797,1319.337478750712,609.5782692644815,1,727.9611878851002,602.293351686138,1
1728,1788,59.6,59.77499294281006,57.76902198791504,1788008954212792,1788008954579377664,398881,398882,1788008954574773760,1788008954583107584,0.5524403501745151,8.333683013916016,3.7298202514648438,1319.3215281115329,609.140925996294,1,727.8950284556513,602.0948199989281,1
1729,1789,59.63333333333333,59.808417081832886,57.802446126937866,1788008954246216,1788008954612803072,398885,398886,1788008954608107008,1788008954616439808,0.5635479256080115,8.33272933959961,3.6368370056152344,1319.204778486237,608.8573385261346,1,727.9283439970161,601.8764440761588,1
1730,1790,59.666666666666664,59.84184503555298,57.83587408065796,1788008954279644,1788008954646231808,398889,398890,1788008954641439232,1788008954649772288,0.5751480644330634,8.332967758178711,3.5402774810791016,1319.1694574972073,608.734146828569,1,727.9280434720653,601.7029825770733,1
1731,1791,59.7,59.87527513504028,57.869304180145264,1788008954313074,1788008954679663104,398893,398894,1788008954674771456,1788008954683105536,0.5869546559862681,8.333921432495117,3.4422874450683594,1318.9652219394234,608.5622670617786,1,727.8531699905311,601.5238116116841,1
1732,1792,59.733333333333334,59.90870499610901,57.90273404121399,1788008954346504,1788008954713094144,398897,398898,1788008954708104960,1788008954716437504,0.5987696709585122,8.33272933959961,3.343343734741211,1318.7584291677122,608.1628713707136,1,727.7018135728141,601.2541397703056,1
1733,1793,59.766666666666666,59.94213509559631,57.936164140701294,1788008954379934,1788008954746525440,398901,398902,1788008954741437184,1788008954749770752,0.6105738971219317,8.333683013916016,3.2453536987304688,1318.5937419423992,607.8369833854974,1,727.6029606803155,600.9541061414033,1
1734,1794,59.8,59.97556400299072,57.9695930480957,1788008954413363,1788008954779955712,398905,398906,1788008954774770432,1788008954783103232,0.6222603719599428,8.33272933959961,3.147602081298828,1318.533205102037,607.5337061347725,1,727.4024155776423,600.7838263210856,1
1735,1795,59.833333333333336,60.00900101661682,58.0030300617218,1788008954446800,1788008954813394176,398909,398910,1788008954808102656,1788008954816435456,0.6350032903207348,8.332967758178711,3.041505813598633,1318.6445847727534,607.2569221157671,1,727.3477720546198,600.6311733297741,1
1736,1796,59.86666666666667,60.042428970336914,58.036458015441895,1788008954480228,1788008954846822912,398913,398914,1788008954841434880,1788008954849768960,0.6465169503647547,8.333921432495117,2.9458999633789062,1318.8961499441637,607.0188882969028,1,727.4005888871731,600.5135878419585,1
1737,1797,59.9,60.07585906982422,58.0698881149292,1788008954513658,1788008954880253952,398917,398918,1788008954874767360,1788008954883100160,0.6584549356223176,8.33272933959961,2.8460025787353516,1319.2359673294854,606.7388943694887,1,727.5223711741374,600.5704855116725,1
1738,1798,59.93333333333333,60.10929799079895,58.10332703590393,1788008954547097,1788008954913694208,398921,398922,1788008954908099328,1788008954916432384,0.6713970987954565,8.332967758178711,2.7382373809814453,1319.481454716757,606.3967462788511,1,727.7869454614425,600.5388228647697,1
1739,1799,59.96666666666667,60.142728090286255,58.136757135391235,1788008954580527,1788008954947125504,398925,398926,1788008954941431808,1788008954949765632,0.6831926762980975,8.333921432495117,2.640247344970703,1319.6505140952072,606.1217019940906,1,727.9973089303442,600.5557059248638,1
1740,1800,60.0,60.17615795135498,58.17018699645996,1788008954613957,1788008954980556288,398929,398930,1788008954974765056,1788008954983097856,0.6949928469241774,8.33272933959961,2.5415420532226562,1319.8418736033732,605.879845332285,1,728.1560154838525,600.6877060962356,1
1741,1801,60.03333333333333,60.20959401130676,58.20362305641174,1788008954647393,1788008955013993472,398933,398934,1788008955008097536,1788008955016431104,0.7075012874063055,8.333683013916016,2.437591552734375,1320.0399440796118,605.8700991630863,1,728.3471423279818,600.8132151400696,1
1742,1802,60.06666666666667,60.24302291870117,58.23705196380615,1788008954680822,1788008955047423488,398937,398938,1788008955041430784,1788008955049763328,0.7191988555078683,8.33272933959961,2.3398399353027344,1320.203586201938,605.8881203344868,1,728.4175580881077,600.8564960275313,1
1743,1803,60.1,60.276461124420166,58.27049016952515,1788008954714260,1788008955080863232,398941,398942,1788008955074762752,1788008955083095808,0.7320820577379761,8.332967758178711,2.2325515747070312,1320.3879780764075,606.00414219778,1,728.4519645062036,600.8632738570418,1
1744,1804,60.13333333333333,60.30989599227905,58.30392503738403,1788008954747695,1788008955114299392,398945,398946,1788008955108095232,1788008955116429056,0.7444428550994135,8.333921432495117,2.129793167114258,1320.5139843695256,606.0332794127845,1,728.438783503501,600.78611401956,1
1745,1805,60.166666666666664,60.343327045440674,58.337356090545654,1788008954781126,1788008955147731456,398949,398950,1788008955141428480,1788008955149761280,0.7564234620886982,8.33272933959961,2.0296573638916016,1320.6485792232252,606.0650213844824,1,728.3366845907119,600.6724615679722,1
1746,1806,60.2,60.3767569065094,58.37078595161438,1788008954814556,1788008955181162240,398953,398954,1788008955174760704,1788008955183093504,0.7682403433476395,8.33272933959961,1.9311904907226562,1320.6017024539653,606.1240627232714,1,728.2000563569475,600.6536026828836,1
1747,1807,60.233333333333334,60.4101939201355,58.40422296524048,1788008954847993,1788008955214600704,398957,398958,1788008955208092928,1788008955216426752,0.780889715348305,8.333921432495117,1.8260478973388672,1320.5509673117397,606.1575610207333,1,728.0610189404973,600.5412314533955,1
