output_frame,source_rgb_frame,mapping_kind,derived_color_device_timestamp_us,cmm_fractional_frame_counter,lower_camera_timecode_id,upper_camera_timecode_id,nearest_anchor_alignment_error_ms,camera_glove_valid
0,0,camera_timecode_anchor,1788012952816512.000,296350.791844,1,1,-1.734634,0
1,1,timestamp_inferred,1788012952849941.250,296353.896284,1,2,-1.734634,0
2,2,timestamp_inferred,1788012952883370.750,296357.000724,1,2,0.876364,1
3,3,camera_timecode_anchor,1788012952916800.000,296360.105164,2,2,0.876364,1
4,4,timestamp_inferred,1788012952950229.500,296364.169615,2,3,0.876364,1
5,5,camera_timecode_anchor,1788012952983659.000,296368.234066,3,3,1.950552,1
6,6,camera_timecode_anchor,1788012953017087.000,296376.249543,4,4,2.079529,1
7,7,timestamp_inferred,1788012953050515.000,296378.932305,4,5,2.079529,1
8,8,timestamp_inferred,1788012953083943.000,296381.615066,4,5,2.481891,1
9,9,camera_timecode_anchor,1788012953117371.000,296384.297827,5,5,2.481891,1
10,10,timestamp_inferred,1788012953150800.000,296388.383779,5,6,2.481891,1
11,11,camera_timecode_anchor,1788012953184229.000,296392.469731,6,6,3.914427,1
12,12,camera_timecode_anchor,1788012953217659.000,296400.521433,7,7,4.345274,0
13,13,timestamp_inferred,1788012953251091.250,296403.179930,7,8,4.345274,0
14,14,timestamp_inferred,1788012953284523.750,296405.838428,7,8,-4.192290,1
15,15,camera_timecode_anchor,1788012953317956.000,296408.496925,8,8,-4.192290,1
16,16,timestamp_inferred,1788012953351385.500,296412.619762,8,9,-4.192290,1
17,17,camera_timecode_anchor,1788012953384815.000,296416.742598,9,9,-2.145018,0
18,18,timestamp_inferred,1788012953418245.500,296420.556319,9,10,-2.145018,0
19,19,camera_timecode_anchor,1788012953451676.000,296424.370039,10,10,3.083660,1
20,20,timestamp_inferred,1788012953485105.000,296428.480279,10,11,3.083660,1
21,21,camera_timecode_anchor,1788012953518534.000,296432.590519,11,11,-3.412343,1
22,22,timestamp_inferred,1788012953551963.000,296436.606840,11,12,-3.412343,1
23,23,camera_timecode_anchor,1788012953585392.000,296440.623162,12,12,-3.140316,1
24,24,timestamp_inferred,1788012953618821.000,296444.677003,12,13,-3.140316,1
25,25,camera_timecode_anchor,1788012953652250.000,296448.730844,13,13,-2.242969,1
26,26,timestamp_inferred,1788012953685680.500,296452.809727,13,14,-2.242969,1
27,27,camera_timecode_anchor,1788012953719111.000,296456.888610,14,14,-0.928246,1
28,28,timestamp_inferred,1788012953752540.500,296460.992409,14,15,-0.928246,1
29,29,camera_timecode_anchor,1788012953785970.000,296465.096208,15,15,0.801730,1
30,30,timestamp_inferred,1788012953819399.000,296469.115904,15,16,0.801730,1
31,31,camera_timecode_anchor,1788012953852828.000,296473.135600,16,16,1.130001,1
32,32,timestamp_inferred,1788012953886258.500,296477.079177,16,17,1.130001,1
33,33,camera_timecode_anchor,1788012953919689.000,296481.022754,17,17,0.189618,1
34,34,timestamp_inferred,1788012953953118.500,296484.836077,17,18,0.189618,1
35,35,camera_timecode_anchor,1788012953986548.000,296488.649400,18,18,-2.921668,1
36,36,timestamp_inferred,1788012954019978.000,296492.659378,18,19,-2.921668,1
37,37,camera_timecode_anchor,1788012954053408.000,296496.669356,19,19,-2.755365,1
38,38,timestamp_inferred,1788012954086837.500,296500.736770,19,20,-2.755365,1
39,39,camera_timecode_anchor,1788012954120267.000,296504.804185,20,20,-1.631795,1
40,40,timestamp_inferred,1788012954153700.000,296508.891554,20,21,-1.631795,1
41,41,camera_timecode_anchor,1788012954187133.000,296512.978923,21,21,-0.175639,1
42,42,timestamp_inferred,1788012954220563.500,296516.954505,21,22,-0.175639,1
43,43,camera_timecode_anchor,1788012954253994.000,296520.930086,22,22,-0.582617,1
44,44,camera_timecode_anchor,1788012954287429.000,296528.995740,23,23,-0.035502,1
45,45,timestamp_inferred,1788012954320858.750,296531.730112,23,24,-0.035502,1
46,46,timestamp_inferred,1788012954354288.250,296534.464484,23,24,1.657129,1
47,47,camera_timecode_anchor,1788012954387718.000,296537.198855,24,24,1.657129,1
48,48,timestamp_inferred,1788012954421152.000,296541.064623,24,25,1.657129,1
49,49,camera_timecode_anchor,1788012954454586.000,296544.930390,25,25,-0.580087,0
50,50,camera_timecode_anchor,1788012954488007.000,296552.502776,26,26,4.189797,1
51,51,timestamp_inferred,1788012954521438.000,296556.382594,26,27,4.189797,1
52,52,camera_timecode_anchor,1788012954554869.000,296560.262412,27,27,2.186763,1
53,53,timestamp_inferred,1788012954588298.000,296564.274542,27,28,2.186763,1
54,54,camera_timecode_anchor,1788012954621727.000,296568.286671,28,28,2.388929,1
55,55,timestamp_inferred,1788012954655156.000,296572.273762,28,29,2.388929,1
56,56,camera_timecode_anchor,1788012954688585.000,296576.260852,29,29,2.173765,0
57,57,timestamp_inferred,1788012954722015.000,296580.325957,29,30,2.173765,0
58,58,camera_timecode_anchor,1788012954755445.000,296584.391063,30,30,3.258858,1
59,59,timestamp_inferred,1788012954788870.500,296588.437987,30,31,3.258858,1
60,60,camera_timecode_anchor,1788012954822296.000,296592.484911,31,31,-4.292409,1
61,61,timestamp_inferred,1788012954855726.000,296595.213674,31,32,-4.292409,1
62,62,timestamp_inferred,1788012954889156.000,296597.942438,31,32,-2.739991,1
63,63,camera_timecode_anchor,1788012954922586.000,296600.671201,32,32,-2.739991,1
64,64,camera_timecode_anchor,1788012954956015.000,296608.595435,33,33,-3.371378,0
65,65,timestamp_inferred,1788012954989444.500,296612.664365,33,34,-3.371378,0
66,66,camera_timecode_anchor,1788012955022874.000,296616.733295,34,34,-2.222538,1
67,67,timestamp_inferred,1788012955056303.500,296620.634344,34,35,-2.222538,1
68,68,camera_timecode_anchor,1788012955089733.000,296624.535393,35,35,-3.871725,0
69,69,timestamp_inferred,1788012955123167.500,296628.596764,35,36,-3.871725,0
70,70,camera_timecode_anchor,1788012955156602.000,296632.658135,36,36,-2.848874,1
71,71,timestamp_inferred,1788012955190031.000,296636.716819,36,37,-2.848874,1
72,72,camera_timecode_anchor,1788012955223460.000,296640.775504,37,37,-1.870802,1
73,73,timestamp_inferred,1788012955256888.500,296644.763074,37,38,-1.870802,1
74,74,camera_timecode_anchor,1788012955290317.000,296648.750645,38,38,-2.077958,1
75,75,timestamp_inferred,1788012955323747.000,296651.429644,38,39,-2.077958,1
76,76,timestamp_inferred,1788012955357177.000,296654.108644,38,39,-1.769643,1
77,77,camera_timecode_anchor,1788012955390607.000,296656.787643,39,39,-1.769643,1
78,78,camera_timecode_anchor,1788012955424037.000,296664.799225,40,40,-1.673127,1
79,79,timestamp_inferred,1788012955457463.000,296668.880652,40,41,-1.673127,1
80,80,camera_timecode_anchor,1788012955490889.000,296672.962078,41,41,-0.316013,1
81,81,timestamp_inferred,1788012955524315.750,296675.644530,41,42,-0.316013,1
82,82,timestamp_inferred,1788012955557742.250,296678.326982,41,42,0.078611,1
83,83,camera_timecode_anchor,1788012955591169.000,296681.009433,42,42,0.078611,1
84,84,camera_timecode_anchor,1788012955624600.000,296688.681813,43,43,-2.651561,0
85,85,timestamp_inferred,1788012955658029.500,296692.784087,43,44,-2.651561,0
86,86,camera_timecode_anchor,1788012955691459.000,296696.886362,44,44,-0.946984,1
87,87,timestamp_inferred,1788012955724889.000,296700.883712,44,45,-0.946984,1
88,88,camera_timecode_anchor,1788012955758319.000,296704.881062,45,45,-0.991151,0
89,89,timestamp_inferred,1788012955791749.000,296708.944000,45,46,-0.991151,0
90,90,camera_timecode_anchor,1788012955825179.000,296713.006938,46,46,0.057816,1
91,91,timestamp_inferred,1788012955858605.750,296715.638117,46,47,0.057816,1
92,92,timestamp_inferred,1788012955892032.250,296718.269296,46,47,-0.829370,1
93,93,camera_timecode_anchor,1788012955925459.000,296720.900476,47,47,-0.829370,1
94,94,timestamp_inferred,1788012955958885.000,296725.021919,47,48,-0.829370,1
95,95,camera_timecode_anchor,1788012955992311.000,296729.143362,48,48,1.194687,1
96,96,timestamp_inferred,1788012956025738.000,296733.218777,48,49,1.194687,1
97,97,camera_timecode_anchor,1788012956059165.000,296737.294191,49,49,2.451589,1
98,98,timestamp_inferred,1788012956092589.500,296741.410883,49,50,2.451589,1
99,99,camera_timecode_anchor,1788012956126014.000,296745.527574,50,50,4.396454,1
100,100,timestamp_inferred,1788012956159440.000,296749.459916,50,51,4.396454,1
101,101,camera_timecode_anchor,1788012956192866.000,296753.392257,51,51,3.268805,1
102,102,camera_timecode_anchor,1788012956226297.000,296761.089077,52,52,0.742312,1
103,103,timestamp_inferred,1788012956259722.500,296765.021763,52,53,0.742312,1
104,104,camera_timecode_anchor,1788012956293148.000,296768.954449,53,53,-0.379593,0
105,105,timestamp_inferred,1788012956326574.000,296773.004446,53,54,-0.379593,0
106,106,camera_timecode_anchor,1788012956360000.000,296777.054443,54,54,0.453691,1
107,107,timestamp_inferred,1788012956393425.500,296781.058127,54,55,0.453691,1
108,108,camera_timecode_anchor,1788012956426851.000,296785.061812,55,55,0.515099,1
109,109,timestamp_inferred,1788012956460280.000,296789.073377,55,56,0.515099,1
110,110,camera_timecode_anchor,1788012956493709.000,296793.084942,56,56,0.707854,0
111,111,timestamp_inferred,1788012956527136.500,296797.152300,56,57,0.707854,0
112,112,camera_timecode_anchor,1788012956560564.000,296801.219658,57,57,1.830487,1
113,113,timestamp_inferred,1788012956593986.000,296805.244370,57,58,1.830487,1
114,114,camera_timecode_anchor,1788012956627408.000,296809.269081,58,58,2.242339,1
115,115,timestamp_inferred,1788012956660834.750,296811.949284,58,59,2.242339,1
116,116,timestamp_inferred,1788012956694261.250,296814.629488,58,59,2.580766,0
117,117,camera_timecode_anchor,1788012956727688.000,296817.309692,59,59,2.580766,0
118,118,timestamp_inferred,1788012956761114.000,296821.311422,59,60,2.580766,0
119,119,camera_timecode_anchor,1788012956794540.000,296825.313152,60,60,2.609600,1
120,120,camera_timecode_anchor,1788012956827969.000,296832.940520,61,61,-0.495663,1
121,121,timestamp_inferred,1788012956861395.000,296836.946488,61,62,-0.495663,1
122,122,camera_timecode_anchor,1788012956894821.000,296840.952455,62,62,-0.396210,1
123,123,timestamp_inferred,1788012956928252.000,296845.012830,62,63,-0.396210,1
124,124,camera_timecode_anchor,1788012956961683.000,296849.073205,63,63,0.610040,1
125,125,timestamp_inferred,1788012956995108.500,296853.172893,63,64,0.610040,1
126,126,camera_timecode_anchor,1788012957028534.000,296857.272581,64,64,2.271506,0
127,127,timestamp_inferred,1788012957061959.500,296861.286655,64,65,2.271506,0
128,128,camera_timecode_anchor,1788012957095385.000,296865.300730,65,65,2.506083,1
129,129,timestamp_inferred,1788012957128810.500,296869.377364,65,66,2.506083,1
130,130,camera_timecode_anchor,1788012957162236.000,296873.453998,66,66,3.783319,1
131,131,timestamp_inferred,1788012957195663.000,296876.192119,66,67,3.783319,1
132,132,timestamp_inferred,1788012957229090.000,296878.930240,66,67,-2.763665,0
133,133,camera_timecode_anchor,1788012957262517.000,296881.668360,67,67,-2.763665,0
134,134,timestamp_inferred,1788012957295943.500,296885.954568,67,68,-2.763665,0
135,135,camera_timecode_anchor,1788012957329370.000,296890.240776,68,68,2.006470,1
136,136,timestamp_inferred,1788012957362799.500,296894.077199,68,69,2.006470,1
137,137,camera_timecode_anchor,1788012957396229.000,296897.913621,69,69,-0.719825,1
138,138,timestamp_inferred,1788012957429659.500,296902.042392,69,70,-0.719825,1
139,139,camera_timecode_anchor,1788012957463090.000,296906.171162,70,70,1.426351,1
140,140,timestamp_inferred,1788012957496519.000,296910.179410,70,71,1.426351,1
141,141,camera_timecode_anchor,1788012957529948.000,296914.187658,71,71,1.563818,1
142,142,timestamp_inferred,1788012957563377.500,296918.214174,71,72,1.563818,1
143,143,camera_timecode_anchor,1788012957596807.000,296922.240690,72,72,2.005750,1
144,144,timestamp_inferred,1788012957630233.500,296926.477445,72,73,2.005750,1
145,145,camera_timecode_anchor,1788012957663660.000,296930.714201,73,73,-2.381662,1
146,146,timestamp_inferred,1788012957697086.000,296934.732596,73,74,-2.381662,1
147,147,camera_timecode_anchor,1788012957730512.000,296938.750992,74,74,-2.075068,1
148,148,timestamp_inferred,1788012957763940.000,296942.781121,74,75,-2.075068,1
149,149,camera_timecode_anchor,1788012957797368.000,296946.811249,75,75,-1.572922,1
150,150,timestamp_inferred,1788012957830795.000,296951.021463,75,76,-1.572922,1
151,151,camera_timecode_anchor,1788012957864222.000,296955.231677,76,76,1.930642,1
152,152,timestamp_inferred,1788012957897652.000,296959.358311,76,77,1.930642,1
153,153,camera_timecode_anchor,1788012957931082.000,296963.484944,77,77,4.041201,0
154,154,timestamp_inferred,1788012957964507.000,296967.372798,77,78,4.041201,0
155,155,camera_timecode_anchor,1788012957997932.000,296971.260653,78,78,2.172107,1
156,156,timestamp_inferred,1788012958031363.500,296975.265885,78,79,2.172107,1
157,157,camera_timecode_anchor,1788012958064795.000,296979.271118,79,79,2.259316,1
158,158,timestamp_inferred,1788012958098219.000,296983.408115,79,80,2.259316,1
159,159,camera_timecode_anchor,1788012958131643.000,296987.545112,80,80,-3.790733,1
160,160,timestamp_inferred,1788012958165073.500,296991.753909,80,81,-3.790733,1
161,161,camera_timecode_anchor,1788012958198504.000,296995.962706,81,81,-0.310787,1
162,162,timestamp_inferred,1788012958231930.500,297000.129872,81,82,-0.310787,1
163,163,camera_timecode_anchor,1788012958265357.000,297004.297039,82,82,2.475324,0
164,164,timestamp_inferred,1788012958298783.000,297008.353947,82,83,2.475324,0
165,165,camera_timecode_anchor,1788012958332209.000,297012.410855,83,83,3.423795,1
166,166,timestamp_inferred,1788012958365637.000,297016.494766,83,84,3.423795,1
167,167,camera_timecode_anchor,1788012958399065.000,297020.578677,84,84,-3.511026,1
168,168,timestamp_inferred,1788012958432493.500,297024.605837,84,85,-3.511026,1
169,169,camera_timecode_anchor,1788012958465922.000,297028.632998,85,85,-3.058352,0
170,170,timestamp_inferred,1788012958499350.000,297033.033946,85,86,-3.058352,0
171,171,camera_timecode_anchor,1788012958532778.000,297037.434894,86,86,3.624118,1
172,172,timestamp_inferred,1788012958566203.500,297041.565170,86,87,3.624118,1
173,173,camera_timecode_anchor,1788012958599629.000,297045.695447,87,87,-2.537945,1
174,174,timestamp_inferred,1788012958633058.250,297048.496756,87,88,-2.537945,1
175,175,timestamp_inferred,1788012958666487.750,297051.298066,87,88,0.828126,1
176,176,camera_timecode_anchor,1788012958699917.000,297054.099375,88,88,0.828126,1
177,177,timestamp_inferred,1788012958733347.000,297058.188272,88,89,0.828126,1
178,178,camera_timecode_anchor,1788012958766777.000,297062.277169,89,89,2.309739,1
179,179,timestamp_inferred,1788012958800203.000,297066.327904,89,90,2.309739,1
180,180,camera_timecode_anchor,1788012958833629.000,297070.378639,90,90,3.155322,1
181,181,timestamp_inferred,1788012958867055.000,297074.453341,90,91,3.155322,1
182,182,camera_timecode_anchor,1788012958900481.000,297078.528043,91,91,-3.932972,1
183,183,timestamp_inferred,1788012958933911.000,297082.582723,91,92,-3.932972,1
184,184,camera_timecode_anchor,1788012958967341.000,297086.637404,92,92,-3.021637,0
185,185,timestamp_inferred,1788012959000767.000,297090.609920,92,93,-3.021637,0
186,186,camera_timecode_anchor,1788012959034193.000,297094.582436,93,93,-3.479704,1
187,187,timestamp_inferred,1788012959067617.500,297098.643610,93,94,-3.479704,1
188,188,camera_timecode_anchor,1788012959101042.000,297102.704785,94,94,-2.460129,1
189,189,camera_timecode_anchor,1788012959134475.000,297110.858560,95,95,-1.178668,1
190,190,timestamp_inferred,1788012959167899.500,297114.679251,95,96,-1.178668,1
191,191,camera_timecode_anchor,1788012959201324.000,297118.499942,96,96,-4.167152,1
192,192,timestamp_inferred,1788012959234751.750,297121.152651,96,97,-4.167152,1
193,193,timestamp_inferred,1788012959268179.250,297123.805361,96,97,-4.516076,0
194,194,camera_timecode_anchor,1788012959301607.000,297126.458071,97,97,-4.516076,0
195,195,timestamp_inferred,1788012959335037.000,297130.542662,97,98,-4.516076,0
196,196,camera_timecode_anchor,1788012959368467.000,297134.627252,98,98,-3.106230,1
197,197,timestamp_inferred,1788012959401893.000,297138.788927,98,99,-3.106230,1
198,198,camera_timecode_anchor,1788012959435319.000,297142.950601,99,99,-0.411655,0
199,199,timestamp_inferred,1788012959468747.500,297146.918147,99,100,-0.411655,0
200,200,camera_timecode_anchor,1788012959502176.000,297150.885693,100,100,-0.952560,0
201,201,timestamp_inferred,1788012959535603.500,297154.954562,100,101,-0.952560,0
202,202,camera_timecode_anchor,1788012959569031.000,297159.023431,101,101,0.195260,1
203,203,timestamp_inferred,1788012959602460.500,297163.091338,101,102,0.195260,1
204,204,camera_timecode_anchor,1788012959635890.000,297167.159245,102,102,1.327043,1
205,205,timestamp_inferred,1788012959669319.000,297171.051475,102,103,1.327043,1
206,206,camera_timecode_anchor,1788012959702748.000,297174.943705,103,103,-0.469127,1
207,207,timestamp_inferred,1788012959736177.500,297178.792319,103,104,-0.469127,1
208,208,camera_timecode_anchor,1788012959769607.000,297182.640933,104,104,-2.992228,1
209,209,timestamp_inferred,1788012959803034.000,297186.616366,104,105,-2.992228,1
210,210,camera_timecode_anchor,1788012959836461.000,297190.591800,105,105,-3.401668,1
211,211,timestamp_inferred,1788012959869886.500,297194.593905,105,106,-3.401668,1
212,212,camera_timecode_anchor,1788012959903312.000,297198.596010,106,106,-3.366583,1
213,213,timestamp_inferred,1788012959936738.000,297202.523359,106,107,-3.366583,1
214,214,camera_timecode_anchor,1788012959970164.000,297206.450709,107,107,-4.577429,1
215,215,timestamp_inferred,1788012960003589.000,297210.719874,107,108,-4.577429,1
216,216,camera_timecode_anchor,1788012960037014.000,297214.989040,108,108,-0.091334,1
217,217,camera_timecode_anchor,1788012960070444.000,297222.940974,109,109,-0.491880,0
218,218,timestamp_inferred,1788012960103871.750,297225.740706,109,110,-0.491880,0
219,219,timestamp_inferred,1788012960137299.250,297228.540437,109,110,2.834732,1
220,220,camera_timecode_anchor,1788012960170727.000,297231.340168,110,110,2.834732,1
221,221,timestamp_inferred,1788012960204156.500,297235.261671,110,111,2.834732,1
222,222,camera_timecode_anchor,1788012960237586.000,297239.183173,111,111,1.526445,0
223,223,camera_timecode_anchor,1788012960271015.000,297246.966700,112,112,-0.277497,1
224,224,timestamp_inferred,1788012960304445.000,297250.796898,112,113,-0.277497,1
225,225,camera_timecode_anchor,1788012960337875.000,297254.627096,113,113,-3.107531,1
226,226,timestamp_inferred,1788012960371308.000,297258.604472,113,114,-3.107531,1
227,227,camera_timecode_anchor,1788012960404741.000,297262.581847,114,114,-3.484606,1
228,228,timestamp_inferred,1788012960438170.500,297266.604682,114,115,-3.484606,1
229,229,camera_timecode_anchor,1788012960471600.000,297270.627517,115,115,-3.104021,1
230,230,timestamp_inferred,1788012960505030.000,297273.313134,115,116,-3.104021,1
231,231,timestamp_inferred,1788012960538460.000,297275.998750,115,116,-2.630287,1
232,232,camera_timecode_anchor,1788012960571890.000,297278.684366,116,116,-2.630287,1
233,233,camera_timecode_anchor,1788012960605318.000,297286.853255,117,117,-1.222875,0
234,234,timestamp_inferred,1788012960638745.000,297289.506234,117,118,-1.222875,0
235,235,timestamp_inferred,1788012960672172.000,297292.159213,117,118,-1.565068,1
236,236,camera_timecode_anchor,1788012960705599.000,297294.812192,118,118,-1.565068,1
237,237,timestamp_inferred,1788012960739029.500,297298.923012,118,119,-1.565068,1
238,238,camera_timecode_anchor,1788012960772460.000,297303.033831,119,119,0.281927,0
239,239,timestamp_inferred,1788012960805890.000,297306.975288,119,120,0.281927,0
240,240,camera_timecode_anchor,1788012960839320.000,297310.916745,120,120,-0.693793,1
241,241,timestamp_inferred,1788012960872748.500,297315.002962,120,121,-0.693793,1
242,242,camera_timecode_anchor,1788012960906177.000,297319.089180,121,121,0.743168,1
243,243,timestamp_inferred,1788012960939603.000,297323.033542,121,122,0.743168,1
244,244,camera_timecode_anchor,1788012960973029.000,297326.977904,122,122,-0.184131,1
245,245,timestamp_inferred,1788012961006460.000,297331.137655,122,123,-0.184131,1
246,246,camera_timecode_anchor,1788012961039891.000,297335.297406,123,123,2.478381,1
247,247,timestamp_inferred,1788012961073315.500,297339.306119,123,124,2.478381,1
248,248,camera_timecode_anchor,1788012961106740.000,297343.314832,124,124,2.623598,1
249,249,timestamp_inferred,1788012961140167.000,297347.368207,124,125,2.623598,1
250,250,camera_timecode_anchor,1788012961173594.000,297351.421581,125,125,3.513179,1
251,251,timestamp_inferred,1788012961207023.000,297355.546488,125,126,3.513179,1
252,252,camera_timecode_anchor,1788012961240452.000,297359.671395,126,126,-2.738374,0
253,253,timestamp_inferred,1788012961273878.000,297363.738928,126,127,-2.738374,0
254,254,camera_timecode_anchor,1788012961307304.000,297367.806460,127,127,-1.612830,1
255,255,timestamp_inferred,1788012961340734.000,297371.960881,127,128,-1.612830,1
256,256,camera_timecode_anchor,1788012961374164.000,297376.115302,128,128,0.960853,1
257,257,timestamp_inferred,1788012961407597.500,297379.928551,128,129,0.960853,1
258,258,camera_timecode_anchor,1788012961441031.000,297383.741800,129,129,-2.151664,1
259,259,timestamp_inferred,1788012961474459.500,297388.009968,129,130,-2.151664,1
260,260,camera_timecode_anchor,1788012961507888.000,297392.278136,130,130,2.317799,1
261,261,timestamp_inferred,1788012961541318.000,297396.479576,130,131,2.317799,1
262,262,camera_timecode_anchor,1788012961574748.000,297400.681015,131,131,-2.658206,0
263,263,timestamp_inferred,1788012961608178.500,297404.858244,131,132,-2.658206,0
264,264,camera_timecode_anchor,1788012961641609.000,297409.035473,132,132,0.295608,1
265,265,timestamp_inferred,1788012961675038.000,297413.161167,132,133,0.295608,1
266,266,camera_timecode_anchor,1788012961708467.000,297417.286861,133,133,2.390510,1
267,267,timestamp_inferred,1788012961741897.000,297421.408850,133,134,2.390510,1
268,268,camera_timecode_anchor,1788012961775327.000,297425.530839,134,134,-3.909671,1
269,269,timestamp_inferred,1788012961808753.000,297429.613431,134,135,-3.909671,1
270,270,camera_timecode_anchor,1788012961842179.000,297433.696022,135,135,-2.533154,1
271,271,timestamp_inferred,1788012961875608.000,297438.191324,135,136,-2.533154,1
272,272,camera_timecode_anchor,1788012961909037.000,297442.686626,136,136,-2.611449,1
273,273,timestamp_inferred,1788012961942463.500,297446.845950,136,137,-2.611449,1
274,274,camera_timecode_anchor,1788012961975890.000,297451.005274,137,137,0.043947,1
275,275,timestamp_inferred,1788012962009320.500,297455.038516,137,138,0.043947,1
276,276,camera_timecode_anchor,1788012962042751.000,297459.071757,138,138,0.597979,1
277,277,timestamp_inferred,1788012962076174.500,297463.031941,138,139,0.597979,1
278,278,camera_timecode_anchor,1788012962109598.000,297466.992125,139,139,-0.065625,1
279,279,timestamp_inferred,1788012962143028.000,297469.785051,139,140,-0.065625,1
280,280,timestamp_inferred,1788012962176458.000,297472.577978,139,140,3.090869,0
281,281,camera_timecode_anchor,1788012962209888.000,297475.370904,140,140,3.090869,0
282,282,timestamp_inferred,1788012962243314.500,297479.669231,140,141,3.090869,0
283,283,camera_timecode_anchor,1788012962276741.000,297483.967558,141,141,-0.270352,1
284,284,timestamp_inferred,1788012962310171.000,297488.148653,141,142,-0.270352,1
285,285,camera_timecode_anchor,1788012962343601.000,297492.329748,142,142,2.747903,1
286,286,timestamp_inferred,1788012962377025.500,297496.470714,142,143,2.747903,1
287,287,camera_timecode_anchor,1788012962410450.000,297500.611680,143,143,-3.235996,1
288,288,timestamp_inferred,1788012962443877.000,297504.669139,143,144,-3.235996,1
289,289,camera_timecode_anchor,1788012962477304.000,297508.726597,144,144,-2.278359,0
290,290,timestamp_inferred,1788012962510734.500,297512.745586,144,145,-2.278359,0
291,291,camera_timecode_anchor,1788012962544165.000,297516.764575,145,145,-1.961878,1
292,292,timestamp_inferred,1788012962577593.000,297520.849077,145,146,-1.961878,1
293,293,camera_timecode_anchor,1788012962611021.000,297524.933579,146,146,-0.553505,0
294,294,timestamp_inferred,1788012962644447.500,297528.888666,146,147,-0.553505,0
295,295,camera_timecode_anchor,1788012962677874.000,297532.843753,147,147,-1.302055,1
296,296,timestamp_inferred,1788012962711303.500,297536.853657,147,148,-1.302055,1
297,297,camera_timecode_anchor,1788012962744733.000,297540.863560,148,148,-1.136997,0
298,298,timestamp_inferred,1788012962778159.000,297544.914888,148,149,-1.136997,0
299,299,camera_timecode_anchor,1788012962811585.000,297548.966215,149,149,-0.281540,1
300,300,timestamp_inferred,1788012962845012.000,297552.982728,149,150,-0.281540,1
301,301,camera_timecode_anchor,1788012962878439.000,297556.999240,150,150,-0.006335,1
302,302,timestamp_inferred,1788012962911868.500,297561.212123,150,151,-0.006335,1
303,303,camera_timecode_anchor,1788012962945298.000,297565.425006,151,151,3.541713,1
304,304,timestamp_inferred,1788012962978722.500,297569.449272,151,152,3.541713,1
305,305,camera_timecode_anchor,1788012963012147.000,297573.473538,152,152,3.946151,1
306,306,timestamp_inferred,1788012963045577.500,297577.530672,152,153,3.946151,1
307,307,camera_timecode_anchor,1788012963079008.000,297581.587805,153,153,-3.434955,1
308,308,timestamp_inferred,1788012963112434.500,297585.583189,153,154,-3.434955,1
309,309,camera_timecode_anchor,1788012963145861.000,297589.578572,154,154,-3.511901,0
310,310,timestamp_inferred,1788012963179289.500,297593.654599,154,155,-3.511901,0
311,311,camera_timecode_anchor,1788012963212718.000,297597.730626,155,155,-2.244785,1
312,312,timestamp_inferred,1788012963246143.500,297601.768560,155,156,-2.244785,1
313,313,camera_timecode_anchor,1788012963279569.000,297605.806494,156,156,-1.612550,1
314,314,timestamp_inferred,1788012963312996.500,297609.886264,156,157,-1.612550,1
315,315,camera_timecode_anchor,1788012963346424.000,297613.966033,157,157,-0.283055,1
316,316,timestamp_inferred,1788012963379852.000,297618.060634,157,158,-0.283055,1
317,317,camera_timecode_anchor,1788012963413280.000,297622.155236,158,158,1.293630,1
318,318,timestamp_inferred,1788012963446703.500,297626.313186,158,159,1.293630,1
319,319,camera_timecode_anchor,1788012963480127.000,297630.471136,159,159,3.926136,0
320,320,timestamp_inferred,1788012963513552.500,297634.730232,159,160,3.926136,0
321,321,camera_timecode_anchor,1788012963546978.000,297638.989328,160,160,-0.088930,1
322,322,timestamp_inferred,1788012963580403.000,297643.125690,160,161,-0.088930,1
323,323,camera_timecode_anchor,1788012963613828.000,297647.262051,161,161,2.183758,1
324,324,timestamp_inferred,1788012963647253.000,297650.112293,161,162,2.183758,1
325,325,timestamp_inferred,1788012963680678.000,297652.962536,161,162,-1.560179,0
326,326,camera_timecode_anchor,1788012963714103.000,297655.812779,162,162,-1.560179,0
327,327,timestamp_inferred,1788012963747529.500,297659.977069,162,163,-1.560179,0
328,328,camera_timecode_anchor,1788012963780956.000,297664.141359,163,163,1.177994,1
329,329,timestamp_inferred,1788012963814378.000,297668.310219,163,164,1.177994,1
330,330,camera_timecode_anchor,1788012963847800.000,297672.479079,164,164,3.992322,0
331,331,timestamp_inferred,1788012963881222.000,297676.943504,164,165,3.992322,0
332,332,camera_timecode_anchor,1788012963914644.000,297681.407930,165,165,3.399414,1
333,333,timestamp_inferred,1788012963948070.500,297685.497489,165,166,3.399414,1
334,334,camera_timecode_anchor,1788012963981497.000,297689.587049,166,166,-3.441260,1
335,335,timestamp_inferred,1788012964014923.500,297693.612127,166,167,-3.441260,1
336,336,camera_timecode_anchor,1788012964048350.000,297697.637205,167,167,-3.023291,1
337,337,timestamp_inferred,1788012964081775.000,297701.758227,167,168,-3.023291,1
338,338,camera_timecode_anchor,1788012964115200.000,297705.879249,168,168,-1.006260,1
339,339,timestamp_inferred,1788012964148625.500,297710.168815,168,169,-1.006260,1
340,340,camera_timecode_anchor,1788012964182051.000,297714.458381,169,169,3.819838,1
341,341,timestamp_inferred,1788012964215481.500,297718.577300,169,170,3.819838,1
342,342,camera_timecode_anchor,1788012964248912.000,297722.696220,170,170,-2.531499,1
343,343,timestamp_inferred,1788012964282337.000,297726.830083,170,171,-2.531499,1
344,344,camera_timecode_anchor,1788012964315762.000,297730.963945,171,171,-0.300457,0
345,345,timestamp_inferred,1788012964349191.750,297734.066114,171,172,-0.300457,0
346,346,timestamp_inferred,1788012964382621.250,297737.168284,171,172,2.253775,1
347,347,camera_timecode_anchor,1788012964416051.000,297740.270453,172,172,2.253775,1
348,348,timestamp_inferred,1788012964449480.500,297744.785174,172,173,2.253775,1
349,349,camera_timecode_anchor,1788012964482910.000,297749.299895,173,173,2.499125,1
350,350,timestamp_inferred,1788012964516337.000,297754.055284,173,174,2.499125,1
351,351,camera_timecode_anchor,1788012964549764.000,297758.810674,174,174,-1.577717,1
352,352,timestamp_inferred,1788012964583189.500,297763.352647,174,175,-1.577717,1
353,353,camera_timecode_anchor,1788012964616615.000,297767.894619,175,175,-0.878171,1
354,354,timestamp_inferred,1788012964650042.000,297770.812867,175,176,-0.878171,1
355,355,timestamp_inferred,1788012964683469.000,297773.731114,175,176,-2.921987,1
356,356,camera_timecode_anchor,1788012964716896.000,297776.649362,176,176,-2.921987,1
357,357,timestamp_inferred,1788012964750325.500,297781.296931,176,177,-2.921987,1
358,358,camera_timecode_anchor,1788012964783755.000,297785.944500,177,177,-0.462504,1
359,359,timestamp_inferred,1788012964817188.500,297790.578310,177,178,-0.462504,1
360,360,camera_timecode_anchor,1788012964850622.000,297795.212121,178,178,1.767673,0
361,361,timestamp_inferred,1788012964884048.000,297799.565722,178,179,1.767673,0
362,362,camera_timecode_anchor,1788012964917474.000,297803.919323,179,179,-0.672306,1
363,363,timestamp_inferred,1788012964950900.750,297806.725255,179,180,-0.672306,1
364,364,timestamp_inferred,1788012964984327.250,297809.531186,179,180,2.809309,0
365,365,camera_timecode_anchor,1788012965017754.000,297812.337117,180,180,2.809309,0
366,366,timestamp_inferred,1788012965051181.000,297817.110057,180,181,2.809309,0
367,367,camera_timecode_anchor,1788012965084608.000,297821.882997,181,181,-0.975029,1
368,368,timestamp_inferred,1788012965118036.500,297826.373463,181,182,-0.975029,1
369,369,camera_timecode_anchor,1788012965151465.000,297830.863929,182,182,-1.133923,0
370,370,timestamp_inferred,1788012965184892.000,297835.432835,182,183,-1.133923,0
371,371,camera_timecode_anchor,1788012965218319.000,297840.001741,183,183,0.014508,1
372,372,timestamp_inferred,1788012965251746.000,297843.033630,183,184,0.014508,1
373,373,timestamp_inferred,1788012965285173.000,297846.065518,183,184,0.811724,0
374,374,camera_timecode_anchor,1788012965318600.000,297849.097407,184,184,0.811724,0
375,375,timestamp_inferred,1788012965352026.000,297853.548635,184,185,0.811724,0
376,376,camera_timecode_anchor,1788012965385452.000,297857.999863,185,185,-0.001139,1
377,377,timestamp_inferred,1788012965418877.000,297862.658070,185,186,-0.001139,1
378,378,camera_timecode_anchor,1788012965452302.000,297867.316277,186,186,2.635645,1
379,379,timestamp_inferred,1788012965485721.000,297871.728118,186,187,2.635645,1
380,380,camera_timecode_anchor,1788012965519140.000,297876.139958,187,187,1.166319,0
381,381,timestamp_inferred,1788012965552562.000,297878.918360,187,188,1.166319,0
382,382,timestamp_inferred,1788012965585984.000,297881.696763,187,188,3.959707,1
383,383,camera_timecode_anchor,1788012965619406.000,297884.475165,188,188,3.959707,1
384,384,timestamp_inferred,1788012965652833.000,297888.854337,188,189,3.959707,1
385,385,camera_timecode_anchor,1788012965686260.000,297893.233509,189,189,1.945912,0
386,386,timestamp_inferred,1788012965719686.000,297897.498705,189,190,1.945912,0
387,387,camera_timecode_anchor,1788012965753112.000,297901.763901,190,190,-1.967494,1
388,388,timestamp_inferred,1788012965786534.000,297905.876611,190,191,-1.967494,1
389,389,camera_timecode_anchor,1788012965819956.000,297909.989322,191,191,-0.088985,1
390,390,timestamp_inferred,1788012965853382.000,297914.111788,191,192,-0.088985,1
391,391,camera_timecode_anchor,1788012965886808.000,297918.234253,192,192,1.952111,1
392,392,timestamp_inferred,1788012965920233.000,297922.251453,192,193,1.952111,1
393,393,camera_timecode_anchor,1788012965953658.000,297926.268653,193,193,2.238771,1
394,394,timestamp_inferred,1788012965987081.000,297930.397674,193,194,2.238771,1
395,395,camera_timecode_anchor,1788012966020504.000,297934.526695,194,194,4.389129,1
396,396,timestamp_inferred,1788012966053933.500,297938.454645,194,195,4.389129,1
397,397,camera_timecode_anchor,1788012966087363.000,297942.382594,195,195,3.188283,1
398,398,timestamp_inferred,1788012966120789.500,297946.138006,195,196,3.188283,1
399,399,camera_timecode_anchor,1788012966154216.000,297949.893419,196,196,-0.888175,0
400,400,timestamp_inferred,1788012966187641.500,297953.959123,196,197,-0.888175,0
401,401,camera_timecode_anchor,1788012966221067.000,297958.024827,197,197,0.206889,1
402,402,timestamp_inferred,1788012966254493.500,297962.099588,197,198,0.206889,1
403,403,camera_timecode_anchor,1788012966287920.000,297966.174350,198,198,1.452916,0
404,404,timestamp_inferred,1788012966321349.500,297970.225614,198,199,1.452916,0
405,405,camera_timecode_anchor,1788012966354779.000,297974.276879,199,199,2.307324,1
406,406,timestamp_inferred,1788012966388203.500,297978.389881,199,200,2.307324,1
407,407,camera_timecode_anchor,1788012966421628.000,297982.502883,200,200,4.190688,1
408,408,timestamp_inferred,1788012966455059.000,297986.583711,200,201,4.190688,1
409,409,camera_timecode_anchor,1788012966488490.000,297990.664539,201,201,-2.795510,0
410,410,timestamp_inferred,1788012966521919.500,297994.694593,201,202,-2.795510,0
411,411,camera_timecode_anchor,1788012966555349.000,297998.724647,202,202,-2.294612,1
412,412,timestamp_inferred,1788012966588778.000,298002.862551,202,203,-2.294612,1
413,413,camera_timecode_anchor,1788012966622207.000,298007.000456,203,203,0.003803,0
414,414,timestamp_inferred,1788012966655632.500,298011.114994,203,204,0.003803,0
415,415,camera_timecode_anchor,1788012966689058.000,298015.229531,204,204,1.912758,1
416,416,timestamp_inferred,1788012966722488.500,298019.302788,204,205,1.912758,1
417,417,camera_timecode_anchor,1788012966755919.000,298023.376045,205,205,3.133706,0
418,418,timestamp_inferred,1788012966789344.500,298027.408334,205,206,3.133706,0
419,419,camera_timecode_anchor,1788012966822770.000,298031.440623,206,206,3.671858,1
420,420,timestamp_inferred,1788012966856199.000,298035.512939,206,207,3.671858,1
421,421,camera_timecode_anchor,1788012966889628.000,298039.585256,207,207,-3.456201,1
422,422,timestamp_inferred,1788012966923058.500,298043.910788,207,208,-3.456201,1
423,423,camera_timecode_anchor,1788012966956489.000,298048.236319,208,208,1.969327,1
424,424,timestamp_inferred,1788012966989918.000,298052.337767,208,209,1.969327,1
425,425,camera_timecode_anchor,1788012967023347.000,298056.439214,209,209,3.660119,1
426,426,timestamp_inferred,1788012967056782.000,298060.486405,209,210,3.660119,1
427,427,camera_timecode_anchor,1788012967090217.000,298064.533595,210,210,-3.886709,1
428,428,timestamp_inferred,1788012967123641.500,298068.617079,210,211,-3.886709,1
429,429,camera_timecode_anchor,1788012967157066.000,298072.700563,211,211,-2.495311,1
430,430,timestamp_inferred,1788012967190496.000,298076.733444,211,212,-2.495311,1
431,431,camera_timecode_anchor,1788012967223926.000,298080.766326,212,212,-1.947286,0
432,432,timestamp_inferred,1788012967257355.500,298084.731389,212,213,-1.947286,0
433,433,camera_timecode_anchor,1788012967290785.000,298088.696451,213,213,-2.529571,1
434,434,camera_timecode_anchor,1788012967324214.000,298096.835791,214,214,-1.368406,1
435,435,timestamp_inferred,1788012967357644.250,298099.007176,214,215,-1.368406,1
436,436,timestamp_inferred,1788012967391074.500,298101.178560,214,215,-1.368406,1
437,437,timestamp_inferred,1788012967424504.750,298103.349945,214,215,4.344409,1
438,438,camera_timecode_anchor,1788012967457935.000,298105.521329,215,215,4.344409,1
439,439,timestamp_inferred,1788012967491360.000,298109.564504,215,216,4.344409,1
440,440,camera_timecode_anchor,1788012967524785.000,298113.607679,216,216,-3.269345,1
441,441,timestamp_inferred,1788012967558215.000,298117.645296,216,217,-3.269345,1
442,442,camera_timecode_anchor,1788012967591645.000,298121.682914,217,217,-2.642387,0
443,443,timestamp_inferred,1788012967625071.500,298125.724514,217,218,-2.642387,0
444,444,camera_timecode_anchor,1788012967658498.000,298129.766115,218,218,-1.949041,1
445,445,timestamp_inferred,1788012967691926.500,298133.875716,218,219,-1.949041,1
446,446,camera_timecode_anchor,1788012967725355.000,298137.985318,219,219,-0.122351,1
447,447,timestamp_inferred,1788012967758782.000,298142.511537,219,220,-0.122351,1
448,448,camera_timecode_anchor,1788012967792209.000,298147.037756,220,220,0.314635,1
449,449,timestamp_inferred,1788012967825634.500,298151.158518,220,221,0.314635,1
450,450,camera_timecode_anchor,1788012967859060.000,298155.279279,221,221,2.327326,1
451,451,timestamp_inferred,1788012967892489.000,298159.074360,221,222,2.327326,1
452,452,camera_timecode_anchor,1788012967925918.000,298162.869441,222,222,-1.087995,1
453,453,timestamp_inferred,1788012967959344.000,298167.241940,222,223,-1.087995,1
454,454,camera_timecode_anchor,1788012967992770.000,298171.614440,223,223,-3.213003,1
455,455,timestamp_inferred,1788012968026197.000,298175.831509,223,224,-3.213003,1
456,456,camera_timecode_anchor,1788012968059624.000,298180.048579,224,224,0.404821,0
457,457,timestamp_inferred,1788012968093045.000,298184.204167,224,225,0.404821,0
458,458,camera_timecode_anchor,1788012968126466.000,298188.359756,225,225,2.997969,1
459,459,timestamp_inferred,1788012968159893.000,298192.534620,225,226,2.997969,1
460,460,camera_timecode_anchor,1788012968193320.000,298196.709484,226,226,-2.420963,0
461,461,timestamp_inferred,1788012968226745.500,298200.695900,226,227,-2.420963,0
462,462,camera_timecode_anchor,1788012968260171.000,298204.682315,227,227,-2.647373,1
463,463,timestamp_inferred,1788012968293596.500,298208.842927,227,228,-2.647373,1
464,464,camera_timecode_anchor,1788012968327022.000,298213.003538,228,228,0.029485,1
465,465,timestamp_inferred,1788012968360449.000,298217.045349,228,229,0.029485,1
466,466,camera_timecode_anchor,1788012968393876.000,298221.087159,229,229,0.726325,1
467,467,timestamp_inferred,1788012968427300.500,298225.179485,229,230,0.726325,1
468,468,camera_timecode_anchor,1788012968460725.000,298229.271810,230,230,2.265086,1
469,469,timestamp_inferred,1788012968494151.500,298233.096619,230,231,2.265086,1
470,470,camera_timecode_anchor,1788012968527578.000,298236.921427,231,231,-0.654776,1
471,471,timestamp_inferred,1788012968561005.500,298241.023628,231,232,-0.654776,1
472,472,camera_timecode_anchor,1788012968594433.000,298245.125830,232,232,1.048582,1
473,473,timestamp_inferred,1788012968627862.000,298249.201637,232,233,1.048582,1
474,474,camera_timecode_anchor,1788012968661291.000,298253.277444,233,233,2.312036,0
475,475,timestamp_inferred,1788012968694717.000,298256.159343,233,234,2.312036,0
476,476,timestamp_inferred,1788012968728143.000,298259.041242,233,234,-0.640496,1
477,477,camera_timecode_anchor,1788012968761569.000,298261.923140,234,234,-0.640496,1
478,478,timestamp_inferred,1788012968794999.500,298266.009310,234,235,-0.640496,1
479,479,camera_timecode_anchor,1788012968828430.000,298270.095481,235,235,0.795671,1
480,480,timestamp_inferred,1788012968861857.000,298274.225294,235,236,0.795671,1
481,481,camera_timecode_anchor,1788012968895284.000,298278.355107,236,236,2.959222,0
482,482,timestamp_inferred,1788012968928709.500,298282.328385,236,237,2.959222,0
483,483,camera_timecode_anchor,1788012968962135.000,298286.301663,237,237,2.513855,1
484,484,timestamp_inferred,1788012968995562.500,298290.155362,237,238,2.513855,1
485,485,camera_timecode_anchor,1788012969028990.000,298294.009062,238,238,0.075520,1
486,486,timestamp_inferred,1788012969062416.500,298297.973618,238,239,0.075520,1
487,487,camera_timecode_anchor,1788012969095843.000,298301.938173,239,239,-0.515227,0
488,488,timestamp_inferred,1788012969129270.500,298306.018864,239,240,-0.515227,0
489,489,camera_timecode_anchor,1788012969162698.000,298310.099556,240,240,0.829634,1
490,490,timestamp_inferred,1788012969196127.000,298314.169620,240,241,0.829634,1
491,491,camera_timecode_anchor,1788012969229556.000,298318.239684,241,241,1.997368,1
492,492,timestamp_inferred,1788012969262985.000,298322.601802,241,242,1.997368,1
493,493,camera_timecode_anchor,1788012969296414.000,298326.963921,242,242,-0.300660,1
494,494,timestamp_inferred,1788012969329844.000,298330.975059,242,243,-0.300660,1
495,495,camera_timecode_anchor,1788012969363274.000,298334.986197,243,243,-0.115028,1
496,496,timestamp_inferred,1788012969396703.500,298339.076471,243,244,-0.115028,1
497,497,camera_timecode_anchor,1788012969430133.000,298343.166746,244,244,1.389546,1
498,498,timestamp_inferred,1788012969463566.500,298347.279387,244,245,1.389546,1
499,499,camera_timecode_anchor,1788012969497000.000,298351.392028,245,245,3.266898,0
500,500,timestamp_inferred,1788012969530430.500,298355.380519,245,246,3.266898,0
501,501,camera_timecode_anchor,1788012969563861.000,298359.369011,246,246,3.075090,1
502,502,timestamp_inferred,1788012969597289.500,298363.250930,246,247,3.075090,1
503,503,camera_timecode_anchor,1788012969630718.000,298367.132849,247,247,1.107079,1
504,504,timestamp_inferred,1788012969664143.500,298371.252212,247,248,1.107079,1
505,505,camera_timecode_anchor,1788012969697569.000,298375.371575,248,248,3.096458,1
506,506,timestamp_inferred,1788012969730996.000,298379.387927,248,249,3.096458,1
507,507,camera_timecode_anchor,1788012969764423.000,298383.404280,249,249,3.368997,1
508,508,timestamp_inferred,1788012969797848.000,298387.485730,249,250,3.368997,1
509,509,camera_timecode_anchor,1788012969831273.000,298391.567181,250,250,-3.606827,0
510,510,timestamp_inferred,1788012969864699.000,298395.635472,250,251,-3.606827,0
511,511,camera_timecode_anchor,1788012969898125.000,298399.703763,251,251,-2.468640,1
512,512,timestamp_inferred,1788012969931555.000,298403.710858,251,252,-2.468640,1
513,513,camera_timecode_anchor,1788012969964985.000,298407.717953,252,252,-2.350390,1
514,514,timestamp_inferred,1788012969998411.000,298411.819003,252,253,-2.350390,1
515,515,camera_timecode_anchor,1788012970031837.000,298415.920052,253,253,-0.666234,0
516,516,timestamp_inferred,1788012970065263.500,298419.991119,253,254,-0.666234,0
517,517,camera_timecode_anchor,1788012970098690.000,298424.062186,254,254,0.518218,1
518,518,timestamp_inferred,1788012970132112.000,298428.266001,254,255,0.518218,1
519,519,camera_timecode_anchor,1788012970165534.000,298432.469816,255,255,3.915135,0
520,520,timestamp_inferred,1788012970198963.000,298436.550444,255,256,3.915135,0
521,521,camera_timecode_anchor,1788012970232392.000,298440.631071,256,256,-3.074409,1
522,522,timestamp_inferred,1788012970265818.500,298444.673428,256,257,-3.074409,1
523,523,camera_timecode_anchor,1788012970299245.000,298448.715784,257,257,-2.368464,1
524,524,timestamp_inferred,1788012970332676.500,298452.680398,257,258,-2.368464,1
525,525,camera_timecode_anchor,1788012970366108.000,298456.645011,258,258,-2.958243,1
526,526,timestamp_inferred,1788012970399531.500,298460.786079,258,259,-2.958243,1
527,527,camera_timecode_anchor,1788012970432955.000,298464.927148,259,259,-0.607101,1
528,528,timestamp_inferred,1788012970466384.500,298468.916930,259,260,-0.607101,1
529,529,camera_timecode_anchor,1788012970499814.000,298472.906712,260,260,-0.777397,1
530,530,timestamp_inferred,1788012970533244.000,298476.951339,260,261,-0.777397,1
531,531,camera_timecode_anchor,1788012970566674.000,298480.995965,261,261,-0.033624,1
532,532,timestamp_inferred,1788012970600100.000,298485.146523,261,262,-0.033624,1
533,533,camera_timecode_anchor,1788012970633526.000,298489.297082,262,262,2.475681,1
534,534,timestamp_inferred,1788012970666953.000,298493.327759,262,263,2.475681,1
535,535,camera_timecode_anchor,1788012970700380.000,298497.358437,263,263,2.986971,1
536,536,timestamp_inferred,1788012970733808.000,298501.464515,263,264,2.986971,1
537,537,camera_timecode_anchor,1788012970767236.000,298505.570594,264,264,-3.578385,1
538,538,timestamp_inferred,1788012970800662.000,298509.344472,264,265,-3.578385,1
539,539,camera_timecode_anchor,1788012970834088.000,298513.118350,265,265,0.986252,1
540,540,timestamp_inferred,1788012970867518.000,298517.114791,265,266,0.986252,1
541,541,camera_timecode_anchor,1788012970900948.000,298521.111231,266,266,0.926929,1
542,542,timestamp_inferred,1788012970934373.500,298525.208293,266,267,0.926929,1
543,543,camera_timecode_anchor,1788012970967799.000,298529.305354,267,267,2.544615,1
544,544,timestamp_inferred,1788012971001225.000,298533.344278,267,268,2.544615,1
545,545,camera_timecode_anchor,1788012971034651.000,298537.383201,268,268,3.193344,0
546,546,timestamp_inferred,1788012971068078.000,298541.411669,268,269,3.193344,0
547,547,camera_timecode_anchor,1788012971101505.000,298545.440137,269,269,3.667806,1
548,548,timestamp_inferred,1788012971134930.500,298549.492494,269,270,3.667806,1
549,549,camera_timecode_anchor,1788012971168356.000,298553.544851,270,270,-3.792911,0
550,550,timestamp_inferred,1788012971201781.500,298557.568752,270,271,-3.792911,0
551,551,camera_timecode_anchor,1788012971235207.000,298561.592654,271,271,-3.394551,1
552,552,timestamp_inferred,1788012971268636.500,298565.689259,271,272,-3.394551,1
553,553,camera_timecode_anchor,1788012971302066.000,298569.785863,272,272,-1.784472,1
554,554,timestamp_inferred,1788012971335492.500,298573.787726,272,273,-1.784472,1
555,555,camera_timecode_anchor,1788012971368919.000,298577.789588,273,273,-1.753431,1
556,556,timestamp_inferred,1788012971402344.500,298581.637010,273,274,-1.753431,1
557,557,camera_timecode_anchor,1788012971435770.000,298585.484431,274,274,-4.296407,1
558,558,timestamp_inferred,1788012971469200.000,298589.535836,274,275,-4.296407,1
559,559,camera_timecode_anchor,1788012971502630.000,298593.587240,275,275,-3.439666,0
560,560,timestamp_inferred,1788012971536055.500,298597.658235,275,276,-3.439666,0
561,561,camera_timecode_anchor,1788012971569481.000,298601.729230,276,276,-2.256416,1
562,562,timestamp_inferred,1788012971602910.500,298605.746649,276,277,-2.256416,1
563,563,camera_timecode_anchor,1788012971636340.000,298609.764068,277,277,-1.966097,1
564,564,timestamp_inferred,1788012971669769.500,298613.807489,277,278,-1.966097,1
565,565,camera_timecode_anchor,1788012971703199.000,298617.850910,278,278,-1.242416,0
566,566,timestamp_inferred,1788012971736629.500,298621.877802,278,279,-1.242416,0
567,567,camera_timecode_anchor,1788012971770060.000,298625.904694,279,279,-0.794216,1
568,568,timestamp_inferred,1788012971803485.000,298630.013428,279,280,-0.794216,1
569,569,camera_timecode_anchor,1788012971836910.000,298634.122162,280,280,1.018014,1
570,570,timestamp_inferred,1788012971870337.000,298638.222676,280,281,1.018014,1
571,571,camera_timecode_anchor,1788012971903764.000,298642.323191,281,281,2.693255,1
572,572,timestamp_inferred,1788012971937193.000,298646.115057,281,282,2.693255,1
573,573,camera_timecode_anchor,1788012971970622.000,298649.906924,282,282,-0.775633,1
574,574,timestamp_inferred,1788012972004048.000,298653.926929,282,283,-0.775633,1
575,575,camera_timecode_anchor,1788012972037474.000,298657.946934,283,283,-0.442219,0
576,576,timestamp_inferred,1788012972070896.500,298661.961472,283,284,-0.442219,0
577,577,camera_timecode_anchor,1788012972104319.000,298665.976011,284,284,-0.199912,1
578,578,timestamp_inferred,1788012972137744.500,298670.056502,284,285,-0.199912,1
579,579,camera_timecode_anchor,1788012972171170.000,298674.136994,285,285,1.141619,1
580,580,timestamp_inferred,1788012972204596.000,298678.218066,285,286,1.141619,1
581,581,camera_timecode_anchor,1788012972238022.000,298682.299137,286,286,2.492811,0
582,582,timestamp_inferred,1788012972271449.000,298686.253472,286,287,2.492811,0
583,583,camera_timecode_anchor,1788012972304876.000,298690.207806,287,287,1.731716,1
584,584,timestamp_inferred,1788012972338300.500,298694.291116,287,288,1.731716,1
585,585,camera_timecode_anchor,1788012972371725.000,298698.374426,288,288,3.120218,1
586,586,timestamp_inferred,1788012972405146.500,298702.378904,288,289,3.120218,1
587,587,camera_timecode_anchor,1788012972438568.000,298706.383382,289,289,3.194851,0
588,588,timestamp_inferred,1788012972471998.500,298710.429106,289,290,3.194851,0
589,589,camera_timecode_anchor,1788012972505429.000,298714.474829,290,290,-4.376424,1
590,590,timestamp_inferred,1788012972538855.500,298718.509230,290,291,-4.376424,1
591,591,camera_timecode_anchor,1788012972572282.000,298722.543630,291,291,-3.803084,1
592,592,timestamp_inferred,1788012972605707.500,298726.601312,291,292,-3.803084,1
593,593,camera_timecode_anchor,1788012972639133.000,298730.658994,292,292,-2.841715,0
594,594,timestamp_inferred,1788012972672555.000,298734.688747,292,293,-2.841715,0
595,595,camera_timecode_anchor,1788012972705977.000,298738.718500,293,293,-2.345831,1
596,596,timestamp_inferred,1788012972739407.000,298742.683543,293,294,-2.345831,1
597,597,camera_timecode_anchor,1788012972772837.000,298746.648586,294,294,-2.928452,1
598,598,timestamp_inferred,1788012972806258.500,298750.663789,294,295,-2.928452,1
599,599,camera_timecode_anchor,1788012972839680.000,298754.678992,295,295,-2.675065,1
600,600,timestamp_inferred,1788012972873102.000,298758.722878,295,296,-2.675065,1
601,601,camera_timecode_anchor,1788012972906524.000,298762.766764,296,296,-1.943630,1
602,602,timestamp_inferred,1788012972939951.000,298766.776466,296,297,-1.943630,1
603,603,camera_timecode_anchor,1788012972973378.000,298770.786168,297,297,-1.781937,1
604,604,timestamp_inferred,1788012973006803.000,298773.473109,297,298,-1.781937,1
605,605,timestamp_inferred,1788012973040228.000,298776.160051,297,298,-1.275065,1
606,606,camera_timecode_anchor,1788012973073653.000,298778.846992,298,298,-1.275065,1
607,607,camera_timecode_anchor,1788012973107074.000,298786.891299,299,299,-0.905840,0
608,608,timestamp_inferred,1788012973140498.750,298789.994920,299,300,-0.905840,0
609,609,timestamp_inferred,1788012973173923.250,298793.098540,299,300,1.684670,1
610,610,camera_timecode_anchor,1788012973207348.000,298796.202160,300,300,1.684670,1
611,611,timestamp_inferred,1788012973240774.000,298800.260096,300,301,1.684670,1
612,612,camera_timecode_anchor,1788012973274200.000,298804.318032,301,301,2.650267,1
613,613,timestamp_inferred,1788012973307626.500,298808.409076,301,302,2.650267,1
614,614,camera_timecode_anchor,1788012973341053.000,298812.500120,302,302,4.167663,1
615,615,timestamp_inferred,1788012973374479.000,298816.560414,302,303,4.167663,1
616,616,camera_timecode_anchor,1788012973407905.000,298820.620707,303,303,-3.160771,1
617,617,timestamp_inferred,1788012973441334.500,298824.672147,303,304,-3.160771,1
618,618,camera_timecode_anchor,1788012973474764.000,298828.723586,304,304,-2.303452,1
619,619,timestamp_inferred,1788012973508185.000,298832.794937,304,305,-2.303452,1
620,620,camera_timecode_anchor,1788012973541606.000,298836.866287,305,305,-1.114271,1
621,621,timestamp_inferred,1788012973575034.000,298840.879305,305,306,-1.114271,1
622,622,camera_timecode_anchor,1788012973608462.000,298844.892322,306,306,-0.897320,1
623,623,timestamp_inferred,1788012973641887.000,298848.981658,306,307,-0.897320,1
624,624,camera_timecode_anchor,1788012973675312.000,298853.070994,307,307,0.591617,0
625,625,timestamp_inferred,1788012973708737.500,298857.026465,307,308,0.591617,0
626,626,camera_timecode_anchor,1788012973742163.000,298860.981936,308,308,-0.150533,1
627,627,timestamp_inferred,1788012973775588.500,298864.856539,308,309,-0.150533,1
628,628,camera_timecode_anchor,1788012973809014.000,298868.731142,309,309,-2.240485,1
629,629,timestamp_inferred,1788012973842437.000,298872.698098,309,310,-2.240485,1
630,630,camera_timecode_anchor,1788012973875860.000,298876.665053,310,310,-2.791223,0
631,631,timestamp_inferred,1788012973909289.500,298880.624943,310,311,-2.791223,0
632,632,camera_timecode_anchor,1788012973942719.000,298884.584832,311,311,-3.459734,1
633,633,timestamp_inferred,1788012973976145.000,298888.656686,311,312,-3.459734,1
634,634,camera_timecode_anchor,1788012974009571.000,298892.728539,312,312,-2.262171,1
635,635,timestamp_inferred,1788012974042997.000,298896.717527,312,313,-2.262171,1
636,636,camera_timecode_anchor,1788012974076423.000,298900.706515,313,313,-2.445707,1
637,637,timestamp_inferred,1788012974109852.500,298904.755213,313,314,-2.445707,1
638,638,camera_timecode_anchor,1788012974143282.000,298908.803911,314,314,-1.634072,1
639,639,timestamp_inferred,1788012974176708.000,298912.889651,314,315,-1.634072,1
640,640,camera_timecode_anchor,1788012974210134.000,298916.975390,315,315,-0.205083,0
641,641,timestamp_inferred,1788012974243563.500,298920.758903,315,316,-0.205083,0
642,642,camera_timecode_anchor,1788012974276993.000,298924.542417,316,316,-3.813193,1
643,643,timestamp_inferred,1788012974310422.000,298928.392471,316,317,-3.813193,1
644,644,camera_timecode_anchor,1788012974343851.000,298932.242525,317,317,2.021038,1
645,645,timestamp_inferred,1788012974377282.500,298936.255642,317,318,2.021038,1
646,646,camera_timecode_anchor,1788012974410714.000,298940.268760,318,318,2.239670,0
647,647,timestamp_inferred,1788012974444142.000,298944.340354,318,319,2.239670,0
648,648,camera_timecode_anchor,1788012974477570.000,298948.411947,319,319,3.432893,1
649,649,timestamp_inferred,1788012974511003.000,298952.441000,319,320,3.432893,1
650,650,camera_timecode_anchor,1788012974544436.000,298956.470052,320,320,3.917102,1
651,651,timestamp_inferred,1788012974577870.500,298960.498491,320,321,3.917102,1
652,652,camera_timecode_anchor,1788012974611305.000,298964.526931,321,321,-3.942245,1
653,653,timestamp_inferred,1788012974644734.000,298968.586573,321,322,-3.942245,1
654,654,camera_timecode_anchor,1788012974678163.000,298972.646216,322,322,-2.948202,0
655,655,timestamp_inferred,1788012974711592.500,298976.744478,322,323,-2.948202,0
656,656,camera_timecode_anchor,1788012974745022.000,298980.842739,323,323,-1.310506,0
657,657,timestamp_inferred,1788012974778448.000,298984.907983,323,324,-1.310506,0
658,658,camera_timecode_anchor,1788012974811874.000,298988.973227,324,324,-0.223111,1
659,659,timestamp_inferred,1788012974845300.000,298992.764576,324,325,-0.223111,1
660,660,camera_timecode_anchor,1788012974878726.000,298996.555925,325,325,-3.700625,1
661,661,camera_timecode_anchor,1788012974912156.000,299004.993667,326,326,-0.052774,1
662,662,timestamp_inferred,1788012974945583.750,299007.667959,326,327,-0.052774,1
663,663,timestamp_inferred,1788012974979011.250,299010.342250,326,327,0.137846,1
664,664,camera_timecode_anchor,1788012975012439.000,299013.016542,327,327,0.137846,1
665,665,timestamp_inferred,1788012975045863.000,299017.017703,327,328,0.137846,1
666,666,camera_timecode_anchor,1788012975079287.000,299021.018864,328,328,0.157204,1
667,667,timestamp_inferred,1788012975112712.000,299025.261704,328,329,0.157204,1
668,668,camera_timecode_anchor,1788012975146137.000,299029.504543,329,329,4.204522,1
669,669,timestamp_inferred,1788012975179565.500,299033.590676,329,330,4.204522,1
670,670,camera_timecode_anchor,1788012975212994.000,299037.676810,330,330,-2.693248,1
671,671,timestamp_inferred,1788012975246419.000,299041.686222,330,331,-2.693248,1
672,672,camera_timecode_anchor,1788012975279844.000,299045.695634,331,331,-2.536386,1
673,673,timestamp_inferred,1788012975313273.500,299049.773984,331,332,-2.536386,1
674,674,camera_timecode_anchor,1788012975346703.000,299053.852333,332,332,-1.230555,0
675,675,timestamp_inferred,1788012975380129.000,299058.238867,332,333,-1.230555,0
676,676,camera_timecode_anchor,1788012975413555.000,299062.625401,333,333,-3.121661,1
677,677,timestamp_inferred,1788012975446984.500,299066.589604,333,334,-3.121661,1
678,678,camera_timecode_anchor,1788012975480414.000,299070.553807,334,334,-3.718278,1
679,679,timestamp_inferred,1788012975513840.000,299074.661439,334,335,-3.718278,1
680,680,camera_timecode_anchor,1788012975547266.000,299078.769071,335,335,-1.924405,1
681,681,timestamp_inferred,1788012975580696.500,299082.882154,335,336,-1.924405,1
682,682,camera_timecode_anchor,1788012975614127.000,299086.995237,336,336,-0.039693,1
683,683,timestamp_inferred,1788012975647556.000,299091.184801,336,337,-0.039693,1
684,684,camera_timecode_anchor,1788012975680985.000,299095.374366,337,337,3.119716,1
685,685,timestamp_inferred,1788012975714414.500,299099.439587,337,338,3.119716,1
686,686,camera_timecode_anchor,1788012975747844.000,299103.504808,338,338,4.206732,1
687,687,timestamp_inferred,1788012975781270.500,299107.546091,338,339,4.206732,1
688,688,camera_timecode_anchor,1788012975814697.000,299111.587375,339,339,-3.438542,0
689,689,timestamp_inferred,1788012975848129.000,299114.669860,339,340,-3.438542,0
690,690,timestamp_inferred,1788012975881561.000,299117.752345,339,340,-1.376415,1
691,691,camera_timecode_anchor,1788012975914993.000,299120.834830,340,340,-1.376415,1
692,692,timestamp_inferred,1788012975948418.500,299124.868343,340,341,-1.376415,1
693,693,camera_timecode_anchor,1788012975981844.000,299128.901856,341,341,-0.817866,0
694,694,timestamp_inferred,1788012976015273.500,299133.209552,341,342,-0.817866,0
695,695,camera_timecode_anchor,1788012976048703.000,299137.517248,342,342,-4.022936,1
696,696,timestamp_inferred,1788012976082137.000,299141.608967,342,343,-4.022936,1
697,697,camera_timecode_anchor,1788012976115571.000,299145.700686,343,343,-2.494286,0
698,698,timestamp_inferred,1788012976149000.500,299149.732093,343,344,-2.494286,0
699,699,camera_timecode_anchor,1788012976182430.000,299153.763501,344,344,-1.970823,1
700,700,timestamp_inferred,1788012976215858.500,299157.792368,344,345,-1.970823,1
701,701,camera_timecode_anchor,1788012976249287.000,299161.821235,345,345,-1.489705,1
702,702,timestamp_inferred,1788012976282723.000,299165.903221,345,346,-1.489705,1
703,703,camera_timecode_anchor,1788012976316159.000,299169.985208,346,346,-0.123270,1
704,704,timestamp_inferred,1788012976349587.500,299174.013219,346,347,-0.123270,1
705,705,camera_timecode_anchor,1788012976383016.000,299178.041230,347,347,0.343585,1
706,706,timestamp_inferred,1788012976416445.000,299182.077649,347,348,0.343585,1
707,707,camera_timecode_anchor,1788012976449874.000,299186.114069,348,348,0.950572,1
708,708,timestamp_inferred,1788012976483303.500,299190.199471,348,349,0.950572,1
709,709,camera_timecode_anchor,1788012976516733.000,299194.284874,349,349,2.373950,1
710,710,timestamp_inferred,1788012976550158.500,299198.163154,349,350,2.373950,1
711,711,camera_timecode_anchor,1788012976583584.000,299202.041434,350,350,0.345287,1
712,712,timestamp_inferred,1788012976617014.000,299205.847450,350,351,0.345287,1
713,713,camera_timecode_anchor,1788012976650444.000,299209.653467,351,351,-2.887779,1
714,714,timestamp_inferred,1788012976683874.500,299213.641298,351,352,-2.887779,1
715,715,camera_timecode_anchor,1788012976717305.000,299217.629129,352,352,-3.090592,1
716,716,timestamp_inferred,1788012976750730.500,299222.183818,352,353,-3.090592,1
717,717,camera_timecode_anchor,1788012976784156.000,299226.738507,353,353,-2.179110,1
718,718,timestamp_inferred,1788012976817584.500,299230.903872,353,354,-2.179110,1
719,719,camera_timecode_anchor,1788012976851013.000,299235.069238,354,354,0.576980,1
720,720,timestamp_inferred,1788012976884440.000,299239.150988,354,355,0.576980,1
721,721,camera_timecode_anchor,1788012976917867.000,299243.232737,355,355,1.939479,0
722,722,timestamp_inferred,1788012976951293.000,299247.254317,355,356,1.939479,0
723,723,camera_timecode_anchor,1788012976984719.000,299251.275896,356,356,2.299132,1
724,724,timestamp_inferred,1788012977018145.000,299255.369475,356,357,2.299132,1
725,725,camera_timecode_anchor,1788012977051571.000,299259.463054,357,357,3.858785,1
726,726,timestamp_inferred,1788012977084997.000,299263.612211,357,358,3.858785,1
727,727,camera_timecode_anchor,1788012977118423.000,299267.761368,358,358,-1.988603,1
728,728,timestamp_inferred,1788012977151852.500,299271.795834,358,359,-1.988603,1
729,729,camera_timecode_anchor,1788012977185282.000,299275.830300,359,359,-1.414167,1
730,730,timestamp_inferred,1788012977218707.000,299279.647199,359,360,-1.414167,1
731,731,camera_timecode_anchor,1788012977252132.000,299283.464098,360,360,3.867483,1
732,732,timestamp_inferred,1788012977285559.000,299287.535854,360,361,3.867483,1
733,733,camera_timecode_anchor,1788012977318986.000,299291.607609,361,361,-3.269922,1
734,734,timestamp_inferred,1788012977352415.500,299295.638061,361,362,-3.269922,1
735,735,camera_timecode_anchor,1788012977385845.000,299299.668513,362,362,-2.762389,0
736,736,timestamp_inferred,1788012977419270.500,299303.761107,362,363,-2.762389,0
737,737,camera_timecode_anchor,1788012977452696.000,299307.853701,363,363,-1.219162,1
738,738,timestamp_inferred,1788012977486126.000,299311.871562,363,364,-1.219162,1
739,739,camera_timecode_anchor,1788012977519556.000,299315.889423,364,364,-0.921479,1
740,740,timestamp_inferred,1788012977552986.000,299319.981228,364,365,-0.921479,1
741,741,camera_timecode_anchor,1788012977586416.000,299324.073033,365,365,0.608607,1
742,742,timestamp_inferred,1788012977619844.500,299328.263343,365,366,0.608607,1
743,743,camera_timecode_anchor,1788012977653273.000,299332.453653,366,366,3.780439,0
744,744,timestamp_inferred,1788012977686700.000,299336.314733,366,367,3.780439,0
745,745,camera_timecode_anchor,1788012977720127.000,299340.175814,367,367,1.465118,1
746,746,timestamp_inferred,1788012977753556.000,299344.025836,367,368,1.465118,1
747,747,camera_timecode_anchor,1788012977786985.000,299347.875857,368,368,-1.034525,1
748,748,timestamp_inferred,1788012977820414.000,299351.935383,368,369,-1.034525,1
749,749,camera_timecode_anchor,1788012977853843.000,299355.994910,369,369,-0.042418,1
750,750,timestamp_inferred,1788012977887274.000,299360.029874,369,370,-0.042418,1
751,751,camera_timecode_anchor,1788012977920705.000,299364.064838,370,370,0.540319,1
752,752,timestamp_inferred,1788012977954131.000,299368.193088,370,371,0.540319,1
753,753,camera_timecode_anchor,1788012977987557.000,299372.321339,371,371,2.677822,1
754,754,timestamp_inferred,1788012978020985.500,299376.371797,371,372,2.677822,1
755,755,camera_timecode_anchor,1788012978054414.000,299380.422255,372,372,3.518788,1
756,756,timestamp_inferred,1788012978087844.000,299384.487714,372,373,3.518788,1
757,757,camera_timecode_anchor,1788012978121274.000,299388.553173,373,373,-3.723556,0
758,758,timestamp_inferred,1788012978154704.500,299392.595277,373,374,-3.723556,0
759,759,camera_timecode_anchor,1788012978188135.000,299396.637382,374,374,-3.021819,1
760,760,timestamp_inferred,1788012978221563.500,299400.665044,374,375,-3.021819,1
761,761,camera_timecode_anchor,1788012978254992.000,299404.692707,375,375,-2.560776,1
762,762,timestamp_inferred,1788012978288422.000,299408.774740,375,376,-2.560776,1
763,763,camera_timecode_anchor,1788012978321852.000,299412.856773,376,376,-1.193561,0
764,764,timestamp_inferred,1788012978355281.500,299416.902303,376,377,-1.193561,0
765,765,camera_timecode_anchor,1788012978388711.000,299420.947834,377,377,-0.434717,1
766,766,timestamp_inferred,1788012978422141.250,299423.638828,377,378,-0.434717,1
767,767,timestamp_inferred,1788012978455571.750,299426.329822,377,378,0.173470,1
768,768,camera_timecode_anchor,1788012978489002.000,299429.020816,378,378,0.173470,1
769,769,timestamp_inferred,1788012978522426.500,299433.032252,378,379,0.173470,1
770,770,camera_timecode_anchor,1788012978555851.000,299437.043687,379,379,0.364057,1
771,771,timestamp_inferred,1788012978589281.500,299441.117706,379,380,0.364057,1
772,772,camera_timecode_anchor,1788012978622712.000,299445.191726,380,380,1.597714,1
773,773,timestamp_inferred,1788012978656137.500,299449.336717,380,381,1.597714,1
774,774,camera_timecode_anchor,1788012978689563.000,299453.481708,381,381,4.014232,0
775,775,timestamp_inferred,1788012978722992.500,299457.470275,381,382,4.014232,0
776,776,camera_timecode_anchor,1788012978756422.000,299461.458843,382,382,3.823690,1
777,777,timestamp_inferred,1788012978789849.000,299465.516804,382,383,3.823690,1
778,778,camera_timecode_anchor,1788012978823276.000,299469.574765,383,383,-3.543626,1
779,779,timestamp_inferred,1788012978856702.000,299473.526674,383,384,-3.543626,1
780,780,camera_timecode_anchor,1788012978890128.000,299477.478583,384,384,3.988189,1
781,781,timestamp_inferred,1788012978923552.000,299481.511576,384,385,3.988189,1
782,782,camera_timecode_anchor,1788012978956976.000,299485.544570,385,385,-3.795254,1
783,783,timestamp_inferred,1788012978990403.000,299489.560258,385,386,-3.795254,1
784,784,camera_timecode_anchor,1788012979023830.000,299493.575946,386,386,-3.533786,0
785,785,timestamp_inferred,1788012979057257.000,299497.640364,386,387,-3.533786,0
786,786,camera_timecode_anchor,1788012979090684.000,299501.704783,387,387,-2.460143,1
787,787,timestamp_inferred,1788012979124108.500,299505.729248,387,388,-2.460143,1
788,788,camera_timecode_anchor,1788012979157533.000,299509.753713,388,388,-2.052389,1
789,789,timestamp_inferred,1788012979190959.500,299513.839153,388,389,-2.052389,1
790,790,camera_timecode_anchor,1788012979224386.000,299517.924592,389,389,-0.628398,0
791,791,timestamp_inferred,1788012979257815.500,299522.147935,389,390,-0.628398,0
792,792,camera_timecode_anchor,1788012979291245.000,299526.371278,390,390,3.093984,1
793,793,timestamp_inferred,1788012979324674.000,299530.476033,390,391,3.093984,1
794,794,camera_timecode_anchor,1788012979358103.000,299534.580787,391,391,-3.493441,1
795,795,timestamp_inferred,1788012979391530.000,299538.708580,391,392,-3.493441,1
796,796,camera_timecode_anchor,1788012979424957.000,299542.836372,392,392,-1.363566,1
797,797,timestamp_inferred,1788012979458386.500,299546.853924,392,393,-1.363566,1
798,798,camera_timecode_anchor,1788012979491816.000,299550.871476,393,393,-1.071033,1
799,799,timestamp_inferred,1788012979525245.000,299554.701349,393,394,-1.071033,1
800,800,camera_timecode_anchor,1788012979558674.000,299558.531222,394,394,-3.906483,0
801,801,timestamp_inferred,1788012979592100.500,299562.809427,394,395,-3.906483,0
802,802,camera_timecode_anchor,1788012979625527.000,299567.087632,395,395,0.730268,1
803,803,timestamp_inferred,1788012979658953.000,299571.193789,395,396,0.730268,1
804,804,camera_timecode_anchor,1788012979692379.000,299575.299946,396,396,2.499546,0
805,805,camera_timecode_anchor,1788012979725808.000,299583.393870,397,397,3.282248,1
806,806,timestamp_inferred,1788012979759237.250,299586.059365,397,398,3.282248,1
807,807,timestamp_inferred,1788012979792666.750,299588.724860,397,398,3.252958,1
808,808,camera_timecode_anchor,1788012979826096.000,299591.390355,398,398,3.252958,1
809,809,timestamp_inferred,1788012979859522.500,299595.521062,398,399,3.252958,1
810,810,camera_timecode_anchor,1788012979892949.000,299599.651769,399,399,-2.901927,0
811,811,timestamp_inferred,1788012979926378.000,299603.820131,399,400,-2.901927,0
812,812,camera_timecode_anchor,1788012979959807.000,299607.988492,400,400,-0.095897,1
813,813,timestamp_inferred,1788012979993233.000,299611.968649,400,401,-0.095897,1
814,814,camera_timecode_anchor,1788012980026659.000,299615.948806,401,401,-0.426613,0
815,815,timestamp_inferred,1788012980060084.500,299619.728001,401,402,-0.426613,0
816,816,camera_timecode_anchor,1788012980093510.000,299623.507195,402,402,-4.106710,0
817,817,timestamp_inferred,1788012980126939.500,299627.343824,402,403,-4.106710,0
818,818,camera_timecode_anchor,1788012980160369.000,299631.180453,403,403,1.503775,1
819,819,timestamp_inferred,1788012980193796.000,299635.207024,403,404,1.503775,1
820,820,camera_timecode_anchor,1788012980227223.000,299639.233595,404,404,1.946623,0
821,821,timestamp_inferred,1788012980260653.000,299643.230452,404,405,1.946623,0
822,822,camera_timecode_anchor,1788012980294083.000,299647.227310,405,405,1.894248,1
823,823,timestamp_inferred,1788012980327508.000,299651.295005,405,406,1.894248,1
824,824,camera_timecode_anchor,1788012980360933.000,299655.362701,406,406,3.022505,1
825,825,timestamp_inferred,1788012980394358.000,299659.473065,406,407,3.022505,1
826,826,camera_timecode_anchor,1788012980427783.000,299663.583429,407,407,-3.471425,0
827,827,timestamp_inferred,1788012980461210.000,299667.607430,407,408,-3.471425,0
828,828,camera_timecode_anchor,1788012980494637.000,299671.631430,408,408,-3.071416,1
829,829,timestamp_inferred,1788012980528066.500,299675.713011,408,409,-3.071416,1
830,830,camera_timecode_anchor,1788012980561496.000,299679.794591,409,409,-1.711738,1
831,831,timestamp_inferred,1788012980594922.500,299683.628461,409,410,-1.711738,1
832,832,camera_timecode_anchor,1788012980628349.000,299687.462331,410,410,3.852757,1
833,833,timestamp_inferred,1788012980661774.500,299691.322898,410,411,3.852757,1
834,834,camera_timecode_anchor,1788012980695200.000,299695.183465,411,411,1.528874,1
835,835,timestamp_inferred,1788012980728625.000,299699.193622,411,412,1.528874,1
836,836,camera_timecode_anchor,1788012980762050.000,299703.203779,412,412,1.698157,0
837,837,timestamp_inferred,1788012980795477.000,299707.268264,412,413,1.698157,0
838,838,camera_timecode_anchor,1788012980828904.000,299711.332750,413,413,2.772914,1
839,839,timestamp_inferred,1788012980862334.500,299715.369945,413,414,2.772914,1
840,840,camera_timecode_anchor,1788012980895765.000,299719.407140,414,414,3.392832,0
841,841,timestamp_inferred,1788012980929189.500,299723.399883,414,415,3.392832,0
842,842,camera_timecode_anchor,1788012980962614.000,299727.392627,415,415,3.271892,1
843,843,timestamp_inferred,1788012980996039.500,299731.549150,415,416,3.271892,1
844,844,camera_timecode_anchor,1788012981029465.000,299735.705673,416,416,-2.452721,1
845,845,timestamp_inferred,1788012981062891.000,299739.829331,416,417,-2.452721,1
846,846,camera_timecode_anchor,1788012981096317.000,299743.952988,417,417,-0.391766,1
847,847,timestamp_inferred,1788012981129739.000,299747.983016,417,418,-0.391766,1
848,848,camera_timecode_anchor,1788012981163161.000,299752.013044,418,418,0.108697,1
849,849,timestamp_inferred,1788012981196586.500,299756.095283,418,419,0.108697,1
850,850,camera_timecode_anchor,1788012981230012.000,299760.177522,419,419,1.479349,0
851,851,timestamp_inferred,1788012981263440.000,299764.515208,419,420,1.479349,0
852,852,camera_timecode_anchor,1788012981296868.000,299768.852895,420,420,-1.225876,1
853,853,timestamp_inferred,1788012981330293.000,299773.006632,420,421,-1.225876,1
854,854,camera_timecode_anchor,1788012981363718.000,299777.160369,421,421,1.336406,1
855,855,timestamp_inferred,1788012981397144.000,299781.291599,421,422,1.336406,1
856,856,camera_timecode_anchor,1788012981430570.000,299785.422829,422,422,3.523579,1
857,857,timestamp_inferred,1788012981463995.500,299789.422884,422,423,3.523579,1
858,858,camera_timecode_anchor,1788012981497421.000,299793.422938,423,423,3.524483,1
859,859,timestamp_inferred,1788012981530847.000,299797.476317,423,424,3.524483,1
860,860,camera_timecode_anchor,1788012981564273.000,299801.529696,424,424,4.414135,0
861,861,timestamp_inferred,1788012981597703.500,299805.757125,424,425,4.414135,0
862,862,camera_timecode_anchor,1788012981631134.000,299809.984554,425,425,-0.128719,1
863,863,timestamp_inferred,1788012981664560.500,299814.090288,425,426,-0.128719,1
864,864,camera_timecode_anchor,1788012981697987.000,299818.196022,426,426,1.633518,1
865,865,timestamp_inferred,1788012981731415.500,299822.217035,426,427,1.633518,1
866,866,camera_timecode_anchor,1788012981764844.000,299826.238049,427,427,1.983740,1
867,867,timestamp_inferred,1788012981798270.000,299830.019380,427,428,1.983740,1
868,868,camera_timecode_anchor,1788012981831696.000,299833.800712,428,428,-1.660732,1
869,869,timestamp_inferred,1788012981865123.250,299836.597247,428,429,-1.660732,1
870,870,timestamp_inferred,1788012981898550.750,299839.393783,428,429,1.585981,1
871,871,camera_timecode_anchor,1788012981931978.000,299842.190318,429,429,1.585981,1
872,872,timestamp_inferred,1788012981965407.500,299846.208531,429,430,1.585981,1
873,873,camera_timecode_anchor,1788012981998837.000,299850.226744,430,430,1.889530,1
874,874,camera_timecode_anchor,1788012982032261.000,299858.422103,431,431,3.517525,0
875,875,timestamp_inferred,1788012982065687.250,299861.102805,431,432,3.517525,0
876,876,timestamp_inferred,1788012982099113.750,299863.783508,431,432,-4.464918,1
877,877,camera_timecode_anchor,1788012982132540.000,299866.464210,432,432,-4.464918,1
878,878,camera_timecode_anchor,1788012982165970.000,299874.611132,433,433,-3.240568,1
879,879,timestamp_inferred,1788012982199395.250,299877.444122,433,434,-3.240568,1
880,880,timestamp_inferred,1788012982232820.750,299880.277112,433,434,0.917519,1
881,881,camera_timecode_anchor,1788012982266246.000,299883.110102,434,434,0.917519,1
882,882,timestamp_inferred,1788012982299675.500,299887.092122,434,435,0.917519,1
883,883,camera_timecode_anchor,1788012982333105.000,299891.074142,435,435,0.617846,1
884,884,timestamp_inferred,1788012982366530.000,299895.055692,435,436,0.617846,1
885,885,camera_timecode_anchor,1788012982399955.000,299899.037242,436,436,0.310353,0
886,886,timestamp_inferred,1788012982433384.000,299903.017743,436,437,0.310353,0
887,887,camera_timecode_anchor,1788012982466813.000,299906.998244,437,437,-0.014632,1
888,888,timestamp_inferred,1788012982500240.000,299910.940686,437,438,-0.014632,1
889,889,camera_timecode_anchor,1788012982533667.000,299914.883127,438,438,-0.973940,1
890,890,timestamp_inferred,1788012982567097.000,299918.905807,438,439,-0.973940,1
891,891,camera_timecode_anchor,1788012982600527.000,299922.928486,439,439,-0.595948,0
892,892,timestamp_inferred,1788012982633956.000,299926.936794,439,440,-0.595948,0
893,893,camera_timecode_anchor,1788012982667385.000,299930.945102,440,440,-0.457480,1
894,894,timestamp_inferred,1788012982700811.000,299935.048860,440,441,-0.457480,1
895,895,camera_timecode_anchor,1788012982734237.000,299939.152617,441,441,1.271812,0
896,896,timestamp_inferred,1788012982767662.500,299943.200675,441,442,1.271812,0
897,897,camera_timecode_anchor,1788012982801088.000,299947.248733,442,442,2.072774,1
898,898,timestamp_inferred,1788012982834518.000,299951.228766,442,443,2.072774,1
899,899,camera_timecode_anchor,1788012982867948.000,299955.208799,443,443,1.739992,1
900,900,timestamp_inferred,1788012982901374.000,299959.293536,443,444,1.739992,1
901,901,camera_timecode_anchor,1788012982934800.000,299963.378273,444,444,3.152279,0
902,902,timestamp_inferred,1788012982968230.000,299967.486473,444,445,3.152279,0
903,903,camera_timecode_anchor,1788012983001660.000,299971.594673,445,445,-3.377722,1
904,904,timestamp_inferred,1788012983035088.500,299975.403288,445,446,-3.377722,1
905,905,camera_timecode_anchor,1788012983068517.000,299979.211902,446,446,1.765854,1
906,906,timestamp_inferred,1788012983101947.000,299983.236028,446,447,1.765854,1
907,907,camera_timecode_anchor,1788012983135377.000,299987.260154,447,447,2.167949,0
908,908,timestamp_inferred,1788012983168799.000,299991.248319,447,448,2.167949,0
909,909,camera_timecode_anchor,1788012983202221.000,299995.236485,448,448,1.970706,1
910,910,timestamp_inferred,1788012983235650.500,299999.332114,448,449,1.970706,1
911,911,camera_timecode_anchor,1788012983269080.000,300003.427743,449,449,3.564522,1
912,912,timestamp_inferred,1788012983302507.000,300007.473812,449,450,3.564522,1
913,913,camera_timecode_anchor,1788012983335934.000,300011.519882,450,450,-4.000983,0
914,914,timestamp_inferred,1788012983369360.000,300015.682623,450,451,-4.000983,0
915,915,camera_timecode_anchor,1788012983402786.000,300019.845363,451,451,-1.288640,1
916,916,timestamp_inferred,1788012983436215.500,300023.903935,451,452,-1.288640,1
917,917,camera_timecode_anchor,1788012983469645.000,300027.962507,452,452,-0.312439,1
918,918,timestamp_inferred,1788012983503070.500,300031.804409,452,453,-0.312439,1
919,919,camera_timecode_anchor,1788012983536496.000,300035.646311,453,453,-2.947410,0
920,920,timestamp_inferred,1788012983569925.500,300039.459847,453,454,-2.947410,0
921,921,camera_timecode_anchor,1788012983603355.000,300043.273383,454,454,2.278190,1
922,922,timestamp_inferred,1788012983636781.000,300047.272215,454,455,2.278190,1
923,923,camera_timecode_anchor,1788012983670207.000,300051.271048,455,455,2.258730,1
924,924,timestamp_inferred,1788012983703633.500,300055.349024,455,456,2.258730,1
925,925,camera_timecode_anchor,1788012983737060.000,300059.427000,456,456,3.558331,1
926,926,timestamp_inferred,1788012983770486.000,300063.451853,456,457,3.558331,1
927,927,camera_timecode_anchor,1788012983803912.000,300067.476706,457,457,3.972548,1
928,928,timestamp_inferred,1788012983837341.000,300071.613573,457,458,3.972548,1
929,929,camera_timecode_anchor,1788012983870770.000,300075.750441,458,458,-2.079657,0
930,930,timestamp_inferred,1788012983904196.000,300079.788249,458,459,-2.079657,0
931,931,camera_timecode_anchor,1788012983937622.000,300083.826057,459,459,-1.449523,1
932,932,timestamp_inferred,1788012983971047.500,300087.856314,459,460,-1.449523,1
933,933,camera_timecode_anchor,1788012984004473.000,300091.886571,460,460,-0.945239,1
934,934,timestamp_inferred,1788012984037899.000,300096.026592,460,461,-0.945239,1
935,935,camera_timecode_anchor,1788012984071325.000,300100.166612,461,461,1.388433,0
936,936,timestamp_inferred,1788012984104755.500,300104.194071,461,462,1.388433,0
937,937,camera_timecode_anchor,1788012984138186.000,300108.221531,462,462,1.846090,1
938,938,timestamp_inferred,1788012984171612.000,300112.280749,462,463,1.846090,1
939,939,camera_timecode_anchor,1788012984205038.000,300116.339966,463,463,2.833053,0
940,940,timestamp_inferred,1788012984238467.000,300120.356050,463,464,2.833053,0
941,941,camera_timecode_anchor,1788012984271896.000,300124.372133,464,464,3.101111,1
942,942,timestamp_inferred,1788012984305322.500,300128.381088,464,465,3.101111,1
943,943,camera_timecode_anchor,1788012984338749.000,300132.390042,465,465,3.250352,1
944,944,timestamp_inferred,1788012984372178.500,300136.414016,465,466,3.250352,1
945,945,camera_timecode_anchor,1788012984405608.000,300140.437989,466,466,3.649912,0
946,946,timestamp_inferred,1788012984439033.500,300144.692468,466,467,3.649912,0
947,947,camera_timecode_anchor,1788012984472459.000,300148.946946,467,467,-0.442117,1
948,948,timestamp_inferred,1788012984505889.500,300152.977523,467,468,-0.442117,1
949,949,camera_timecode_anchor,1788012984539320.000,300157.008100,468,468,0.067497,1
950,950,timestamp_inferred,1788012984572749.000,300161.097557,468,469,0.067497,1
951,951,camera_timecode_anchor,1788012984606178.000,300165.187015,469,469,1.558457,1
952,952,timestamp_inferred,1788012984639611.000,300169.205449,469,470,1.558457,1
953,953,camera_timecode_anchor,1788012984673044.000,300173.223883,470,470,1.865692,1
954,954,timestamp_inferred,1788012984706470.000,300177.118823,470,471,1.865692,1
955,955,camera_timecode_anchor,1788012984739896.000,300181.013763,471,471,0.114694,0
956,956,timestamp_inferred,1788012984773325.500,300185.040306,471,472,0.114694,0
957,957,camera_timecode_anchor,1788012984806755.000,300189.066850,472,472,0.557080,1
958,958,timestamp_inferred,1788012984840184.500,300193.027592,472,473,0.557080,1
959,959,camera_timecode_anchor,1788012984873614.000,300196.988335,473,473,-0.097206,1
960,960,timestamp_inferred,1788012984907041.000,300200.930758,473,474,-0.097206,1
961,961,camera_timecode_anchor,1788012984940468.000,300204.873180,474,474,-1.056831,1
962,962,timestamp_inferred,1788012984973897.000,300208.946491,474,475,-1.056831,1
963,963,camera_timecode_anchor,1788012985007326.000,300213.019801,475,475,0.165008,1
964,964,timestamp_inferred,1788012985040755.000,300217.072535,475,476,0.165008,1
965,965,camera_timecode_anchor,1788012985074184.000,300221.125270,476,476,1.043915,0
966,966,timestamp_inferred,1788012985107614.500,300225.194727,476,477,1.043915,0
967,967,camera_timecode_anchor,1788012985141045.000,300229.264185,477,477,2.201543,1
968,968,timestamp_inferred,1788012985174474.500,300233.302170,477,478,2.201543,1
969,969,camera_timecode_anchor,1788012985207904.000,300237.340154,478,478,2.834620,1
970,970,timestamp_inferred,1788012985241333.500,300241.468495,478,479,2.834620,1
971,971,camera_timecode_anchor,1788012985274763.000,300245.596836,479,479,-3.359704,0
972,972,timestamp_inferred,1788012985308192.500,300249.621026,479,480,-3.359704,0
973,973,camera_timecode_anchor,1788012985341622.000,300253.645217,480,480,-2.956525,1
974,974,timestamp_inferred,1788012985375048.500,300257.557509,480,481,-2.956525,1
975,975,camera_timecode_anchor,1788012985408475.000,300261.469802,481,481,3.915014,1
976,976,timestamp_inferred,1788012985441904.000,300265.880903,481,482,3.915014,1
977,977,camera_timecode_anchor,1788012985475333.000,300270.292005,482,482,2.433371,0
978,978,timestamp_inferred,1788012985508756.500,300274.323767,482,483,2.433371,0
979,979,camera_timecode_anchor,1788012985542180.000,300278.355530,483,483,2.962750,1
980,980,timestamp_inferred,1788012985575609.000,300282.445426,483,484,2.962750,1
981,981,camera_timecode_anchor,1788012985609038.000,300286.535322,484,484,-3.872318,0
982,982,timestamp_inferred,1788012985642463.500,300290.626427,484,485,-3.872318,0
983,983,camera_timecode_anchor,1788012985675889.000,300294.717532,485,485,-2.353904,1
984,984,timestamp_inferred,1788012985709316.000,300298.819713,485,486,-2.353904,1
985,985,camera_timecode_anchor,1788012985742743.000,300302.921895,486,486,-0.650876,1
986,986,timestamp_inferred,1788012985776172.000,300306.993723,486,487,-0.650876,1
987,987,camera_timecode_anchor,1788012985809601.000,300311.065551,487,487,0.546258,0
988,988,timestamp_inferred,1788012985843025.500,300315.018773,487,488,0.546258,0
989,989,camera_timecode_anchor,1788012985876450.000,300318.971995,488,488,-0.233377,1
990,990,timestamp_inferred,1788012985909877.000,300322.727953,488,489,-0.233377,1
991,991,camera_timecode_anchor,1788012985943304.000,300326.483912,489,489,-4.300734,1
992,992,timestamp_inferred,1788012985976730.500,300330.582032,489,490,-4.300734,1
993,993,camera_timecode_anchor,1788012986010157.000,300334.680153,490,490,-2.665394,1
994,994,timestamp_inferred,1788012986043582.000,300338.759323,490,491,-2.665394,1
995,995,camera_timecode_anchor,1788012986077007.000,300342.838494,491,491,-1.345885,1
996,996,timestamp_inferred,1788012986110433.750,300345.713508,491,492,-1.345885,1
997,997,timestamp_inferred,1788012986143860.250,300348.588522,491,492,3.862807,1
998,998,camera_timecode_anchor,1788012986177287.000,300351.463537,492,492,3.862807,1
999,999,camera_timecode_anchor,1788012986210711.000,300359.679347,493,493,-2.672106,1
1000,1000,timestamp_inferred,1788012986244141.000,300362.363320,493,494,-2.672106,1
1001,1001,timestamp_inferred,1788012986277571.000,300365.047293,493,494,-2.239450,0
1002,1002,camera_timecode_anchor,1788012986311001.000,300367.731266,494,494,-2.239450,0
1003,1003,timestamp_inferred,1788012986344426.000,300371.736897,494,495,-2.239450,0
1004,1004,camera_timecode_anchor,1788012986377851.000,300375.742528,495,495,-2.145600,1
1005,1005,camera_timecode_anchor,1788012986411275.000,300383.473873,496,496,3.948943,0
1006,1006,timestamp_inferred,1788012986444700.000,300387.533427,496,497,3.948943,0
1007,1007,camera_timecode_anchor,1788012986478125.000,300391.592981,497,497,-3.391826,1
1008,1008,timestamp_inferred,1788012986511552.000,300395.458189,497,498,-3.391826,1
1009,1009,camera_timecode_anchor,1788012986544979.000,300399.323396,498,498,2.694968,1
1010,1010,timestamp_inferred,1788012986578401.000,300403.381366,498,499,2.694968,1
1011,1011,camera_timecode_anchor,1788012986611823.000,300407.439337,499,499,3.661138,1
1012,1012,timestamp_inferred,1788012986645247.750,300410.238418,499,500,3.661138,1
1013,1013,timestamp_inferred,1788012986678672.250,300413.037499,499,500,-1.361832,1
1014,1014,camera_timecode_anchor,1788012986712097.000,300415.836580,500,500,-1.361832,1
1015,1015,timestamp_inferred,1788012986745521.500,300419.866571,500,501,-1.361832,1
1016,1016,camera_timecode_anchor,1788012986778946.000,300423.896562,501,501,-0.861982,0
1017,1017,timestamp_inferred,1788012986812369.500,300427.970436,501,502,-0.861982,0
1018,1018,camera_timecode_anchor,1788012986845793.000,300432.044309,502,502,0.369243,1
1019,1019,timestamp_inferred,1788012986879218.500,300436.129313,502,503,0.369243,1
1020,1020,camera_timecode_anchor,1788012986912644.000,300440.214317,503,503,1.785972,1
1021,1021,timestamp_inferred,1788012986946065.500,300444.300575,503,504,1.785972,1
1022,1022,camera_timecode_anchor,1788012986979487.000,300448.386834,504,504,3.223613,0
1023,1023,timestamp_inferred,1788012987012910.500,300452.531500,504,505,3.223613,0
1024,1024,camera_timecode_anchor,1788012987046334.000,300456.676167,505,505,-2.698606,1
1025,1025,timestamp_inferred,1788012987079755.500,300460.633988,505,506,-2.698606,1
1026,1026,camera_timecode_anchor,1788012987113177.000,300464.591809,506,506,-3.401595,0
1027,1027,timestamp_inferred,1788012987146606.500,300468.636798,506,507,-3.401595,0
1028,1028,camera_timecode_anchor,1788012987180036.000,300472.681787,507,507,-2.651779,1
1029,1029,timestamp_inferred,1788012987213462.000,300476.726364,507,508,-2.651779,1
1030,1030,camera_timecode_anchor,1788012987246888.000,300480.770942,508,508,-1.908817,1
1031,1031,timestamp_inferred,1788012987280315.000,300484.860944,508,509,-1.908817,1
1032,1032,camera_timecode_anchor,1788012987313742.000,300488.950946,509,509,-0.408780,0
1033,1033,timestamp_inferred,1788012987347166.500,300493.163267,509,510,-0.408780,0
1034,1034,camera_timecode_anchor,1788012987380591.000,300497.375587,510,510,3.129895,1
1035,1035,timestamp_inferred,1788012987414022.000,300501.516069,510,511,3.129895,1
1036,1036,camera_timecode_anchor,1788012987447453.000,300505.656551,511,511,-2.862075,1
1037,1037,timestamp_inferred,1788012987480879.000,300509.703114,511,512,-2.862075,1
1038,1038,camera_timecode_anchor,1788012987514305.000,300513.749678,512,512,-2.086018,0
1039,1039,timestamp_inferred,1788012987547726.000,300517.959469,512,513,-2.086018,0
1040,1040,camera_timecode_anchor,1788012987581147.000,300522.169260,513,513,1.410500,1
1041,1041,timestamp_inferred,1788012987614573.500,300526.295720,513,514,1.410500,1
1042,1042,camera_timecode_anchor,1788012987648000.000,300530.422180,514,514,3.518170,0
1043,1043,timestamp_inferred,1788012987681426.000,300534.542046,514,515,3.518170,0
1044,1044,camera_timecode_anchor,1788012987714852.000,300538.661912,515,515,-2.817400,1
1045,1045,timestamp_inferred,1788012987748277.500,300542.688362,515,516,-2.817400,1
1046,1046,camera_timecode_anchor,1788012987781703.000,300546.714812,516,516,-2.376565,1
1047,1047,timestamp_inferred,1788012987815129.500,300550.685711,516,517,-2.376565,1
1048,1048,camera_timecode_anchor,1788012987848556.000,300554.656610,517,517,-2.861580,0
1049,1049,timestamp_inferred,1788012987881978.500,300558.652753,517,518,-2.861580,0
1050,1050,camera_timecode_anchor,1788012987915401.000,300562.648895,518,518,-2.925872,1
1051,1051,timestamp_inferred,1788012987948825.500,300566.768229,518,519,-2.925872,1
1052,1052,camera_timecode_anchor,1788012987982250.000,300570.887564,519,519,-0.936970,0
1053,1053,timestamp_inferred,1788012988015677.500,300574.909716,519,520,-0.936970,0
1054,1054,camera_timecode_anchor,1788012988049105.000,300578.931869,520,520,-0.567761,1
1055,1055,timestamp_inferred,1788012988082534.500,300583.026259,520,521,-0.567761,1
1056,1056,camera_timecode_anchor,1788012988115964.000,300587.120650,521,521,1.005416,1
1057,1057,timestamp_inferred,1788012988149389.500,300591.149744,521,522,1.005416,1
1058,1058,camera_timecode_anchor,1788012988182815.000,300595.178838,522,522,1.490314,1
1059,1059,timestamp_inferred,1788012988216240.000,300599.102021,522,523,1.490314,1
1060,1060,camera_timecode_anchor,1788012988249665.000,300603.025203,523,523,0.210028,1
1061,1061,timestamp_inferred,1788012988283095.500,300606.856119,523,524,0.210028,1
1062,1062,camera_timecode_anchor,1788012988316526.000,300610.687035,524,524,-2.608045,0
1063,1063,timestamp_inferred,1788012988349951.500,300614.727516,524,525,-2.608045,0
1064,1064,camera_timecode_anchor,1788012988383377.000,300618.767998,525,525,-1.933354,1
1065,1065,timestamp_inferred,1788012988416808.000,300622.762798,525,526,-1.933354,1
1066,1066,camera_timecode_anchor,1788012988450239.000,300626.757598,526,526,-2.020013,1
1067,1067,timestamp_inferred,1788012988483667.000,300630.802030,526,527,-2.020013,1
1068,1068,camera_timecode_anchor,1788012988517095.000,300634.846462,527,527,-1.279480,0
1069,1069,timestamp_inferred,1788012988550521.500,300638.865325,527,528,-1.279480,0
1070,1070,camera_timecode_anchor,1788012988583948.000,300642.884188,528,528,-0.965104,1
1071,1071,timestamp_inferred,1788012988617375.000,300646.898432,528,529,-0.965104,1
1072,1072,camera_timecode_anchor,1788012988650802.000,300650.912677,529,529,-0.727694,0
1073,1073,timestamp_inferred,1788012988684234.500,300654.962346,529,530,-0.727694,0
1074,1074,camera_timecode_anchor,1788012988717667.000,300659.012015,530,530,0.100121,1
1075,1075,timestamp_inferred,1788012988751092.500,300663.006246,530,531,0.100121,1
1076,1076,camera_timecode_anchor,1788012988784518.000,300667.000477,531,531,0.003978,1
1077,1077,timestamp_inferred,1788012988817948.000,300670.988714,531,532,0.003978,1
1078,1078,camera_timecode_anchor,1788012988851378.000,300674.976951,532,532,-0.192074,1
1079,1079,timestamp_inferred,1788012988884804.000,300678.783544,532,533,-0.192074,1
1080,1080,camera_timecode_anchor,1788012988918230.000,300682.590136,533,533,-3.415531,1
1081,1081,timestamp_inferred,1788012988951652.000,300686.583808,533,534,-3.415531,1
1082,1082,camera_timecode_anchor,1788012988985074.000,300690.577479,534,534,-3.521009,0
1083,1083,timestamp_inferred,1788012989018504.500,300694.629578,534,535,-3.521009,0
1084,1084,camera_timecode_anchor,1788012989051935.000,300698.681677,535,535,-2.652689,1
1085,1085,timestamp_inferred,1788012989085359.500,300702.677237,535,536,-2.652689,1
1086,1086,camera_timecode_anchor,1788012989118784.000,300706.672797,536,536,-2.726691,1
1087,1087,timestamp_inferred,1788012989152210.000,300710.683865,536,537,-2.726691,1
1088,1088,camera_timecode_anchor,1788012989185636.000,300714.694933,537,537,-2.542227,1
1089,1089,timestamp_inferred,1788012989219063.000,300718.705379,537,538,-2.542227,1
1090,1090,camera_timecode_anchor,1788012989252490.000,300722.715825,538,538,-2.368127,1
1091,1091,timestamp_inferred,1788012989285916.000,300726.778431,538,539,-2.368127,1
1092,1092,camera_timecode_anchor,1788012989319342.000,300730.841038,539,539,-1.324682,0
1093,1093,timestamp_inferred,1788012989352766.000,300734.702805,539,540,-1.324682,0
1094,1094,camera_timecode_anchor,1788012989386190.000,300738.564571,540,540,-3.628575,1
1095,1095,timestamp_inferred,1788012989419617.000,300742.386525,540,541,-3.628575,1
1096,1096,camera_timecode_anchor,1788012989453044.000,300746.208480,541,541,1.737332,1
1097,1097,timestamp_inferred,1788012989486474.500,300750.160087,541,542,1.737332,1
1098,1098,camera_timecode_anchor,1788012989519905.000,300754.111694,542,542,0.930787,1
1099,1099,timestamp_inferred,1788012989553330.000,300758.131747,542,543,0.930787,1
1100,1100,camera_timecode_anchor,1788012989586755.000,300762.151800,543,543,1.265001,1
1101,1101,timestamp_inferred,1788012989620185.500,300766.186067,543,544,1.265001,1
1102,1102,camera_timecode_anchor,1788012989653616.000,300770.220335,544,544,1.836122,0
1103,1103,timestamp_inferred,1788012989687041.000,300774.209733,544,545,1.836122,0
1104,1104,camera_timecode_anchor,1788012989720466.000,300778.199132,545,545,1.659435,1
1105,1105,timestamp_inferred,1788012989753892.500,300782.194653,545,546,1.659435,1
1106,1106,camera_timecode_anchor,1788012989787319.000,300786.190175,546,546,1.584788,1
1107,1107,timestamp_inferred,1788012989820749.500,300790.281582,546,547,1.584788,1
1108,1108,camera_timecode_anchor,1788012989854180.000,300794.372990,547,547,3.108253,0
1109,1109,timestamp_inferred,1788012989887605.000,300798.393523,547,548,3.108253,0
1110,1110,camera_timecode_anchor,1788012989921030.000,300802.414055,548,548,3.450461,1
1111,1111,timestamp_inferred,1788012989954455.000,300806.478711,548,549,3.450461,1
1112,1112,camera_timecode_anchor,1788012989987880.000,300810.543366,549,549,-3.805284,1
1113,1113,timestamp_inferred,1788012990021307.000,300814.626838,549,550,-3.805284,1
1114,1114,camera_timecode_anchor,1788012990054734.000,300818.710310,550,550,-2.414083,1
1115,1115,timestamp_inferred,1788012990088163.500,300822.693457,550,551,-2.414083,1
1116,1116,camera_timecode_anchor,1788012990121593.000,300826.676604,551,551,-2.694964,1
1117,1117,timestamp_inferred,1788012990155018.500,300830.748355,551,552,-2.694964,1
1118,1118,camera_timecode_anchor,1788012990188444.000,300834.820106,552,552,-1.499114,0
1119,1119,timestamp_inferred,1788012990221874.500,300838.813801,552,553,-1.499114,0
1120,1120,camera_timecode_anchor,1788012990255305.000,300842.807497,553,553,-1.604195,1
1121,1121,timestamp_inferred,1788012990288734.000,300846.765597,553,554,-1.604195,1
1122,1122,camera_timecode_anchor,1788012990322163.000,300850.723698,554,554,-2.302517,1
1123,1123,timestamp_inferred,1788012990355589.000,300854.792048,554,555,-2.302517,1
1124,1124,camera_timecode_anchor,1788012990389015.000,300858.860397,555,555,-1.163358,0
1125,1125,timestamp_inferred,1788012990422445.000,300862.813426,555,556,-1.163358,0
1126,1126,camera_timecode_anchor,1788012990455875.000,300866.766455,556,556,-1.946205,1
1127,1127,timestamp_inferred,1788012990489300.500,300870.858551,556,557,-1.946205,1
1128,1128,camera_timecode_anchor,1788012990522726.000,300874.950647,557,557,-0.411275,0
1129,1129,timestamp_inferred,1788012990556155.000,300879.009021,557,558,-0.411275,0
1130,1130,camera_timecode_anchor,1788012990589584.000,300883.067395,558,558,0.561622,1
1131,1131,camera_timecode_anchor,1788012990623008.000,300891.080864,559,559,0.673868,1
1132,1132,timestamp_inferred,1788012990656432.750,300893.791877,559,560,0.673868,1
1133,1133,timestamp_inferred,1788012990689857.250,300896.502889,559,560,1.782513,0
1134,1134,camera_timecode_anchor,1788012990723282.000,300899.213902,560,560,1.782513,0
1135,1135,timestamp_inferred,1788012990756711.000,300903.525294,560,561,1.782513,0
1136,1136,camera_timecode_anchor,1788012990790140.000,300907.836687,561,561,-1.360943,1
1137,1137,timestamp_inferred,1788012990823566.000,300911.868089,561,562,-1.360943,1
1138,1138,camera_timecode_anchor,1788012990856992.000,300915.899491,562,562,-0.837578,1
1139,1139,timestamp_inferred,1788012990890415.000,300919.987418,562,563,-0.837578,1
1140,1140,camera_timecode_anchor,1788012990923838.000,300924.075346,563,563,0.627885,1
1141,1141,timestamp_inferred,1788012990957263.500,300928.094756,563,564,0.627885,1
1142,1142,camera_timecode_anchor,1788012990990689.000,300932.114166,564,564,0.951384,1
1143,1143,timestamp_inferred,1788012991024116.000,300936.122102,564,565,0.951384,1
1144,1144,camera_timecode_anchor,1788012991057543.000,300940.130037,565,565,1.083641,1
1145,1145,timestamp_inferred,1788012991090972.000,300944.245277,565,566,1.083641,1
1146,1146,camera_timecode_anchor,1788012991124401.000,300948.360518,566,566,3.004315,1
1147,1147,timestamp_inferred,1788012991157826.000,300952.446460,566,567,3.004315,1
1148,1148,camera_timecode_anchor,1788012991191251.000,300956.532402,567,567,4.436682,1
1149,1149,timestamp_inferred,1788012991224677.500,300960.278211,567,568,4.436682,1
1150,1150,camera_timecode_anchor,1788012991258104.000,300964.024021,568,568,0.200173,1
1151,1151,timestamp_inferred,1788012991291534.000,300968.018651,568,569,0.200173,1
1152,1152,camera_timecode_anchor,1788012991324964.000,300972.013281,569,569,0.110679,0
1153,1153,timestamp_inferred,1788012991358389.500,300976.099763,569,570,0.110679,0
1154,1154,camera_timecode_anchor,1788012991391815.000,300980.186245,570,570,1.552045,1
1155,1155,timestamp_inferred,1788012991425244.500,300984.199540,570,571,1.552045,1
1156,1156,camera_timecode_anchor,1788012991458674.000,300988.212835,571,571,1.773628,1
1157,1157,timestamp_inferred,1788012991492100.500,300992.205953,571,572,1.773628,1
1158,1158,camera_timecode_anchor,1788012991525527.000,300996.199070,572,572,1.658917,0
1159,1159,timestamp_inferred,1788012991558952.500,301000.274026,572,573,1.658917,0
1160,1160,camera_timecode_anchor,1788012991592378.000,301004.348981,573,573,2.908177,1
1161,1161,timestamp_inferred,1788012991625804.000,301008.364906,573,574,2.908177,1
1162,1162,camera_timecode_anchor,1788012991659230.000,301012.380830,574,574,3.173584,0
1163,1163,timestamp_inferred,1788012991692659.000,301016.443158,574,575,3.173584,0
1164,1164,camera_timecode_anchor,1788012991726088.000,301020.505485,575,575,-4.120955,1
1165,1165,timestamp_inferred,1788012991759513.500,301024.352526,575,576,-4.120955,1
1166,1166,camera_timecode_anchor,1788012991792939.000,301028.199567,576,576,1.663056,1
1167,1167,timestamp_inferred,1788012991826369.500,301032.176467,576,577,1.663056,1
1168,1168,camera_timecode_anchor,1788012991859800.000,301036.153368,577,577,1.278065,0
1169,1169,timestamp_inferred,1788012991893230.500,301040.229865,577,578,1.278065,0
1170,1170,camera_timecode_anchor,1788012991926661.000,301044.306362,578,578,2.553013,1
1171,1171,timestamp_inferred,1788012991960086.000,301048.309907,578,579,2.553013,1
1172,1172,camera_timecode_anchor,1788012991993511.000,301052.313452,579,579,2.612098,1
1173,1173,timestamp_inferred,1788012992026940.500,301056.337534,579,580,2.612098,1
1174,1174,camera_timecode_anchor,1788012992060370.000,301060.361616,580,580,3.013466,0
1175,1175,timestamp_inferred,1788012992093796.000,301064.400931,580,581,3.013466,0
1176,1176,camera_timecode_anchor,1788012992127222.000,301068.440246,581,581,3.668718,1
1177,1177,timestamp_inferred,1788012992160650.500,301072.532885,581,582,3.668718,1
1178,1178,camera_timecode_anchor,1788012992194079.000,301076.625523,582,582,-3.120639,1
1179,1179,timestamp_inferred,1788012992227510.500,301080.646285,582,583,-3.120639,1
1180,1180,camera_timecode_anchor,1788012992260942.000,301084.667046,583,583,-2.774616,1
1181,1181,timestamp_inferred,1788012992294366.500,301088.666276,583,584,-2.774616,1
1182,1182,camera_timecode_anchor,1788012992327791.000,301092.665506,584,584,-2.787451,1
1183,1183,timestamp_inferred,1788012992361217.500,301096.413517,584,585,-2.787451,1
1184,1184,camera_timecode_anchor,1788012992394644.000,301100.161527,585,585,1.346062,1
1185,1185,timestamp_inferred,1788012992428070.500,301104.149318,585,586,1.346062,1
1186,1186,camera_timecode_anchor,1788012992461497.000,301108.137109,586,586,1.142574,1
1187,1187,timestamp_inferred,1788012992494926.500,301112.209750,586,587,1.142574,1
1188,1188,camera_timecode_anchor,1788012992528356.000,301116.282391,587,587,2.353258,1
1189,1189,timestamp_inferred,1788012992561781.000,301120.347396,587,588,2.353258,1
1190,1190,camera_timecode_anchor,1788012992595206.000,301124.412401,588,588,3.436678,0
1191,1191,timestamp_inferred,1788012992628632.500,301128.406940,588,589,3.436678,0
1192,1192,camera_timecode_anchor,1788012992662059.000,301132.401479,589,589,3.345659,1
1193,1193,timestamp_inferred,1788012992695488.000,301136.478100,589,590,3.345659,1
1194,1194,camera_timecode_anchor,1788012992728917.000,301140.554720,590,590,-3.710664,1
1195,1195,timestamp_inferred,1788012992762344.000,301144.564344,590,591,-3.710664,1
1196,1196,camera_timecode_anchor,1788012992795771.000,301148.573967,591,591,-3.550271,0
1197,1197,timestamp_inferred,1788012992829193.500,301152.420991,591,592,-3.550271,0
1198,1198,camera_timecode_anchor,1788012992862616.000,301156.268014,592,592,2.233451,1
1199,1199,timestamp_inferred,1788012992896045.500,301160.383546,592,593,2.233451,1
1200,1200,camera_timecode_anchor,1788012992929475.000,301164.499078,593,593,4.158986,1
1201,1201,timestamp_inferred,1788012992962900.000,301168.515611,593,594,4.158986,1
1202,1202,camera_timecode_anchor,1788012992996325.000,301172.532143,594,594,-3.898809,1
1203,1203,timestamp_inferred,1788012993029747.500,301176.492849,594,595,-3.898809,1
1204,1204,camera_timecode_anchor,1788012993063170.000,301180.453555,595,595,3.779625,1
1205,1205,timestamp_inferred,1788012993096596.500,301184.519338,595,596,3.779625,1
1206,1206,camera_timecode_anchor,1788012993130023.000,301188.585121,596,596,-3.457322,1
1207,1207,timestamp_inferred,1788012993163448.000,301192.585823,596,597,-3.457322,1
1208,1208,camera_timecode_anchor,1788012993196873.000,301196.586524,597,597,-3.445632,1
1209,1209,timestamp_inferred,1788012993230300.500,301200.592166,597,598,-3.445632,1
1210,1210,camera_timecode_anchor,1788012993263728.000,301204.597808,598,598,-3.351600,1
1211,1211,timestamp_inferred,1788012993297152.500,301208.585220,598,599,-3.351600,1
1212,1212,camera_timecode_anchor,1788012993330577.000,301212.572633,599,599,-3.561395,1
1213,1213,timestamp_inferred,1788012993364003.000,301216.512387,599,600,-3.561395,1
1214,1214,camera_timecode_anchor,1788012993397429.000,301220.452142,600,600,-4.565484,1
1215,1215,timestamp_inferred,1788012993430851.500,301224.556420,600,601,-4.565484,1
1216,1216,camera_timecode_anchor,1788012993464274.000,301228.660698,601,601,-2.827517,1
1217,1217,timestamp_inferred,1788012993497700.500,301232.487386,601,602,-2.827517,1
1218,1218,camera_timecode_anchor,1788012993531127.000,301236.314074,602,602,2.617286,1
1219,1219,timestamp_inferred,1788012993564552.000,301240.365169,602,603,2.617286,1
1220,1220,camera_timecode_anchor,1788012993597977.000,301244.416264,603,603,3.468869,1
1221,1221,timestamp_inferred,1788012993631404.500,301248.408914,603,604,3.468869,1
1222,1222,camera_timecode_anchor,1788012993664832.000,301252.401564,604,604,3.346368,1
1223,1223,timestamp_inferred,1788012993698260.500,301256.385937,604,605,3.346368,1
1224,1224,camera_timecode_anchor,1788012993731689.000,301260.370309,605,605,3.085909,0
1225,1225,timestamp_inferred,1788012993765118.500,301264.407826,605,606,3.085909,0
1226,1226,camera_timecode_anchor,1788012993798548.000,301268.445343,606,606,3.711193,1
1227,1227,timestamp_inferred,1788012993831974.500,301272.517049,606,607,3.711193,1
1228,1228,camera_timecode_anchor,1788012993865401.000,301276.588756,607,607,-3.427037,0
1229,1229,timestamp_inferred,1788012993898830.500,301280.586134,607,608,-3.427037,0
1230,1230,camera_timecode_anchor,1788012993932260.000,301284.583513,608,608,-3.470725,1
1231,1231,timestamp_inferred,1788012993965685.000,301288.594694,608,609,-3.470725,1
1232,1232,camera_timecode_anchor,1788012993999110.000,301292.605875,609,609,-3.284376,1
1233,1233,timestamp_inferred,1788012994032541.000,301296.715838,609,610,-3.284376,1
1234,1234,camera_timecode_anchor,1788012994065972.000,301300.825800,610,610,-1.451664,1
1235,1235,timestamp_inferred,1788012994099397.000,301304.842276,610,611,-1.451664,1
1236,1236,camera_timecode_anchor,1788012994132822.000,301308.858753,611,611,-1.177062,1
1237,1237,timestamp_inferred,1788012994166248.000,301312.765304,611,612,-1.177062,1
1238,1238,camera_timecode_anchor,1788012994199674.000,301316.671855,612,612,-2.734538,0
1239,1239,timestamp_inferred,1788012994233104.500,301320.649463,612,613,-2.734538,0
1240,1240,camera_timecode_anchor,1788012994266535.000,301324.627071,613,613,-3.107743,1
1241,1241,timestamp_inferred,1788012994299960.500,301328.624340,613,614,-3.107743,1
1242,1242,camera_timecode_anchor,1788012994333386.000,301332.621609,614,614,-3.153260,1
1243,1243,timestamp_inferred,1788012994366811.000,301336.619977,614,615,-3.153260,1
1244,1244,camera_timecode_anchor,1788012994400236.000,301340.618345,615,615,-3.180461,1
1245,1245,timestamp_inferred,1788012994433659.000,301344.677922,615,616,-3.180461,1
1246,1246,camera_timecode_anchor,1788012994467082.000,301348.737500,616,616,-2.187501,1
1247,1247,timestamp_inferred,1788012994500508.000,301352.740691,616,617,-2.187501,1
1248,1248,camera_timecode_anchor,1788012994533934.000,301356.743882,617,617,-2.134314,0
1249,1249,timestamp_inferred,1788012994567360.000,301360.740610,617,618,-2.134314,0
1250,1250,camera_timecode_anchor,1788012994600786.000,301364.737338,618,618,-2.188854,1
1251,1251,timestamp_inferred,1788012994634211.000,301368.791622,618,619,-2.188854,1
1252,1252,camera_timecode_anchor,1788012994667636.000,301372.845907,619,619,-1.284107,0
1253,1253,timestamp_inferred,1788012994701062.500,301376.558231,619,620,-1.284107,0
1254,1254,camera_timecode_anchor,1788012994734489.000,301380.270555,620,620,2.254628,1
1255,1255,timestamp_inferred,1788012994767914.500,301384.313479,620,621,2.254628,1
1256,1256,camera_timecode_anchor,1788012994801340.000,301388.356403,621,621,2.970028,1
1257,1257,timestamp_inferred,1788012994834763.000,301392.350803,621,622,2.970028,1
1258,1258,camera_timecode_anchor,1788012994868186.000,301396.345203,622,622,2.876689,0
1259,1259,timestamp_inferred,1788012994901612.000,301400.377425,622,623,2.876689,0
1260,1260,camera_timecode_anchor,1788012994935038.000,301404.409647,623,623,3.413722,1
1261,1261,timestamp_inferred,1788012994968462.500,301408.406336,623,624,3.413722,1
1262,1262,camera_timecode_anchor,1788012995001887.000,301412.403025,624,624,3.358540,1
1263,1263,timestamp_inferred,1788012995035318.000,301416.482194,624,625,3.358540,1
1264,1264,camera_timecode_anchor,1788012995068749.000,301420.561363,625,625,-3.655310,0
1265,1265,timestamp_inferred,1788012995102175.000,301424.496455,625,626,-3.655310,0
1266,1266,camera_timecode_anchor,1788012995135601.000,301428.431547,626,626,3.596225,1
1267,1267,timestamp_inferred,1788012995169026.000,301432.419013,626,627,3.596225,1
1268,1268,camera_timecode_anchor,1788012995202451.000,301436.406480,627,627,3.387331,1
1269,1269,timestamp_inferred,1788012995235877.500,301440.409832,627,628,3.387331,1
1270,1270,camera_timecode_anchor,1788012995269304.000,301444.413184,628,628,3.443201,1
1271,1271,timestamp_inferred,1788012995302730.500,301448.163611,628,629,3.443201,1
1272,1272,camera_timecode_anchor,1788012995336157.000,301451.914038,629,629,-0.716350,1
1273,1273,timestamp_inferred,1788012995369582.000,301455.904281,629,630,-0.716350,1
1274,1274,camera_timecode_anchor,1788012995403007.000,301459.894523,630,630,-0.878974,0
1275,1275,timestamp_inferred,1788012995436437.500,301463.944524,630,631,-0.878974,0
1276,1276,camera_timecode_anchor,1788012995469868.000,301467.994525,631,631,-0.045621,0
1277,1277,timestamp_inferred,1788012995503293.000,301472.030819,631,632,-0.045621,0
1278,1278,camera_timecode_anchor,1788012995536718.000,301476.067112,632,632,0.559264,1
1279,1279,timestamp_inferred,1788012995570143.500,301480.125217,632,633,0.559264,1
1280,1280,camera_timecode_anchor,1788012995603569.000,301484.183322,633,633,1.527683,0
1281,1281,timestamp_inferred,1788012995636992.500,301488.173329,633,634,1.527683,0
1282,1282,camera_timecode_anchor,1788012995670416.000,301492.163336,634,634,1.361137,0
1283,1283,timestamp_inferred,1788012995703842.000,301496.174450,634,635,1.361137,0
1284,1284,camera_timecode_anchor,1788012995737268.000,301500.185563,635,635,1.546361,1
1285,1285,timestamp_inferred,1788012995770693.500,301504.085190,635,636,1.546361,1
1286,1286,camera_timecode_anchor,1788012995804119.000,301507.984817,636,636,-0.126523,1
1287,1287,timestamp_inferred,1788012995837548.500,301512.088022,636,637,-0.126523,1
1288,1288,camera_timecode_anchor,1788012995870978.000,301516.191228,637,637,1.593564,1
1289,1289,timestamp_inferred,1788012995904408.000,301520.199438,637,638,1.593564,1
1290,1290,camera_timecode_anchor,1788012995937838.000,301524.207649,638,638,1.730411,1
1291,1291,timestamp_inferred,1788012995971267.000,301528.310455,638,639,1.730411,1
1292,1292,camera_timecode_anchor,1788012996004696.000,301532.413261,639,639,3.443841,0
1293,1293,timestamp_inferred,1788012996038122.500,301536.346484,639,640,3.443841,0
1294,1294,camera_timecode_anchor,1788012996071549.000,301540.279706,640,640,2.330887,1
1295,1295,timestamp_inferred,1788012996104978.500,301544.332187,640,641,2.330887,1
1296,1296,camera_timecode_anchor,1788012996138408.000,301548.384667,641,641,3.205558,1
1297,1297,timestamp_inferred,1788012996171832.500,301552.430125,641,642,3.205558,1
1298,1298,camera_timecode_anchor,1788012996205257.000,301556.475582,642,642,3.963184,1
1299,1299,timestamp_inferred,1788012996238687.500,301560.495942,642,643,3.963184,1
1300,1300,camera_timecode_anchor,1788012996272118.000,301564.516301,643,643,-4.030825,1
1301,1301,timestamp_inferred,1788012996305549.000,301568.584159,643,644,-4.030825,1
1302,1302,camera_timecode_anchor,1788012996338980.000,301572.652017,644,644,-2.899862,1
1303,1303,timestamp_inferred,1788012996372408.500,301576.645762,644,645,-2.899862,1
1304,1304,camera_timecode_anchor,1788012996405837.000,301580.639507,645,645,-3.004107,1
1305,1305,timestamp_inferred,1788012996439267.500,301584.492373,645,646,-3.004107,1
1306,1306,camera_timecode_anchor,1788012996472698.000,301588.345239,646,646,2.876988,1
1307,1307,timestamp_inferred,1788012996506123.500,301592.317010,646,647,2.876988,1
1308,1308,camera_timecode_anchor,1788012996539549.000,301596.288781,647,647,2.406505,1
1309,1309,timestamp_inferred,1788012996572978.500,301600.395959,647,648,2.406505,1
1310,1310,camera_timecode_anchor,1788012996606408.000,301604.503137,648,648,4.192806,1
1311,1311,timestamp_inferred,1788012996639833.500,301608.424736,648,649,4.192806,1
1312,1312,camera_timecode_anchor,1788012996673259.000,301612.346336,649,649,2.886132,1
1313,1313,timestamp_inferred,1788012996706690.000,301616.417046,649,650,2.886132,1
1314,1314,camera_timecode_anchor,1788012996740121.000,301620.487756,650,650,-4.268701,1
1315,1315,timestamp_inferred,1788012996773549.500,301624.557368,650,651,-4.268701,1
1316,1316,camera_timecode_anchor,1788012996806978.000,301628.626979,651,651,-3.108506,1
1317,1317,timestamp_inferred,1788012996840404.500,301632.694572,651,652,-3.108506,1
1318,1318,camera_timecode_anchor,1788012996873831.000,301636.762165,652,652,-1.981955,1
1319,1319,timestamp_inferred,1788012996907263.500,301640.772673,652,653,-1.981955,1
1320,1320,camera_timecode_anchor,1788012996940696.000,301644.783180,653,653,-1.806836,0
1321,1321,camera_timecode_anchor,1788012996974125.000,301652.808135,654,654,-1.598872,1
1322,1322,timestamp_inferred,1788012997007552.250,301655.503514,654,655,-1.598872,1
1323,1323,timestamp_inferred,1788012997040979.750,301658.198893,654,655,-0.881067,1
1324,1324,camera_timecode_anchor,1788012997074407.000,301660.894272,655,655,-0.881067,1
1325,1325,timestamp_inferred,1788012997107836.000,301664.707670,655,656,-0.881067,1
1326,1326,camera_timecode_anchor,1788012997141265.000,301668.521069,656,656,4.342240,1
1327,1327,timestamp_inferred,1788012997174691.500,301672.709408,656,657,4.342240,1
1328,1328,camera_timecode_anchor,1788012997208118.000,301676.897748,657,657,-0.852099,1
1329,1329,timestamp_inferred,1788012997241548.500,301680.978017,657,658,-0.852099,1
1330,1330,camera_timecode_anchor,1788012997274979.000,301685.058286,658,658,0.485719,0
1331,1331,timestamp_inferred,1788012997308409.000,301689.343709,658,659,0.485719,0
1332,1332,camera_timecode_anchor,1788012997341839.000,301693.629132,659,659,-3.090569,1
1333,1333,timestamp_inferred,1788012997375271.000,301697.746505,659,660,-3.090569,1
1334,1334,camera_timecode_anchor,1788012997408703.000,301701.863877,660,660,-1.134355,1
1335,1335,timestamp_inferred,1788012997442133.500,301705.921307,660,661,-1.134355,1
1336,1336,camera_timecode_anchor,1788012997475564.000,301709.978738,661,661,-0.177187,1
1337,1337,timestamp_inferred,1788012997508993.500,301714.169893,661,662,-0.177187,1
1338,1338,camera_timecode_anchor,1788012997542423.000,301718.361048,662,662,3.008730,1
1339,1339,timestamp_inferred,1788012997575852.500,301722.546712,662,663,3.008730,1
1340,1340,camera_timecode_anchor,1788012997609282.000,301726.732376,663,663,-2.230203,0
1341,1341,timestamp_inferred,1788012997642711.000,301730.514159,663,664,-2.230203,0
1342,1342,camera_timecode_anchor,1788012997676140.000,301734.295942,664,664,2.466180,1
1343,1343,timestamp_inferred,1788012997709569.500,301738.441111,664,665,2.466180,1
1344,1344,camera_timecode_anchor,1788012997742999.000,301742.586280,665,665,-3.447663,0
1345,1345,timestamp_inferred,1788012997776429.000,301746.610142,665,666,-3.447663,0
1346,1346,camera_timecode_anchor,1788012997809859.000,301750.634004,666,666,-3.049967,1
1347,1347,timestamp_inferred,1788012997843285.000,301754.636255,666,667,-3.049967,1
1348,1348,camera_timecode_anchor,1788012997876711.000,301758.638506,667,667,-3.012449,1
1349,1349,timestamp_inferred,1788012997910141.500,301762.693523,667,668,-3.012449,1
1350,1350,camera_timecode_anchor,1788012997943572.000,301766.748541,668,668,-2.095494,1
1351,1351,timestamp_inferred,1788012997977004.000,301770.784448,668,669,-2.095494,1
1352,1352,camera_timecode_anchor,1788012998010436.000,301774.820354,669,669,-1.497047,1
1353,1353,timestamp_inferred,1788012998043866.500,301778.921110,669,670,-1.497047,1
1354,1354,camera_timecode_anchor,1788012998077297.000,301783.021865,670,670,0.182208,0
1355,1355,timestamp_inferred,1788012998110726.500,301787.136724,670,671,0.182208,0
1356,1356,camera_timecode_anchor,1788012998144156.000,301791.251584,671,671,2.096533,1
1357,1357,timestamp_inferred,1788012998177585.500,301795.010872,671,672,2.096533,1
1358,1358,camera_timecode_anchor,1788012998211015.000,301798.770159,672,672,-1.915338,1
1359,1359,timestamp_inferred,1788012998244440.500,301802.777392,672,673,-1.915338,1
1360,1360,camera_timecode_anchor,1788012998277866.000,301806.784624,673,673,-1.794802,0
1361,1361,timestamp_inferred,1788012998311295.500,301810.767271,673,674,-1.794802,0
1362,1362,camera_timecode_anchor,1788012998344725.000,301814.749919,674,674,-2.084008,1
1363,1363,timestamp_inferred,1788012998378151.000,301818.772395,674,675,-2.084008,1
1364,1364,camera_timecode_anchor,1788012998411577.000,301822.794870,675,675,-1.709415,1
1365,1365,timestamp_inferred,1788012998445003.500,301827.058422,675,676,-1.709415,1
1366,1366,camera_timecode_anchor,1788012998478430.000,301831.321974,676,676,2.683116,0
1367,1367,timestamp_inferred,1788012998511856.500,301835.366604,676,677,2.683116,0
1368,1368,camera_timecode_anchor,1788012998545283.000,301839.411234,677,677,3.426952,1
1369,1369,timestamp_inferred,1788012998578712.000,301842.238783,677,678,3.426952,1
1370,1370,timestamp_inferred,1788012998612141.000,301845.066333,677,678,-0.884319,0
1371,1371,camera_timecode_anchor,1788012998645570.000,301847.893882,678,678,-0.884319,0
1372,1372,timestamp_inferred,1788012998678996.000,301851.924659,678,679,-0.884319,0
1373,1373,camera_timecode_anchor,1788012998712422.000,301855.955437,679,679,-0.371359,1
1374,1374,timestamp_inferred,1788012998745848.000,301859.927509,679,680,-0.371359,1
1375,1375,camera_timecode_anchor,1788012998779274.000,301863.899581,680,680,-0.836826,1
1376,1376,timestamp_inferred,1788012998812700.000,301867.889212,680,681,-0.836826,1
1377,1377,camera_timecode_anchor,1788012998846126.000,301871.878843,681,681,-1.009639,0
1378,1378,timestamp_inferred,1788012998879555.500,301875.950775,681,682,-1.009639,0
1379,1379,camera_timecode_anchor,1788012998912985.000,301880.022707,682,682,0.189225,1
1380,1380,timestamp_inferred,1788012998946411.500,301884.141986,682,683,0.189225,1
1381,1381,camera_timecode_anchor,1788012998979838.000,301888.261264,683,683,2.177203,1
1382,1382,timestamp_inferred,1788012999013268.000,301892.500344,683,684,2.177203,1
1383,1383,camera_timecode_anchor,1788012999046698.000,301896.739423,684,684,-2.171476,1
1384,1384,timestamp_inferred,1788012999080123.500,301900.754072,684,685,-2.171476,1
1385,1385,camera_timecode_anchor,1788012999113549.000,301904.768722,685,685,-1.927317,1
1386,1386,timestamp_inferred,1788012999146977.500,301908.826684,685,686,-1.927317,1
1387,1387,camera_timecode_anchor,1788012999180406.000,301912.884645,686,686,-0.961290,0
1388,1388,timestamp_inferred,1788012999213833.500,301916.940459,686,687,-0.961290,0
1389,1389,camera_timecode_anchor,1788012999247261.000,301920.996273,687,687,-0.031062,1
1390,1390,timestamp_inferred,1788012999280685.500,301925.028060,687,688,-0.031062,1
1391,1391,camera_timecode_anchor,1788012999314110.000,301929.059847,688,688,0.498723,1
1392,1392,timestamp_inferred,1788012999347540.500,301933.140568,688,689,0.498723,1
1393,1393,camera_timecode_anchor,1788012999380971.000,301937.221288,689,689,1.844069,1
1394,1394,timestamp_inferred,1788012999414400.000,301941.207147,689,690,1.844069,1
1395,1395,camera_timecode_anchor,1788012999447829.000,301945.193005,690,690,1.608377,1
1396,1396,timestamp_inferred,1788012999481259.000,301949.182088,690,691,1.608377,1
1397,1397,camera_timecode_anchor,1788012999514689.000,301953.171170,691,691,1.426415,0
1398,1398,timestamp_inferred,1788012999548119.000,301957.231052,691,692,1.426415,0
1399,1399,camera_timecode_anchor,1788012999581549.000,301961.290934,692,692,2.424451,1
1400,1400,timestamp_inferred,1788012999614979.000,301965.293602,692,693,2.424451,1
1401,1401,camera_timecode_anchor,1788012999648409.000,301969.296269,693,693,2.468910,1
1402,1402,timestamp_inferred,1788012999681838.000,301973.296355,693,694,2.468910,1
1403,1403,camera_timecode_anchor,1788012999715267.000,301977.296441,694,694,2.470342,1
1404,1404,timestamp_inferred,1788012999748696.000,301981.423844,694,695,2.470342,1
1405,1405,camera_timecode_anchor,1788012999782125.000,301985.551247,695,695,-3.739605,1
1406,1406,timestamp_inferred,1788012999815559.000,301989.601973,695,696,-3.739605,1
1407,1407,camera_timecode_anchor,1788012999848993.000,301993.652698,696,696,-2.894180,0
1408,1408,timestamp_inferred,1788012999882418.000,301997.706267,696,697,-2.894180,0
1409,1409,camera_timecode_anchor,1788012999915843.000,302001.759836,697,697,-2.001366,1
1410,1410,timestamp_inferred,1788012999949274.000,302005.619875,697,698,-2.001366,1
1411,1411,camera_timecode_anchor,1788012999982705.000,302009.479913,698,698,3.999275,1
1412,1412,timestamp_inferred,1788013000016134.000,302013.458254,698,699,3.999275,1
1413,1413,camera_timecode_anchor,1788013000049563.000,302017.436596,699,699,3.638299,0
1414,1414,timestamp_inferred,1788013000082989.000,302021.433758,699,700,3.638299,0
1415,1415,camera_timecode_anchor,1788013000116415.000,302025.430921,700,700,3.591005,1
1416,1416,timestamp_inferred,1788013000149844.500,302029.502811,700,701,3.591005,1
1417,1417,camera_timecode_anchor,1788013000183274.000,302033.574702,701,701,-3.544153,1
1418,1418,timestamp_inferred,1788013000216704.000,302037.553658,701,702,-3.544153,1
1419,1419,camera_timecode_anchor,1788013000250134.000,302041.532614,702,702,-3.894883,1
1420,1420,timestamp_inferred,1788013000283563.000,302045.597920,702,703,-3.894883,1
1421,1421,camera_timecode_anchor,1788013000316992.000,302049.663226,703,703,-2.806447,1
1422,1422,timestamp_inferred,1788013000350418.000,302053.663437,703,704,-2.806447,1
1423,1423,camera_timecode_anchor,1788013000383844.000,302057.663648,704,704,-2.802932,1
1424,1424,timestamp_inferred,1788013000417275.000,302061.685883,704,705,-2.802932,1
1425,1425,camera_timecode_anchor,1788013000450706.000,302065.708117,705,705,-2.432355,1
1426,1426,timestamp_inferred,1788013000484134.000,302069.614239,705,706,-2.432355,1
1427,1427,camera_timecode_anchor,1788013000517562.000,302073.520361,706,706,-3.996988,1
1428,1428,timestamp_inferred,1788013000550989.000,302077.504534,706,707,-3.996988,1
1429,1429,camera_timecode_anchor,1788013000584416.000,302081.488707,707,707,-4.260774,1
1430,1430,timestamp_inferred,1788013000617845.000,302085.523317,707,708,-4.260774,1
1431,1431,camera_timecode_anchor,1788013000651274.000,302089.557928,708,708,-3.683936,1
1432,1432,timestamp_inferred,1788013000684704.000,302093.479794,708,709,-3.683936,1
1433,1433,camera_timecode_anchor,1788013000718134.000,302097.401660,709,709,3.347170,1
1434,1434,timestamp_inferred,1788013000751563.500,302101.350221,709,710,3.347170,1
1435,1435,camera_timecode_anchor,1788013000784993.000,302105.298782,710,710,2.489849,1
1436,1436,timestamp_inferred,1788013000818422.000,302109.434487,710,711,2.489849,1
1437,1437,camera_timecode_anchor,1788013000851851.000,302113.570192,711,711,-3.581731,0
1438,1438,timestamp_inferred,1788013000885280.000,302117.630528,711,712,-3.581731,0
1439,1439,camera_timecode_anchor,1788013000918709.000,302121.690863,712,712,-2.576143,1
1440,1440,timestamp_inferred,1788013000952136.000,302125.788324,712,713,-2.576143,1
1441,1441,camera_timecode_anchor,1788013000985563.000,302129.885785,713,713,-0.951794,1
1442,1442,timestamp_inferred,1788013001018988.500,302133.746153,713,714,-0.951794,1
1443,1443,camera_timecode_anchor,1788013001052414.000,302137.606520,714,714,-3.278996,0
1444,1444,timestamp_inferred,1788013001085840.000,302141.376364,714,715,-3.278996,0
1445,1445,camera_timecode_anchor,1788013001119266.000,302145.146207,715,715,1.218388,1
1446,1446,timestamp_inferred,1788013001152696.000,302149.201613,715,716,1.218388,1
1447,1447,camera_timecode_anchor,1788013001186126.000,302153.257020,716,716,2.141835,1
1448,1448,camera_timecode_anchor,1788013001219555.000,302161.270062,717,717,2.250519,1
1449,1449,timestamp_inferred,1788013001252982.000,302164.092844,717,718,2.250519,1
1450,1450,timestamp_inferred,1788013001286409.000,302166.915626,717,718,-2.179929,1
1451,1451,camera_timecode_anchor,1788013001319836.000,302169.738409,718,718,-2.179929,1
1452,1452,timestamp_inferred,1788013001353267.000,302173.817609,718,719,-2.179929,1
1453,1453,camera_timecode_anchor,1788013001386698.000,302177.896810,719,719,-0.859919,0
1454,1454,timestamp_inferred,1788013001420127.000,302182.066422,719,720,-0.859919,0
1455,1455,camera_timecode_anchor,1788013001453556.000,302186.236034,720,720,1.966952,1
1456,1456,timestamp_inferred,1788013001486985.000,302190.249723,720,721,1.966952,1
1457,1457,camera_timecode_anchor,1788013001520414.000,302194.263412,721,721,2.195099,1
1458,1458,timestamp_inferred,1788013001553844.500,302198.193567,721,722,2.195099,1
1459,1459,camera_timecode_anchor,1788013001587275.000,302202.123722,722,722,1.031020,0
1460,1460,timestamp_inferred,1788013001620704.000,302206.100420,722,723,1.031020,0
1461,1461,camera_timecode_anchor,1788013001654133.000,302210.077117,723,723,0.642641,1
1462,1462,timestamp_inferred,1788013001687559.000,302214.343514,723,724,0.642641,1
1463,1463,camera_timecode_anchor,1788013001720985.000,302218.609910,724,724,-3.250748,1
1464,1464,timestamp_inferred,1788013001754415.000,302222.629675,724,725,-3.250748,1
1465,1465,camera_timecode_anchor,1788013001787845.000,302226.649440,725,725,-2.921331,1
1466,1466,timestamp_inferred,1788013001821270.500,302231.141165,725,726,-2.921331,1
1467,1467,camera_timecode_anchor,1788013001854696.000,302235.632890,726,726,-3.059246,1
1468,1468,timestamp_inferred,1788013001888121.500,302239.643885,726,727,-3.059246,1
1469,1469,camera_timecode_anchor,1788013001921547.000,302243.654880,727,727,-2.876004,0
1470,1470,timestamp_inferred,1788013001954974.500,302247.721131,727,728,-2.876004,0
1471,1471,camera_timecode_anchor,1788013001988402.000,302251.787383,728,728,-1.771808,1
1472,1472,timestamp_inferred,1788013002021831.000,302255.794572,728,729,-1.771808,1
1473,1473,camera_timecode_anchor,1788013002055260.000,302259.801762,729,729,-1.651987,1
1474,1474,timestamp_inferred,1788013002088685.000,302263.790012,729,730,-1.651987,1
1475,1475,camera_timecode_anchor,1788013002122110.000,302267.778263,730,730,-1.847806,1
1476,1476,timestamp_inferred,1788013002155536.500,302271.916671,730,731,-1.847806,1
1477,1477,camera_timecode_anchor,1788013002188963.000,302276.055078,731,731,0.458982,1
1478,1478,timestamp_inferred,1788013002222393.000,302280.085408,731,732,0.458982,1
1479,1479,camera_timecode_anchor,1788013002255823.000,302284.115738,732,732,0.964480,1
1480,1480,timestamp_inferred,1788013002289252.000,302288.026268,732,733,0.964480,1
1481,1481,camera_timecode_anchor,1788013002322681.000,302291.936797,733,733,-0.526688,1
1482,1482,timestamp_inferred,1788013002356111.500,302296.018355,733,734,-0.526688,1
1483,1483,camera_timecode_anchor,1788013002389542.000,302300.099913,734,734,0.832607,1
1484,1484,timestamp_inferred,1788013002422970.500,302304.107109,734,735,0.832607,1
1485,1485,camera_timecode_anchor,1788013002456399.000,302308.114305,735,735,0.952545,0
1486,1486,timestamp_inferred,1788013002489828.500,302312.222714,735,736,0.952545,0
1487,1487,camera_timecode_anchor,1788013002523258.000,302316.331122,736,736,2.759354,1
1488,1488,timestamp_inferred,1788013002556685.000,302320.289801,736,737,2.759354,1
1489,1489,camera_timecode_anchor,1788013002590112.000,302324.248479,737,737,2.070657,1
1490,1490,timestamp_inferred,1788013002623545.000,302328.336559,737,738,2.070657,1
1491,1491,camera_timecode_anchor,1788013002656978.000,302332.424638,738,738,3.538654,1
1492,1492,timestamp_inferred,1788013002690403.500,302336.464107,738,739,3.538654,1
1493,1493,camera_timecode_anchor,1788013002723829.000,302340.503576,739,739,4.196470,0
1494,1494,timestamp_inferred,1788013002757259.000,302344.561853,739,740,4.196470,0
1495,1495,camera_timecode_anchor,1788013002790689.000,302348.620129,740,740,-3.165593,1
1496,1496,timestamp_inferred,1788013002824118.500,302352.363300,740,741,-3.165593,1
1497,1497,camera_timecode_anchor,1788013002857548.000,302356.106471,741,741,0.887258,1
1498,1498,timestamp_inferred,1788013002890977.000,302360.086172,741,742,0.887258,1
1499,1499,camera_timecode_anchor,1788013002924406.000,302364.065872,742,742,0.548935,1
1500,1500,timestamp_inferred,1788013002957836.000,302368.147479,742,743,0.548935,1
1501,1501,camera_timecode_anchor,1788013002991266.000,302372.229087,743,743,1.909055,1
1502,1502,timestamp_inferred,1788013003024693.000,302376.277090,743,744,1.909055,1
1503,1503,camera_timecode_anchor,1788013003058120.000,302380.325093,744,744,2.709107,1
1504,1504,timestamp_inferred,1788013003091549.000,302384.374961,744,745,2.709107,1
1505,1505,camera_timecode_anchor,1788013003124978.000,302388.424830,745,745,3.540247,1
1506,1506,timestamp_inferred,1788013003158407.000,302392.442486,745,746,3.540247,1
1507,1507,camera_timecode_anchor,1788013003191836.000,302396.460142,746,746,3.834513,1
1508,1508,timestamp_inferred,1788013003225266.000,302400.508550,746,747,3.834513,1
1509,1509,camera_timecode_anchor,1788013003258696.000,302404.556958,747,747,-3.692016,0
1510,1510,timestamp_inferred,1788013003292121.500,302408.539747,747,748,-3.692016,0
1511,1511,camera_timecode_anchor,1788013003325547.000,302412.522536,748,748,-3.978867,1
1512,1512,timestamp_inferred,1788013003358978.000,302416.336927,748,749,-3.978867,1
1513,1513,camera_timecode_anchor,1788013003392409.000,302420.151318,749,749,1.260985,1
1514,1514,timestamp_inferred,1788013003425838.000,302424.404428,749,750,1.260985,1
1515,1515,camera_timecode_anchor,1788013003459267.000,302428.657539,750,750,-2.853844,1
1516,1516,timestamp_inferred,1788013003492692.000,302432.664510,750,751,-2.853844,1
1517,1517,camera_timecode_anchor,1788013003526117.000,302436.671481,751,751,-2.737659,1
1518,1518,timestamp_inferred,1788013003559547.500,302440.637472,751,752,-2.737659,1
1519,1519,camera_timecode_anchor,1788013003592978.000,302444.603463,752,752,-3.304479,1
1520,1520,timestamp_inferred,1788013003626408.000,302448.653590,752,753,-3.304479,1
1521,1521,camera_timecode_anchor,1788013003659838.000,302452.703718,753,753,-2.469013,1
1522,1522,timestamp_inferred,1788013003693266.500,302456.734973,753,754,-2.469013,1
1523,1523,camera_timecode_anchor,1788013003726695.000,302460.766228,754,754,-1.948096,1
1524,1524,timestamp_inferred,1788013003760126.000,302464.771438,754,755,-1.948096,1
1525,1525,camera_timecode_anchor,1788013003793557.000,302468.776648,755,755,-1.861265,1
1526,1526,timestamp_inferred,1788013003826981.500,302472.936256,755,756,-1.861265,1
1527,1527,camera_timecode_anchor,1788013003860406.000,302477.095865,756,756,0.798873,1
1528,1528,timestamp_inferred,1788013003893836.500,302481.182754,756,757,0.798873,1
1529,1529,camera_timecode_anchor,1788013003927267.000,302485.269643,757,757,2.247022,1
1530,1530,timestamp_inferred,1788013003960696.250,302488.057531,757,758,2.247022,1
1531,1531,timestamp_inferred,1788013003994125.750,302490.845420,757,758,-3.055763,1
1532,1532,camera_timecode_anchor,1788013004027555.000,302493.633308,758,758,-3.055763,1
1533,1533,timestamp_inferred,1788013004060982.000,302498.012214,758,759,-3.055763,1
1534,1534,camera_timecode_anchor,1788013004094409.000,302502.391119,759,759,3.259329,0
1535,1535,timestamp_inferred,1788013004127841.500,302506.433910,759,760,3.259329,0
1536,1536,camera_timecode_anchor,1788013004161274.000,302510.476700,760,760,3.972496,1
1537,1537,timestamp_inferred,1788013004194700.000,302514.392663,760,761,3.972496,1
1538,1538,camera_timecode_anchor,1788013004228126.000,302518.308626,761,761,2.571880,0
1539,1539,timestamp_inferred,1788013004261555.000,302522.372667,761,762,2.571880,0
1540,1540,camera_timecode_anchor,1788013004294984.000,302526.436709,762,762,3.639239,1
1541,1541,timestamp_inferred,1788013004328411.500,302530.490971,762,763,3.639239,1
1542,1542,camera_timecode_anchor,1788013004361839.000,302534.545234,763,763,-3.789717,1
1543,1543,timestamp_inferred,1788013004395263.000,302538.512199,763,764,-3.789717,1
1544,1544,camera_timecode_anchor,1788013004428687.000,302542.479164,764,764,-4.340298,0
1545,1545,timestamp_inferred,1788013004462117.000,302546.541615,764,765,-4.340298,0
1546,1546,camera_timecode_anchor,1788013004495547.000,302550.604066,765,765,-3.299447,1
1547,1547,timestamp_inferred,1788013004528978.000,302554.614440,765,766,-3.299447,1
1548,1548,camera_timecode_anchor,1788013004562409.000,302558.624814,766,766,-3.126554,0
1549,1549,timestamp_inferred,1788013004595841.500,302562.674683,766,767,-3.126554,0
1550,1550,camera_timecode_anchor,1788013004629274.000,302566.724553,767,767,-2.295391,1
1551,1551,timestamp_inferred,1788013004662699.500,302570.612042,767,768,-2.295391,1
1552,1552,camera_timecode_anchor,1788013004696125.000,302574.499532,768,768,-4.170569,1
1553,1553,timestamp_inferred,1788013004729555.000,302578.546427,768,769,-4.170569,1
1554,1554,camera_timecode_anchor,1788013004762985.000,302582.593322,769,769,-3.388984,1
1555,1555,timestamp_inferred,1788013004796411.000,302586.584671,769,770,-3.388984,1
1556,1556,camera_timecode_anchor,1788013004829837.000,302590.576020,770,770,-3.533170,1
1557,1557,timestamp_inferred,1788013004863268.000,302594.572233,770,771,-3.533170,1
1558,1558,camera_timecode_anchor,1788013004896699.000,302598.568446,771,771,-3.596281,0
1559,1559,timestamp_inferred,1788013004930124.000,302602.600404,771,772,-3.596281,0
1560,1560,camera_timecode_anchor,1788013004963549.000,302606.632363,772,772,-3.063645,1
1561,1561,timestamp_inferred,1788013004996978.500,302610.580720,772,773,-3.063645,1
1562,1562,camera_timecode_anchor,1788013005030408.000,302614.529078,773,773,-3.924351,0
1563,1563,camera_timecode_anchor,1788013005063838.000,302622.264788,774,774,2.206566,1
1564,1564,timestamp_inferred,1788013005097264.750,302624.935888,774,775,2.206566,1
1565,1565,timestamp_inferred,1788013005130691.250,302627.606987,774,775,2.317394,1
1566,1566,camera_timecode_anchor,1788013005164118.000,302630.278087,775,775,2.317394,1
1567,1567,timestamp_inferred,1788013005197547.000,302634.302149,775,776,2.317394,1
1568,1568,camera_timecode_anchor,1788013005230976.000,302638.326211,776,776,2.718424,0
1569,1569,timestamp_inferred,1788013005264402.000,302642.226136,776,777,2.718424,0
1570,1570,camera_timecode_anchor,1788013005297828.000,302646.126061,777,777,1.050507,1
1571,1571,timestamp_inferred,1788013005331255.500,302650.181266,777,778,1.050507,1
1572,1572,camera_timecode_anchor,1788013005364683.000,302654.236472,778,778,1.970596,1
1573,1573,camera_timecode_anchor,1788013005398113.000,302662.171381,779,779,1.428172,1
1574,1574,timestamp_inferred,1788013005431539.250,302664.850920,779,780,1.428172,1
1575,1575,timestamp_inferred,1788013005464965.750,302667.530459,779,780,1.749986,1
1576,1576,camera_timecode_anchor,1788013005498392.000,302670.209998,780,780,1.749986,1
1577,1577,camera_timecode_anchor,1788013005531822.000,302678.213271,781,781,1.777259,0
1578,1578,timestamp_inferred,1788013005565251.250,302680.870839,781,782,1.777259,0
1579,1579,timestamp_inferred,1788013005598680.750,302683.528408,781,782,1.549801,1
1580,1580,camera_timecode_anchor,1788013005632110.000,302686.185976,782,782,1.549801,1
1581,1581,timestamp_inferred,1788013005665540.500,302690.263167,782,783,1.549801,1
1582,1582,camera_timecode_anchor,1788013005698971.000,302694.340359,783,783,2.836322,0
1583,1583,camera_timecode_anchor,1788013005732392.000,302701.998029,784,784,-0.016427,1
1584,1584,timestamp_inferred,1788013005765822.000,302706.061083,784,785,-0.016427,1
1585,1585,camera_timecode_anchor,1788013005799252.000,302710.124136,785,785,1.034469,1
1586,1586,timestamp_inferred,1788013005832678.000,302714.035197,785,786,1.034469,1
1587,1587,camera_timecode_anchor,1788013005866104.000,302717.946258,786,786,-0.447849,1
1588,1588,timestamp_inferred,1788013005899529.000,302722.014846,786,787,-0.447849,1
1589,1589,camera_timecode_anchor,1788013005932954.000,302726.083433,787,787,0.695279,1
1590,1590,timestamp_inferred,1788013005966384.500,302730.136073,787,788,0.695279,1
1591,1591,camera_timecode_anchor,1788013005999815.000,302734.188713,788,788,1.572611,0
1592,1592,timestamp_inferred,1788013006033241.000,302738.161948,788,789,1.572611,0
1593,1593,camera_timecode_anchor,1788013006066667.000,302742.135183,789,789,1.126522,1
1594,1594,timestamp_inferred,1788013006100096.500,302746.237677,789,790,1.126522,1
1595,1595,camera_timecode_anchor,1788013006133526.000,302750.340171,790,790,2.834755,0
1596,1596,timestamp_inferred,1788013006166951.500,302754.347319,790,791,2.834755,0
1597,1597,camera_timecode_anchor,1788013006200377.000,302758.354466,791,791,2.953887,1
1598,1598,timestamp_inferred,1788013006233804.000,302762.257857,791,792,2.953887,1
1599,1599,camera_timecode_anchor,1788013006267231.000,302766.161247,792,792,1.343723,1
1600,1600,timestamp_inferred,1788013006300656.000,302770.253861,792,793,1.343723,1
1601,1601,camera_timecode_anchor,1788013006334081.000,302774.346475,793,793,2.887288,1
1602,1602,timestamp_inferred,1788013006367508.000,302777.191000,793,794,2.887288,1
1603,1603,timestamp_inferred,1788013006400935.000,302780.035526,793,794,-0.999575,1
1604,1604,camera_timecode_anchor,1788013006434362.000,302782.880051,794,794,-0.999575,1
1605,1605,camera_timecode_anchor,1788013006467793.000,302790.976887,795,795,-0.192612,1
1606,1606,timestamp_inferred,1788013006501223.000,302793.646989,795,796,-0.192612,1
1607,1607,timestamp_inferred,1788013006534653.000,302796.317092,795,796,-0.106714,0
1608,1608,camera_timecode_anchor,1788013006568083.000,302798.987194,796,796,-0.106714,0
1609,1609,timestamp_inferred,1788013006601508.000,302802.980897,796,797,-0.106714,0
1610,1610,camera_timecode_anchor,1788013006634933.000,302806.974600,797,797,-0.211669,1
1611,1611,timestamp_inferred,1788013006668363.500,302810.912920,797,798,-0.211669,1
1612,1612,camera_timecode_anchor,1788013006701794.000,302814.851240,798,798,-1.239669,1
1613,1613,timestamp_inferred,1788013006735219.500,302818.758080,798,799,-1.239669,1
1614,1614,camera_timecode_anchor,1788013006768645.000,302822.664920,799,799,-2.792335,1
1615,1615,camera_timecode_anchor,1788013006802065.000,302830.202025,800,800,1.683541,1
1616,1616,timestamp_inferred,1788013006835492.000,302834.165181,800,801,1.683541,1
1617,1617,camera_timecode_anchor,1788013006868919.000,302838.128336,801,801,1.069470,1
1618,1618,timestamp_inferred,1788013006902349.000,302842.204465,801,802,1.069470,1
1619,1619,camera_timecode_anchor,1788013006935779.000,302846.280594,802,802,2.338287,1
1620,1620,timestamp_inferred,1788013006969208.000,302850.267916,802,803,2.338287,1
1621,1621,camera_timecode_anchor,1788013007002637.000,302854.255238,803,803,2.126982,1
1622,1622,timestamp_inferred,1788013007036063.750,302857.112728,803,804,2.126982,1
1623,1623,timestamp_inferred,1788013007069490.250,302859.970218,803,804,-1.435764,1
1624,1624,camera_timecode_anchor,1788013007102917.000,302862.827708,804,804,-1.435764,1
1625,1625,timestamp_inferred,1788013007136348.000,302866.964006,804,805,-1.435764,1
1626,1626,camera_timecode_anchor,1788013007169779.000,302871.100304,805,805,0.835870,0
1627,1627,timestamp_inferred,1788013007203204.000,302875.193969,805,806,0.835870,0
1628,1628,camera_timecode_anchor,1788013007236629.000,302879.287634,806,806,2.396946,1
1629,1629,timestamp_inferred,1788013007270055.500,302883.314220,806,807,2.396946,1
1630,1630,camera_timecode_anchor,1788013007303482.000,302887.340807,807,807,2.840057,1
1631,1631,timestamp_inferred,1788013007336907.500,302891.346297,807,808,2.840057,1
1632,1632,camera_timecode_anchor,1788013007370333.000,302895.351787,808,808,2.931556,1
1633,1633,timestamp_inferred,1788013007403759.000,302899.170378,808,809,2.931556,1
1634,1634,camera_timecode_anchor,1788013007437185.000,302902.988970,809,809,-0.091919,1
1635,1635,camera_timecode_anchor,1788013007470608.000,302910.972292,810,810,-0.230898,0
1636,1636,timestamp_inferred,1788013007504034.750,302913.662619,810,811,-0.230898,0
1637,1637,timestamp_inferred,1788013007537461.250,302916.352945,810,811,0.360598,1
1638,1638,camera_timecode_anchor,1788013007570888.000,302919.043272,811,811,0.360598,1
1639,1639,timestamp_inferred,1788013007604317.500,302923.059374,811,812,0.360598,1
1640,1640,camera_timecode_anchor,1788013007637747.000,302927.075476,812,812,0.628966,0
1641,1641,timestamp_inferred,1788013007671177.000,302931.056560,812,813,0.628966,0
1642,1642,camera_timecode_anchor,1788013007704607.000,302935.037644,813,813,0.313704,1
1643,1643,timestamp_inferred,1788013007738033.000,302939.060072,813,814,0.313704,1
1644,1644,camera_timecode_anchor,1788013007771459.000,302943.082500,814,814,0.687499,1
1645,1645,timestamp_inferred,1788013007804889.000,302947.042713,814,815,0.687499,1
1646,1646,camera_timecode_anchor,1788013007838319.000,302951.002927,815,815,0.024392,1
1647,1647,timestamp_inferred,1788013007871746.000,302955.086233,815,816,0.024392,1
1648,1648,camera_timecode_anchor,1788013007905173.000,302959.169539,816,816,1.412829,1
1649,1649,camera_timecode_anchor,1788013007938600.000,302967.520321,817,817,4.336006,0
1650,1650,timestamp_inferred,1788013007972026.750,302970.102307,817,818,4.336006,0
1651,1651,timestamp_inferred,1788013008005453.250,302972.684293,817,818,2.218996,1
1652,1652,camera_timecode_anchor,1788013008038880.000,302975.266280,818,818,2.218996,1
1653,1653,timestamp_inferred,1788013008072308.000,302979.269799,818,819,2.218996,1
1654,1654,camera_timecode_anchor,1788013008105736.000,302983.273319,819,819,2.277662,0
1655,1655,timestamp_inferred,1788013008139160.500,302987.325567,819,820,2.277662,0
1656,1656,camera_timecode_anchor,1788013008172585.000,302991.377814,820,820,3.148449,1
1657,1657,timestamp_inferred,1788013008206010.500,302995.369533,820,821,3.148449,1
1658,1658,camera_timecode_anchor,1788013008239436.000,302999.361252,821,821,3.010436,0
1659,1659,camera_timecode_anchor,1788013008272860.000,303007.364010,822,822,3.033415,1
1660,1660,timestamp_inferred,1788013008306287.000,303010.066598,822,823,3.033415,1
1661,1661,timestamp_inferred,1788013008339714.000,303012.769187,822,823,-4.401872,1
1662,1662,camera_timecode_anchor,1788013008373141.000,303015.471775,823,823,-4.401872,1
1663,1663,camera_timecode_anchor,1788013008406572.000,303023.621551,824,824,-3.153738,0
1664,1664,timestamp_inferred,1788013008439998.750,303026.305218,824,825,-3.153738,0
1665,1665,timestamp_inferred,1788013008473425.250,303028.988885,824,825,-2.728732,1
1666,1666,camera_timecode_anchor,1788013008506852.000,303031.672552,825,825,-2.728732,1
1667,1667,camera_timecode_anchor,1788013008540281.000,303039.452255,826,826,3.768795,1
1668,1668,timestamp_inferred,1788013008573708.000,303042.126632,826,827,3.768795,1
1669,1669,timestamp_inferred,1788013008607135.000,303044.801009,826,827,-4.371789,1
1670,1670,camera_timecode_anchor,1788013008640562.000,303047.475385,827,827,-4.371789,1
1671,1671,timestamp_inferred,1788013008673989.000,303051.600726,827,828,-4.371789,1
1672,1672,camera_timecode_anchor,1788013008707416.000,303055.726066,828,828,-2.282784,1
1673,1673,timestamp_inferred,1788013008740845.000,303059.747659,828,829,-2.282784,1
1674,1674,camera_timecode_anchor,1788013008774274.000,303063.769253,829,829,-1.922894,0
1675,1675,timestamp_inferred,1788013008807703.500,303067.812418,829,830,-1.922894,0
1676,1676,camera_timecode_anchor,1788013008841133.000,303071.855584,830,830,-1.203470,1
1677,1677,timestamp_inferred,1788013008874559.000,303075.885764,830,831,-1.203470,1
1678,1678,camera_timecode_anchor,1788013008907985.000,303079.915944,831,831,-0.700469,0
1679,1679,timestamp_inferred,1788013008941415.000,303083.889952,831,832,-0.700469,0
1680,1680,camera_timecode_anchor,1788013008974845.000,303087.863961,832,832,-1.133657,1
1681,1681,timestamp_inferred,1788013009008270.000,303091.965476,832,833,-1.133657,1
1682,1682,camera_timecode_anchor,1788013009041695.000,303096.066990,833,833,0.558254,1
1683,1683,timestamp_inferred,1788013009075125.500,303100.104535,833,834,0.558254,1
1684,1684,camera_timecode_anchor,1788013009108556.000,303104.142079,834,834,1.183993,0
1685,1685,timestamp_inferred,1788013009141982.000,303108.075310,834,835,1.183993,0
1686,1686,camera_timecode_anchor,1788013009175408.000,303112.008541,835,835,0.071171,1
1687,1687,timestamp_inferred,1788013009208836.000,303115.919155,835,836,0.071171,1
1688,1688,camera_timecode_anchor,1788013009242264.000,303119.829770,836,836,-1.418582,1
1689,1689,timestamp_inferred,1788013009275695.500,303124.031530,836,837,-1.418582,1
1690,1690,camera_timecode_anchor,1788013009309127.000,303128.233290,837,837,1.944081,1
1691,1691,timestamp_inferred,1788013009342552.000,303132.311946,837,838,1.944081,1
1692,1692,camera_timecode_anchor,1788013009375977.000,303136.390602,838,838,3.255015,1
1693,1693,timestamp_inferred,1788013009409403.000,303140.378882,838,839,3.255015,1
1694,1694,camera_timecode_anchor,1788013009442829.000,303144.367162,839,839,3.059680,1
1695,1695,timestamp_inferred,1788013009476259.500,303148.363108,839,840,3.059680,1
1696,1696,camera_timecode_anchor,1788013009509690.000,303152.359054,840,840,2.992115,1
1697,1697,timestamp_inferred,1788013009543119.500,303156.540324,840,841,2.992115,1
1698,1698,camera_timecode_anchor,1788013009576549.000,303160.721595,841,841,-2.320041,1
1699,1699,timestamp_inferred,1788013009609978.000,303164.759358,841,842,-2.320041,1
1700,1700,camera_timecode_anchor,1788013009643407.000,303168.797121,842,842,-1.690661,0
1701,1701,timestamp_inferred,1788013009676836.500,303172.793370,842,843,-1.690661,0
1702,1702,camera_timecode_anchor,1788013009710266.000,303176.789619,843,843,-1.753175,1
1703,1703,timestamp_inferred,1788013009743696.000,303180.677003,843,844,-1.753175,1
1704,1704,camera_timecode_anchor,1788013009777126.000,303184.564386,844,844,-3.630113,1
1705,1705,timestamp_inferred,1788013009810552.000,303188.617313,844,845,-3.630113,1
1706,1706,camera_timecode_anchor,1788013009843978.000,303192.670240,845,845,-2.747999,1
1707,1707,timestamp_inferred,1788013009877408.500,303196.661425,845,846,-2.747999,1
1708,1708,camera_timecode_anchor,1788013009910839.000,303200.652610,846,846,-2.894915,1
1709,1709,timestamp_inferred,1788013009944271.500,303204.714637,846,847,-2.894915,1
1710,1710,camera_timecode_anchor,1788013009977704.000,303208.776663,847,847,-1.861140,1
1711,1711,timestamp_inferred,1788013010011129.000,303212.924890,847,848,-1.861140,1
1712,1712,camera_timecode_anchor,1788013010044554.000,303217.073117,848,848,0.609310,1
1713,1713,timestamp_inferred,1788013010077985.500,303221.083997,848,849,0.609310,1
1714,1714,camera_timecode_anchor,1788013010111417.000,303225.094877,849,849,0.790639,0
1715,1715,timestamp_inferred,1788013010144842.000,303229.141346,849,850,0.790639,0
1716,1716,camera_timecode_anchor,1788013010178267.000,303233.187815,850,850,1.565122,1
1717,1717,timestamp_inferred,1788013010211693.000,303237.238740,850,851,1.565122,1
1718,1718,camera_timecode_anchor,1788013010245119.000,303241.289665,851,851,2.413871,1
1719,1719,timestamp_inferred,1788013010278544.000,303245.310171,851,852,2.413871,1
1720,1720,camera_timecode_anchor,1788013010311969.000,303249.330677,852,852,2.755638,1
1721,1721,timestamp_inferred,1788013010345399.000,303253.428616,852,853,2.755638,1
1722,1722,camera_timecode_anchor,1788013010378829.000,303257.526556,853,853,-3.945370,1
1723,1723,timestamp_inferred,1788013010412255.500,303261.522893,853,854,-3.945370,1
1724,1724,camera_timecode_anchor,1788013010445682.000,303265.519229,854,854,-4.006421,0
1725,1725,timestamp_inferred,1788013010479111.000,303269.493833,854,855,-4.006421,0
1726,1726,camera_timecode_anchor,1788013010512540.000,303273.468436,855,855,-4.429696,1
1727,1727,timestamp_inferred,1788013010545966.000,303277.558866,855,856,-4.429696,1
1728,1728,camera_timecode_anchor,1788013010579392.000,303281.649297,856,856,-2.922529,0
1729,1729,timestamp_inferred,1788013010612818.000,303285.632686,856,857,-2.922529,0
1730,1730,camera_timecode_anchor,1788013010646244.000,303289.616075,857,857,-3.199373,1
1731,1731,timestamp_inferred,1788013010679674.000,303293.664544,857,858,-3.199373,1
1732,1732,camera_timecode_anchor,1788013010713104.000,303297.713012,858,858,-2.391564,1
1733,1733,timestamp_inferred,1788013010746529.000,303301.731910,858,859,-2.391564,1
1734,1734,camera_timecode_anchor,1788013010779954.000,303305.750808,859,859,-2.076597,1
1735,1735,timestamp_inferred,1788013010813381.000,303309.742566,859,860,-2.076597,1
1736,1736,camera_timecode_anchor,1788013010846808.000,303313.734323,860,860,-2.213973,1
1737,1737,timestamp_inferred,1788013010880230.500,303317.715718,860,861,-2.213973,1
1738,1738,camera_timecode_anchor,1788013010913653.000,303321.697114,861,861,-2.524054,1
1739,1739,timestamp_inferred,1788013010947079.000,303325.694844,861,862,-2.524054,1
1740,1740,camera_timecode_anchor,1788013010980505.000,303329.692575,862,862,-2.561877,1
1741,1741,timestamp_inferred,1788013011013933.500,303333.825370,862,863,-2.561877,1
1742,1742,camera_timecode_anchor,1788013011047362.000,303337.958165,863,863,-0.348629,0
1743,1743,timestamp_inferred,1788013011080788.500,303342.069917,863,864,-0.348629,0
1744,1744,camera_timecode_anchor,1788013011114215.000,303346.181669,864,864,1.513905,1
1745,1745,timestamp_inferred,1788013011147640.500,303350.203596,864,865,1.513905,1
1746,1746,camera_timecode_anchor,1788013011181066.000,303354.225524,865,865,1.879367,1
1747,1747,timestamp_inferred,1788013011214488.500,303358.256314,865,866,1.879367,1
1748,1748,camera_timecode_anchor,1788013011247911.000,303362.287104,866,866,2.392536,0
1749,1749,timestamp_inferred,1788013011281341.500,303366.433600,866,867,2.392536,0
1750,1750,camera_timecode_anchor,1788013011314772.000,303370.580096,867,867,-3.499198,1
1751,1751,timestamp_inferred,1788013011348197.000,303374.655995,867,868,-3.499198,1
1752,1752,camera_timecode_anchor,1788013011381622.000,303378.731894,868,868,-2.234220,1
1753,1753,timestamp_inferred,1788013011415046.500,303382.792677,868,869,-2.234220,1
1754,1754,camera_timecode_anchor,1788013011448471.000,303386.853461,869,869,-1.221156,1
1755,1755,timestamp_inferred,1788013011481899.500,303390.967977,869,870,-1.221156,1
1756,1756,camera_timecode_anchor,1788013011515328.000,303395.082493,870,870,0.687440,1
1757,1757,timestamp_inferred,1788013011548756.000,303399.430344,870,871,0.687440,1
1758,1758,camera_timecode_anchor,1788013011582184.000,303403.778195,871,871,-1.848375,1
1759,1759,timestamp_inferred,1788013011615610.000,303407.818177,871,872,-1.848375,1
1760,1760,camera_timecode_anchor,1788013011649036.000,303411.858160,872,872,-1.182003,1
1761,1761,timestamp_inferred,1788013011682463.500,303415.865543,872,873,-1.182003,1
1762,1762,camera_timecode_anchor,1788013011715891.000,303419.872926,873,873,-1.058948,1
1763,1763,timestamp_inferred,1788013011749317.250,303422.661283,873,874,-1.058948,1
1764,1764,timestamp_inferred,1788013011782743.750,303425.449640,873,874,1.983311,1
1765,1765,camera_timecode_anchor,1788013011816170.000,303428.237997,874,874,1.983311,1
1766,1766,camera_timecode_anchor,1788013011849591.000,303436.428077,875,875,3.567307,0
1767,1767,timestamp_inferred,1788013011883018.250,303439.081418,875,876,3.567307,0
1768,1768,timestamp_inferred,1788013011916445.750,303441.734758,875,876,3.234159,1
1769,1769,camera_timecode_anchor,1788013011949873.000,303444.388099,876,876,3.234159,1
1770,1770,timestamp_inferred,1788013011983299.500,303448.514190,876,877,3.234159,1
1771,1771,camera_timecode_anchor,1788013012016726.000,303452.640281,877,877,-2.997661,1
1772,1772,timestamp_inferred,1788013012050152.000,303456.635907,877,878,-2.997661,1
1773,1773,camera_timecode_anchor,1788013012083578.000,303460.631533,878,878,-3.070558,1
1774,1774,camera_timecode_anchor,1788013012117009.000,303468.394516,879,879,3.287637,1
1775,1775,timestamp_inferred,1788013012150438.250,303471.057845,879,880,3.287637,1
1776,1776,timestamp_inferred,1788013012183867.750,303473.721174,879,880,3.204188,0
1777,1777,camera_timecode_anchor,1788013012217297.000,303476.384503,880,880,3.204188,0
1778,1778,timestamp_inferred,1788013012250726.500,303481.199300,880,881,3.204188,0
1779,1779,camera_timecode_anchor,1788013012284156.000,303486.014097,881,881,0.117477,1
1780,1780,timestamp_inferred,1788013012317585.500,303490.200469,881,882,0.117477,1
1781,1781,camera_timecode_anchor,1788013012351015.000,303494.386842,882,882,3.223681,0
1782,1782,timestamp_inferred,1788013012384445.000,303498.730140,882,883,3.223681,0
1783,1783,camera_timecode_anchor,1788013012417875.000,303503.073438,883,883,0.611985,1
1784,1784,timestamp_inferred,1788013012451304.500,303507.259190,883,884,0.611985,1
1785,1785,camera_timecode_anchor,1788013012484734.000,303511.444942,884,884,3.707849,1
1786,1786,timestamp_inferred,1788013012518160.000,303515.668906,884,885,3.707849,1
1787,1787,camera_timecode_anchor,1788013012551586.000,303519.892870,885,885,-0.892750,1
1788,1788,timestamp_inferred,1788013012585015.000,303523.806120,885,886,-0.892750,1
1789,1789,camera_timecode_anchor,1788013012618444.000,303527.719370,886,886,-2.338586,1
1790,1790,timestamp_inferred,1788013012651871.500,303531.475251,886,887,-2.338586,1
1791,1791,camera_timecode_anchor,1788013012685299.000,303535.231133,887,887,1.926105,0
1792,1792,timestamp_inferred,1788013012718723.500,303539.636113,887,888,1.926105,0
1793,1793,camera_timecode_anchor,1788013012752148.000,303544.041093,888,888,0.342443,1
1794,1794,timestamp_inferred,1788013012785574.000,303548.130868,888,889,0.342443,1
1795,1795,camera_timecode_anchor,1788013012819000.000,303552.220642,889,889,1.838684,0
1796,1796,timestamp_inferred,1788013012852426.000,303556.245553,889,890,1.838684,0
1797,1797,camera_timecode_anchor,1788013012885852.000,303560.270463,890,890,2.253860,1
1798,1798,timestamp_inferred,1788013012919274.000,303564.371302,890,891,2.253860,1
1799,1799,camera_timecode_anchor,1788013012952696.000,303568.472141,891,891,3.934509,1
1800,1800,timestamp_inferred,1788013012986122.000,303572.519912,891,892,3.934509,1
1801,1801,camera_timecode_anchor,1788013013019548.000,303576.567684,892,892,-3.602637,0
1802,1802,timestamp_inferred,1788013013052970.250,303579.301876,892,893,-3.602637,0
1803,1803,timestamp_inferred,1788013013086392.750,303582.036068,892,893,-1.914499,1
1804,1804,camera_timecode_anchor,1788013013119815.000,303584.770260,893,893,-1.914499,1
1805,1805,timestamp_inferred,1788013013153237.500,303588.743675,893,894,-1.914499,1
1806,1806,camera_timecode_anchor,1788013013186660.000,303592.717090,894,894,-2.357580,1
1807,1807,camera_timecode_anchor,1788013013220081.000,303601.424885,895,895,3.540707,0
1808,1808,timestamp_inferred,1788013013253506.000,303604.132347,895,896,3.540707,0
1809,1809,timestamp_inferred,1788013013286931.000,303606.839809,895,896,-3.772745,1
1810,1810,camera_timecode_anchor,1788013013320356.000,303609.547271,896,896,-3.772745,1
1811,1811,timestamp_inferred,1788013013353778.500,303613.676770,896,897,-3.772745,1
1812,1812,camera_timecode_anchor,1788013013387201.000,303617.806269,897,897,-1.614425,1
1813,1813,timestamp_inferred,1788013013420630.000,303622.433344,897,898,-1.614425,1
1814,1814,camera_timecode_anchor,1788013013454059.000,303627.060420,898,898,0.503498,0
1815,1815,timestamp_inferred,1788013013487484.000,303631.113106,898,899,0.503498,0
1816,1816,camera_timecode_anchor,1788013013520909.000,303635.165793,899,899,1.381607,1
1817,1817,timestamp_inferred,1788013013554340.500,303639.219529,899,900,1.381607,1
1818,1818,camera_timecode_anchor,1788013013587772.000,303643.273266,900,900,2.277213,1
1819,1819,timestamp_inferred,1788013013621197.500,303647.348928,900,901,2.277213,1
1820,1820,camera_timecode_anchor,1788013013654623.000,303651.424591,901,901,3.538261,0
1821,1821,timestamp_inferred,1788013013688049.000,303655.514037,901,902,3.538261,0
1822,1822,camera_timecode_anchor,1788013013721475.000,303659.603483,902,902,-3.304311,1
1823,1823,timestamp_inferred,1788013013754900.500,303663.633386,902,903,-3.304311,1
1824,1824,camera_timecode_anchor,1788013013788326.000,303667.663289,903,903,-2.805929,1
1825,1825,timestamp_inferred,1788013013821755.000,303671.951834,903,904,-2.805929,1
1826,1826,camera_timecode_anchor,1788013013855184.000,303676.240380,904,904,2.003164,1
1827,1827,timestamp_inferred,1788013013888614.000,303680.328553,904,905,2.003164,1
1828,1828,camera_timecode_anchor,1788013013922044.000,303684.416727,905,905,3.472721,0
1829,1829,timestamp_inferred,1788013013955467.500,303688.705473,905,906,3.472721,0
1830,1830,camera_timecode_anchor,1788013013988891.000,303692.994219,906,906,-0.048176,1
1831,1831,timestamp_inferred,1788013014022318.000,303695.699890,906,907,-0.048176,1
1832,1832,timestamp_inferred,1788013014055745.000,303698.405561,906,907,0.926933,1
1833,1833,camera_timecode_anchor,1788013014089172.000,303701.111232,907,907,0.926933,1
1834,1834,camera_timecode_anchor,1788013014122594.000,303709.204255,908,908,1.702128,1
1835,1835,timestamp_inferred,1788013014156020.000,303711.841149,908,909,1.702128,1
1836,1836,timestamp_inferred,1788013014189446.000,303714.478043,908,909,0.957807,1
1837,1837,camera_timecode_anchor,1788013014222872.000,303717.114937,909,909,0.957807,1
1838,1838,camera_timecode_anchor,1788013014256302.000,303725.059861,910,910,0.498841,1
1839,1839,timestamp_inferred,1788013014289729.000,303729.408006,910,911,0.498841,1
1840,1840,camera_timecode_anchor,1788013014323156.000,303733.756151,911,911,-2.032075,1
1841,1841,timestamp_inferred,1788013014356585.750,303736.496017,911,912,-2.032075,1
1842,1842,timestamp_inferred,1788013014390015.250,303739.235882,911,912,-0.202104,1
1843,1843,camera_timecode_anchor,1788013014423445.000,303741.975748,912,912,-0.202104,1
1844,1844,timestamp_inferred,1788013014456874.500,303745.844652,912,913,-0.202104,1
1845,1845,camera_timecode_anchor,1788013014490304.000,303749.713557,913,913,-2.387026,1
1846,1846,timestamp_inferred,1788013014523733.500,303753.675907,913,914,-2.387026,1
1847,1847,camera_timecode_anchor,1788013014557163.000,303757.638258,914,914,-3.014519,1
1848,1848,timestamp_inferred,1788013014590589.000,303761.905627,914,915,-3.014519,1
1849,1849,camera_timecode_anchor,1788013014624015.000,303766.172997,915,915,1.441640,1
1850,1850,timestamp_inferred,1788013014657445.500,303770.432217,915,916,1.441640,1
1851,1851,camera_timecode_anchor,1788013014690876.000,303774.691438,916,916,-2.571353,1
1852,1852,timestamp_inferred,1788013014724300.500,303778.755095,916,917,-2.571353,1
1853,1853,camera_timecode_anchor,1788013014757725.000,303782.818752,917,917,-1.510399,0
1854,1854,timestamp_inferred,1788013014791151.500,303786.852329,917,918,-1.510399,0
1855,1855,camera_timecode_anchor,1788013014824578.000,303790.885905,918,918,-0.950791,1
1856,1856,timestamp_inferred,1788013014858003.500,303794.978448,918,919,-0.950791,1
1857,1857,camera_timecode_anchor,1788013014891429.000,303799.070991,919,919,0.591594,1
1858,1858,timestamp_inferred,1788013014924858.000,303803.039202,919,920,0.591594,1
1859,1859,camera_timecode_anchor,1788013014958287.000,303807.007413,920,920,0.061776,1
1860,1860,timestamp_inferred,1788013014991714.500,303810.786702,920,921,0.061776,1
1861,1861,camera_timecode_anchor,1788013015025142.000,303814.565992,921,921,-3.616737,1
1862,1862,timestamp_inferred,1788013015058571.000,303818.482966,921,922,-3.616737,1
1863,1863,camera_timecode_anchor,1788013015092000.000,303822.399941,922,922,3.332843,1
1864,1864,timestamp_inferred,1788013015125425.500,303826.410537,922,923,3.332843,1
1865,1865,camera_timecode_anchor,1788013015158851.000,303830.421132,923,923,3.509436,1
1866,1866,timestamp_inferred,1788013015192277.500,303834.449841,923,924,3.509436,1
1867,1867,camera_timecode_anchor,1788013015225704.000,303838.478549,924,924,3.987912,1
1868,1868,timestamp_inferred,1788013015259132.500,303842.557538,924,925,3.987912,1
1869,1869,camera_timecode_anchor,1788013015292561.000,303846.636526,925,925,-3.028949,0
1870,1870,timestamp_inferred,1788013015325991.000,303850.775307,925,926,-3.028949,0
1871,1871,camera_timecode_anchor,1788013015359421.000,303854.914088,926,926,-0.715937,1
1872,1872,timestamp_inferred,1788013015392847.000,303858.964890,926,927,-0.715937,1
1873,1873,camera_timecode_anchor,1788013015426273.000,303863.015693,927,927,0.130774,1
1874,1874,timestamp_inferred,1788013015459703.000,303867.245453,927,928,0.130774,1
1875,1875,camera_timecode_anchor,1788013015493133.000,303871.475213,928,928,-4.373228,0
1876,1876,timestamp_inferred,1788013015526558.500,303875.438148,928,929,-4.373228,0
1877,1877,camera_timecode_anchor,1788013015559984.000,303879.401083,929,929,3.342357,1
1878,1878,timestamp_inferred,1788013015593414.000,303883.117199,929,930,3.342357,1
1879,1879,camera_timecode_anchor,1788013015626844.000,303886.833316,930,930,-1.389036,1
1880,1880,timestamp_inferred,1788013015660273.500,303890.908408,930,931,-1.389036,1
1881,1881,camera_timecode_anchor,1788013015693703.000,303894.983500,931,931,-0.137498,0
1882,1882,timestamp_inferred,1788013015727132.500,303899.017893,931,932,-0.137498,0
1883,1883,camera_timecode_anchor,1788013015760562.000,303903.052287,932,932,0.435721,1
1884,1884,timestamp_inferred,1788013015793987.500,303907.146266,932,933,0.435721,1
1885,1885,camera_timecode_anchor,1788013015827413.000,303911.240245,933,933,2.002043,0
1886,1886,timestamp_inferred,1788013015860844.000,303915.263804,933,934,2.002043,0
1887,1887,camera_timecode_anchor,1788013015894275.000,303919.287363,934,934,2.394693,1
1888,1888,timestamp_inferred,1788013015927700.000,303923.415059,934,935,2.394693,1
1889,1889,camera_timecode_anchor,1788013015961125.000,303927.542755,935,935,-3.810373,1
1890,1890,timestamp_inferred,1788013015994551.500,303931.637195,935,936,-3.810373,1
1891,1891,camera_timecode_anchor,1788013016027978.000,303935.731635,936,936,-2.236376,1
1892,1892,timestamp_inferred,1788013016061409.000,303939.598550,936,937,-2.236376,1
1893,1893,camera_timecode_anchor,1788013016094840.000,303943.465465,937,937,3.878873,1
1894,1894,timestamp_inferred,1788013016128267.500,303947.549410,937,938,3.878873,1
1895,1895,camera_timecode_anchor,1788013016161695.000,303951.633355,938,938,-3.055376,1
1896,1896,timestamp_inferred,1788013016195121.000,303955.666634,938,939,-3.055376,1
1897,1897,camera_timecode_anchor,1788013016228547.000,303959.699914,939,939,-2.500718,1
1898,1898,timestamp_inferred,1788013016261978.000,303963.668807,939,940,-2.500718,1
1899,1899,camera_timecode_anchor,1788013016295409.000,303967.637700,940,940,-3.019166,1
1900,1900,timestamp_inferred,1788013016328834.000,303971.566413,940,941,-3.019166,1
1901,1901,camera_timecode_anchor,1788013016362259.000,303975.495125,941,941,-4.207289,1
1902,1902,timestamp_inferred,1788013016395685.000,303979.520194,941,942,-4.207289,1
1903,1903,camera_timecode_anchor,1788013016429111.000,303983.545264,942,942,-3.789470,1
1904,1904,timestamp_inferred,1788013016462537.500,303987.544482,942,943,-3.789470,1
1905,1905,camera_timecode_anchor,1788013016495964.000,303991.543700,943,943,-3.802500,0
1906,1906,timestamp_inferred,1788013016529392.500,303995.525542,943,944,-3.802500,0
1907,1907,camera_timecode_anchor,1788013016562821.000,303999.507384,944,944,-4.105131,1
1908,1908,timestamp_inferred,1788013016596251.000,304003.634228,944,945,-4.105131,1
1909,1909,camera_timecode_anchor,1788013016629681.000,304007.761073,945,945,-1.991062,1
1910,1910,timestamp_inferred,1788013016663110.500,304011.698335,945,946,-1.991062,1
1911,1911,camera_timecode_anchor,1788013016696540.000,304015.635598,946,946,-3.036681,1
1912,1912,timestamp_inferred,1788013016729966.000,304019.784772,946,947,-3.036681,1
1913,1913,camera_timecode_anchor,1788013016763392.000,304023.933945,947,947,-0.550455,1
1914,1914,timestamp_inferred,1788013016796822.000,304027.929058,947,948,-0.550455,1
1915,1915,camera_timecode_anchor,1788013016830252.000,304031.924170,948,948,-0.631915,1
1916,1916,timestamp_inferred,1788013016863682.000,304035.924874,948,949,-0.631915,1
1917,1917,camera_timecode_anchor,1788013016897112.000,304039.925579,949,949,-0.620178,1
1918,1918,timestamp_inferred,1788013016930541.000,304043.999945,949,950,-0.620178,1
1919,1919,camera_timecode_anchor,1788013016963970.000,304048.074311,950,950,0.619262,1
1920,1920,timestamp_inferred,1788013016997403.000,304052.096318,950,951,0.619262,1
1921,1921,camera_timecode_anchor,1788013017030836.000,304056.118324,951,951,0.986037,1
1922,1922,timestamp_inferred,1788013017064267.000,304060.228089,951,952,0.986037,1
1923,1923,camera_timecode_anchor,1788013017097698.000,304064.337853,952,952,2.815442,0
1924,1924,timestamp_inferred,1788013017131123.500,304068.362528,952,953,2.815442,0
1925,1925,camera_timecode_anchor,1788013017164549.000,304072.387203,953,953,3.226689,1
1926,1926,timestamp_inferred,1788013017197981.500,304076.462438,953,954,3.226689,1
1927,1927,camera_timecode_anchor,1788013017231414.000,304080.537674,954,954,-3.852717,0
1928,1928,timestamp_inferred,1788013017264844.000,304084.500417,954,955,-3.852717,0
1929,1929,camera_timecode_anchor,1788013017298274.000,304088.463159,955,955,3.859660,1
1930,1930,timestamp_inferred,1788013017331703.000,304092.424728,955,956,3.859660,1
1931,1931,camera_timecode_anchor,1788013017365132.000,304096.386297,956,956,3.219139,1
1932,1932,timestamp_inferred,1788013017398562.500,304100.395251,956,957,3.219139,1
1933,1933,camera_timecode_anchor,1788013017431993.000,304104.404206,957,957,3.368384,1
1934,1934,timestamp_inferred,1788013017465422.500,304108.492634,957,958,3.368384,1
1935,1935,camera_timecode_anchor,1788013017498852.000,304112.581061,958,958,-3.491158,1
1936,1936,timestamp_inferred,1788013017532281.500,304116.621270,958,959,-3.491158,1
1937,1937,camera_timecode_anchor,1788013017565711.000,304120.661479,959,959,-2.821010,1
1938,1938,timestamp_inferred,1788013017599136.500,304124.728968,959,960,-2.821010,1
1939,1939,camera_timecode_anchor,1788013017632562.000,304128.796456,960,960,-1.696198,1
1940,1940,timestamp_inferred,1788013017665992.500,304132.925503,960,961,-1.696198,1
1941,1941,camera_timecode_anchor,1788013017699423.000,304137.054550,961,961,0.454585,1
1942,1942,timestamp_inferred,1788013017732852.000,304141.127536,961,962,0.454585,1
1943,1943,camera_timecode_anchor,1788013017766281.000,304145.200523,962,962,1.671022,1
1944,1944,timestamp_inferred,1788013017799711.500,304149.211197,962,963,1.671022,1
1945,1945,camera_timecode_anchor,1788013017833142.000,304153.221871,963,963,1.848922,1
1946,1946,timestamp_inferred,1788013017866570.500,304157.073070,963,964,1.848922,1
1947,1947,camera_timecode_anchor,1788013017899999.000,304160.924270,964,964,-0.631083,0
1948,1948,timestamp_inferred,1788013017933425.000,304164.872785,964,965,-0.631083,0
1949,1949,camera_timecode_anchor,1788013017966851.000,304168.821299,965,965,-1.489172,1
1950,1950,timestamp_inferred,1788013018000281.000,304172.946358,965,966,-1.489172,1
1951,1951,camera_timecode_anchor,1788013018033711.000,304177.071417,966,966,0.595138,1
1952,1952,timestamp_inferred,1788013018067140.000,304181.173224,966,967,0.595138,1
1953,1953,camera_timecode_anchor,1788013018100569.000,304185.275032,967,967,2.291935,1
1954,1954,timestamp_inferred,1788013018133999.500,304189.451044,967,968,2.291935,1
1955,1955,camera_timecode_anchor,1788013018167430.000,304193.627057,968,968,-3.107860,1
1956,1956,timestamp_inferred,1788013018200859.500,304197.689706,968,969,-3.107860,1
1957,1957,camera_timecode_anchor,1788013018234289.000,304201.752356,969,969,-2.063699,0
1958,1958,timestamp_inferred,1788013018267717.500,304205.898021,969,970,-2.063699,0
1959,1959,camera_timecode_anchor,1788013018301146.000,304210.043686,970,970,0.364050,1
1960,1960,timestamp_inferred,1788013018334577.000,304214.123634,970,971,0.364050,1
1961,1961,camera_timecode_anchor,1788013018368008.000,304218.203582,971,971,1.696516,1
1962,1962,timestamp_inferred,1788013018401437.500,304222.223702,971,972,1.696516,1
1963,1963,camera_timecode_anchor,1788013018434867.000,304226.243822,972,972,2.031846,1
1964,1964,timestamp_inferred,1788013018468292.500,304230.116403,972,973,2.031846,1
1965,1965,camera_timecode_anchor,1788013018501718.000,304233.988984,973,973,-0.091800,1
1966,1966,timestamp_inferred,1788013018535147.500,304238.047755,973,974,-0.091800,1
1967,1967,camera_timecode_anchor,1788013018568577.000,304242.106525,974,974,0.887710,0
1968,1968,timestamp_inferred,1788013018602007.000,304246.149525,974,975,0.887710,0
1969,1969,camera_timecode_anchor,1788013018635437.000,304250.192525,975,975,1.604378,1
1970,1970,timestamp_inferred,1788013018668862.000,304254.329187,975,976,1.604378,1
1971,1971,camera_timecode_anchor,1788013018702287.000,304258.465849,976,976,-4.451260,0
1972,1972,timestamp_inferred,1788013018735717.000,304262.674509,976,977,-4.451260,0
1973,1973,camera_timecode_anchor,1788013018769147.000,304266.883169,977,977,-0.973590,1
1974,1974,timestamp_inferred,1788013018802574.000,304269.583756,977,978,-0.973590,1
1975,1975,timestamp_inferred,1788013018836001.000,304272.284342,977,978,-0.125599,1
1976,1976,camera_timecode_anchor,1788013018869428.000,304274.984928,978,978,-0.125599,1
1977,1977,timestamp_inferred,1788013018902858.000,304279.058462,978,979,-0.125599,1
1978,1978,camera_timecode_anchor,1788013018936288.000,304283.131997,979,979,1.099971,1
1979,1979,timestamp_inferred,1788013018969718.000,304287.246076,979,980,1.099971,1
1980,1980,camera_timecode_anchor,1788013019003148.000,304291.360155,980,980,3.001295,1
