output_frame,source_video_frame,source_video_nominal_pts_s,source_bag_elapsed_s,matched_clip_bag_elapsed_s,rgb_device_timestamp_us,cmavatar_target_timestamp_ns,mocap_low_frame_counter,mocap_high_frame_counter,mocap_low_timestamp_ns,mocap_high_timestamp_ns,interpolation_alpha,bracket_span_ms,nearest_mocap_sample_delta_ms,left_wrist_rgb_x,left_wrist_rgb_y,left_wrist_inside_frame,right_wrist_rgb_x,right_wrist_rgb_y,right_wrist_inside_frame
0,0,0.0,0.0,0.0,1788008995599487,1788008995967488000,403848,403849,1788008995965494016,1788008995973826560,0.23931330472103005,8.33272933959961,1.9941329956054688,1341.7757247880281,534.3084353283998,1,734.2010657230269,555.6134766061649,1
1,1,0.03333333333333333,0.033432960510253906,0.033432960510253906,1788008995632920,1788008996000922112,403852,403853,1788008995998826240,1788008996007160064,0.2515019740230017,8.333683013916016,2.095937728881836,1341.8181681119688,534.2691094372741,1,733.765077192654,555.4646337681819,1
2,2,0.06666666666666667,0.06686186790466309,0.06686186790466309,1788008995666349,1788008996034352384,403856,403857,1788008996032159488,1788008996040492288,0.2631473533619456,8.33272933959961,2.1927356719970703,1341.9909127801307,534.276414451746,1,733.4050582610239,555.325960924739,1
3,3,0.1,0.10028982162475586,0.10028982162475586,1788008995699777,1788008996067781376,403860,403861,1788008996065491712,1788008996073824768,0.2747846985780092,8.332967758178711,2.2897720336914062,1342.106106472468,534.206536042331,1,733.0506516298484,555.098808715339,1
4,4,0.13333333333333333,0.13371896743774414,0.13371896743774414,1788008995733206,1788008996101211648,403864,403865,1788008996098823936,1788008996107158016,0.28648262051208695,8.333921432495117,2.387523651123047,1342.2641921724835,534.3025783055293,1,732.821456237443,554.9257480619573,1
5,5,0.16666666666666666,0.16715788841247559,0.16715788841247559,1788008995766645,1788008996134651648,403868,403869,1788008996132157440,1788008996140490240,0.2993333524076564,8.332967758178711,2.494335174560547,1342.3054015993798,534.1298245489671,1,732.6854366893198,554.7141815442492,1
6,6,0.2,0.20059490203857422,0.20059490203857422,1788008995800082,1788008996168089856,403872,403873,1788008996165489664,1788008996173822464,0.31204577968526465,8.33272933959961,2.6001930236816406,1342.3585836948052,534.1990402569018,1,732.5633290582035,554.5342364105834,1
7,7,0.23333333333333334,0.23403096199035645,0.23403096199035645,1788008995833518,1788008996201527040,403876,403877,1788008996198822144,1788008996207155712,0.32459804314241575,8.333683013916016,2.705097198486328,1342.4151368225373,534.4401387777648,1,732.419359983339,554.3201192762815,1
8,8,0.26666666666666666,0.2674689292907715,0.2674689292907715,1788008995866956,1788008996234966272,403880,403881,1788008996232155392,1788008996240487936,0.3373390557939914,8.33272933959961,2.810955047607422,1342.3470186521733,534.5227799853385,1,732.2272625262506,554.1391032700855,1
9,9,0.3,0.30089902877807617,0.30089902877807617,1788008995900386,1788008996268397568,403884,403885,1788008996265487616,1788008996273820416,0.3492131616595136,8.33272933959961,2.9098987579345703,1342.25089587872,534.7807163768822,1,732.0645847697875,553.9545043865703,1
10,10,0.3333333333333333,0.3343348503112793,0.3343348503112793,1788008995933822,1788008996301834496,403888,403889,1788008996298819840,1788008996307153664,0.3617508224860535,8.333921432495117,3.014802932739258,1342.1508533735282,534.7936142311688,1,731.9276673841105,553.8620870787116,1
11,11,0.36666666666666664,0.3677709102630615,0.3677709102630615,1788008995967258,1788008996335271936,403892,403893,1788008996332153088,1788008996340486144,0.3742668307058453,8.332967758178711,3.118753433227539,1342.150484413637,534.8512324016787,1,731.7914234199957,553.7866905769606,1
12,12,0.4,0.40120887756347656,0.40120887756347656,1788008996000696,1788008996368710912,403896,403897,1788008996365485312,1788008996373819392,0.38704048061793733,8.333921432495117,3.225564956665039,1342.0963383297976,534.8635766159886,1,731.6856701939075,553.882461793408,1
13,13,0.43333333333333335,0.4346449375152588,0.4346449375152588,1788008996034132,1788008996402148352,403900,403901,1788008996398818816,1788008996407151360,0.39957081545064377,8.33272933959961,3.3295154571533203,1342.0535222808624,534.881438299449,1,731.6385049098801,554.1040901404687,1
14,14,0.4666666666666667,0.4680769443511963,0.4680769443511963,1788008996067564,1788008996435581184,403904,403905,1788008996432151040,1788008996440483840,0.41164520743919886,8.33272933959961,3.4301280975341797,1342.0656470523584,534.7947943550968,1,731.5775202196575,554.4787581694352,1
15,15,0.5,0.5015139579772949,0.5015139579772949,1788008996101001,1788008996469019392,403908,403909,1788008996465483520,1788008996473817088,0.4243005092407164,8.333683013916016,3.5359859466552734,1342.058375225322,534.781686309833,1,731.5977010775356,554.9732406962954,1
16,16,0.5333333333333333,0.5349509716033936,0.5349509716033936,1788008996134438,1788008996502457344,403912,403913,1788008996498816768,1788008996507149568,0.4369098712446352,8.33272933959961,3.6406517028808594,1342.1866498456222,534.849691298127,1,731.6284290555275,555.4472488122183,1
17,17,0.5666666666666667,0.5683879852294922,0.5683879852294922,1788008996167875,1788008996535895552,403916,403917,1788008996532148736,1788008996540481792,0.44962948127378327,8.332967758178711,3.7467479705810547,1342.3831603024587,535.2286164602847,1,731.6496336734767,555.8271677983038,1
18,18,0.6,0.6018168926239014,0.6018168926239014,1788008996201304,1788008996569325568,403920,403921,1788008996565481216,1788008996573815040,0.46130739522242886,8.333921432495117,3.8444995880126953,1342.5992508885738,535.9537047607439,1,731.7205943888966,556.1873512242621,1
19,19,0.6333333333333333,0.6352529525756836,0.6352529525756836,1788008996234740,1788008996602763264,403924,403925,1788008996598814464,1788008996607147520,0.47386340877228117,8.332967758178711,3.948688507080078,1342.669379399307,536.2854064023874,1,731.7814202108478,556.5336828653118,1
20,20,0.6666666666666666,0.6686899662017822,0.6686899662017822,1788008996268177,1788008996636201216,403928,403929,1788008996632146944,1788008996640479488,0.486552217453505,8.33272933959961,4.05430793762207,1342.7559196526533,536.3142585615585,1,731.8334760271323,556.959957879434,1
21,21,0.7,0.7021269798278809,0.7021269798278809,1788008996301614,1788008996669639424,403932,403933,1788008996665479168,1788008996673812992,0.49919894718773244,8.333683013916016,4.160165786743164,1343.018409483147,536.4006921391618,1,731.96966604485,557.387033468167,1
22,22,0.7333333333333333,0.7355639934539795,0.7355639934539795,1788008996335051,1788008996703077120,403936,403937,1788008996698812416,1788008996707145216,0.5117882689556509,8.33272933959961,4.068136215209961,1343.499793518176,536.6217886965652,1,732.1475155555818,557.7126575236842,1
23,23,0.7666666666666667,0.7690029144287109,0.7690029144287109,1788008996368490,1788008996736516864,403940,403941,1788008996732144640,1788008996740477440,0.5247060169952219,8.332967758178711,3.9606094360351562,1343.9521777983375,536.7723539287798,1,732.2425186728497,557.9534579072659,1
24,24,0.8,0.8024399280548096,0.8024399280548096,1788008996401927,1788008996769954560,403944,403945,1788008996765477888,1788008996773810944,0.5372378472718949,8.332967758178711,3.856182098388672,1344.2360872804843,536.852320115284,1,732.3066160602878,558.1786437492724,1
25,25,0.8333333333333334,0.8358759880065918,0.8358759880065918,1788008996435363,1788008996803392000,403948,403949,1788008996798810368,1788008996807143168,0.5498269005178679,8.332967758178711,3.7512779235839844,1344.4520913527595,537.0084312912707,1,732.3618832835593,558.525854073991,1
26,26,0.8666666666666667,0.8693130016326904,0.8693130016326904,1788008996468800,1788008996836830208,403952,403953,1788008996832142592,1788008996840476416,0.5624660277499642,8.333921432495117,3.646373748779297,1344.772627832733,537.5547644908738,1,732.398056362677,558.8644234120518,1
27,27,0.9,0.902742862701416,0.902742862701416,1788008996502230,1788008996870261248,403956,403957,1788008996865474816,1788008996873807616,0.5743919885550787,8.33272933959961,3.546476364135742,1345.2300664881948,538.0853337940312,1,732.3565639860103,559.1697837981745,1
28,28,0.9333333333333333,0.9361798763275146,0.9361798763275146,1788008996535667,1788008996903699456,403960,403961,1788008996898807296,1788008996907140096,0.5870958512160229,8.33272933959961,3.4406185150146484,1345.7553983144267,538.1904334285786,1,732.3326404405698,559.3818706382838,1
29,29,0.9666666666666667,0.969606876373291,0.969606876373291,1788008996569094,1788008996937127424,403964,403965,1788008996932139520,1788008996940473344,0.5985123730510656,8.333921432495117,3.345966339111328,1346.4983426302567,538.7247108958887,1,732.2148679962241,559.6603433782266,1
30,30,1.0,1.003044843673706,1.003044843673706,1788008996602532,1788008996970566400,403968,403969,1788008996965472768,1788008996973805568,0.6112557580612858,8.332967758178711,3.2393932342529297,1346.9187439100465,538.3201697727158,1,732.0183225561932,559.8612855652465,1
31,31,1.0333333333333334,1.0364818572998047,1.0364818572998047,1788008996635969,1788008997004004352,403972,403973,1788008996998804992,1788008997007139072,0.6238878558146188,8.333921432495117,3.134489059448242,1347.2656377894327,537.6795461529019,1,731.8197404478019,559.9317945146261,1
32,32,1.0666666666666667,1.0699219703674316,1.0699219703674316,1788008996669409,1788008997037446144,403976,403977,1788008997032138240,1788008997040471040,0.636967095851216,8.33272933959961,3.025054931640625,1347.6424582883612,537.0836776068109,1,731.692605253113,559.8147621179063,1
33,33,1.1,1.1033499240875244,1.1033499240875244,1788008996702837,1788008997070874880,403980,403981,1788008997065470720,1788008997073803520,0.648555078683834,8.33272933959961,2.928495407104492,1348.3145411261605,536.9446918193767,1,731.5129132718357,559.674747311388,1
34,34,1.1333333333333333,1.136786937713623,1.136786937713623,1788008996736274,1788008997104313088,403984,403985,1788008997098802944,1788008997107136768,0.6611832694398352,8.333683013916016,2.8235912322998047,1349.0887916953077,536.2574048221929,1,731.2709264457208,559.5358496651344,1
35,35,1.1666666666666667,1.170224905014038,1.170224905014038,1788008996769712,1788008997137752320,403988,403989,1788008997132136448,1788008997140468992,0.6739628040057225,8.33272933959961,2.7167797088623047,1349.7318654291907,535.2698299201259,1,730.923943592848,558.994486320443,1
36,36,1.2,1.2036528587341309,1.2036528587341309,1788008996803140,1788008997171181312,403992,403993,1788008997165468416,1788008997173801472,0.6855597836971761,8.332967758178711,2.620220184326172,1350.1998952152305,534.5027476765898,1,730.6024690823172,558.6715920475954,1
37,37,1.2333333333333334,1.2370898723602295,1.2370898723602295,1788008996836577,1788008997204619520,403996,403997,1788008997198800896,1788008997207134720,0.6981833786296667,8.333921432495117,2.5153160095214844,1350.5028803919345,533.932844566233,1,730.2369783515882,558.56842665805,1
38,38,1.2666666666666666,1.2705268859863281,1.2705268859863281,1788008996870014,1788008997238057728,404000,404001,1788008997232134144,1788008997240466944,0.7108809476123716,8.332967758178711,2.409219741821289,1351.0322896319994,531.4069099358971,1,729.8150904485605,558.643554253021,1
39,39,1.3,1.3039638996124268,1.3039638996124268,1788008996903451,1788008997271495936,404004,404005,1788008997265466368,1788008997273799168,0.7235765379113018,8.33272933959961,2.3033618927001953,1351.503988599622,530.0774979964732,1,729.2805109247781,558.6282318600045,1
40,40,1.3333333333333333,1.3374028205871582,1.3374028205871582,1788008996936890,1788008997304935680,404008,404009,1788008997298798848,1788008997307132416,0.7363964067059564,8.333683013916016,2.196788787841797,1351.6281525959394,527.1759315128766,1,728.6655150724825,558.2482070265903,1
41,41,1.3666666666666667,1.3708398342132568,1.3708398342132568,1788008996970327,1788008997338374144,404012,404013,1788008997332132096,1788008997340464896,0.749098712446352,8.33272933959961,2.0906925201416016,1351.3142866877565,526.5771420532993,1,728.5545155148772,558.00390859022,1
42,42,1.4,1.404275894165039,1.404275894165039,1788008997003763,1788008997371811328,404016,404017,1788008997365464320,1788008997373797120,0.7616949443506623,8.332967758178711,1.985788345336914,1351.3227711080822,529.2100323437115,1,728.653611692165,557.9897254317735,1
43,43,1.4333333333333333,1.4377129077911377,1.4377129077911377,1788008997037200,1788008997405249536,404020,404021,1788008997398797568,1788008997407130368,0.7742839975966352,8.332967758178711,1.8808841705322266,1351.3019980221177,530.4467693260535,1,728.711559014687,558.1598035044134,1
44,44,1.4666666666666666,1.4711430072784424,1.4711430072784424,1788008997070630,1788008997438680576,404024,404025,1788008997432129792,1788008997440462848,0.7861291522417099,8.332967758178711,1.7821788787841797,1351.1597791610875,531.5996173974264,1,728.792571874882,558.4769591903149,1
45,45,1.5,1.504580020904541,1.504580020904541,1788008997104067,1788008997472119808,404028,404029,1788008997465462272,1788008997473796096,0.7988556715777428,8.333921432495117,1.676321029663086,1351.0879568632627,532.4566435727667,1,728.7918593603849,558.2444629799018,1
46,46,1.5333333333333334,1.5380079746246338,1.5380079746246338,1788008997137495,1788008997505548800,404032,404033,1788008997498795520,1788008997507128320,0.8104434907010014,8.33272933959961,1.5795230865478516,1351.0273387315842,533.1115861859453,1,728.7593614858622,558.1266150371509,1
47,47,1.5666666666666667,1.5714459419250488,1.5714459419250488,1788008997170933,1788008997538987520,404036,404037,1788008997532127744,1788008997540460544,0.8232045779685264,8.33272933959961,1.4731884002685547,1351.1462283558221,533.4809195151057,1,728.6632220994358,558.3951900271869,1
48,48,1.6,1.6048829555511475,1.6048829555511475,1788008997204370,1788008997572425472,404040,404041,1788008997565460224,1788008997573793792,0.8357841734851519,8.333683013916016,1.3685226440429688,1351.792342043521,533.6202850152927,1,728.0326029055458,558.1034000688504,1
49,49,1.6333333333333333,1.638312816619873,1.638312816619873,1788008997237800,1788008997605856256,404044,404045,1788008997598793472,1788008997607126272,0.8475822603719599,8.33272933959961,1.2700557708740234,1352.4964828412947,534.1403071865506,1,727.2548043069457,557.8962869901458,1
50,50,1.6666666666666667,1.6717510223388672,1.6717510223388672,1788008997271238,1788008997639295488,404048,404049,1788008997632125696,1788008997640458496,0.8604331778776001,8.332967758178711,1.1630058288574219,1353.0353317094293,534.7192657618664,1,726.3380537239362,557.674447206055,1
51,51,1.7,1.7051780223846436,1.7051780223846436,1788008997304665,1788008997672723456,404052,404053,1788008997665457920,1788008997673792000,0.8718066084966385,8.333921432495117,1.0683536529541016,1353.5034651658234,534.8865230665419,1,725.400794367814,557.1902545727551,1
52,52,1.7333333333333334,1.7386159896850586,1.7386159896850586,1788008997338103,1788008997706162688,404056,404057,1788008997698791168,1788008997707123968,0.8846351931330472,8.33272933959961,0.9613037109375,1353.8496799008378,534.695000868705,1,724.8033659961638,557.4077414771076,1
53,53,1.7666666666666666,1.77205491065979,1.77205491065979,1788008997371542,1788008997739602688,404060,404061,1788008997732123648,1788008997740456448,0.8975679542203148,8.33272933959961,0.8535385131835938,1354.054922490365,533.8134201859984,1,724.2361222150432,557.4679357910081,1
54,54,1.8,1.8054828643798828,1.8054828643798828,1788008997404970,1788008997773031680,404064,404065,1788008997765455872,1788008997773789696,0.9090518967786233,8.333683013916016,0.7579326629638672,1354.0304475170292,533.7028895473497,1,723.9813499727878,558.1717298803493,1
55,55,1.8333333333333333,1.8389198780059814,1.8389198780059814,1788008997438407,1788008997806470144,404068,404069,1788008997798789376,1788008997807121920,0.9217739628040057,8.33272933959961,0.6518363952636719,1353.946901337784,533.7395768353996,1,724.0246407551145,558.9137419358597,1
56,56,1.8666666666666667,1.8723490238189697,1.8723490238189697,1788008997471836,1788008997839900416,404072,404073,1788008997832121344,1788008997840455168,0.9334286940351881,8.333921432495117,0.5548000335693359,1353.967663613072,534.460285628153,1,724.004185495074,559.4985861433353,1
57,57,1.9,1.9057869911193848,1.9057869911193848,1788008997505274,1788008997873339648,404076,404077,1788008997865453824,1788008997873786624,0.9463534662813653,8.332967758178711,0.4470348358154297,1354.0733563250737,534.7613691295186,1,723.9173860783616,560.0797017606117,1
58,58,1.9333333333333333,1.9392240047454834,1.9392240047454834,1788008997538711,1788008997906777600,404080,404081,1788008997898786048,1788008997907118848,0.9590557939914163,8.33272933959961,0.34117698669433594,1354.2265509825552,535.0186866419474,1,723.8674349445023,559.9850720235023,1
59,59,1.9666666666666666,1.972653865814209,1.972653865814209,1788008997572141,1788008997940208640,404084,404085,1788008997932118528,1788008997940452096,0.970790181381244,8.333683013916016,0.2434253692626953,1354.0847960300557,534.8901066796709,1,723.7680423847964,560.2086430976558,1
60,60,2.0,2.006091833114624,2.006091833114624,1788008997605579,1788008997973647872,404088,404089,1788008997965451776,1788008997973784320,0.9836051502145923,8.33272933959961,0.1366138458251953,1353.8812795789163,536.6539284791124,1,723.8668973661165,560.7279114441505,1
61,61,2.033333333333333,2.0395278930664062,2.0395278930664062,1788008997639015,1788008998007085056,404092,404093,1788008997998783744,1788008998007116800,0.9961946725415581,8.332967758178711,0.03170967102050781,1353.8427802989058,536.9916005240927,1,723.9765653523614,560.6594469180684,1
62,62,2.066666666666667,2.072957992553711,2.072957992553711,1788008997672445,1788008998040516352,404097,404098,1788008998040450048,1788008998048782848,0.007954220314735336,8.33272933959961,0.06628036499023438,1353.890486811973,537.4807474424636,1,724.0833348438377,560.5257991665535,1
63,63,2.1,2.1063950061798096,2.1063950061798096,1788008997705882,1788008998073954048,404101,404102,1788008998073782528,1788008998082116096,0.020598500886879898,8.333683013916016,0.171661376953125,1354.088125296675,538.2233926887927,1,724.1077155874962,560.2561417824913,1
64,64,2.1333333333333333,2.1398229598999023,2.1398229598999023,1788008997739310,1788008998107383040,404105,404106,1788008998107115776,1788008998115448576,0.03207439198855508,8.33272933959961,0.26726722717285156,1354.1377334937663,538.0297562776504,1,724.148665088714,560.0911725787229,1
65,65,2.1666666666666665,2.173259973526001,2.173259973526001,1788008997772747,1788008998140820736,404109,404110,1788008998140447744,1788008998148780800,0.04474836199250379,8.332967758178711,0.37288665771484375,1353.9788468828556,537.7044094478603,1,724.3627876492153,560.1949568872874,1
66,66,2.2,2.206699848175049,2.206699848175049,1788008997806187,1788008998174261760,404113,404114,1788008998173780224,1788008998182114048,0.057788585323987986,8.333921432495117,0.48160552978515625,1353.8236840990608,537.2465471143282,1,724.9621514711093,560.0421459804535,1
67,67,2.2333333333333334,2.2401280403137207,2.2401280403137207,1788008997839615,1788008998207691264,404117,404118,1788008998207113472,1788008998215446528,0.06932562730680095,8.332967758178711,0.5776882171630859,1354.120198031611,538.4305337267022,1,725.8310072671114,559.8973050085366,1
68,68,2.2666666666666666,2.2735648155212402,2.2735648155212402,1788008997873052,1788008998241129216,404121,404122,1788008998240445952,1788008998248778496,0.08200286123032904,8.33272933959961,0.6833076477050781,1354.3012665904025,539.2012682520833,1,726.8954271720311,560.4250013609212,1
69,69,2.3,2.306994915008545,2.306994915008545,1788008997906482,1788008998274560512,404125,404126,1788008998273778176,1788008998282112000,0.09386622418035132,8.333683013916016,0.7822513580322266,1354.373935801898,539.8452036310546,1,728.0165580712747,561.0032023505671,1
70,70,2.3333333333333335,2.3404319286346436,2.3404319286346436,1788008997939919,1788008998307998464,404129,404130,1788008998307111424,1788008998315444224,0.10643776824034334,8.33272933959961,0.8869171142578125,1354.5681939783644,540.3516376657307,1,728.8283613768253,561.5856161429701,1
71,71,2.3666666666666667,2.3738620281219482,2.3738620281219482,1788008997973349,1788008998341429504,404133,404134,1788008998340443648,1788008998348776704,0.11830848902749563,8.332967758178711,0.9858608245849609,1355.1061497886703,540.2979576969229,1,729.0845474652897,561.8705370794522,1
72,72,2.4,2.407289981842041,2.407289981842041,1788008998006777,1788008998374858496,404137,404138,1788008998373775872,1788008998382109952,0.12990988413674726,8.333921432495117,1.0826587677001953,1355.0520756954759,540.5530120872721,1,729.0815353440124,561.6102629356185,1
73,73,2.433333333333333,2.4407198429107666,2.4407198429107666,1788008998040207,1788008998408289792,404141,404142,1788008998407109376,1788008998415442176,0.14165546050184544,8.332967758178711,1.180410385131836,1354.8760050640112,541.5553602317988,1,728.9766129620717,561.6012402704703,1
74,74,2.466666666666667,2.4741568565368652,2.4741568565368652,1788008998073644,1788008998441728000,404145,404146,1788008998440441600,1788008998448775424,0.1543412959519382,8.333921432495117,1.2862682342529297,1354.418895635152,542.8710509763466,1,729.2836606880965,560.8473153120432,1
75,75,2.5,2.5075879096984863,2.5075879096984863,1788008998107075,1788008998475159808,404149,404150,1788008998473774848,1788008998482107648,0.16620886981402003,8.33272933959961,1.3849735260009766,1353.1418927991629,544.1552887176042,1,729.5911640516379,560.2179825441235,1
76,76,2.533333333333333,2.541024923324585,2.541024923324585,1788008998140512,1788008998508598272,404153,404154,1788008998507107328,1788008998515439872,0.17894134477825466,8.33272933959961,1.4910697937011719,1351.9028355496494,543.5340628639977,1,729.8838088320169,559.8976414624238,1
77,77,2.566666666666667,2.5744528770446777,2.5744528770446777,1788008998173940,1788008998542027520,404157,404158,1788008998540439552,1788008998548773376,0.19053613320363907,8.333683013916016,1.5878677368164062,1351.3551904742303,542.4081760969586,1,729.8725618381594,559.7405062579425,1
78,78,2.6,2.6078829765319824,2.6078829765319824,1788008998207370,1788008998575458816,404161,404162,1788008998573772800,1788008998582105600,0.2023175965665236,8.33272933959961,1.6858577728271484,1350.534346945809,542.040546379197,1,729.5633419642495,559.4791737081677,1
79,79,2.6333333333333333,2.6413209438323975,2.6413209438323975,1788008998240808,1788008998608898048,404165,404166,1788008998607105024,1788008998615438080,0.2151583645675374,8.332967758178711,1.79290771484375,1349.4419716457062,542.0659513905922,1,728.5202885672334,559.6088678144699,1
80,80,2.6666666666666665,2.674751043319702,2.674751043319702,1788008998274238,1788008998642329088,404169,404170,1788008998640437248,1788008998648771328,0.2269775425547132,8.333921432495117,1.8916130065917969,1348.1303054963323,542.3727172986196,1,728.0962959953704,559.2839785724998,1
81,81,2.7,2.708185911178589,2.708185911178589,1788008998307673,1788008998675764736,404173,404174,1788008998673770752,1788008998682103296,0.23931330472103005,8.33272933959961,1.9941329956054688,1347.0242493761975,542.6641044140661,1,728.4290263698156,558.8766578455659,1
82,82,2.7333333333333334,2.7416160106658936,2.7416160106658936,1788008998341103,1788008998709196032,404177,404178,1788008998707102976,1788008998715435776,0.2511874105865522,8.33272933959961,2.093076705932617,1345.9467191366105,543.3174281179697,1,728.6972865336406,558.9200444559567,1
83,83,2.7666666666666666,2.775045871734619,2.775045871734619,1788008998374533,1788008998742627072,404181,404182,1788008998740435456,1788008998748769024,0.2630028036848429,8.333683013916016,2.191781997680664,1345.5865874392098,544.0406747150882,1,728.9460109903682,559.1881934930739,1
84,84,2.8,2.8084828853607178,2.8084828853607178,1788008998407970,1788008998776065536,404185,404186,1788008998773768704,1788008998782101504,0.27565092989985696,8.33272933959961,2.296924591064453,1345.5798618067865,545.279965473394,1,728.9818098228682,559.6921536117087,1
85,85,2.8333333333333335,2.8419058322906494,2.8419058322906494,1788008998441393,1788008998809489664,404189,404190,1788008998807100672,1788008998815433728,0.28668707619238365,8.332967758178711,2.3889541625976562,1345.5513724684997,545.9613004978092,1,728.82343090588,559.6790278230536,1
86,86,2.8666666666666667,2.875342845916748,2.875342845916748,1788008998474830,1788008998842927616,404193,404194,1788008998840433152,1788008998848766976,0.2993277070519239,8.333921432495117,2.4945735931396484,1345.5247735137668,546.8727360600839,1,728.5788164938921,559.4948852120924,1
87,87,2.9,2.9087729454040527,2.9087729454040527,1788008998508260,1788008998876358656,404197,404198,1788008998873765376,1788008998882098176,0.3112160228898426,8.33272933959961,2.5932788848876953,1345.6167598626957,547.3729389699309,1,728.2554498864729,559.8206813255426,1
88,88,2.933333333333333,2.942201852798462,2.942201852798462,1788008998541689,1788008998909788928,404201,404202,1788008998907097856,1788008998915431424,0.322910110430852,8.333683013916016,2.691030502319336,1345.762578593643,547.3484376233857,1,727.8134973541398,560.0045735579816,1
89,89,2.966666666666667,2.9756319522857666,2.9756319522857666,1788008998575119,1788008998943220224,404205,404206,1788008998940431104,1788008998948763904,0.33470672389127326,8.33272933959961,2.789020538330078,1346.132472549154,548.1008654891723,1,727.2813754640426,560.8552721033511,1
90,90,3.0,3.009060859680176,3.009060859680176,1788008998608548,1788008998976649984,404209,404210,1788008998973763328,1788008998982096128,0.34642785614145516,8.332967758178711,2.8867721557617188,1346.1530534702647,548.1398260221076,1,726.5467901420438,560.3300676602485,1
91,91,3.033333333333333,3.042490005493164,3.042490005493164,1788008998641977,1788008999010080256,404213,404214,1788008999007095552,1788008999015429376,0.35814618795594333,8.333921432495117,2.984762191772461,1346.0626631842479,547.4919384029066,1,726.2189208987752,559.8880743893458,1
92,92,3.066666666666667,3.075925827026367,3.075925827026367,1788008998675413,1788008999043517440,404217,404218,1788008999040428800,1788008999048761856,0.3706331721553031,8.332967758178711,3.0884742736816406,1345.9896669487505,547.5075943838959,1,725.8258814776405,560.1466426822233,1
93,93,3.1,3.1093578338623047,3.1093578338623047,1788008998708845,1788008999076950528,404221,404222,1788008999073761280,1788008999082095104,0.38269203261336004,8.333921432495117,3.1893253326416016,1346.2989249608602,547.6446145667043,1,725.6296911719934,560.1978423391743,1
94,94,3.1333333333333333,3.142786979675293,3.142786979675293,1788008998742274,1788008999110380800,404225,404226,1788008999107094528,1788008999115427328,0.3943919885550787,8.33272933959961,3.2863616943359375,1346.9646950646174,547.9215844404468,1,725.4371913746608,559.948935546217,1
95,95,3.1666666666666665,3.176218032836914,3.176218032836914,1788008998775705,1788008999143813120,404229,404230,1788008999140426752,1788008999148759552,0.4063805436337625,8.33272933959961,3.386259078979492,1347.6391433758336,548.169774383047,1,725.2907756402326,559.4389039548109,1
96,96,3.2,3.209653854370117,3.209653854370117,1788008998809141,1788008999177250048,404233,404234,1788008999173759232,1788008999182092800,0.41889340275791037,8.333683013916016,3.490924835205078,1348.1450118934533,547.7034690008979,1,725.1927920233153,558.1477542805089,1
97,97,3.2333333333333334,3.2430830001831055,3.2430830001831055,1788008998842570,1788008999210680576,404237,404238,1788008999207092480,1788008999215425280,0.4305865522174535,8.33272933959961,3.587961196899414,1348.2870750811421,547.421933257426,1,725.0779886974245,557.5997658950794,1
98,98,3.2666666666666666,3.276512861251831,3.276512861251831,1788008998876000,1788008999244111616,404241,404242,1788008999240424704,1788008999248757504,0.44244799862664874,8.332967758178711,3.6869049072265625,1348.244175518482,547.0735134657989,1,724.9139753506383,557.1750532106155,1
99,99,3.3,3.3099420070648193,3.3099420070648193,1788008998909429,1788008999277541632,404245,404246,1788008999273756928,1788008999282091008,0.45412673437276496,8.333921432495117,3.784656524658203,1348.1892453896737,546.8058908156839,1,724.8880220972434,556.779727315975,1
100,100,3.3333333333333335,3.343371868133545,3.343371868133545,1788008998942859,1788008999310972160,404249,404250,1788008999307090176,1788008999315422976,0.46586552217453503,8.33272933959961,3.8819313049316406,1348.423633780199,546.6595594672355,1,724.997550740391,556.4567847229333,1
101,101,3.3666666666666667,3.3768019676208496,3.3768019676208496,1788008998976289,1788008999344403200,404253,404254,1788008999340422656,1788008999348755456,0.47771101573676683,8.33272933959961,3.9806365966796875,1348.762254779272,546.7337023936976,1,724.9766625398073,556.0808167658757,1
102,102,3.4,3.4102399349212646,3.4102399349212646,1788008999009727,1788008999377841920,404257,404258,1788008999373754880,1788008999382088704,0.4904159752817989,8.333683013916016,4.086971282958984,1348.8479188808892,546.5409284979713,1,724.9963435706377,556.0898257475632,1
103,103,3.433333333333333,3.4436678886413574,3.4436678886413574,1788008999043155,1788008999411271168,404261,404262,1788008999407088384,1788008999415420928,0.5019742489270387,8.33272933959961,4.149913787841797,1348.954244385333,546.1131395274284,1,725.0031237636952,556.2330960458726,1
104,104,3.466666666666667,3.4770989418029785,3.4770989418029785,1788008999076586,1788008999444703232,404265,404266,1788008999440420352,1788008999448753408,0.5139767102514949,8.332967758178711,4.050016403198242,1349.0036390894143,545.6467942525173,1,725.0657317103437,556.0876350621024,1
105,105,3.5,3.510535955429077,3.510535955429077,1788008999110023,1788008999478141696,404269,404270,1788008999473753600,1788008999482086656,0.5265943749821178,8.332967758178711,3.944873809814453,1349.1632782512547,545.4547187053421,1,725.4206476251741,555.8277377378955,1
106,106,3.533333333333333,3.5439648628234863,3.5439648628234863,1788008999143452,1788008999511571968,404273,404274,1788008999507086080,1788008999515418880,0.5383250836885926,8.332967758178711,3.8471221923828125,1348.7418497796975,544.7000331022507,1,725.7877550188314,555.2435688694613,1
107,107,3.566666666666667,3.5774009227752686,3.5774009227752686,1788008999176888,1788008999545008896,404277,404278,1788008999540418304,1788008999548752384,0.5508224860534974,8.333921432495117,3.743410110473633,1348.3198789240928,545.1849858733109,1,726.0485878502428,554.545641968954,1
108,108,3.6,3.6108310222625732,3.6108310222625732,1788008999210318,1788008999578439936,404281,404282,1788008999573751808,1788008999582084352,0.5626323319027182,8.33272933959961,3.6444664001464844,1348.1692829746326,545.6786278182125,1,726.361599079103,554.1682757059225,1
109,109,3.6333333333333333,3.644268035888672,3.644268035888672,1788008999243755,1788008999611878144,404285,404286,1788008999607084032,1788008999615416832,0.5753361945636624,8.33272933959961,3.5386085510253906,1347.752103090444,545.7216326123078,1,726.9458067169411,553.6437326571966,1
110,110,3.6666666666666665,3.6777069568634033,3.6777069568634033,1788008999277194,1788008999645318144,404289,404290,1788008999640416256,1788008999648750080,0.5882134172507509,8.333921432495117,3.4317970275878906,1346.6828921866168,545.1875120127931,1,727.6116408749921,553.1520505727508,1
111,111,3.7,3.7111358642578125,3.7111358642578125,1788008999310623,1788008999678748416,404293,404294,1788008999673749504,1788008999682082304,0.5998969986552602,8.332967758178711,3.33404541015625,1345.4952257109514,544.0427418717543,1,728.5606159158622,552.6080478022625,1
112,112,3.7333333333333334,3.744565963745117,3.744565963745117,1788008999344053,1788008999712179712,404297,404298,1788008999707081728,1788008999715414784,0.6117707647849847,8.332967758178711,3.2351016998291016,1344.7900452383465,543.188080831597,1,729.7139749857216,552.3191287973171,1
113,113,3.7666666666666666,3.7779948711395264,3.7779948711395264,1788008999377482,1788008999745609472,404301,404302,1788008999740414208,1788008999748748032,0.6234015162351595,8.333921432495117,3.1385421752929688,1344.144145771129,541.9542232752569,1,730.5841142005127,552.0494246259776,1
114,114,3.8,3.811424970626831,3.811424970626831,1788008999410912,1788008999779040768,404305,404306,1788008999773747456,1788008999782080256,0.6352503576537911,8.33272933959961,3.0393600463867188,1343.4116653050974,541.4200496912767,1,731.3871098448574,552.0281220907464,1
115,115,3.8333333333333335,3.8448610305786133,3.8448610305786133,1788008999444348,1788008999812477952,404309,404310,1788008999807079680,1788008999815412480,0.6478397711015736,8.33272933959961,2.9344558715820312,1342.711072312862,541.5153846025995,1,732.3750584051114,552.2040368184734,1
116,116,3.8666666666666667,3.878290891647339,3.878290891647339,1788008999477778,1788008999845908992,404313,404314,1788008999840412160,1788008999848745728,0.6596097728443097,8.333683013916016,2.8367042541503906,1342.3722093132048,542.0996713827745,1,733.3022216843566,552.3941038368151,1
117,117,3.9,3.911720037460327,3.911720037460327,1788008999511207,1788008999879339264,404317,404318,1788008999873744128,1788008999882077184,0.6714257102801064,8.332967758178711,2.7379989624023438,1341.8468602117584,542.8233088535242,1,734.1756897703352,553.0644491293681,1
118,118,3.933333333333333,3.945158004760742,3.945158004760742,1788008999544645,1788008999912778496,404321,404322,1788008999907076608,1788008999915410432,0.6841653554570162,8.333921432495117,2.63214111328125,1341.50404907027,543.2910254881948,1,734.7270881268554,553.3615640751887,1
119,119,3.966666666666667,3.9785878658294678,3.9785878658294678,1788008999578075,1788008999946209536,404325,404326,1788008999940409856,1788008999948742656,0.695994277539342,8.33272933959961,2.5331974029541016,1340.9547192634645,543.7573521714055,1,734.9611502149896,554.0354893566889,1
120,120,4.0,4.012024879455566,4.012024879455566,1788008999611512,1788008999979647744,404329,404330,1788008999973742336,1788008999982074880,0.7086981402002861,8.33272933959961,2.427339553833008,1340.8028150593382,543.8411230698722,1,735.228710445541,554.6329944635052,1
121,121,4.033333333333333,4.045454978942871,4.045454978942871,1788008999644942,1788009000013079040,404333,404334,1788009000007074560,1788009000015408384,0.7204897865766436,8.333683013916016,2.3293495178222656,1340.8373407042345,543.348981779985,1,735.0256709240044,555.1609842011785,1
122,122,4.066666666666666,4.078891038894653,4.078891038894653,1788008999678378,1788009000046516224,404337,404338,1788009000040407808,1788009000048740608,0.7330472103004292,8.33272933959961,2.224445343017578,1341.1471382471557,543.2510436558601,1,734.7830791474097,555.5875636406696,1
123,123,4.1,4.112320899963379,4.112320899963379,1788008999711808,1788009000079947264,404341,404342,1788009000073740032,1788009000082073088,0.7449000028611484,8.332967758178711,2.1257400512695312,1341.5851868907594,543.2228085437524,1,734.4500797878013,555.8896879997718,1
124,124,4.133333333333334,4.145750999450684,4.145750999450684,1788008999745238,1788009000113378560,404345,404346,1788009000107072256,1788009000115406336,0.7566871692175654,8.333921432495117,2.027750015258789,1341.6437135449987,542.9312035112127,1,734.0430268621146,556.0728451319765,1
125,125,4.166666666666667,4.179178953170776,4.179178953170776,1788008999778666,1788009000146807552,404349,404350,1788009000140405760,1788009000148738560,0.7682469743354983,8.332967758178711,1.9311904907226562,1341.659793970891,542.8637135651352,1,733.7964074498485,556.2415263680995,1
126,126,4.2,4.212615966796875,4.212615966796875,1788008999812103,1788009000180245760,404353,404354,1788009000173737984,1788009000182071808,0.7808611071377486,8.333921432495117,1.8262863159179688,1341.7401595611386,542.8222663860074,1,733.7719755619788,556.3036534769693,1
127,127,4.233333333333333,4.246045827865601,4.246045827865601,1788008999845533,1788009000213676544,404357,404358,1788009000207071232,1788009000215404032,0.7926752503576537,8.33272933959961,1.7275810241699219,1341.7188605944596,542.4993703546422,1,733.814266165878,556.2368713069358,1
128,128,4.266666666666667,4.279484033584595,4.279484033584595,1788008999878971,1788009000247115776,404361,404362,1788009000240403712,1788009000248736256,0.80552217453505,8.33272933959961,1.6205310821533203,1341.697894770406,542.410932008401,1,733.8252132822358,556.1935305268645,1
129,129,4.3,4.312912940979004,4.312912940979004,1788008999912400,1788009000280546048,404365,404366,1788009000273735680,1788009000282069760,0.8171649263338578,8.333921432495117,1.523733139038086,1341.6573215621786,542.4447100843013,1,733.7387136430114,555.7588199822146,1
130,130,4.333333333333333,4.346343040466309,4.346343040466309,1788008999945830,1788009000313977344,404369,404370,1788009000307069184,1788009000315401984,0.8290177677319676,8.332967758178711,1.4247894287109375,1341.5820274732253,542.5897405376373,1,733.747126895109,555.2986881928547,1
131,131,4.366666666666666,4.379771947860718,4.379771947860718,1788008999979259,1788009000347407360,404373,404374,1788009000340401408,1788009000348734464,0.8407484764384424,8.332967758178711,1.3270378112792969,1341.5160185444145,542.735150130521,1,733.5837161589826,554.7161699677301,1
132,132,4.4,4.413203001022339,4.413203001022339,1788009000012690,1788009000380839680,404377,404378,1788009000373733632,1788009000382067712,0.8526391074238306,8.333921432495117,1.2280941009521484,1341.5453813204167,542.7109705181049,1,733.4195014470847,554.3446963934009,1
133,133,4.433333333333334,4.446635007858276,4.446635007858276,1788009000046122,1788009000414272768,404381,404382,1788009000407067136,1788009000415399680,0.8647496423462089,8.33272933959961,1.127004623413086,1341.6452375709757,542.5304980556452,1,733.2431379563922,554.0334893000465,1
134,134,4.466666666666667,4.480060815811157,4.480060815811157,1788009000079548,1788009000447699456,404385,404386,1788009000440399360,1788009000448732160,0.8760801144492132,8.33272933959961,1.0325908660888672,1341.8088436340686,541.8053912402216,1,732.9824569509935,553.7527266012969,1
135,135,4.5,4.513490915298462,4.513490915298462,1788009000112978,1788009000481130752,404389,404390,1788009000473731840,1788009000482065408,0.8878526062825428,8.333683013916016,0.934600830078125,1341.904246898192,540.678736759029,1,732.5760422375259,553.3538718510825,1
136,136,4.533333333333333,4.5469279289245605,4.5469279289245605,1788009000146415,1788009000514568960,404393,404394,1788009000507065088,1788009000515397888,0.9005436337625179,8.33272933959961,0.8287429809570312,1342.053603049552,540.2050414245242,1,732.5876957297468,553.096449832644,1
137,137,4.566666666666666,4.58035683631897,4.58035683631897,1788009000179844,1788009000547999232,404397,404398,1788009000540397056,1788009000548731136,0.9121727935917608,8.333921432495117,0.7319450378417969,1342.3770778818975,539.8943356824828,1,732.7549721908974,553.1447089871548,1
138,138,4.6,4.613795042037964,4.613795042037964,1788009000213282,1788009000581438464,404401,404402,1788009000573730560,1788009000582063360,0.9250092987325113,8.332967758178711,0.6248950958251953,1342.8083284938039,539.5963108577305,1,732.9712877057133,553.1767891284123,1
139,139,4.633333333333334,4.6472249031066895,4.6472249031066895,1788009000246712,1788009000614868992,404405,404406,1788009000607062784,1788009000615395584,0.9368240343347639,8.33272933959961,0.52642822265625,1343.4242378009815,540.478723763544,1,733.1575983697176,553.3187607338887,1
140,140,4.666666666666667,4.680660009384155,4.680660009384155,1788009000280147,1788009000648304896,404409,404410,1788009000640395264,1788009000648728832,0.9491331464210104,8.333683013916016,0.4239082336425781,1344.5039934440447,541.830553340377,1,733.624088677356,553.326852712243,1
141,141,4.7,4.714090824127197,4.714090824127197,1788009000313578,1788009000681736448,404413,404414,1788009000673728512,1788009000682061312,0.961030042918455,8.33272933959961,0.3247261047363281,1345.617142006637,542.7482420378581,1,733.7524283210017,553.6877976933866,1
142,142,4.733333333333333,4.747514009475708,4.747514009475708,1788009000347001,1788009000715160832,404417,404418,1788009000707060736,1788009000715393536,0.972074391988555,8.33272933959961,0.232696533203125,1347.2942335388327,542.9900655372522,1,733.9681752835387,553.5032630718359,1
143,143,4.766666666666667,4.780942916870117,4.780942916870117,1788009000380430,1788009000748590848,404421,404422,1788009000740392960,1788009000748726784,0.983693319982835,8.333921432495117,0.13589859008789062,1347.6177231739973,543.5165771992972,1,733.9215202041169,553.0333668972763,1
144,144,4.8,4.814373016357422,4.814373016357422,1788009000413860,1788009000782022144,404425,404426,1788009000773726208,1788009000782059264,0.9955652198792595,8.332967758178711,0.03695487976074219,1347.7112290757661,543.1236359007017,1,733.902311815074,553.0704511366469,1
145,145,4.833333333333333,4.8478100299835205,4.8478100299835205,1788009000447297,1788009000815460352,404430,404431,1788009000815391488,1788009000823725312,0.008268009383761515,8.333683013916016,0.06890296936035156,1348.4183560550705,542.078913872807,1,733.7843138179595,553.1513855212346,1
146,146,4.866666666666666,4.88123893737793,4.88123893737793,1788009000480726,1788009000848890624,404434,404435,1788009000848724736,1788009000857057536,0.01988555078683834,8.33272933959961,0.16570091247558594,1349.1099884848645,542.1728262377841,1,733.8728598186849,553.0254614745869,1
147,147,4.9,4.914669036865234,4.914669036865234,1788009000514156,1788009000882321920,404438,404439,1788009000882055936,1788009000890390016,0.03189815477041911,8.333921432495117,0.2658367156982422,1350.0179507014163,542.6533693333603,1,733.5549509206589,552.8260347665519,1
148,148,4.933333333333334,4.94809103012085,4.94809103012085,1788009000547578,1788009000915744768,404442,404443,1788009000915389184,1788009000923722240,0.04265972361305828,8.332967758178711,0.3554821014404297,1350.8664902270698,543.0823855300672,1,732.8756581897977,552.4918349768567,1
149,149,4.966666666666667,4.981526851654053,4.981526851654053,1788009000581014,1788009000949181696,404446,404447,1788009000948721664,1788009000957054464,0.055221745350500714,8.33272933959961,0.4601478576660156,1351.2502800721077,543.1692338695118,1,731.4397595123963,551.7013322465687,1
150,150,5.0,5.014956951141357,5.014956951141357,1788009000614444,1788009000982612992,404450,404451,1788009000982053888,1788009000990387712,0.06708817302740745,8.333683013916016,0.5590915679931641,1351.7651432654884,544.2797882974128,1,730.1185801208734,552.745594408333,1
151,151,5.033333333333333,5.048393964767456,5.048393964767456,1788009000647881,1788009001016051200,404454,404455,1788009001015387392,1788009001023719936,0.07968526466380543,8.33272933959961,0.6639957427978516,1351.821349635304,545.8117504096284,1,729.6003411164387,552.060413584545,1
152,152,5.066666666666666,5.081823825836182,5.081823825836182,1788009000681311,1788009001049482240,404458,404459,1788009001048719360,1788009001057052416,0.09155675087980315,8.332967758178711,0.762939453125,1351.725072304154,546.6732144925732,1,729.196078874278,550.8845111391292,1
153,153,5.1,5.115253925323486,5.115253925323486,1788009000714741,1788009001082913536,404462,404463,1788009001082051840,1788009001090385664,0.10341868116149334,8.333921432495117,0.8618831634521484,1352.0483282927128,547.4303861136602,1,728.5992044468433,551.1949056917512,1
154,154,5.133333333333334,5.148690938949585,5.148690938949585,1788009000748178,1788009001116351744,404466,404467,1788009001115385088,1788009001123718144,0.11601957025550055,8.332967758178711,0.9667873382568359,1351.7936914791771,546.9038117256423,1,728.1058785376088,551.5791878549459,1
155,155,5.166666666666667,5.18212103843689,5.18212103843689,1788009000781608,1788009001149782784,404470,404471,1788009001148717312,1788009001157050112,0.1278683834048641,8.33272933959961,1.0654926300048828,1351.8702996089928,547.9257071489799,1,727.7580125558306,551.7944723542154,1
156,156,5.2,5.215558052062988,5.215558052062988,1788009000815045,1788009001183220992,404474,404475,1788009001182050816,1788009001190383360,0.14045779685264664,8.33272933959961,1.1703968048095703,1352.005129290841,549.0015579996656,1,727.436612721029,552.5072552932311,1
157,157,5.233333333333333,5.2489869594573975,5.2489869594573975,1788009000848474,1788009001216651264,404478,404479,1788009001215383040,1788009001223715840,0.15218884120171675,8.33272933959961,1.268148422241211,1352.0056397662572,549.4688287573725,1,727.2444832633262,552.7891012473573,1
158,158,5.266666666666667,5.282423973083496,5.282423973083496,1788009000881911,1788009001250089472,404482,404483,1788009001248715520,1788009001257049088,0.16487383418206786,8.333683013916016,1.3740062713623047,1352.1807669407096,549.4544142943223,1,727.2231297382704,553.1494108288712,1
159,159,5.3,5.315852880477905,5.315852880477905,1788009000915340,1788009001283519232,404486,404487,1788009001282048512,1788009001290381312,0.17650424880547053,8.332967758178711,1.470804214477539,1352.1527881339905,548.5092387250753,1,727.1532826655372,553.6162543034051,1
160,160,5.333333333333333,5.34929084777832,5.34929084777832,1788009000948778,1788009001316958720,404490,404491,1788009001315380736,1788009001323713792,0.18935080541329288,8.332967758178711,1.5778541564941406,1352.4260520611415,547.9393050404891,1,727.1013751904179,553.3737230438168,1
161,161,5.366666666666666,5.382727861404419,5.382727861404419,1788009000982215,1788009001350396928,404494,404495,1788009001348713216,1788009001357047040,0.2020311829495065,8.333921432495117,1.6837120056152344,1352.8389085393492,547.5157211629287,1,727.2119665591731,553.3933547750939,1
162,162,5.4,5.416157960891724,5.416157960891724,1788009001015645,1788009001383827968,404498,404499,1788009001382046464,1788009001390379264,0.21379113018597998,8.33272933959961,1.781463623046875,1353.0898709894955,547.7556457050957,1,727.6042914940309,553.4431283092803,1
163,163,5.433333333333334,5.449594974517822,5.449594974517822,1788009001049082,1788009001417266176,404502,404503,1788009001415378688,1788009001423711488,0.22649499284692418,8.33272933959961,1.8873214721679688,1354.0939483864558,548.5454372023739,1,727.9385982930542,553.3866028152776,1
164,164,5.466666666666667,5.483031988143921,5.483031988143921,1788009001082519,1788009001450704384,404506,404507,1788009001448711168,1788009001457044736,0.23917148251988327,8.333683013916016,1.9931793212890625,1354.183425244254,549.1690609104572,1,728.4443202200006,553.2981541326435,1
165,165,5.5,5.5164618492126465,5.5164618492126465,1788009001115949,1788009001484135424,404510,404511,1788009001482044416,1788009001490377216,0.2509298998569385,8.33272933959961,2.090930938720703,1354.1037088102091,549.1837698795168,1,728.9109748305771,553.4450508933035,1
166,166,5.533333333333333,5.549890995025635,5.549890995025635,1788009001149378,1788009001517565696,404514,404515,1788009001515376640,1788009001523709440,0.2627106520557352,8.332967758178711,2.189159393310547,1354.0519962225262,549.1216902347065,1,729.0910977203371,553.6740142823836,1
167,167,5.566666666666666,5.5833258628845215,5.5833258628845215,1788009001182813,1788009001551001856,404518,404519,1788009001548708864,1788009001557042944,0.2751251609211844,8.333921432495117,2.2928714752197266,1354.087236697805,548.2378596353669,1,729.3410968684461,554.1957980300477,1
168,168,5.6,5.616756916046143,5.616756916046143,1788009001216244,1788009001584433920,404522,404523,1788009001582042112,1788009001590374912,0.28703862660944207,8.33272933959961,2.391815185546875,1354.2898758145259,547.8810909887582,1,729.3458937032127,553.9609514257919,1
169,169,5.633333333333334,5.650187015533447,5.650187015533447,1788009001249674,1788009001617864960,404526,404527,1788009001615374592,1788009001623708160,0.29884991703381586,8.333683013916016,2.490520477294922,1354.182355612089,547.3453847767792,1,729.2345513125271,553.7793405919443,1
170,170,5.666666666666667,5.683624029159546,5.683624029159546,1788009001283111,1788009001651303168,404530,404531,1788009001648707840,1788009001657040640,0.31147353361945634,8.33272933959961,2.5954246520996094,1353.9009534302886,546.8631434692406,1,729.1654884373035,553.4523192847963,1
171,171,5.7,5.7170538902282715,5.7170538902282715,1788009001316541,1788009001684734464,404534,404535,1788009001682040320,1788009001690372864,0.32331902718168815,8.33272933959961,2.6941299438476562,1353.8471052757145,545.7110710648475,1,728.9426634897383,552.645116898143,1
172,172,5.733333333333333,5.7504918575286865,5.7504918575286865,1788009001349979,1788009001718173440,404538,404539,1788009001715372288,1788009001723706368,0.3361178658274925,8.333921432495117,2.801179885864258,1353.6812703100557,543.449465176727,1,728.8860503262563,552.0449734437962,1
173,173,5.766666666666667,5.783920049667358,5.783920049667358,1788009001383407,1788009001751602944,404542,404543,1788009001748705536,1788009001757038592,0.3476867614660525,8.332967758178711,2.8972625732421875,1352.8443040399975,540.2423009436837,1,728.2306523905046,550.7299815190166,1
174,174,5.8,5.817349910736084,5.817349910736084,1788009001416837,1788009001785033728,404546,404547,1788009001782038016,1788009001790370816,0.35950330462647706,8.332967758178711,2.995729446411133,1352.6146608726283,537.9010586168123,1,727.1205587573079,548.2932469748023,1
175,175,5.833333333333333,5.850785970687866,5.850785970687866,1788009001450273,1788009001818470912,404550,404551,1788009001815370240,1788009001823704320,0.3720497782863682,8.333921432495117,3.1006336212158203,1352.4650833137798,536.6665760427508,1,726.4513112202297,546.1903151743593,1
176,176,5.866666666666666,5.884215831756592,5.884215831756592,1788009001483703,1788009001851901440,404554,404555,1788009001848703744,1788009001857036288,0.3837768240343348,8.33272933959961,3.197908401489258,1351.7004065095948,535.1231406790337,1,725.589162272769,543.9799715975333,1
177,177,5.9,5.917646884918213,5.917646884918213,1788009001517134,1788009001885333504,404558,404559,1788009001882034944,1788009001890368768,0.3958059163471992,8.333683013916016,3.298521041870117,1351.8103996250486,533.2572375804205,1,724.391862662952,541.2403406960412,1
178,178,5.933333333333334,5.951082944869995,5.951082944869995,1788009001550570,1788009001918770432,404562,404563,1788009001915368192,1788009001923700992,0.4082858859546222,8.332967758178711,3.402233123779297,1351.6509089902206,531.7429002609916,1,723.3964024423813,539.0158507665577,1
179,179,5.966666666666667,5.9845130443573,5.9845130443573,1788009001584000,1788009001952201472,404566,404567,1788009001948700416,1788009001957033472,0.4201310405996967,8.332967758178711,3.5009384155273438,1351.3385272345943,530.2840585831501,1,722.1179124621028,536.8762034400986,1
180,180,6.0,6.017951011657715,6.017951011657715,1788009001617438,1788009001985640448,404570,404571,1788009001982032896,1788009001990366720,0.4328994421398942,8.333921432495117,3.6077499389648438,1351.1263643767998,528.3382073570648,1,721.0384774362881,534.7691996921945,1
181,181,6.033333333333333,6.051379919052124,6.051379919052124,1788009001650867,1788009002019070720,404574,404575,1788009002015366144,1788009002023698688,0.44457796852646636,8.33272933959961,3.704547882080078,1350.8510484292356,526.4692581917469,1,720.0748602913252,532.8575928614442,1
182,182,6.066666666666666,6.084810018539429,6.084810018539429,1788009001684297,1788009002052502016,404578,404579,1788009002048698368,1788009002057031168,0.45645207439198854,8.33272933959961,3.8034915924072266,1350.8956136154036,522.490421371072,1,718.8644403687507,530.3958023397915,1
183,183,6.1,6.118230819702148,6.118230819702148,1788009001717718,1788009002085923584,404582,404583,1788009002082030848,1788009002090364416,0.4671282256680208,8.333683013916016,3.8928985595703125,1350.7649039655576,519.5236160706146,1,717.5307726471432,528.0330598829929,1
184,184,6.133333333333334,6.151660919189453,6.151660919189453,1788009001751148,1788009002119354880,404586,404587,1788009002115364096,1788009002123696896,0.4789413447782547,8.33272933959961,3.9908885955810547,1350.8428519088604,516.0433758471326,1,716.3074356490645,525.9957848688031,1
185,185,6.166666666666667,6.185089826583862,6.185089826583862,1788009001784577,1788009002152785152,404590,404591,1788009002148696064,1788009002157029120,0.49068696174644505,8.332967758178711,4.088878631591797,1351.1194512877673,512.8754699019237,1,715.1250075417304,524.5044630250072,1
186,186,6.2,6.218528985977173,6.218528985977173,1788009001818016,1788009002186225408,404594,404595,1788009002182028544,1788009002190362368,0.5035903304248319,8.333921432495117,4.1370391845703125,1351.3194924708835,511.8794856742139,1,713.7916321899788,523.5783711428642,1
187,187,6.233333333333333,6.251957893371582,6.251957893371582,1788009001851445,1788009002219655424,404598,404599,1788009002215361792,1788009002223694848,0.5152642270607422,8.332967758178711,4.039287567138672,1352.4033670743404,510.8980358913214,1,713.2438889318091,523.3496917839665,1
188,188,6.266666666666667,6.285393953323364,6.285393953323364,1788009001884881,1788009002253092864,404602,404603,1788009002248694272,1788009002257027840,0.5278079761972878,8.333683013916016,3.935098648071289,1353.0645495093004,508.5382787255231,1,712.6688994071428,522.8535969490575,1
189,189,6.3,6.318824052810669,6.318824052810669,1788009001918311,1788009002286523904,404606,404607,1788009002282027520,1788009002290360320,0.5395994277539342,8.33272933959961,3.836393356323242,1353.4637287171283,506.9660701546842,1,711.9139968495559,522.3688801831252,1
190,190,6.333333333333333,6.352254867553711,6.352254867553711,1788009001951742,1788009002319955712,404610,404611,1788009002315359744,1788009002323692544,0.5515593705293276,8.33272933959961,3.736734390258789,1353.7490904863876,507.09913047903626,1,711.5884634663632,522.810561579965,1
191,191,6.366666666666666,6.385682821273804,6.385682821273804,1788009001985170,1788009002353384960,404614,404615,1788009002348691968,1788009002357025792,0.5631240165927621,8.333921432495117,3.640890121459961,1353.7695009435647,508.153447643525,1,711.4016893119233,523.5733952399604,1
192,192,6.4,6.419111967086792,6.419111967086792,1788009002018599,1788009002386815232,404618,404619,1788009002382025216,1788009002390358272,0.5748333381019141,8.332967758178711,3.5429000854492188,1353.8087456438977,510.08474520432566,1,711.341970972983,524.12994771417,1
193,193,6.433333333333334,6.452541828155518,6.452541828155518,1788009002052029,1788009002420246272,404622,404623,1788009002415357696,1788009002423690496,0.5866784927469887,8.332967758178711,3.444194793701172,1354.190741829012,511.1861578837512,1,711.2158597633812,524.532696276375,1
194,194,6.466666666666667,6.485971927642822,6.485971927642822,1788009002085459,1788009002453677568,404626,404627,1788009002448689920,1788009002457023744,0.5984837648405092,8.333921432495117,3.3462047576904297,1354.289650642592,511.3938402579038,1,710.9269492988019,524.6274783982626,1
195,195,6.5,6.519402980804443,6.519402980804443,1788009002118890,1788009002487109888,404630,404631,1788009002482023168,1788009002490355968,0.6104434907010015,8.33272933959961,3.2460689544677734,1354.3406374902777,510.80032369031653,1,710.7623264810227,524.4696408699695,1
196,196,6.533333333333333,6.552830934524536,6.552830934524536,1788009002152318,1788009002520539136,404634,404635,1788009002515355648,1788009002523688192,0.6220600858369099,8.33272933959961,3.149271011352539,1354.1192634969316,510.5991466139746,1,710.6186307242267,523.6757073392705,1
197,197,6.566666666666666,6.586261034011841,6.586261034011841,1788009002185748,1788009002553970432,404638,404639,1788009002548687872,1788009002557021696,0.6338616467357098,8.333683013916016,3.051280975341797,1354.3068839624198,510.3845320778327,1,710.9726650197596,524.4673108259123,1
198,198,6.6,6.619690895080566,6.619690895080566,1788009002219178,1788009002587401216,404642,404643,1788009002582021120,1788009002590353920,0.6456467626105119,8.332967758178711,2.9528141021728516,1354.6830540427784,510.333431652588,1,711.1030288368042,525.0034319800214,1
199,199,6.633333333333334,6.653110980987549,6.653110980987549,1788009002252598,1788009002620822528,404646,404647,1788009002615353344,1788009002623686400,0.6563188463849389,8.332967758178711,2.8638839721679688,1354.8044526416318,510.38453691394994,1,710.7611770927058,525.3272875924657,1
200,200,6.666666666666667,6.68654203414917,6.68654203414917,1788009002286029,1788009002654254592,404650,404651,1788009002648686592,1788009002657019648,0.6681926125146633,8.332967758178711,2.7649402618408203,1354.8587762377267,510.4849899374314,1,710.5522833599556,524.7013115279416,1
201,201,6.7,6.7199718952178955,6.7199718952178955,1788009002319459,1788009002687685376,404654,404655,1788009002682019072,1788009002690351616,0.6800286123032904,8.33272933959961,2.6662349700927734,1354.81320531321,510.27945362368575,1,710.5562912099482,524.3640916907699,1
202,202,6.733333333333333,6.7534019947052,6.7534019947052,1788009002352889,1788009002721116416,404658,404659,1788009002715351296,1788009002723685120,0.6917949304800595,8.333683013916016,2.568483352661133,1355.2434641210327,510.0598283729206,1,710.7816134945053,524.3433119083759,1
203,203,6.766666666666667,6.786830902099609,6.786830902099609,1788009002386318,1788009002754546688,404662,404663,1788009002748684544,1788009002757017344,0.7034907010014306,8.33272933959961,2.470731735229492,1355.8440399528026,510.1303615887714,1,711.0332440690514,524.5162674700676,1
204,204,6.8,6.8202619552612305,6.8202619552612305,1788009002419749,1788009002787979008,404666,404667,1788009002782017024,1788009002790349824,0.7154792560801144,8.33272933959961,2.3708343505859375,1356.5946827642235,511.3256404563963,1,711.7237534904635,525.9000189387854,1
205,205,6.833333333333333,6.853691816329956,6.853691816329956,1788009002453179,1788009002821410304,404670,404671,1788009002815348992,1788009002823683072,0.7272779287655557,8.333921432495117,2.2728443145751953,1357.5635105910349,514.604255490427,1,712.708137342559,528.511645968968,1
206,206,6.866666666666666,6.887120962142944,6.887120962142944,1788009002486608,1788009002854840576,404674,404675,1788009002848682496,1788009002857015296,0.7390060370232612,8.332967758178711,2.174854278564453,1356.9748369671986,521.7084397068854,1,715.0511217683371,532.9636283041289,1
207,207,6.9,6.92055082321167,6.92055082321167,1788009002520038,1788009002888271616,404678,404679,1788009002882013696,1788009002890347776,0.7508797024746102,8.333921432495117,2.0761489868164062,1355.902852620524,528.2413634735987,1,718.5128549808799,538.637649402785,1
208,208,6.933333333333334,6.953979969024658,6.953979969024658,1788009002553467,1788009002921701632,404682,404683,1788009002915347200,1788009002923679744,0.7626037195994277,8.33272933959961,1.978158950805664,1355.7658092450579,532.4862023651197,1,721.0515669285854,542.4144524221748,1
209,209,6.966666666666667,6.987408876419067,6.987408876419067,1788009002586896,1788009002955131648,404686,404687,1788009002948679424,1788009002957012224,0.7743061516452074,8.33272933959961,1.880645751953125,1357.188886184962,535.1455241268591,1,722.4565735215863,543.9269574809616,1
210,210,7.0,7.020838022232056,7.020838022232056,1788009002620325,1788009002988561920,404690,404691,1788009002982011648,1788009002990345472,0.7859819768273495,8.333921432495117,1.783609390258789,1359.139701552753,535.7396420212651,1,723.3521688877587,544.3165052287715,1
211,211,7.033333333333333,7.054268836975098,7.054268836975098,1788009002653756,1788009003021994240,404694,404695,1788009003015344896,1788009003023677952,0.7979456954021344,8.332967758178711,1.6837120056152344,1359.8488604838835,537.697858436918,1,723.8044870507285,543.0810440077653,1
212,212,7.066666666666666,7.087698936462402,7.087698936462402,1788009002687186,1788009003055425280,404698,404699,1788009003048677120,1788009003057010176,0.8098194615318589,8.332967758178711,1.584768295288086,1359.358621154501,538.5765315728919,1,723.2244641191772,540.9922101719062,1
213,213,7.1,7.121129989624023,7.121129989624023,1788009002720617,1788009003088857600,404702,404703,1788009003082009600,1788009003090343424,0.8217136318123301,8.333921432495117,1.4858245849609375,1358.6014901747972,537.9255681689181,1,723.0300626253792,540.0049308926754,1
214,214,7.133333333333334,7.154557943344116,7.154557943344116,1788009002754045,1788009003122286848,404706,404707,1788009003115342848,1788009003123675648,0.8333333333333334,8.33272933959961,1.3887882232666016,1357.6472491624547,538.9313924993461,1,723.7952767964839,540.8815083059599,1
215,215,7.166666666666667,7.187988042831421,7.187988042831421,1788009002787475,1788009003155717632,404710,404711,1788009003148675328,1788009003157007872,0.8451502145922747,8.33272933959961,1.2903213500976562,1356.1405595599565,539.9551217378528,1,724.3223261801696,541.2912208775475,1
216,216,7.2,7.221426010131836,7.221426010131836,1788009002820913,1788009003189156352,404714,404715,1788009003182007552,1788009003190341120,0.8578131258225096,8.333683013916016,1.1849403381347656,1354.6926756681623,540.7178928960708,1,724.8473220695503,540.4776442380329,1
217,217,7.233333333333333,7.254854917526245,7.254854917526245,1788009002854342,1788009003222585856,404718,404719,1788009003215340800,1788009003223673600,0.8694706723891273,8.33272933959961,1.0876655578613281,1353.2513863425147,540.9409768353391,1,725.8537895439695,539.5353989865067,1
218,218,7.266666666666667,7.288282871246338,7.288282871246338,1788009002887770,1788009003256014848,404722,404723,1788009003248673024,1788009003257005824,0.8810620583102057,8.332967758178711,0.9911060333251953,1351.976077922075,541.4410534556284,1,727.1865104349495,539.6102201401557,1
219,219,7.3,7.321712017059326,7.321712017059326,1788009002921199,1788009003289444864,404726,404727,1788009003282006272,1788009003290339328,0.8926783210780808,8.332967758178711,0.8943080902099609,1350.3831637322744,542.3711706031208,1,729.3790659537956,541.669480528992,1
220,220,7.333333333333333,7.355150938034058,7.355150938034058,1788009002954638,1788009003322885376,404730,404731,1788009003315338496,1788009003323671296,0.9056652360515022,8.33272933959961,0.7860660552978516,1349.4085601290144,540.5611512997499,1,730.2656575266151,542.5880025408283,1
221,221,7.366666666666666,7.388579845428467,7.388579845428467,1788009002988067,1788009003356315392,404734,404735,1788009003348670976,1788009003357004544,0.9172912971333753,8.333683013916016,0.6892681121826172,1348.4336953160832,537.6543926510765,1,730.2043762598182,541.5326212855733,1
222,222,7.4,7.4220099449157715,7.4220099449157715,1788009003021497,1788009003389746688,404738,404739,1788009003382004224,1788009003390337024,0.9291559370529328,8.33272933959961,0.5903244018554688,1347.449183473079,534.9152997496254,1,729.6899773969354,540.604860283102,1
223,223,7.433333333333334,7.455440044403076,7.455440044403076,1788009003054927,1788009003423177984,404742,404743,1788009003415336704,1788009003423669248,0.9410300429184549,8.33272933959961,0.4913806915283203,1346.99197473208,531.1020559172188,1,729.471173109187,539.2773244171175,1
224,224,7.466666666666667,7.488867998123169,7.488867998123169,1788009003088355,1788009003456606976,404746,404747,1788009003448668672,1788009003457002752,0.9525103704763267,8.333921432495117,0.39577484130859375,1346.6046357608354,526.9442939483839,1,728.9079994593319,538.0940326706294,1
225,225,7.5,7.52229905128479,7.52229905128479,1788009003121786,1788009003490039040,404750,404751,1788009003482001920,1788009003490334976,0.9644931475494264,8.332967758178711,0.29587745666503906,1346.4325752189222,523.720974331394,1,728.6037528010982,537.652684381272,1
226,226,7.533333333333333,7.555727958679199,7.555727958679199,1788009003155215,1788009003523469312,404754,404755,1788009003515334400,1788009003523667456,0.9762238562559011,8.332967758178711,0.19812583923339844,1345.3978395377494,522.2497172936302,1,728.25737451715,537.067274899113,1
227,227,7.566666666666666,7.5891640186309814,7.5891640186309814,1788009003188651,1788009003556906752,404758,404759,1788009003548666624,1788009003557000448,0.9887566515992448,8.333683013916016,0.09369850158691406,1344.8214971807906,521.8802693141673,1,727.4831701975046,536.7383343791887,1
228,228,7.6,7.622592926025391,7.622592926025391,1788009003222080,1788009003590336512,404763,404764,1788009003590332672,1788009003598665728,0.00045778375439901577,8.332967758178711,0.003814697265625,1344.3177640505744,521.7798423986945,1,727.3287236665693,535.4817922845225,1
229,229,7.633333333333334,7.656023979187012,7.656023979187012,1788009003255511,1788009003623768832,404767,404768,1788009003623665152,1788009003631998976,0.012444571592046918,8.333921432495117,0.10371208190917969,1343.879281513171,521.9446259823648,1,727.2108032456517,534.6077844400564,1
230,230,7.666666666666667,7.689452886581421,7.689452886581421,1788009003288940,1788009003657198592,404771,404772,1788009003656998400,1788009003665331200,0.0240343347639485,8.33272933959961,0.2002716064453125,1343.8399733146503,521.2826434751919,1,727.0514661824902,534.7729630875775,1
231,231,7.7,7.722884893417358,7.722884893417358,1788009003322372,1788009003690631936,404775,404776,1788009003690330624,1788009003698664448,0.03613320363906849,8.333683013916016,0.30112266540527344,1343.8699872103875,520.6461870221391,1,726.7031929984963,534.4374927888124,1
232,232,7.733333333333333,7.756311893463135,7.756311893463135,1788009003355799,1788009003724059904,404779,404780,1788009003723664128,1788009003731996672,0.0474964234620887,8.33272933959961,0.39577484130859375,1343.7709646636936,520.2877334932698,1,726.5525055419098,533.8804736612602,1
233,233,7.766666666666667,7.789742946624756,7.789742946624756,1788009003389230,1788009003757491968,404783,404784,1788009003756996352,1788009003765329152,0.05948497854077253,8.33272933959961,0.49567222595214844,1343.4005778819358,520.19899598873,1,726.4131992216937,533.8335245769645,1
234,234,7.8,7.823171854019165,7.823171854019165,1788009003422659,1788009003790922240,404787,404788,1788009003790328576,1788009003798662400,0.07123444428550994,8.333921432495117,0.5936622619628906,1343.4362503931413,520.3724785552317,1,726.312382273653,533.6248059870985,1
235,235,7.833333333333333,7.85660195350647,7.85660195350647,1788009003456089,1788009003824353536,404791,404792,1788009003823661824,1788009003831994880,0.08300191696947154,8.332967758178711,0.6916522979736328,1343.7885554609907,520.6249133770109,1,726.1665754661628,533.3458633513487,1
236,236,7.866666666666666,7.890038013458252,7.890038013458252,1788009003489525,1788009003857790720,404795,404796,1788009003856994048,1788009003865325824,0.0956046471699193,8.331775665283203,0.7965564727783203,1344.141875923082,519.7362741775952,1,726.3888916312565,533.5097931672137,1
237,237,7.9,7.923475980758667,7.923475980758667,1788009003522963,1788009003891230208,404799,404800,1788009003890325504,1788009003898659328,0.10854265606225325,8.333683013916016,0.9045600891113281,1345.2872291409694,521.0272493075441,1,726.6457948978631,534.6422639140693,1
238,238,7.933333333333334,7.956905841827393,7.956905841827393,1788009003556393,1788009003924661248,404803,404804,1788009003923658752,1788009003931991552,0.12028612303290415,8.33272933959961,1.0023117065429688,1346.4335589405537,521.0141328594724,1,726.7608214095387,535.0043405045243,1
239,239,7.966666666666667,7.990342855453491,7.990342855453491,1788009003589830,1788009003958099456,404807,404808,1788009003956990976,1788009003965324800,0.13299957087684167,8.333921432495117,1.108407974243164,1347.807445550798,520.3517350492644,1,726.2628780696682,534.4397998400732,1
240,240,8.0,8.023772954940796,8.023772954940796,1788009003623260,1788009003991530496,404811,404812,1788009003990324224,1788009003998657280,0.1447455008440388,8.332967758178711,1.2061595916748047,1350.0567456005733,519.1134720253857,1,725.3867399681371,533.737530823147,1
241,241,8.033333333333333,8.057209968566895,8.057209968566895,1788009003656697,1788009004024968704,404815,404816,1788009004023656704,1788009004031989504,0.15744900002861148,8.332967758178711,1.3120174407958984,1353.2076058173752,518.0377432380398,1,723.6985275075015,533.0865509037427,1
242,242,8.066666666666666,8.090638875961304,8.090638875961304,1788009003690126,1788009004058398464,404819,404820,1788009004056988928,1788009004065322752,0.16913174080961235,8.333921432495117,1.4095306396484375,1357.554974710199,516.1592143891894,1,720.7814089749222,532.206475671545,1
243,243,8.1,8.124068975448608,8.124068975448608,1788009003723556,1788009004091829760,404823,404824,1788009004090322176,1788009004098654976,0.18091559370529328,8.33272933959961,1.5075206756591797,1362.357853014868,514.8907999652566,1,718.1843813681381,531.8111795877226,1
244,244,8.133333333333333,8.15750503540039,8.15750503540039,1788009003756992,1788009004125266944,404827,404828,1788009004123654656,1788009004131987456,0.19350500715307584,8.33272933959961,1.6124248504638672,1367.8380142243761,514.8735243266324,1,716.7210358537614,531.7956869379981,1
245,245,8.166666666666666,8.190934896469116,8.190934896469116,1788009003790422,1788009004158697984,404831,404832,1788009004156986880,1788009004165320704,0.2053270012015792,8.333683013916016,1.711130142211914,1371.8529296169072,518.0039599602286,1,716.3370072652087,533.0941742668464,1
246,246,8.2,8.224370956420898,8.224370956420898,1788009003823858,1788009004192135424,404835,404836,1788009004190320128,1788009004198652928,0.21782546494992847,8.33272933959961,1.8150806427001953,1372.834776879136,522.3795614993702,1,716.8611682183985,536.4938408770431,1
247,247,8.233333333333333,8.25780987739563,8.25780987739563,1788009003857297,1788009004225575424,404839,404840,1788009004223652352,1788009004231985408,0.2307802351864038,8.332967758178711,1.9230842590332031,1372.2193464100756,527.0944533636192,1,717.803131389787,539.4188038475129,1
248,248,8.266666666666667,8.291245937347412,8.291245937347412,1788009003890733,1788009004259012096,404843,404844,1788009004256984832,1788009004265318656,0.24328422257187812,8.333921432495117,2.0275115966796875,1372.1556992833412,530.950641864285,1,718.9275134297663,542.772669362951,1
249,249,8.3,8.324676990509033,8.324676990509033,1788009003924164,1788009004292444160,404847,404848,1788009004290318080,1788009004298650624,0.2551645207439199,8.33272933959961,2.1262168884277344,1371.8030572753937,532.9306813206194,1,719.841028037536,545.0967318412895,1
250,250,8.333333333333334,8.358113050460815,8.358113050460815,1788009003957600,1788009004325881088,404851,404852,1788009004323650304,1788009004331984128,0.2676660754134005,8.333683013916016,2.2306442260742188,1372.1208719736655,534.4085311427231,1,719.6334007024014,545.9636200841866,1
251,251,8.366666666666667,8.391549825668335,8.391549825668335,1788009003991037,1788009004359318784,404855,404856,1788009004356983552,1788009004365316352,0.2802288984263233,8.33272933959961,2.335071563720703,1372.080422498058,535.2575969613147,1,719.1180037682996,546.5881724143165,1
252,252,8.4,8.424986839294434,8.424986839294434,1788009004024474,1788009004392756992,404859,404860,1788009004390316032,1788009004398648832,0.2929327610872675,8.33272933959961,2.440929412841797,1371.7162372905275,537.0684991007196,1,717.8306418963911,547.0476343172915,1
253,253,8.433333333333334,8.458415985107422,8.458415985107422,1788009004057903,1788009004426187264,404863,404864,1788009004423648000,1788009004431982080,0.3046774424259763,8.333921432495117,2.5391578674316406,1371.102400321758,539.7101604806797,1,716.7829274884532,547.8791472553451,1
254,254,8.466666666666667,8.491844892501831,8.491844892501831,1788009004091332,1788009004459617280,404867,404868,1788009004456981504,1788009004465314304,0.3163285742897199,8.332967758178711,2.635955810546875,1370.095295002876,541.1737441893335,1,715.9531559602761,548.3861472162782,1
255,255,8.5,8.525282859802246,8.525282859802246,1788009004124770,1788009004493056512,404871,404872,1788009004490313728,1788009004498646784,0.32914651941289236,8.332967758178711,2.742767333984375,1369.6333477764379,544.1498522980163,1,715.9176148450886,549.5462969664181,1
256,256,8.533333333333333,8.558712005615234,8.558712005615234,1788009004158199,1788009004526486784,404875,404876,1788009004523646208,1788009004531980032,0.3408668287798598,8.333921432495117,2.840757369995117,1369.49069089837,546.7516010453668,1,716.3970636345023,551.3526036880473,1
257,257,8.566666666666666,8.59214997291565,8.59214997291565,1788009004191637,1788009004559926016,404879,404880,1788009004556979456,1788009004565312256,0.3536194563662375,8.33272933959961,2.946615219116211,1370.126739650313,548.2167286181605,1,716.6271518432634,552.064832445013,1
258,258,8.6,8.625578880310059,8.625578880310059,1788009004225066,1788009004593355776,404883,404884,1788009004590311680,1788009004598644480,0.3653218884120172,8.33272933959961,3.04412841796875,1369.9765212045636,549.788928900804,1,717.2383707054572,551.709977383588,1
259,259,8.633333333333333,8.659015893936157,8.659015893936157,1788009004258503,1788009004626793984,404887,404888,1788009004623643904,1788009004631977728,0.37800028608210556,8.333921432495117,3.1502246856689453,1370.0227301988348,550.7762511121091,1,717.3565518466578,552.7375283763674,1
260,260,8.666666666666666,8.692446947097778,8.692446947097778,1788009004291934,1788009004660226304,404891,404892,1788009004656977152,1788009004665310208,0.3899173128093617,8.332967758178711,3.2491683959960938,1370.2018454996164,551.5969716179047,1,718.1430861177828,555.0955901723552,1
261,261,8.7,8.725883960723877,8.725883960723877,1788009004325371,1788009004693664512,404895,404896,1788009004690309632,1788009004698642432,0.40262081199393435,8.332967758178711,3.3550262451171875,1370.4131571515945,551.53987935728,1,719.1814943984203,557.7433147001921,1
262,262,8.733333333333333,8.759318828582764,8.759318828582764,1788009004358806,1788009004727100672,404899,404900,1788009004723641856,1788009004731975680,0.4150193105421256,8.333921432495117,3.458738327026367,1370.598139947881,550.9842625985993,1,718.8303331792723,560.4458906344732,1
263,263,8.766666666666667,8.792748928070068,8.792748928070068,1788009004392236,1788009004760531712,404903,404904,1788009004756975104,1788009004765307904,0.42680972818311874,8.33272933959961,3.556489944458008,1370.4625747181267,550.8301897198878,1,718.2814481638605,561.878560813155,1
264,264,8.8,8.8261878490448,8.8261878490448,1788009004425675,1788009004793971712,404907,404908,1788009004790307584,1788009004798641152,0.43969216684785717,8.333683013916016,3.664255142211914,1370.3759416777657,550.6929681553297,1,717.5054882912145,563.5689138246282,1
265,265,8.833333333333334,8.859614849090576,8.859614849090576,1788009004459102,1788009004827399936,404911,404912,1788009004823640832,1788009004831973632,0.4511301859799714,8.33272933959961,3.759145736694336,1370.6377211920642,550.7075238532556,1,717.4269567278174,564.4568346817297,1
266,266,8.866666666666667,8.893052816390991,8.893052816390991,1788009004492540,1788009004860839168,404915,404916,1788009004856973056,1788009004865304832,0.464001602472386,8.331775665283203,3.865957260131836,1371.3840134426864,551.1263153010334,1,717.3997703498426,565.6941358837195,1
267,267,8.9,8.926486015319824,8.926486015319824,1788009004525973,1788009004894273280,404919,404920,1788009004890304256,1788009004898638336,0.47624088113288515,8.333921432495117,3.968954086303711,1371.3139063099734,551.4000334186966,1,717.4130179490099,566.7662751711301,1
268,268,8.933333333333334,8.959918975830078,8.959918975830078,1788009004559406,1788009004927707392,404923,404924,1788009004923637504,1788009004931970304,0.488412017167382,8.33272933959961,4.069805145263672,1370.4451011481297,551.568838707002,1,717.4939502912695,567.3956674753803,1
269,269,8.966666666666667,8.993348836898804,8.993348836898804,1788009004592836,1788009004961138432,404927,404928,1788009004956969984,1788009004965303552,0.5002002632030669,8.333683013916016,4.165172576904297,1369.9528269628624,551.9023625179957,1,716.9373388698123,567.3154629755799,1
270,270,9.0,9.026787996292114,9.026787996292114,1788009004626275,1788009004994578944,404931,404932,1788009004990303232,1788009004998636032,0.51310443490701,8.33272933959961,4.057168960571289,1369.7722486427551,551.802528669138,1,716.8311452498326,567.3973658331597,1
271,271,9.033333333333333,9.060216903686523,9.060216903686523,1788009004659704,1788009005028008960,404935,404936,1788009005023635712,1788009005031968256,0.5248354792560801,8.33272933959961,3.9594173431396484,1369.7585035849957,551.8684952150714,1,716.8805861305926,567.7885559328705,1
272,272,9.066666666666666,9.093654870986938,9.093654870986938,1788009004693142,1788009005061448192,404939,404940,1788009005056967680,1788009005065301760,0.5376054927764269,8.333921432495117,3.8535594940185547,1369.9189657649695,551.2847411589552,1,717.3944389519601,568.7120345766292,1
273,273,9.1,9.12709093093872,9.12709093093872,1788009004726578,1788009005094885376,404943,404944,1788009005090300928,1788009005098633984,0.5501416268490172,8.332967758178711,3.748655319213867,1369.8835014058832,550.6003653005341,1,717.720765637906,568.5210809838942,1
274,274,9.133333333333333,9.160521030426025,9.160521030426025,1788009004760008,1788009005128316672,404947,404948,1788009005123633408,1788009005131966464,0.5620153929787417,8.332967758178711,3.6497116088867188,1369.7924619038408,550.272788641818,1,718.0389334087381,568.6869177722974,1
275,275,9.166666666666666,9.193958044052124,9.193958044052124,1788009004793445,1788009005161754880,404951,404952,1788009005156965632,1788009005165299712,0.5746531254470033,8.333921432495117,3.5448074340820312,1369.6376534671247,550.1502721300568,1,718.4742214840558,568.8679599430311,1
276,276,9.2,9.22739291191101,9.22739291191101,1788009004826880,1788009005195190784,404955,404956,1788009005190299136,1788009005198631680,0.5870386266094421,8.33272933959961,3.4410953521728516,1369.5993346825671,550.2411025214583,1,719.0434778993639,568.9709860393893,1
277,277,9.233333333333333,9.26082181930542,9.26082181930542,1788009004860309,1788009005228620800,404959,404960,1788009005223631360,1788009005231964160,0.5987696709585122,8.33272933959961,3.343343734741211,1370.016969531143,549.8876840305434,1,719.2902285079333,569.2678810778833,1
278,278,9.266666666666667,9.294252872467041,9.294252872467041,1788009004893740,1788009005262053120,404963,404964,1788009005256963584,1788009005265297408,0.6106994707481047,8.333921432495117,3.2444000244140625,1369.8734331058968,549.6589179597548,1,719.2653364132927,569.7062026891169,1
279,279,9.3,9.32768988609314,9.32768988609314,1788009004927177,1788009005295491328,404967,404968,1788009005290296832,1788009005298629888,0.6233584160682097,8.332967758178711,3.1385421752929688,1370.047314328744,549.8098934491773,1,719.3221201185897,569.4548400231687,1
280,280,9.333333333333334,9.361119985580444,9.361119985580444,1788009004960607,1788009005328922624,404971,404972,1788009005323629056,1788009005331962112,0.6352321821979342,8.332967758178711,3.0395984649658203,1370.08598958613,549.6403435023209,1,719.8503844091933,569.4728101772627,1
281,281,9.366666666666667,9.39454984664917,9.39454984664917,1788009004994037,1788009005362353664,404975,404976,1788009005356961536,1788009005365295360,0.647003289944214,8.333921432495117,2.9418468475341797,1369.4705114891985,549.5937053299328,1,720.2648618617127,568.9308126806403,1
282,282,9.4,9.427986860275269,9.427986860275269,1788009005027474,1788009005395791872,404979,404980,1788009005390294784,1788009005398627584,0.6596852646638054,8.33272933959961,2.8357505798339844,1369.183552191307,548.7799551365032,1,720.2967159642677,568.5343966168292,1
283,283,9.433333333333334,9.461416959762573,9.461416959762573,1788009005060904,1788009005429222656,404983,404984,1788009005423627264,1788009005431960832,0.6714253018252561,8.333683013916016,2.7382373809814453,1369.3380421743043,547.6441713499639,1,719.7582752429323,567.1460459143348,1
284,284,9.466666666666667,9.494853973388672,9.494853973388672,1788009005094341,1788009005462660352,404987,404988,1788009005456960512,1788009005465293056,0.6840343347639485,8.33272933959961,2.6328563690185547,1369.350713864007,546.401391443349,1,718.9949115005306,564.5024454887011,1
285,285,9.5,9.528290033340454,9.528290033340454,1788009005127777,1788009005496097024,404991,404992,1788009005490292736,1788009005498625536,0.6965665236051503,8.33272933959961,2.5284290313720703,1369.2198128616046,545.0210703869955,1,719.0710687721926,562.2795204467799,1
286,286,9.533333333333333,9.561718940734863,9.561718940734863,1788009005161206,1788009005529527040,404995,404996,1788009005523624960,1788009005531958784,0.7081962523244171,8.333921432495117,2.4318695068359375,1368.82164244669,541.6978465854643,1,719.2159297186256,560.4470448723735,1
287,287,9.566666666666666,9.595157861709595,9.595157861709595,1788009005194645,1788009005562967040,404999,405000,1788009005556958208,1788009005565291264,0.7210952476323996,8.332967758178711,2.3241043090820312,1368.6054283563278,539.5365927563579,1,719.7751792471608,559.565833578738,1
288,288,9.6,9.6285879611969,9.6285879611969,1788009005228075,1788009005596398336,405003,405004,1788009005590290432,1788009005598623232,0.7329899856938483,8.33272933959961,2.2249221801757812,1368.5156633195138,542.1336174682075,1,720.3792707814965,559.5582082342103,1
289,289,9.633333333333333,9.662016868591309,9.662016868591309,1788009005261504,1788009005629828352,405007,405008,1788009005623622912,1788009005631956480,0.7446358070607083,8.333683013916016,2.128124237060547,1367.6241574759981,542.4120276747708,1,720.7537061125901,559.6842093649343,1
290,290,9.666666666666666,9.695446968078613,9.695446968078613,1788009005294934,1788009005663259648,405011,405012,1788009005656956160,1788009005665288960,0.756480686695279,8.33272933959961,2.0291805267333984,1366.4659994486963,543.5582480732254,1,720.9246974787923,560.1983985184315,1
291,291,9.7,9.728876829147339,9.728876829147339,1788009005328364,1788009005696690688,405015,405016,1788009005690288640,1788009005698621184,0.7683261802575108,8.33272933959961,1.9304752349853516,1365.375856864568,542.8895081512645,1,721.251318604235,560.8868312789413,1
292,292,9.733333333333333,9.762305974960327,9.762305974960327,1788009005361793,1788009005730120960,405019,405020,1788009005723620608,1788009005731954688,0.7799742526104992,8.333921432495117,1.8336772918701172,1363.9236493844776,543.0970327743049,1,721.803343053959,560.9589594356778,1
293,293,9.766666666666667,9.795734882354736,9.795734882354736,1788009005395222,1788009005763550976,405023,405024,1788009005756953856,1788009005765286912,0.7916797802637979,8.332967758178711,1.7359256744384766,1362.4139265431509,544.5259963610458,1,722.4976461366366,560.7901108030708,1
294,294,9.8,9.829164028167725,9.829164028167725,1788009005428651,1788009005796981248,405027,405028,1788009005790286336,1788009005798620160,0.8033471606351023,8.333921432495117,1.6388893127441406,1360.6519429567088,545.3624828799344,1,723.345693463345,560.6172508279352,1
295,295,9.833333333333334,9.862601041793823,9.862601041793823,1788009005462088,1788009005830419456,405031,405032,1788009005823619584,1788009005831952640,0.8160281537008955,8.332967758178711,1.5330314636230469,1359.717471785574,546.1125007275106,1,723.8682182581065,560.6459663927266,1
296,296,9.866666666666667,9.896031856536865,9.896031856536865,1788009005495519,1788009005863851520,405035,405036,1788009005856952064,1788009005865283840,0.8281062210267269,8.331775665283203,1.432180404663086,1358.8378820842956,546.133163697875,1,724.3046056221374,560.3075564297436,1
297,297,9.9,9.929468870162964,9.929468870162964,1788009005528956,1788009005897289728,405039,405040,1788009005890283008,1788009005898617088,0.8407380918323559,8.333921432495117,1.3272762298583984,1357.942484083916,545.061988470577,1,724.766913684995,559.4935408226513,1
298,298,9.933333333333334,9.962898015975952,9.962898015975952,1788009005562385,1788009005930720000,405043,405044,1788009005923616512,1788009005931949312,0.8524791851449172,8.332967758178711,1.2292861938476562,1357.283010875587,543.2726132544617,1,725.0394084987179,558.9475525696175,1
299,299,9.966666666666667,9.99633502960205,9.99633502960205,1788009005595822,1788009005964158208,405047,405048,1788009005956948736,1788009005965281792,0.8651826843294899,8.332967758178711,1.1234283447265625,1357.1100238417355,541.1210105136282,1,724.9184743128415,556.884417902319,1
300,300,10.0,10.02977204322815,10.02977204322815,1788009005629259,1788009005997596160,405051,405052,1788009005990281216,1788009005998615040,0.877757116292376,8.333921432495117,1.0187625885009766,1357.3742514682426,538.2622137162001,1,723.7668695766006,552.5335513774979,1
301,301,10.033333333333333,10.063208818435669,10.063208818435669,1788009005662696,1788009006031034112,405055,405056,1788009006023614464,1788009006031947008,0.8904434907010015,8.33272933959961,0.9129047393798828,1358.7665457929406,533.8673904509553,1,723.1245759765666,548.3751116563899,1
302,302,10.066666666666666,10.096638917922974,10.096638917922974,1788009005696126,1788009006064465408,405059,405060,1788009006056946688,1788009006065280512,0.90218572981633,8.333683013916016,0.8151531219482422,1360.553158348454,529.8594273440829,1,723.1523355569499,547.560723676405,1
303,303,10.1,10.130074977874756,10.130074977874756,1788009005729562,1788009006097902592,405063,405064,1788009006090279936,1788009006098612736,0.914763948497854,8.33272933959961,0.7102489471435547,1361.1128132267636,529.5370328348621,1,723.6234161227482,547.4007055565324,1
304,304,10.133333333333333,10.163504838943481,10.163504838943481,1788009005762992,1788009006131333632,405067,405068,1788009006123612416,1788009006131945216,0.9266094420600859,8.33272933959961,0.6115436553955078,1361.2964957549611,530.7243842942422,1,723.5201502689665,547.6537451409579,1
305,305,10.166666666666666,10.196943044662476,10.196943044662476,1788009005796430,1788009006164772864,405071,405072,1788009006156944640,1788009006165278464,0.9393505936203691,8.333921432495117,0.5054473876953125,1360.8786170352364,530.7468781044676,1,723.3621000553545,547.7870104699283,1
306,306,10.2,10.230371952056885,10.230371952056885,1788009005829859,1788009006198203136,405075,405076,1788009006190277888,1788009006198610688,0.9510743612486052,8.332967758178711,0.4076957702636719,1360.0263437091257,531.3579136832578,1,723.4440934434366,548.3484344608581,1
307,307,10.233333333333333,10.2638099193573,10.2638099193573,1788009005863297,1788009006231642368,405079,405080,1788009006223610112,1788009006231942912,0.9639198855507869,8.33272933959961,0.3006458282470703,1359.6739989055604,531.2034073040752,1,723.4629033137772,548.026948805747,1
308,308,10.266666666666667,10.297240018844604,10.297240018844604,1788009005896727,1788009006265073664,405083,405084,1788009006256942592,1788009006265276160,0.9756823253418779,8.333683013916016,0.20265579223632812,1359.2929726653276,530.9319379420376,1,723.7520235935838,548.0019921929356,1
309,309,10.3,10.330675840377808,10.330675840377808,1788009005930163,1788009006298510592,405087,405088,1788009006290275840,1788009006298608640,0.9882403433476394,8.33272933959961,0.09799003601074219,1359.5772807197968,530.2807629237079,1,724.271029159599,549.1546941879501,1
310,310,10.333333333333334,10.364105939865112,10.364105939865112,1788009005963593,1788009006331941888,405092,405093,1788009006331940864,1788009006340274688,0.00011443284222571878,8.333921432495117,0.00095367431640625,1359.8760756096037,529.8545580476241,1,724.4833148436046,549.5505363807887,1
311,311,10.366666666666667,10.397534847259521,10.397534847259521,1788009005997022,1788009006365371648,405096,405097,1788009006365274112,1788009006373606912,0.011702432045779686,8.33272933959961,0.09751319885253906,1360.4701658470565,528.8704702366147,1,724.3148996487811,549.8056034407746,1
312,312,10.4,10.430970907211304,10.430970907211304,1788009006030458,1788009006398808832,405100,405101,1788009006398606592,1788009006406939392,0.024291845493562232,8.33272933959961,0.20241737365722656,1361.1983028166321,528.0305310234963,1,724.0222734020934,549.913643178639,1
313,313,10.433333333333334,10.464408874511719,10.464408874511719,1788009006063896,1788009006432248064,405104,405105,1788009006431939840,1788009006440272640,0.03699570815450644,8.33272933959961,0.3082752227783203,1361.389459625526,528.6394650163577,1,724.6729163080336,550.0717245779022,1
314,314,10.466666666666667,10.497838973999023,10.497838973999023,1788009006097326,1788009006465679360,405108,405109,1788009006465272064,1788009006473604864,0.048869814020028615,8.33272933959961,0.40721893310546875,1360.8153763186235,528.9945846404481,1,726.4911831325526,552.1611993634393,1
315,315,10.5,10.531275987625122,10.531275987625122,1788009006130763,1788009006499117568,405112,405113,1788009006498604288,1788009006506938112,0.06159347732799313,8.333921432495117,0.5133152008056641,1360.3226066357402,529.2075880721176,1,727.8051752767337,552.9748619887743,1
316,316,10.533333333333333,10.564705848693848,10.564705848693848,1788009006164193,1788009006532548608,405116,405117,1788009006531937536,1788009006540270592,0.07333123515779234,8.332967758178711,0.6110668182373047,1360.0509707277254,529.5916128899773,1,728.4842904554753,553.0768543363514,1
317,317,10.566666666666666,10.598134994506836,10.598134994506836,1788009006197622,1788009006565978880,405120,405121,1788009006565270016,1788009006573602560,0.08509298998569385,8.33272933959961,0.7090568542480469,1359.8503943564924,530.0414977992369,1,728.794992724638,553.0786522767121,1
318,318,10.6,10.631572961807251,10.631572961807251,1788009006231060,1788009006599418112,405124,405125,1788009006598602240,1788009006606936064,0.09790009727069864,8.333683013916016,0.8158683776855469,1359.8268253590852,530.1955839323405,1,729.0553568929801,552.3720278226627,1
319,319,10.633333333333333,10.665002822875977,10.665002822875977,1788009006264490,1788009006632848896,405128,405129,1788009006631935488,1788009006640268288,0.1096137339055794,8.33272933959961,0.9133815765380859,1359.8097144456087,530.1954670745426,1,729.0494125136283,551.4066121896419,1
320,320,10.666666666666666,10.698431968688965,10.698431968688965,1788009006297919,1788009006666278912,405132,405133,1788009006665267968,1788009006673600768,0.12131616595135908,8.33272933959961,1.010894775390625,1360.254397497667,530.2162400630482,1,729.3146777385421,551.619299033286,1
321,321,10.7,10.731859922409058,10.731859922409058,1788009006331347,1788009006699707392,405136,405137,1788009006698599936,1788009006706934016,0.13288513803461593,8.333921432495117,1.1074542999267578,1360.8375615682976,530.2078691269837,1,729.4062847796584,551.6460576939102,1
322,322,10.733333333333333,10.765296936035156,10.765296936035156,1788009006364784,1788009006733145344,405140,405141,1788009006731933440,1788009006740266240,0.14543217647563733,8.332967758178711,1.2118816375732422,1362.0171662643615,529.8287310932964,1,729.2257360004901,552.4479246456937,1
323,323,10.766666666666667,10.798728942871094,10.798728942871094,1788009006398216,1788009006766578176,405144,405145,1788009006765265664,1788009006773598720,0.15750622299791137,8.332967758178711,1.3124942779541016,1362.3972675494733,529.7251532133483,1,729.0389764340846,552.258765959183,1
324,324,10.8,10.832165002822876,10.832165002822876,1788009006431652,1788009006800015360,405148,405149,1788009006798598144,1788009006806931968,0.17007581175797454,8.333921432495117,1.417398452758789,1362.7943129071748,529.5625052534076,1,728.6969066843752,551.8028807122674,1
325,325,10.833333333333334,10.865594863891602,10.865594863891602,1788009006465082,1788009006833446400,405152,405153,1788009006831931392,1788009006840264192,0.18183118741058654,8.33272933959961,1.5151500701904297,1363.0978681375316,529.4876412146435,1,728.6760481582196,551.8167879816441,1
326,326,10.866666666666667,10.8990318775177,10.8990318775177,1788009006498519,1788009006866884864,405156,405157,1788009006865262592,1788009006873596416,0.19467887283650406,8.333921432495117,1.6224384307861328,1363.294689763856,529.5726490307364,1,728.6686707509173,551.6453714506256,1
327,327,10.9,10.932468891143799,10.932468891143799,1788009006531956,1788009006900323072,405160,405161,1788009006898595840,1788009006906928896,0.20729020628880432,8.332967758178711,1.7273426055908203,1363.3005226617981,529.7306209775974,1,728.6399107014729,551.705042939592,1
328,328,10.933333333333334,10.96589994430542,10.96589994430542,1788009006565387,1788009006933755392,405164,405165,1788009006931928064,1788009006940261120,0.21927841835712855,8.332967758178711,1.827239990234375,1363.541315216754,529.8540900291343,1,728.9617481812726,551.4107702819426,1
329,329,10.966666666666667,10.999335050582886,10.999335050582886,1788009006598822,1788009006967191808,405168,405169,1788009006965260544,1788009006973594368,0.23172650550708054,8.333921432495117,1.9311904907226562,1363.4679214708437,529.7504618005482,1,729.5945523287539,551.7666314386415,1
330,330,11.0,11.032763957977295,11.032763957977295,1788009006632251,1788009007000621824,405172,405173,1788009006998593792,1788009007006926592,0.24337625178826897,8.33272933959961,2.0279884338378906,1363.1167545535316,529.7605432637272,1,729.5979210547907,550.8855135689697,1
331,331,11.033333333333333,11.06620192527771,11.06620192527771,1788009006665689,1788009007034060800,405176,405177,1788009007031926272,1788009007040258816,0.25616595135908443,8.33272933959961,2.134561538696289,1362.3944032156144,530.1591049351994,1,729.5598269496641,550.8833652412586,1
332,332,11.066666666666666,11.099632024765015,11.099632024765015,1788009006699119,1788009007067491840,405180,405181,1788009007065259520,1788009007073592064,0.2678969957081545,8.33272933959961,2.2323131561279297,1361.9337199567121,530.1700441165103,1,729.3564295466124,550.7542970842456,1
333,333,11.1,11.133069038391113,11.133069038391113,1788009006732556,1788009007100930048,405184,405185,1788009007098591744,1788009007106924544,0.2806008583690987,8.33272933959961,2.3381710052490234,1361.3995513089385,530.2397977795011,1,729.6217172524022,549.7048557877222,1
334,334,11.133333333333333,11.166506052017212,11.166506052017212,1788009006765993,1788009007134368512,405188,405189,1788009007131923968,1788009007140257792,0.29331998283507366,8.333921432495117,2.4445056915283203,1360.7266273028208,530.4200101049645,1,729.5661074391534,549.3029171293872,1
335,335,11.166666666666666,11.199934959411621,11.199934959411621,1788009006799422,1788009007167798528,405192,405193,1788009007165257216,1788009007173590272,0.3049698148836943,8.332967758178711,2.5413036346435547,1360.0782860184995,531.2308981833921,1,729.3658694238248,549.1440612697877,1
336,336,11.2,11.233366966247559,11.233366966247559,1788009006832854,1788009007201231616,405196,405197,1788009007198589440,1788009007206922240,0.3170815450643777,8.33272933959961,2.6421546936035156,1359.287167122754,532.4025621271851,1,729.3032585511535,549.3533637136749,1
337,337,11.233333333333333,11.26680302619934,11.26680302619934,1788009006866290,1788009007234668800,405200,405201,1788009007231921920,1788009007240255488,0.32960462321908796,8.333683013916016,2.7468204498291016,1358.5587017290957,534.7031437166727,1,729.6246323035507,550.1061980361953,1
338,338,11.266666666666667,11.300238847732544,11.300238847732544,1788009006899726,1788009007268105472,405204,405205,1788009007265255168,1788009007273587968,0.3420600858369099,8.33272933959961,2.8502941131591797,1357.5844988545641,536.1637976959197,1,729.202655794553,549.596006904866,1
339,339,11.3,11.333668947219849,11.333668947219849,1788009006933156,1788009007301536768,405208,405209,1788009007298587648,1788009007306920192,0.35393419170243207,8.33272933959961,2.949237823486328,1356.1593995868473,538.2579265840202,1,728.8656782387234,549.0993606428812,1
340,340,11.333333333333334,11.36710500717163,11.36710500717163,1788009006966592,1788009007334974208,405212,405213,1788009007331919616,1788009007340253696,0.36652839364897727,8.333921432495117,3.0546188354492188,1354.63511512172,540.2866412094367,1,728.4338111608749,549.6687238729814,1
341,341,11.366666666666667,11.400534868240356,11.400534868240356,1788009007000022,1788009007368405248,405216,405217,1788009007365252864,1788009007373585920,0.3783010500414867,8.332967758178711,3.1523704528808594,1353.266747895414,542.3619777197091,1,728.9741429400771,550.7543750891574,1
342,342,11.4,11.433970928192139,11.433970928192139,1788009007033458,1788009007401842688,405220,405221,1788009007398585344,1788009007406918400,0.3908901032874596,8.332967758178711,3.257274627685547,1351.733417242107,544.1514865036935,1,729.3446955382725,551.8782856023118,1
343,343,11.433333333333334,11.467402935028076,11.467402935028076,1788009007066890,1788009007435275520,405224,405225,1788009007431917568,1788009007440251648,0.4029180374767558,8.333921432495117,3.3578872680664062,1350.3834600274786,545.646606632813,1,729.3548993872178,552.0502197723187,1
344,344,11.466666666666667,11.500839948654175,11.500839948654175,1788009007100327,1788009007468713728,405228,405229,1788009007465251072,1788009007473583616,0.4155650929899857,8.33272933959961,3.4627914428710938,1348.271369050886,548.3686785007766,1,730.1042595515645,553.4495555889234,1
345,345,11.5,11.534276008605957,11.534276008605957,1788009007133763,1788009007502150912,405232,405233,1788009007498583296,1788009007506917120,0.42810551009898723,8.333683013916016,3.5676956176757812,1346.0717419973964,549.8670567677551,1,730.7328925174262,554.1847220721733,1
346,346,11.533333333333333,11.567705869674683,11.567705869674683,1788009007167193,1788009007535581952,405236,405237,1788009007531916544,1788009007540249344,0.4398569384835479,8.33272933959961,3.6652088165283203,1344.5825671281996,552.2599455654882,1,731.1889555273879,554.6481761826183,1
347,347,11.566666666666666,11.601135969161987,11.601135969161987,1788009007200623,1788009007569012992,405240,405241,1788009007565248768,1788009007573581568,0.4517467311378787,8.332967758178711,3.7643909454345703,1344.224136400994,553.7611026324871,1,731.7385908451184,555.4287658522471,1
348,348,11.6,11.634572982788086,11.634572982788086,1788009007234060,1788009007602451200,405244,405245,1788009007598580992,1788009007606915072,0.4643970819625232,8.333921432495117,3.870248794555664,1343.8635652204302,554.3573342393146,1,731.981636299921,555.3850572608185,1
349,349,11.633333333333333,11.668000936508179,11.668000936508179,1788009007267488,1788009007635880448,405248,405249,1788009007631914496,1788009007640247296,0.4759520471517267,8.332967758178711,3.966093063354492,1343.7705297023178,554.996957377435,1,732.3465491177986,555.7285468220175,1
350,350,11.666666666666666,11.7014319896698,11.7014319896698,1788009007300919,1788009007669312768,405252,405253,1788009007665246720,1788009007673579520,0.48795422031473534,8.33272933959961,4.065990447998047,1343.8234706633518,555.383255139438,1,732.2661294634818,555.7559194435911,1
351,351,11.7,11.734868049621582,11.734868049621582,1788009007334355,1788009007702749952,405256,405257,1788009007698579200,1788009007706912768,0.5004863534931624,8.333683013916016,4.162788391113281,1343.7142592395119,555.9774813150007,1,731.8866179389187,555.4195004800206,1
352,352,11.733333333333333,11.768297910690308,11.768297910690308,1788009007367785,1788009007736180992,405260,405261,1788009007731912448,1788009007740244992,0.512274678111588,8.33272933959961,4.064083099365234,1343.3872511316265,557.0812010158828,1,731.3130084984821,554.4170284213517,1
353,353,11.766666666666667,11.801728010177612,11.801728010177612,1788009007401215,1788009007769612288,405264,405265,1788009007765244672,1788009007773577472,0.5241487839771102,8.33272933959961,3.965139389038086,1343.3223565018116,557.1197521944888,1,730.9323958900377,554.1892193595847,1
354,354,11.8,11.835158824920654,11.835158824920654,1788009007434646,1788009007803044352,405268,405269,1788009007798576896,1788009007806910720,0.5360606494063797,8.333921432495117,3.866434097290039,1344.0763673745748,558.407863740499,1,730.7245790080461,554.9183711911639,1
355,355,11.833333333333334,11.868595838546753,11.868595838546753,1788009007468083,1788009007836482560,405272,405273,1788009007831910144,1788009007840243200,0.5487110526165203,8.332967758178711,3.7605762481689453,1344.8129171508415,559.2647175579785,1,730.6963982267799,555.4949762099245,1
356,356,11.866666666666667,11.902024984359741,11.902024984359741,1788009007501512,1788009007869912576,405276,405277,1788009007865241600,1788009007873575168,0.5605080963552097,8.333683013916016,3.662586212158203,1345.0510436255543,559.5681437324437,1,730.8298404877471,555.5204577900382,1
357,357,11.9,11.93546199798584,11.93546199798584,1788009007534949,1788009007903350784,405280,405281,1788009007898574848,1788009007906907648,0.5731616595135909,8.33272933959961,3.5567283630371094,1345.4566461642303,559.7068966180599,1,730.8798279028845,556.0709480094989,1
358,358,11.933333333333334,11.968890905380249,11.968890905380249,1788009007568378,1788009007936780800,405284,405285,1788009007931907072,1788009007940239872,0.5848640915593706,8.33272933959961,3.4592151641845703,1345.2905505456272,559.7363599595,1,730.8003593232004,556.1747503246244,1
359,359,11.966666666666667,12.002326965332031,12.002326965332031,1788009007601814,1788009007970217728,405288,405289,1788009007965239296,1788009007973573120,0.5973680446288084,8.333921432495117,3.3555030822753906,1345.3499995176917,559.6803367644435,1,730.8283306272448,556.1757378413305,1
360,360,12.0,12.035756826400757,12.035756826400757,1788009007635244,1788009008003648256,405292,405293,1788009007998572544,1788009008006905600,0.6091098967125405,8.332967758178711,3.257274627685547,1345.45233930111,559.6811671815858,1,730.865326968182,555.6676457996793,1
361,361,12.033333333333333,12.069195032119751,12.069195032119751,1788009007668682,1788009008037087488,405296,405297,1788009008031905024,1788009008040237824,0.6219278418357128,8.332967758178711,3.150463104248047,1345.5500571277553,559.3140251431034,1,730.9641171364273,555.6658842114737,1
362,362,12.066666666666666,12.102624893188477,12.102624893188477,1788009007702112,1788009008070518528,405300,405301,1788009008065237248,1788009008073571328,0.6337004720354742,8.333921432495117,3.0527114868164062,1345.7251117414007,558.8820688313459,1,731.0625417720198,555.789154763602,1
363,363,12.1,12.136061906814575,12.136061906814575,1788009007735549,1788009008103956736,405304,405305,1788009008098570496,1788009008106903296,0.6463805436337625,8.33272933959961,2.946615219116211,1345.9995752986658,558.8117782595392,1,731.1377969752015,555.8514729165641,1
364,364,12.133333333333333,12.16949200630188,12.16949200630188,1788009007768979,1788009008137387776,405308,405309,1788009008131902976,1788009008140236544,0.6581507123648224,8.333683013916016,2.8488636016845703,1346.0227541238341,558.5050726895058,1,731.3561847423168,555.8784688814812,1
365,365,12.166666666666666,12.202921867370605,12.202921867370605,1788009007802409,1788009008170818816,405312,405313,1788009008165236224,1788009008173569024,0.6699570815450644,8.33272933959961,2.7501583099365234,1346.1113555348163,558.9540160481331,1,731.5402372533634,555.427471288381,1
366,366,12.2,12.236351013183594,12.236351013183594,1788009007835838,1788009008204248832,405316,405317,1788009008198568448,1788009008206901248,0.6816972332694343,8.332967758178711,2.652406692504883,1345.6932475646354,558.9320127103481,1,731.8514866308775,555.4312533609715,1
367,367,12.233333333333333,12.26978588104248,12.26978588104248,1788009007869273,1788009008237684992,405320,405321,1788009008231900672,1788009008240234496,0.6940637963095408,8.333921432495117,2.5496482849121094,1345.5985166583691,558.704450788997,1,732.0063553594691,555.3702011045059,1
368,368,12.266666666666667,12.303215980529785,12.303215980529785,1788009007902703,1788009008271116032,405324,405325,1788009008265233920,1788009008273566976,0.7058739377986324,8.332967758178711,2.4509429931640625,1345.1992511346343,558.5500314266372,1,731.0244876859414,555.042345030136,1
369,369,12.3,12.3366539478302,12.3366539478302,1788009007936141,1788009008304555264,405328,405329,1788009008298566400,1788009008306898944,0.7187124463519313,8.33272933959961,2.343893051147461,1344.807299580667,558.3640239158084,1,730.6609222716222,555.4186515058601,1
370,370,12.333333333333334,12.370084047317505,12.370084047317505,1788009007969571,1788009008337986560,405332,405333,1788009008331898624,1788009008340232448,0.730502946729988,8.333683013916016,2.2459030151367188,1344.2879052586122,558.2325238164718,1,730.6846732725353,555.6543075603794,1
371,371,12.366666666666667,12.403512954711914,12.403512954711914,1788009008003000,1788009008371416320,405336,405337,1788009008365231872,1788009008373564672,0.7421745350500716,8.33272933959961,2.1483898162841797,1343.8692435739915,558.7196050328475,1,730.9592983200025,556.5225640502008,1
372,372,12.4,12.43694281578064,12.43694281578064,1788009008036430,1788009008404847360,405340,405341,1788009008398564352,1788009008406897152,0.7540200286123033,8.33272933959961,2.049684524536133,1344.1304444485877,559.2710471246936,1,731.5217965337591,557.1096005306277,1
373,373,12.433333333333334,12.47037386894226,12.47037386894226,1788009008069861,1788009008438279936,405344,405345,1788009008431896576,1788009008440230400,0.7659562294378487,8.333921432495117,1.9505023956298828,1344.6575191471916,559.4804009391697,1,732.1445317439227,557.7946475993815,1
374,374,12.466666666666667,12.503801822662354,12.503801822662354,1788009008103289,1788009008471708672,405348,405349,1788009008465229824,1788009008473562624,0.7775170953620784,8.332967758178711,1.85394287109375,1344.7087856287915,559.654325962918,1,732.4385662039708,557.6161222067366,1
375,375,12.5,12.537230968475342,12.537230968475342,1788009008136718,1788009008505139200,405352,405353,1788009008498562048,1788009008506894848,0.7892989985693848,8.33272933959961,1.7557144165039062,1344.1921700856833,559.9760421241343,1,733.5740714766955,557.9404045905789,1
376,376,12.533333333333333,12.57066798210144,12.57066798210144,1788009008170155,1788009008538577664,405356,405357,1788009008531895296,1788009008540228096,0.8019170243204577,8.33272933959961,1.6505718231201172,1343.2748934929095,559.7696015322364,1,734.91462948395,559.1852086403302,1
377,377,12.566666666666666,12.604097843170166,12.604097843170166,1788009008203585,1788009008572008704,405360,405361,1788009008565227776,1788009008573560576,0.8137625178826896,8.33272933959961,1.5518665313720703,1342.1666999658914,559.839523865723,1,735.9610683223736,559.974898657259,1
378,378,12.6,12.63752794265747,12.63752794265747,1788009008237015,1788009008605440000,405364,405365,1788009008598560000,1788009008606893824,0.8255421410997311,8.333683013916016,1.4538764953613281,1341.240834922985,560.1042556877965,1,736.9300364499102,560.2438930650347,1
379,379,12.633333333333333,12.67096495628357,12.67096495628357,1788009008270452,1788009008638878208,405368,405369,1788009008631893504,1788009008640226048,0.8382260371959943,8.33272933959961,1.3480186462402344,1340.551938209583,560.2155140303778,1,737.2129040700444,560.5544887774635,1
380,380,12.666666666666666,12.704392910003662,12.704392910003662,1788009008303880,1788009008672306944,405372,405373,1788009008665225472,1788009008673558528,0.8498183170724729,8.332967758178711,1.2514591217041016,1339.918089753145,560.2411945373655,1,737.6531830163426,559.9832986756112,1
381,381,12.7,12.737831830978394,12.737831830978394,1788009008337319,1788009008705747200,405376,405377,1788009008698557952,1788009008706891776,0.862651981118581,8.333921432495117,1.1446475982666016,1339.541406183688,560.1847656586037,1,738.1676784959681,560.0012673724406,1
382,382,12.733333333333333,12.771260976791382,12.771260976791382,1788009008370748,1788009008739177216,405380,405381,1788009008731891200,1788009008740224000,0.8743669709021201,8.332967758178711,1.046895980834961,1339.3073578848118,560.0680359339741,1,738.762363834576,559.2676085998507,1
383,383,12.766666666666667,12.804698944091797,12.804698944091797,1788009008404186,1788009008772616448,405384,405385,1788009008765223424,1788009008773556224,0.8872103004291846,8.33272933959961,0.9398460388183594,1338.6785139795838,559.7826701191121,1,739.3360049393759,558.8042432132239,1
384,384,12.8,12.83812689781189,12.83812689781189,1788009008437614,1788009008806045440,405388,405389,1788009008798555904,1788009008806889472,0.8987240373061738,8.333683013916016,0.8440017700195312,1338.4092119267848,559.5328434786932,1,739.4235131903171,558.4915849176041,1
385,385,12.833333333333334,12.871563911437988,12.871563911437988,1788009008471051,1788009008839483648,405392,405393,1788009008831889152,1788009008840221952,0.9114163090128755,8.33272933959961,0.7381439208984375,1338.0912267514846,559.614333354243,1,739.5365307966384,558.6779738186106,1
386,386,12.866666666666667,12.905001878738403,12.905001878738403,1788009008504489,1788009008872923136,405396,405397,1788009008865220352,1788009008873554176,0.9242740666571306,8.333921432495117,0.6310939788818359,1337.6323545438013,559.1074077587401,1,739.7202247782296,559.2329078733352,1
387,387,12.9,12.938432931900024,12.938432931900024,1788009008537920,1788009008906355456,405400,405401,1788009008898553600,1788009008906886656,0.9362536121999371,8.332967758178711,0.5311965942382812,1337.6502540508197,558.8489794233764,1,739.4846593040832,559.4244360074335,1
388,388,12.933333333333334,12.971868991851807,12.971868991851807,1788009008571356,1788009008939792128,405404,405405,1788009008931886080,1788009008940218624,0.9488125894134478,8.33272933959961,0.4265308380126953,1337.404034789205,559.2841406268187,1,739.3746651191739,559.2665088975601,1
389,389,12.966666666666667,13.005306005477905,13.005306005477905,1788009008604793,1788009008973230080,405408,405409,1788009008965218304,1788009008973551872,0.9613778108371002,8.333683013916016,0.3218650817871094,1337.3975453217402,559.2457265883625,1,739.5940477254878,559.4586477317893,1
390,390,13.0,13.038743019104004,13.038743019104004,1788009008638230,1788009009006668544,405412,405413,1788009008998551552,1788009009006884352,0.9741058655221745,8.33272933959961,0.21576881408691406,1337.2270070481566,559.2768780243867,1,739.3813389836102,559.0520864709441,1
391,391,13.033333333333333,13.072171926498413,13.072171926498413,1788009008671659,1788009009040098560,405416,405417,1788009009031884032,1788009009040216576,0.9858369098712446,8.33272933959961,0.11801719665527344,1337.0810815888256,559.8186340507501,1,738.9135066342577,558.4842929196815,1
392,392,13.066666666666666,13.105602979660034,13.105602979660034,1788009008705090,1788009009073530880,405420,405421,1788009009065216000,1788009009073550080,0.9977113431554856,8.333921432495117,0.019073486328125,1337.0037529650629,559.8864550460468,1,738.5816325029506,558.8336271812649,1
393,393,13.1,13.139039039611816,13.139039039611816,1788009008738526,1788009009106968064,405425,405426,1788009009106882304,1788009009115215104,0.010300429184549357,8.33272933959961,0.0858306884765625,1336.6386688877549,559.9037670181483,1,738.2995621421068,558.6555663818859,1
394,394,13.133333333333333,13.172467947006226,13.172467947006226,1788009008771955,1788009009140397824,405429,405430,1788009009140214528,1788009009148548352,0.021999713917894435,8.333921432495117,0.18334388732910156,1336.9383216226213,559.717325265633,1,738.2365328171745,558.2043450683074,1
395,395,13.166666666666666,13.20589804649353,13.20589804649353,1788009008805385,1788009009173828864,405433,405434,1788009009173547776,1788009009181880832,0.03373294040227747,8.332967758178711,0.2810955047607422,1337.8612341562052,559.6797158879324,1,738.0447349910207,558.0223443130023,1
396,396,13.2,13.23933482170105,13.23933482170105,1788009008838822,1788009009207266304,405437,405438,1788009009206880000,1788009009215214080,0.0463453011014161,8.333921432495117,0.38623809814453125,1337.9715859340622,558.8495591626258,1,737.5459609258163,556.8715325211942,1
397,397,13.233333333333333,13.272765874862671,13.272765874862671,1788009008872253,1788009009240699648,405441,405442,1788009009240213504,1788009009248546304,0.05836742868587451,8.332967758178711,0.4863739013671875,1337.842720040002,560.2525138376004,1,737.1883633880594,556.8084180550146,1
398,398,13.266666666666667,13.306201934814453,13.306201934814453,1788009008905689,1788009009274136576,405445,405446,1788009009273545728,1788009009281878528,0.07090128755364807,8.33272933959961,0.5908012390136719,1337.7572270003373,559.2789006528174,1,736.7226963092669,557.1211751652169,1
399,399,13.3,13.339632987976074,13.339632987976074,1788009008939120,1788009009307568384,405449,405450,1788009009306878208,1788009009315211776,0.08282313898266293,8.333683013916016,0.6902217864990234,1337.6045313804816,558.5959689331232,1,736.3225419281072,556.6702465292706,1
400,400,13.333333333333334,13.373070001602173,13.373070001602173,1788009008972557,1788009009341006080,405453,405454,1788009009340211456,1788009009348544000,0.09536480686695278,8.33272933959961,0.7946491241455078,1337.357837851297,558.4687432685622,1,736.0803060024409,557.1251455404981,1
401,401,13.366666666666667,13.406498908996582,13.406498908996582,1788009009005986,1788009009374435840,405457,405458,1788009009373543680,1788009009381876480,0.10706723891273247,8.33272933959961,0.8921623229980469,1337.8501114732992,558.1494751651568,1,736.1808072852709,558.1948014839639,1
402,402,13.4,13.439927816390991,13.439927816390991,1788009009039415,1788009009407866112,405461,405462,1788009009406875904,1788009009415209728,0.11880989844085252,8.333921432495117,0.9901523590087891,1337.596900066369,557.2016275362694,1,736.481591368543,558.1429260741085,1
403,403,13.433333333333334,13.473363876342773,13.473363876342773,1788009009072851,1788009009441303552,405465,405466,1788009009440209152,1788009009448542208,0.13132671454321765,8.332967758178711,1.0943412780761719,1336.4669962532914,557.0950493459226,1,736.7619777863385,559.0752917355693,1
404,404,13.466666666666667,13.506793975830078,13.506793975830078,1788009009106281,1788009009474734848,405469,405470,1788009009473541376,1788009009481874176,0.14320457796852645,8.33272933959961,1.1932849884033203,1335.6283073077902,556.9108536209869,1,736.7902282758727,559.2053008581107,1
405,405,13.5,13.540223836898804,13.540223836898804,1788009009139711,1788009009508165888,405473,405474,1788009009506873856,1788009009515207424,0.1550323282027808,8.333683013916016,1.2919902801513672,1335.0695723060758,556.7288007723816,1,736.7408207845542,559.8081322324324,1
406,406,13.533333333333333,13.573660850524902,13.573660850524902,1788009009173148,1788009009541604096,405477,405478,1788009009540207104,1788009009548539904,0.16763948497854078,8.33272933959961,1.3968944549560547,1334.3460428818703,556.7051649406717,1,736.7122759509327,560.4776023078493,1
407,407,13.566666666666666,13.607090950012207,13.607090950012207,1788009009206578,1788009009575035136,405481,405482,1788009009573539584,1788009009581873152,0.17946443897694112,8.333683013916016,1.4955997467041016,1334.151215089476,556.3019839347837,1,736.6376962278598,560.9856318924409,1
408,408,13.6,13.640528917312622,13.640528917312622,1788009009240016,1788009009608474368,405485,405486,1788009009606872832,1788009009615205632,0.19218884120171673,8.33272933959961,1.6014575958251953,1334.098870563533,555.9918813412869,1,736.445816566939,561.5845535665648,1
409,409,13.633333333333333,13.673957824707031,13.673957824707031,1788009009273445,1788009009641904128,405489,405490,1788009009640204800,1788009009648537856,0.2039140511001116,8.332967758178711,1.699209213256836,1333.9920051735721,555.517738822202,1,736.3337933631452,562.5279717443062,1
410,410,13.666666666666666,13.70738697052002,13.70738697052002,1788009009306874,1788009009675334144,405493,405494,1788009009673537280,1788009009681871104,0.2156200829638106,8.333921432495117,1.7969608306884766,1333.9007302355749,555.7058120136372,1,735.9469046808315,562.564456586776,1
411,411,13.7,13.740823030471802,13.740823030471802,1788009009340310,1788009009708771584,405497,405498,1788009009706870528,1788009009715203584,0.22811936711395955,8.332967758178711,1.9009113311767578,1333.7857470918884,555.9576155860004,1,735.6673672039938,563.6153247322551,1
412,412,13.733333333333333,13.774245977401733,13.774245977401733,1788009009373733,1788009009742195712,405501,405502,1788009009740203008,1788009009748535552,0.23914163090128757,8.33272933959961,1.9927024841308594,1334.036288246077,556.3859011070781,1,735.550395764824,564.5790368854998,1
413,413,13.766666666666667,13.807673931121826,13.807673931121826,1788009009407161,1788009009775624704,405505,405506,1788009009773535232,1788009009781869056,0.25072953023974365,8.333683013916016,2.0895004272460938,1334.0817244419204,556.5337302512153,1,735.0823729539417,563.123798970747,1
414,414,13.8,13.841105937957764,13.841105937957764,1788009009440593,1788009009809058304,405509,405510,1788009009806868480,1788009009815201280,0.2627753934191702,8.33272933959961,2.18963623046875,1334.5869783396122,557.9328921779759,1,734.8469722115066,562.7023111817642,1
415,415,13.833333333333334,13.874541997909546,13.874541997909546,1788009009474029,1788009009842495488,405513,405514,1788009009840200704,1788009009848533504,0.27538553975565794,8.332967758178711,2.294778823852539,1335.1816236333111,557.8545509933195,1,734.6979028701829,563.4156497605271,1
416,416,13.866666666666667,13.907971858978271,13.907971858978271,1788009009507459,1788009009875926272,405517,405518,1788009009873532928,1788009009881865984,0.2872020829160825,8.332967758178711,2.3932456970214844,1335.631094572274,558.0280819376108,1,734.261118983173,564.0625301297092,1
417,417,13.9,13.94140100479126,13.94140100479126,1788009009540888,1788009009909356288,405521,405522,1788009009906865408,1788009009915198208,0.2989413447782546,8.33272933959961,2.490997314453125,1336.2405695579287,557.4695198556274,1,733.5777408531494,564.8084502756617,1
418,418,13.933333333333334,13.974831819534302,13.974831819534302,1788009009574319,1788009009942788352,405525,405526,1788009009940197632,1788009009948531456,0.31086570921782913,8.333683013916016,2.590656280517578,1336.703653611418,558.2708937786681,1,733.0874453869126,566.1902204926096,1
419,419,13.966666666666667,14.008267879486084,14.008267879486084,1788009009607755,1788009009976225792,405529,405530,1788009009973530880,1788009009981863680,0.3234048640915594,8.33272933959961,2.694845199584961,1337.400458148339,558.2112526450103,1,732.5965784605517,567.3822740848805,1
420,420,14.0,14.041697025299072,14.041697025299072,1788009009641184,1788009010009656064,405533,405534,1788009010006863360,1788009010015196160,0.3351645207439199,8.33272933959961,2.792835235595703,1337.697249833972,558.3781732843813,1,732.4023419954669,569.0824580179868,1
421,421,14.033333333333333,14.075126886367798,14.075126886367798,1788009009674614,1788009010043087104,405537,405538,1788009010040195584,1788009010048529408,0.34696037762837934,8.333921432495117,2.89154052734375,1338.076218606873,558.3681989448728,1,731.997898745526,569.6852363612124,1
422,422,14.066666666666666,14.108564853668213,14.108564853668213,1788009009708052,1788009010076526080,405541,405542,1788009010073528832,1788009010081861632,0.35970358501902666,8.332967758178711,2.9973983764648438,1338.2878906924452,558.5774181327529,1,732.2618955204834,570.8383010043058,1
423,423,14.1,14.141994953155518,14.141994953155518,1788009009741482,1788009010109957376,405545,405546,1788009010106861056,1788009010115194112,0.3715773511487511,8.332967758178711,3.096342086791992,1338.3438882531946,559.3082955189691,1,732.5720997644696,571.3166107676356,1
424,424,14.133333333333333,14.175431966781616,14.175431966781616,1788009009774919,1788009010143395584,405549,405550,1788009010140193536,1788009010148527104,0.3842478686273388,8.333683013916016,3.202199935913086,1338.9471872331749,559.8107611717485,1,733.2905988880043,571.5145860983862,1
425,425,14.166666666666666,14.208861827850342,14.208861827850342,1788009009808349,1788009010176826624,405553,405554,1788009010173526784,1788009010181859584,0.39602288984263234,8.33272933959961,3.2999515533447266,1339.6710101533474,560.0975969369869,1,733.6707167109244,572.1838019106556,1
426,426,14.2,14.24229097366333,14.24229097366333,1788009009841778,1788009010210257152,405557,405558,1788009010206859008,1788009010215192832,0.40773588144418377,8.333683013916016,3.3979415893554688,1340.3882181074807,560.3766335766076,1,734.163620380047,572.5572757299524,1
427,427,14.233333333333333,14.275727987289429,14.275727987289429,1788009009875215,1788009010243695104,405561,405562,1788009010240192512,1788009010248525056,0.420343347639485,8.33272933959961,3.5026073455810547,1340.8897493836716,560.5688679047479,1,734.4809381334632,572.7176164872461,1
428,428,14.266666666666667,14.309156894683838,14.309156894683838,1788009009908644,1788009010277124864,405565,405566,1788009010273524480,1788009010281857536,0.43206202969872104,8.332967758178711,3.6003589630126953,1341.2061908145313,560.6691350245519,1,734.5846012505382,573.0508065470946,1
429,429,14.3,14.342593908309937,14.342593908309937,1788009009942081,1788009010310562816,405569,405570,1788009010306856960,1788009010315190784,0.44468602488914316,8.333921432495117,3.7059783935546875,1341.5004901510736,560.4460421900386,1,734.8704211302254,573.1772004537924,1
430,430,14.333333333333334,14.376030921936035,14.376030921936035,1788009009975518,1788009010344000512,405573,405574,1788009010340190208,1788009010348523264,0.4572687476753169,8.332967758178711,3.810405731201172,1341.820612719418,560.1378119310424,1,735.5722658940248,573.5177426066729,1
431,431,14.366666666666667,14.40946102142334,14.40946102142334,1788009010008948,1788009010377431552,405577,405578,1788009010373522432,1788009010381855232,0.46912732474964236,8.33272933959961,3.9091110229492188,1341.879234156137,560.0820230913831,1,736.5967613735736,574.1641223999856,1
432,432,14.4,14.442898988723755,14.442898988723755,1788009010042386,1788009010410870528,405581,405582,1788009010406854912,1788009010415188480,0.48186187560794186,8.333683013916016,4.015684127807617,1341.7837680988328,560.0060824698945,1,737.2286842130559,575.1086829025194,1
433,433,14.433333333333334,14.476336002349854,14.476336002349854,1788009010075823,1788009010444308480,405585,405586,1788009010440188160,1788009010448520960,0.49447782546494995,8.33272933959961,4.120349884033203,1342.0268699328037,559.6134439574626,1,737.552067152873,575.5021836708136,1
434,434,14.466666666666667,14.509764909744263,14.509764909744263,1788009010109252,1788009010477738496,405589,405590,1788009010473520384,1788009010481853184,0.5062229979113616,8.332967758178711,4.114627838134766,1342.0427606113947,559.4504815571078,1,737.6928867926911,575.7806719841172,1
435,435,14.5,14.543201923370361,14.543201923370361,1788009010142689,1788009010511176960,405593,405594,1788009010506852608,1788009010515186432,0.5188957230725219,8.333921432495117,4.009485244750977,1342.1911834044454,559.6377432823512,1,738.1226474172292,576.2010966963446,1
436,436,14.533333333333333,14.576633930206299,14.576633930206299,1788009010176121,1788009010544610304,405597,405598,1788009010540185856,1788009010548518912,0.5309433206489085,8.332967758178711,3.9086341857910156,1342.3803503507465,560.1100221248328,1,738.7083508999086,576.7562189815444,1
437,437,14.566666666666666,14.61006784439087,14.61006784439087,1788009010209555,1788009010578045440,405601,405602,1788009010573518336,1788009010581850880,0.5432904148783977,8.33272933959961,3.8056373596191406,1342.4728131601307,560.5905520458653,1,739.3935718387575,577.4841500107599,1
438,438,14.6,14.643497943878174,14.643497943878174,1788009010242985,1788009010611476736,405605,405606,1788009010606850560,1788009010615184384,0.5551009898724037,8.333683013916016,3.7076473236083984,1342.4196368817504,561.0684394966055,1,740.0177828674746,578.0169444647153,1
439,439,14.633333333333333,14.676935911178589,14.676935911178589,1788009010276423,1788009010644915712,405609,405610,1788009010640183808,1788009010648516608,0.5678683834048641,8.33272933959961,3.6008358001708984,1342.3419685928313,561.5012171537155,1,740.277299439822,577.8664257706105,1
440,440,14.666666666666666,14.710366010665894,14.710366010665894,1788009010309853,1788009010678346752,405613,405614,1788009010673516288,1788009010681849856,0.5796475367626023,8.333683013916016,3.503084182739258,1342.1579411720347,562.0676979877941,1,740.2499985575191,577.614424738483,1
441,441,14.7,14.743803024291992,14.743803024291992,1788009010343290,1788009010711784960,405617,405618,1788009010706849536,1788009010715182336,0.592274678111588,8.33272933959961,3.3974647521972656,1342.1155022050891,562.6980586059572,1,740.4448820233165,577.4350927968043,1
442,442,14.733333333333333,14.777238845825195,14.777238845825195,1788009010376726,1788009010745222144,405621,405622,1788009010740181760,1788009010748514560,0.6048753969843496,8.332967758178711,3.292560577392578,1341.8219988013584,562.6839779789499,1,740.7966414639791,577.2435833786261,1
443,443,14.766666666666667,14.810667991638184,14.810667991638184,1788009010410155,1788009010778652416,405625,405626,1788009010773513984,1788009010781848064,0.6165641539121728,8.333921432495117,3.195524215698242,1341.7317966197506,562.804583827612,1,741.1295912828966,577.0181279849937,1
444,444,14.8,14.844105958938599,14.844105958938599,1788009010443593,1788009010812091392,405629,405630,1788009010806847232,1788009010815180032,0.6293276108726753,8.33272933959961,3.088712692260742,1341.5206172676817,562.9114985611033,1,741.2528166107049,576.6590837406908,1
445,445,14.833333333333334,14.87754201889038,14.87754201889038,1788009010477029,1788009010845528320,405633,405634,1788009010840179712,1788009010848512512,0.6418884120171674,8.33272933959961,2.9840469360351562,1341.3452884765143,562.8062978825175,1,741.7170051755954,576.1418591608923,1
446,446,14.866666666666667,14.91097903251648,14.91097903251648,1788009010510466,1788009010878966784,405637,405638,1788009010873511936,1788009010881844736,0.654620886981402,8.33272933959961,2.877950668334961,1341.238576918901,562.55698027061,1,741.6756215568756,575.2074967847586,1
447,447,14.9,14.944408893585205,14.944408893585205,1788009010543896,1788009010912397824,405641,405642,1788009010906844160,1788009010915177216,0.6664759234356671,8.332967758178711,2.779245376586914,1341.5918293789853,562.2957302236989,1,741.6437022161178,573.9382960432905,1
448,448,14.933333333333334,14.97783899307251,14.97783899307251,1788009010577326,1788009010945829120,405645,405646,1788009010940176384,1788009010948510464,0.6782720640823916,8.333921432495117,2.681255340576172,1341.6087395899185,561.838219910253,1,741.4953432513906,572.6560471531275,1
449,449,14.966666666666667,15.011276006698608,15.011276006698608,1788009010610763,1788009010979267328,405649,405650,1788009010973509888,1788009010981842688,0.6909387428113645,8.332967758178711,2.575397491455078,1341.9415374557432,561.2405503320801,1,741.5461092778385,571.3734013580366,1
450,450,15.0,15.044713020324707,15.044713020324707,1788009010644200,1788009011012705536,405653,405654,1788009011006842112,1788009011015174912,0.7036623748211731,8.33272933959961,2.469301223754883,1342.1292217947773,560.7312110837513,1,741.4037295967694,569.3030076505903,1
451,451,15.033333333333333,15.078142881393433,15.078142881393433,1788009010677630,1788009011046136576,405657,405658,1788009011040174592,1788009011048508160,0.7154259884419523,8.333683013916016,2.371549606323242,1342.224413292421,560.1436619513322,1,741.0334950861031,567.7151849435461,1
452,452,15.066666666666666,15.111579895019531,15.111579895019531,1788009010711067,1788009011079574784,405661,405662,1788009011073507840,1788009011081840640,0.7280972818311874,8.33272933959961,2.2656917572021484,1341.5160216842091,559.6800157897969,1,740.5321768492764,567.4763126731752,1
453,453,15.1,15.145017862319946,15.145017862319946,1788009010744505,1788009011113014016,405665,405666,1788009011106839808,1788009011115172864,0.740923006494807,8.332967758178711,2.1588802337646484,1341.184908779678,558.7029934167531,1,739.8545522986715,566.958766849178,1
454,454,15.133333333333333,15.178444862365723,15.178444862365723,1788009010777932,1788009011146441984,405669,405670,1788009011140172288,1788009011148506112,0.7523101130024317,8.333921432495117,2.064228057861328,1341.1568681467052,557.1772524098429,1,739.4258933081986,566.506600753148,1
455,455,15.166666666666666,15.211881875991821,15.211881875991821,1788009010811369,1788009011179880192,405673,405674,1788009011173505536,1788009011181838592,0.7649852650854053,8.332967758178711,1.9583702087402344,1340.5861338243717,555.9960462861983,1,739.1591987825354,566.037339627698,1
456,456,15.2,15.245319843292236,15.245319843292236,1788009010844807,1788009011213319424,405677,405678,1788009011206838016,1788009011215170560,0.7778254649499284,8.33272933959961,1.8513202667236328,1340.2789390622916,555.0471273388645,1,738.9625671029382,564.7805524842545,1
457,457,15.233333333333333,15.278756856918335,15.278756856918335,1788009010878244,1788009011246757632,405681,405682,1788009011240170240,1788009011248503808,0.7904388625050066,8.333683013916016,1.7464160919189453,1340.173741981824,555.2307695921997,1,738.8185231068434,563.2187885476092,1
458,458,15.266666666666667,15.31218695640564,15.31218695640564,1788009010911674,1788009011280188672,405685,405686,1788009011273503488,1788009011281836288,0.8022603719599428,8.33272933959961,1.6477108001708984,1340.5310792595592,553.4762233496723,1,738.5403131434231,562.1240516441289,1
459,459,15.3,15.345624923706055,15.345624923706055,1788009010945112,1788009011313627648,405689,405690,1788009011306835968,1788009011315169536,0.8149854093952051,8.333683013916016,1.5418529510498047,1340.602918957711,549.315726473295,1,738.1667436051583,561.3638270346037,1
460,460,15.333333333333334,15.379060983657837,15.379060983657837,1788009010978548,1788009011347065088,405693,405694,1788009011340169216,1788009011348502016,0.8275536480686695,8.33272933959961,1.4369487762451172,1340.643918404426,548.0242157856715,1,737.6496066772261,560.3441131979123,1
461,461,15.366666666666667,15.412497997283936,15.412497997283936,1788009011011985,1788009011380503296,405697,405698,1788009011373501184,1788009011381834240,0.8402620811993934,8.332967758178711,1.3310909271240234,1341.0256205157098,551.5321690033331,1,737.1047826650106,559.4494173103091,1
462,462,15.4,15.44593596458435,15.44593596458435,1788009011045423,1788009011413942272,405701,405702,1788009011406833664,1788009011415167488,0.8529824059505078,8.333921432495117,1.2252330780029297,1341.1036160202666,552.6843015703699,1,736.2782675890794,558.5181678781736,1
463,463,15.433333333333334,15.479370832443237,15.479370832443237,1788009011078858,1788009011447378432,405705,405706,1788009011440166912,1788009011448499712,0.8654363376251788,8.33272933959961,1.1212825775146484,1340.7458685442589,551.0334511201603,1,735.5680254981926,557.8320273479058,1
464,464,15.466666666666667,15.512800931930542,15.512800931930542,1788009011112288,1788009011480809216,405709,405710,1788009011473499392,1788009011481831936,0.8772532188841202,8.33272933959961,1.0228157043457031,1340.4646290839505,549.9465435010142,1,735.1114306501094,557.0164741308819,1
465,465,15.5,15.546238899230957,15.546238899230957,1788009011145726,1788009011514247936,405713,405714,1788009011506831616,1788009011515165440,0.8899124563712307,8.333683013916016,0.9174346923828125,1340.2620503084913,550.3533723335273,1,734.4829702822561,556.0309182315483,1
466,466,15.533333333333333,15.579668045043945,15.579668045043945,1788009011179155,1788009011547677696,405717,405718,1788009011540164864,1788009011548497664,0.9016022889842632,8.33272933959961,0.8199214935302734,1339.6057974305172,550.5715566361383,1,734.2958448068232,555.6569651945867,1
467,467,15.566666666666666,15.613104820251465,15.613104820251465,1788009011212592,1788009011581115648,405721,405722,1788009011573497088,1788009011581830144,0.9142799919887843,8.332967758178711,0.7143020629882812,1338.7269273724064,551.7588480218432,1,734.3003192793745,555.6532778736558,1
468,468,15.6,15.646543025970459,15.646543025970459,1788009011246030,1788009011614555392,405725,405726,1788009011606829312,1788009011615163392,0.9270490630811042,8.333921432495117,0.6079673767089844,1338.6286720589294,553.974102534257,1,735.1047809572087,555.6259970492172,1
469,469,15.633333333333333,15.679971933364868,15.679971933364868,1788009011279459,1788009011647985152,405729,405730,1788009011640162816,1788009011648495616,0.9387428113644817,8.332967758178711,0.5104541778564453,1338.6708962054993,553.8403085557617,1,735.7210792181417,555.1133569968114,1
470,470,15.666666666666666,15.713409900665283,15.713409900665283,1788009011312897,1788009011681424128,405733,405734,1788009011673495040,1788009011681828864,0.9514232584751824,8.333921432495117,0.4048347473144531,1338.4019735131574,552.5238635981495,1,736.4495772444056,554.970126156933,1
471,471,15.7,15.746837854385376,15.746837854385376,1788009011346325,1788009011714853376,405737,405738,1788009011706828288,1788009011715161088,0.9630615164520744,8.33272933959961,0.3077983856201172,1338.6602547720436,552.4254260410087,1,737.0116014551072,554.5267975673289,1
472,472,15.733333333333333,15.780274868011475,15.780274868011475,1788009011379762,1788009011748291840,405741,405742,1788009011740160768,1788009011748493312,0.975793991416309,8.33272933959961,0.20170211791992188,1338.8902681207915,552.3894070175401,1,737.4385215611973,553.9828819230596,1
473,473,15.766666666666667,15.813705921173096,15.813705921173096,1788009011413193,1788009011781723904,405745,405746,1788009011773492736,1788009011781826816,0.9876698612501787,8.333921432495117,0.10275840759277344,1338.8662769874363,551.846500309557,1,737.7469415821059,554.3342148757214,1
474,474,15.8,15.847136974334717,15.847136974334717,1788009011446624,1788009011815155968,405749,405750,1788009011806826240,1788009011815159040,0.9996280506995509,8.332967758178711,0.0030994415283203125,1339.078297858482,551.0908819180335,1,737.5572189401179,554.1042176499308,1
475,475,15.833333333333334,15.880571842193604,15.880571842193604,1788009011480059,1788009011848592128,405754,405755,1788009011848491520,1788009011856825088,0.012073010242032386,8.333683013916016,0.10061264038085938,1339.4276982408464,550.5511327817504,1,737.3214913421366,553.6417656943419,1
476,476,15.866666666666667,15.914001941680908,15.914001941680908,1788009011513489,1788009011882023424,405758,405759,1788009011881823488,1788009011890156544,0.02397642413664845,8.332967758178711,0.19979476928710938,1339.4496163450196,549.6147764944833,1,736.6156623698441,553.3335555835895,1
477,477,15.9,15.947438955307007,15.947438955307007,1788009011546926,1788009011915461632,405762,405763,1788009011915155968,1788009011923489792,0.03667572593334287,8.333921432495117,0.3056526184082031,1339.8728517772138,549.3525214696682,1,735.4295921768492,552.6627353799586,1
478,478,15.933333333333334,15.980868816375732,15.980868816375732,1788009011580356,1788009011948892672,405766,405767,1788009011948489216,1788009011956822272,0.04841063202769592,8.332967758178711,0.40340423583984375,1340.1251030667574,548.5483494418576,1,733.7995376269915,551.7556755386059,1
479,479,15.966666666666667,16.01430583000183,16.01430583000183,1788009011613793,1788009011982330880,405770,405771,1788009011981821440,1788009011990154240,0.06111587982832618,8.33272933959961,0.5092620849609375,1340.8276042197242,547.3570508530165,1,731.7093907697525,550.74000945461,1
480,480,16.0,16.047734022140503,16.047734022140503,1788009011647221,1788009012015759872,405774,405775,1788009012015153920,1788009012023487488,0.07272415174228987,8.333683013916016,0.6060600280761719,1342.263890633241,546.3965454751369,1,729.3224827857462,549.7397948611724,1
481,481,16.033333333333335,16.081162929534912,16.081162929534912,1788009011680650,1788009012049190144,405778,405779,1788009012048487168,1788009012056819968,0.08434907010014306,8.33272933959961,0.7028579711914062,1343.745506556677,545.33797961512,1,727.7196173992149,549.6629074585363,1
482,482,16.066666666666666,16.114600896835327,16.114600896835327,1788009011714088,1788009012082629120,405782,405783,1788009012081819648,1788009012090152192,0.09716738197424893,8.33272933959961,0.8096694946289062,1345.0856645813205,544.1442963272484,1,725.9078741161956,549.7778118721477,1
483,483,16.1,16.14803194999695,16.14803194999695,1788009011747519,1788009012116061184,405786,405787,1788009012115151616,1788009012123485440,0.10914032327277928,8.333921432495117,0.9095668792724609,1346.0938280007454,543.4931727241445,1,724.0464706215489,549.1901530826115,1
484,484,16.133333333333333,16.181468963623047,16.181468963623047,1788009011780956,1788009012149499392,405790,405791,1788009012148484864,1788009012156817920,0.12174186718548825,8.332967758178711,1.0144710540771484,1346.842336516652,542.5257559375403,1,722.7381243596287,549.3223964470858,1
485,485,16.166666666666668,16.214898824691772,16.214898824691772,1788009011814386,1788009012182930176,405794,405795,1788009012181817344,1788009012190150144,0.13356223175965665,8.33272933959961,1.1129379272460938,1347.630074429335,541.4668715465683,1,721.2659445257225,549.5940575187418,1
486,486,16.2,16.24833583831787,16.24833583831787,1788009011847823,1788009012216368384,405798,405799,1788009012215149568,1788009012223483392,0.1462493562968473,8.333683013916016,1.2187957763671875,1348.0743017358127,541.2965703061506,1,719.9727553827985,549.7582907458195,1
487,487,16.233333333333334,16.281764030456543,16.281764030456543,1788009011881251,1788009012249797888,405802,405803,1788009012248482816,1788009012256815616,0.15779685264663806,8.33272933959961,1.3148784637451172,1348.27037658362,541.5950829137685,1,719.0640758240312,550.233421094477,1
488,488,16.266666666666666,16.315201997756958,16.315201997756958,1788009011914689,1788009012283237120,405806,405807,1788009012281815296,1788009012290148096,0.17064377682403434,8.33272933959961,1.4219284057617188,1348.6237413552951,541.4002961317257,1,717.672589200638,549.5469441953392,1
489,489,16.3,16.34862995147705,16.34862995147705,1788009011948117,1788009012316666368,405810,405811,1788009012315148544,1788009012323481344,0.18214592274678112,8.33272933959961,1.5177726745605469,1348.8825725167546,544.6157399515595,1,717.0482724215394,549.6925201144834,1
490,490,16.333333333333332,16.382067918777466,16.382067918777466,1788009011981555,1788009012350105600,405814,405815,1788009012348480768,1788009012356813568,0.19498726788933077,8.332967758178711,1.6248226165771484,1349.7614924642612,542.0934179276811,1,715.8505007234733,549.5768125080195,1
491,491,16.366666666666667,16.415504932403564,16.415504932403564,1788009012014992,1788009012383543552,405818,405819,1788009012381812992,1788009012390147072,0.20763839221856673,8.333921432495117,1.7304420471191406,1351.7398729079632,539.3331440629316,1,714.2656258714671,549.7439986655334,1
492,492,16.4,16.44894289970398,16.44894289970398,1788009012048430,1788009012416982528,405822,405823,1788009012415146240,1788009012423479040,0.2203719599427754,8.33272933959961,1.8362998962402344,1352.883148861685,537.6954232908822,1,712.6206390724333,549.465438322719,1
493,493,16.433333333333334,16.482372045516968,16.482372045516968,1788009012081859,1788009012450412800,405826,405827,1788009012448478720,1788009012456811520,0.2321030042918455,8.33272933959961,1.934051513671875,1353.520755556226,538.9578377869523,1,711.3131708815264,549.4853657019696,1
494,494,16.466666666666665,16.515801906585693,16.515801906585693,1788009012115289,1788009012483843840,405830,405831,1788009012481810944,1788009012490144768,0.24392058133546948,8.333683013916016,2.032756805419922,1353.9841807895702,538.5499307855313,1,709.5635017818644,549.7784610866956,1
495,495,16.5,16.54923987388611,16.54923987388611,1788009012148727,1788009012517283328,405834,405835,1788009012515144448,1788009012523476992,0.25668097281831187,8.33272933959961,2.138853073120117,1355.2837632728647,538.3945508083671,1,707.9739864757747,550.2982453732735,1
496,496,16.533333333333335,16.582669019699097,16.582669019699097,1788009012182156,1788009012550713600,405838,405839,1788009012548476416,1788009012556809472,0.2684615604703728,8.332967758178711,2.237081527709961,1356.3148579416466,537.5624366414291,1,707.0247773091395,550.6399229100814,1
497,497,16.566666666666666,16.616106033325195,16.616106033325195,1788009012215593,1788009012584151808,405842,405843,1788009012581808896,1788009012590142720,0.28113288513803464,8.333921432495117,2.3429393768310547,1358.0175605012864,537.6492597271476,1,705.6027783530138,550.7127731749479,1
498,498,16.6,16.649536848068237,16.649536848068237,1788009012249024,1788009012617583616,405846,405847,1788009012615142144,1788009012623475200,0.2929816028153701,8.332967758178711,2.44140625,1359.9467563007136,537.41700667956,1,704.6513901470539,551.0078524834597,1
499,499,16.633333333333333,16.68297290802002,16.68297290802002,1788009012282460,1788009012651020800,405850,405851,1788009012648474368,1788009012656807168,0.3055793991416309,8.33272933959961,2.5463104248046875,1361.809322660953,536.2926016240402,1,703.8523114500842,551.1367111002825,1
500,500,16.666666666666668,16.71640181541443,16.71640181541443,1788009012315889,1788009012684450560,405854,405855,1788009012681806848,1788009012690140416,0.31724552268696,8.333683013916016,2.6438236236572266,1362.491698755628,536.8749960912643,1,702.894816945115,551.1226622662575,1
501,501,16.7,16.749838829040527,16.749838829040527,1788009012349326,1788009012717888256,405858,405859,1788009012715140096,1788009012723472896,0.3298140200286123,8.33272933959961,2.748250961303711,1363.2382177802037,536.9209284672752,1,701.7953348048463,551.1679901205327,1
502,502,16.733333333333334,16.783267974853516,16.783267974853516,1788009012382755,1788009012751318528,405862,405863,1788009012748472320,1788009012756806144,0.3415248176226577,8.333921432495117,2.846240997314453,1363.379855083159,535.5531221306726,1,700.2662044778382,551.3326424717358,1
503,503,16.766666666666666,16.81670594215393,16.81670594215393,1788009012416193,1788009012784757248,405866,405867,1788009012781805568,1788009012790138368,0.35421017996623844,8.332967758178711,2.9516220092773438,1363.673437749807,535.709051142696,1,699.3338320642238,551.6029330644366,1
504,504,16.8,16.850136041641235,16.850136041641235,1788009012449623,1788009012818188544,405870,405871,1788009012815137792,1788009012823470848,0.3660839460959629,8.332967758178711,3.050565719604492,1363.7386075491704,537.7778097404139,1,698.822825394375,551.8778398021767,1
505,505,16.833333333333332,16.883564949035645,16.883564949035645,1788009012483052,1788009012851618560,405874,405875,1788009012848470272,1788009012856804096,0.3777714203976541,8.333921432495117,3.148317337036133,1363.4418788360101,540.3003416960081,1,699.1475125200296,552.3228881400312,1
506,506,16.866666666666667,16.917001962661743,16.917001962661743,1788009012516489,1788009012885056768,405878,405879,1788009012881802496,1788009012890135296,0.39052932761087267,8.33272933959961,3.2541751861572266,1363.4485162864928,540.8442041636981,1,699.7032355671442,552.5275323545852,1
507,507,16.9,16.950430870056152,16.950430870056152,1788009012549918,1788009012918486528,405882,405883,1788009012915134976,1788009012923467520,0.40223175965665237,8.33272933959961,3.3516883850097656,1364.7714344519259,539.9379181045774,1,700.1012085775819,552.342416472404,1
508,508,16.933333333333334,16.983860969543457,16.983860969543457,1788009012583348,1788009012951919360,405886,405887,1788009012948468224,1788009012956801024,0.41416309012875535,8.33272933959961,3.451108932495117,1365.3208560012242,539.6645163044149,1,700.1876864398502,552.5919775927201,1
509,509,16.966666666666665,17.017289876937866,17.017289876937866,1788009012616777,1788009012985348864,405890,405891,1788009012981800192,1788009012990133248,0.4258533375296844,8.332967758178711,3.5486221313476562,1365.9198406608366,539.6427429528428,1,700.2085780037504,552.8148817684593,1
510,510,17.0,17.05072784423828,17.05072784423828,1788009012650215,1788009013018787584,405894,405895,1788009013015132672,1788009013023466496,0.43856386783006723,8.333921432495117,3.654956817626953,1366.0463326214003,539.9486842894123,1,700.2512970793414,553.0151279772869,1
511,511,17.033333333333335,17.084156036376953,17.084156036376953,1788009012683643,1788009013052216576,405898,405899,1788009013048465920,1788009013056798976,0.4500872650281823,8.332967758178711,3.7505626678466797,1365.6227178355493,540.3186289563838,1,700.9357969438777,553.1861294361198,1
512,512,17.066666666666666,17.11758804321289,17.11758804321289,1788009012717075,1788009013085649664,405902,405903,1788009013081798400,1788009013090130944,0.46220314735336193,8.33272933959961,3.8514137268066406,1364.7439253288762,540.8192288688307,1,702.1191049934675,552.695074783944,1
513,513,17.1,17.1510169506073,17.1510169506073,1788009012750504,1788009013119079936,405906,405907,1788009013115130624,1788009013123464448,0.4738799565142759,8.333683013916016,3.9491653442382812,1363.7664072944601,541.0061184396271,1,703.8181258645242,552.365488280526,1
514,514,17.133333333333333,17.18444585800171,17.18444585800171,1788009012783933,1788009013152509952,405910,405911,1788009013148463872,1788009013156796672,0.48555078683834046,8.33272933959961,4.045963287353516,1362.7171094831501,541.2406540777628,1,705.1425896347163,552.1578698084678,1
515,515,17.166666666666668,17.217883825302124,17.217883825302124,1788009012817371,1788009013185949184,405914,405915,1788009013181796096,1788009013190129152,0.4983834511172785,8.332967758178711,4.153013229370117,1361.5761187529897,541.6848366647808,1,706.5472980998595,551.7668902759311,1
516,516,17.2,17.25131392478943,17.25131392478943,1788009012850801,1788009013219380224,405918,405919,1788009013215128320,1788009013223462400,0.5101702188528108,8.333921432495117,4.082202911376953,1360.3119734758736,542.0205433899413,1,707.3421473121006,551.3511074269679,1
517,517,17.233333333333334,17.284740924835205,17.284740924835205,1788009012884228,1788009013252808192,405922,405923,1788009013248461824,1788009013256794624,0.5215873651683786,8.332967758178711,3.9865970611572266,1359.8377422708068,542.2976829251255,1,708.0411560863326,551.4682440064348,1
518,518,17.266666666666666,17.318172931671143,17.318172931671143,1788009012917660,1788009013286241024,405926,405927,1788009013281794048,1788009013290126848,0.5336766809728183,8.33272933959961,3.8857460021972656,1358.9650969993377,542.4148218492288,1,708.8153397042493,551.5396273369811,1
519,519,17.3,17.35160994529724,17.35160994529724,1788009012951097,1788009013319679232,405930,405931,1788009013315126528,1788009013323460096,0.5463180179664702,8.333683013916016,3.780841827392578,1357.7725991701377,542.5723598645324,1,708.5747075719833,551.2368775689097,1
520,520,17.333333333333332,17.385046005249023,17.385046005249023,1788009012984533,1788009013353116416,405934,405935,1788009013348459776,1788009013356792576,0.5588555078683834,8.33272933959961,3.6759376525878906,1357.318133072788,542.4394377396467,1,707.9724595104442,551.1164112699313,1
521,521,17.366666666666667,17.41848397254944,17.41848397254944,1788009013017971,1788009013386555904,405938,405939,1788009013381792000,1788009013390125824,0.5716370086399267,8.333683013916016,3.5698413848876953,1357.8839027883826,541.7624508461632,1,707.5483959765468,550.8283673089452,1
522,522,17.4,17.451921939849854,17.451921939849854,1788009013051409,1788009013419995136,405942,405943,1788009013415125248,1788009013423458048,0.5844181854596435,8.332967758178711,3.4630298614501953,1357.1152119189558,541.52020080902,1,707.8829464790781,551.0671189692807,1
523,523,17.433333333333334,17.48535704612732,17.48535704612732,1788009013084844,1788009013453431040,405946,405947,1788009013448457472,1788009013456790528,0.5968641812823667,8.332967758178711,3.3593177795410156,1356.3506408895123,541.1964517450822,1,708.7103213237367,551.1591678821958,1
524,524,17.466666666666665,17.518786907196045,17.518786907196045,1788009013118274,1788009013486862080,405950,405951,1788009013481789952,1788009013490123776,0.6086396795880418,8.333921432495117,3.261566162109375,1354.9685424479662,541.1069429810203,1,709.7459943990273,551.3460842743171,1
525,525,17.5,17.552223920822144,17.552223920822144,1788009013151711,1788009013520300544,405954,405955,1788009013515123200,1788009013523455744,0.6213447782546495,8.33272933959961,3.155231475830078,1352.6510956794518,542.4938310316832,1,711.1974321897922,551.6142115820643,1
526,526,17.533333333333335,17.585652828216553,17.585652828216553,1788009013185140,1788009013553730560,405958,405959,1788009013548455424,1788009013556788224,0.6330472103004292,8.33272933959961,3.057718276977539,1351.6485376945516,541.6751995654462,1,712.619074664753,552.0991923524414,1
527,527,17.566666666666666,17.619091033935547,17.619091033935547,1788009013218578,1788009013587169792,405962,405963,1788009013581787904,1788009013590121472,0.645820220861704,8.333683013916016,2.9516220092773438,1350.9062855713628,540.701796634175,1,713.7134362690192,552.098296196834,1
528,528,17.6,17.652518033981323,17.652518033981323,1788009013252005,1788009013620597760,405966,405967,1788009013615121152,1788009013623453952,0.6572532188841201,8.33272933959961,2.856016159057617,1349.1459313762086,539.331931953729,1,714.2439226772551,551.8086408300306,1
529,529,17.633333333333333,17.685956954956055,17.685956954956055,1788009013285444,1788009013654038016,405970,405971,1788009013648453120,1788009013656786176,0.6701954164401591,8.332967758178711,2.748250961303711,1347.7423815870484,539.2270947925399,1,714.7719359083587,551.6671696180329,1
530,530,17.666666666666668,17.71939492225647,17.71939492225647,1788009013318882,1788009013687477248,405974,405975,1788009013681785600,1788009013690119424,0.6829638106136461,8.333921432495117,2.6421546936035156,1346.4513626828862,539.4331161668381,1,715.4541327527335,551.5711150037814,1
531,531,17.7,17.752825021743774,17.752825021743774,1788009013352312,1788009013720908544,405978,405979,1788009013715118848,1788009013723451904,0.6948012932391062,8.332967758178711,2.543210983276367,1345.4091923275405,539.8884563894289,1,716.4981967503936,551.410266561577,1
532,532,17.733333333333334,17.786260843276978,17.786260843276978,1788009013385748,1788009013754345728,405982,405983,1788009013748451328,1788009013756783872,0.707381974248927,8.33272933959961,2.4383068084716797,1344.1365309297148,540.4095417095876,1,717.8108599133827,551.3543298858958,1
533,533,17.766666666666666,17.819697856903076,17.819697856903076,1788009013419185,1788009013787784192,405986,405987,1788009013781784576,1788009013790117376,0.72,8.33272933959961,2.3331642150878906,1343.4453127577444,540.6972280019852,1,719.9336758596039,551.9201277403316,1
534,534,17.8,17.853134870529175,17.853134870529175,1788009013452622,1788009013821221888,405990,405991,1788009013815116800,1788009013823449600,0.7326466380543634,8.33272933959961,2.227783203125,1343.0142330604767,541.4552848226731,1,722.0650756594507,553.6091251298224,1
535,535,17.833333333333332,17.886571884155273,17.886571884155273,1788009013486059,1788009013854659584,405994,405995,1788009013848449024,1788009013856782848,0.7452152767844371,8.333921432495117,2.1233558654785156,1342.4870076393124,542.4238086803846,1,723.3161389902116,554.1909995191729,1
536,536,17.866666666666667,17.92000985145569,17.92000985145569,1788009013519497,1788009013888098304,405998,405999,1788009013881781248,1788009013890114304,0.7580612858001202,8.332967758178711,2.0160675048828125,1342.3049522530243,543.5704119096771,1,724.2326221566675,554.6781226847054,1
537,537,17.9,17.953446865081787,17.953446865081787,1788009013552934,1788009013921536256,406002,406003,1788009013915113728,1788009013923446528,0.770758226037196,8.33272933959961,1.9102096557617188,1342.1084480380955,544.3949630990426,1,724.8340345362794,555.1564599652986,1
538,538,17.933333333333334,17.986883878707886,17.986883878707886,1788009013586371,1788009013954974464,406006,406007,1788009013948445952,1788009013956779776,0.7833724323396464,8.333683013916016,1.8053054809570312,1341.7173031483849,545.4289324138509,1,725.7145846566708,555.9323513854613,1
539,539,17.966666666666665,18.020320892333984,18.020320892333984,1788009013619808,1788009013988412672,406010,406011,1788009013981779456,1788009013990112000,0.7960515021459228,8.33272933959961,1.6994476318359375,1341.6972435610965,546.4072536672812,1,726.5679857971126,556.2508397107551,1
540,540,18.0,18.053757905960083,18.053757905960083,1788009013653245,1788009014021851136,406014,406015,1788009014015111680,1788009014023445248,0.8086914230131029,8.333683013916016,1.5943050384521484,1340.9941656739873,546.9974677361311,1,727.9754233182491,556.7292178609142,1
541,541,18.033333333333335,18.087193965911865,18.087193965911865,1788009013686681,1788009014055288064,406018,406019,1788009014048444928,1788009014056777728,0.8212303290414878,8.33272933959961,1.4896392822265625,1340.5926337286314,546.7966927485327,1,729.5649425952851,557.3770204676557,1
542,542,18.066666666666666,18.120622873306274,18.120622873306274,1788009013720110,1788009014088717824,406022,406023,1788009014081777152,1788009014090109952,0.8329375411290092,8.332967758178711,1.3921260833740234,1340.0819138035686,547.0431393861476,1,730.9786867878022,558.0302876117769,1
543,543,18.1,18.15406084060669,18.15406084060669,1788009013753548,1788009014122157056,406026,406027,1788009014115109376,1788009014123443456,0.8456587040480618,8.333921432495117,1.2862682342529297,1339.334539709641,547.4719134566842,1,732.7536756578588,558.6866926026928,1
544,544,18.133333333333333,18.187497854232788,18.187497854232788,1788009013786985,1788009014155595264,406030,406031,1788009014148442624,1788009014156775424,0.8583690987124464,8.33272933959961,1.1801719665527344,1338.6688669812181,548.5201016873347,1,735.2158120078161,559.4160731653238,1
545,545,18.166666666666668,18.22092890739441,18.22092890739441,1788009013820416,1788009014189027584,406034,406035,1788009014181775104,1788009014190107904,0.8703576537911302,8.33272933959961,1.0802745819091797,1338.8541296322735,550.6098803988433,1,737.3495771176554,560.3180755160575,1
546,546,18.2,18.25435781478882,18.25435781478882,1788009013853845,1788009014222457600,406038,406039,1788009014215107328,1788009014223441152,0.8819877553355839,8.333683013916016,0.9834766387939453,1338.7913319282513,552.4104558017481,1,739.6893097128044,560.4274286528441,1
547,547,18.233333333333334,18.2877938747406,18.2877938747406,1788009013887281,1788009014255894784,406042,406043,1788009014248440832,1788009014256773376,0.8945636623748212,8.33272933959961,0.8785724639892578,1338.5023860496642,553.5051719281748,1,741.8516829169604,560.5443859904414,1
548,548,18.266666666666666,18.32122492790222,18.32122492790222,1788009013920712,1788009014289327104,406046,406047,1788009014281772800,1788009014290105856,0.9065548911333009,8.332967758178711,0.7786750793457031,1337.382771261786,553.8897912780201,1,743.7013721818627,560.44226095854,1
549,549,18.3,18.35466194152832,18.35466194152832,1788009013954149,1788009014322765312,406050,406051,1788009014315105280,1788009014323439104,0.9191531969675297,8.333921432495117,0.6737709045410156,1336.7072657613724,553.9210696135693,1,744.8954221657638,560.6039041474419,1
550,550,18.333333333333332,18.388088941574097,18.388088941574097,1788009013987576,1788009014356193280,406054,406055,1788009014348438528,1788009014356771584,0.9306171497238992,8.332967758178711,0.5781650543212891,1335.9569370482761,554.0026629593332,1,745.646123086384,560.6895649477871,1
551,551,18.366666666666667,18.421519994735718,18.421519994735718,1788009014021007,1788009014389625600,406058,406059,1788009014381770752,1788009014390103552,0.9426323319027182,8.33272933959961,0.4780292510986328,1335.4116343592368,553.515656009909,1,746.2979284538246,561.3255767596975,1
552,552,18.4,18.454949855804443,18.454949855804443,1788009014054437,1788009014423056640,406062,406063,1788009014415104256,1788009014423436800,0.9543633762517882,8.33272933959961,0.3802776336669922,1335.0326022891024,553.7668292083742,1,746.6185140044843,561.8352479444767,1
553,553,18.433333333333334,18.488379955291748,18.488379955291748,1788009014087867,1788009014456487936,406066,406067,1788009014448436480,1788009014456769280,0.9662374821173104,8.33272933959961,0.28133392333984375,1334.2130012664331,554.6880688774559,1,747.334283930519,562.7612032678203,1
554,554,18.466666666666665,18.521808862686157,18.521808862686157,1788009014121296,1788009014489917952,406070,406071,1788009014481768704,1788009014490102528,0.9778572450293234,8.333921432495117,0.18453598022460938,1333.1634986454283,555.719778879654,1,748.160068230325,563.6411664200548,1
555,555,18.5,18.555238962173462,18.555238962173462,1788009014154726,1788009014523348992,406074,406075,1788009014515101952,1788009014523434752,0.9896998655260222,8.332967758178711,0.0858306884765625,1332.3483296295517,556.4365903031967,1,748.6751852776013,564.6680601634533,1
556,556,18.533333333333335,18.58867597579956,18.58867597579956,1788009014188163,1788009014556787200,406079,406080,1788009014556767232,1788009014565100800,0.002403158436802655,8.333683013916016,0.02002716064453125,1331.69904650747,556.9847524353848,1,749.2335954149295,565.0290167200816,1
557,557,18.566666666666666,18.622105836868286,18.622105836868286,1788009014221593,1788009014590217984,406083,406084,1788009014590100480,1788009014598433280,0.014105865522174535,8.33272933959961,0.11754035949707031,1330.8418697775953,557.402028289645,1,750.1498395224038,564.9405083450515,1
558,558,18.6,18.65553593635559,18.65553593635559,1788009014255023,1788009014623649280,406087,406088,1788009014623432704,1788009014631765504,0.026007839546794084,8.332967758178711,0.2167224884033203,1330.1073554375623,557.6012831895439,1,750.8382280963629,565.3059957458496,1
559,559,18.633333333333333,18.688962936401367,18.688962936401367,1788009014288450,1788009014657077504,406091,406092,1788009014656764928,1788009014665099008,0.03750536403947933,8.333921432495117,0.31256675720214844,1329.552790791962,557.6096191617719,1,751.3405666225589,565.7310250878666,1
560,560,18.666666666666668,18.722400903701782,18.722400903701782,1788009014321888,1788009014690516992,406095,406096,1788009014690098176,1788009014698431232,0.05024176704529198,8.332967758178711,0.41866302490234375,1328.8376098931558,557.760057848012,1,751.5323284331289,565.9834290665646,1
561,561,18.7,18.75583004951477,18.75583004951477,1788009014355317,1788009014723947264,406099,406100,1788009014723430656,1788009014731763456,0.06200286123032904,8.33272933959961,0.5166530609130859,1328.5682147133368,558.1259045075741,1,751.5366338005038,566.2953775310843,1
562,562,18.733333333333334,18.789260864257812,18.789260864257812,1788009014388748,1788009014757379328,406103,406104,1788009014756762880,1788009014765096704,0.07395433998970075,8.333683013916016,0.6163120269775391,1328.0110310965024,558.3733517385455,1,751.5489534402282,566.3216390931871,1
563,563,18.766666666666666,18.822691917419434,18.822691917419434,1788009014422179,1788009014790811648,406107,406108,1788009014790096384,1788009014798428928,0.08583690987124463,8.33272933959961,0.7152557373046875,1327.4522772958276,558.3076858812295,1,751.446416182648,566.1381927838867,1
564,564,18.8,18.856127977371216,18.856127977371216,1788009014455615,1788009014824248832,406111,406112,1788009014823428352,1788009014831762432,0.09844085252467458,8.333921432495117,0.8203983306884766,1326.8776078459634,557.9201472642065,1,750.5775717493061,565.5167840934948,1
565,565,18.833333333333332,18.88955783843994,18.88955783843994,1788009014489045,1788009014857679360,406115,406116,1788009014856761600,1788009014865093632,0.11013820928835093,8.332014083862305,0.9176731109619141,1327.2134972169383,556.5243600348279,1,749.6174719198143,564.9803932402644,1
566,566,18.866666666666667,18.92298698425293,18.92298698425293,1788009014522474,1788009014891109120,406119,406120,1788009014890093056,1788009014898425856,0.12194563662374822,8.33272933959961,1.0161399841308594,1328.4003255089028,554.9182848663561,1,748.1163477288125,564.3563221436502,1
567,567,18.9,18.956424951553345,18.956424951553345,1788009014555912,1788009014924547840,406123,406124,1788009014923425536,1788009014931759104,0.13469130857698688,8.333683013916016,1.1224746704101562,1330.2536243908257,553.2445729745727,1,746.0107503582644,563.1622543323143,1
568,568,18.933333333333334,18.989852905273438,18.989852905273438,1788009014589340,1788009014957976832,406127,406128,1788009014956758784,1788009014965091584,0.1461802575107296,8.33272933959961,1.2180805206298828,1331.652044885444,548.3126521495172,1,743.6470170851356,560.3695031360627,1
569,569,18.966666666666665,19.02328896522522,19.02328896522522,1788009014622776,1788009014991414016,406131,406132,1788009014990091008,1788009014998423808,0.15876967095851216,8.33272933959961,1.3229846954345703,1333.3756568586753,547.8274183930228,1,741.9873661167197,559.5927289106671,1
570,570,19.0,19.05672788619995,19.05672788619995,1788009014656215,1788009015024854528,406135,406136,1788009015023423232,1788009015031757056,0.17173508797024747,8.333921432495117,1.4312267303466797,1334.7382161206624,548.7484009223225,1,740.2843292048942,558.0078103720169,1
571,571,19.033333333333335,19.090157985687256,19.090157985687256,1788009014689645,1788009015058285824,406139,406140,1788009015056756480,1788009015065089536,0.18351406254470545,8.332967758178711,1.5292167663574219,1335.94328849831,547.8449068115935,1,738.7576141285679,556.5318295768429,1
572,572,19.066666666666666,19.123586893081665,19.123586893081665,1788009014723074,1788009015091715584,406143,406144,1788009015090088960,1788009015098422784,0.1951938206265198,8.333921432495117,1.626729965209961,1336.7242870161504,546.5932458060968,1,737.4747140337959,555.3217829474987,1
573,573,19.1,19.15702486038208,19.15702486038208,1788009014756512,1788009015125154816,406147,406148,1788009015123422208,1788009015131754752,0.2079256080114449,8.33272933959961,1.7325878143310547,1337.756097224044,545.7319894048447,1,736.5843360782363,554.1024118861322,1
574,574,19.133333333333333,19.190453052520752,19.190453052520752,1788009014789940,1788009015158583808,406151,406152,1788009015156754432,1788009015165087232,0.21954220314735337,8.33272933959961,1.829385757446289,1338.9789416282238,545.4544568244962,1,735.5983093980888,552.8097784676911,1
575,575,19.166666666666668,19.223891019821167,19.223891019821167,1788009014823378,1788009015192023040,406155,406156,1788009015190086912,1788009015198420480,0.23233392458659954,8.333683013916016,1.936197280883789,1338.9313008384065,543.7934456352899,1,734.0572546624805,552.1177332762284,1
576,576,19.2,19.257319927215576,19.257319927215576,1788009014856807,1788009015225453056,406159,406160,1788009015223420160,1788009015231752960,0.24397711015736767,8.33272933959961,2.0329952239990234,1339.3139893548012,541.8746111670498,1,732.8367012810099,551.9215834209264,1
577,577,19.233333333333334,19.29075598716736,19.29075598716736,1788009014890243,1788009015258890496,406163,406164,1788009015256752128,1788009015265085184,0.2565877943406483,8.332967758178711,2.1381378173828125,1339.7383821343446,540.1690201643803,1,731.7956841583216,552.0249386985579,1
578,578,19.266666666666666,19.32418704032898,19.32418704032898,1788009014923674,1788009015292322560,406167,406168,1788009015290084608,1788009015298418432,0.26854527249320553,8.333921432495117,2.238035202026367,1340.5476255455592,539.386640535527,1,730.4095837770228,551.7190814342888,1
579,579,19.3,19.357616901397705,19.357616901397705,1788009014957104,1788009015325753344,406171,406172,1788009015323417856,1788009015331750912,0.2802781036307974,8.332967758178711,2.3355484008789062,1341.5929577387774,538.5926774505,1,729.3869104741308,551.3508831231653,1
580,580,19.333333333333332,19.391053915023804,19.391053915023804,1788009014990541,1788009015359191808,406175,406176,1788009015356750336,1788009015365082880,0.29301859799713875,8.33272933959961,2.4416446685791016,1342.7800793957872,538.4635013856242,1,728.4286190871077,550.9425197414549,1
581,581,19.366666666666667,19.424482822418213,19.424482822418213,1788009015023970,1788009015392622080,406179,406180,1788009015390082560,1788009015398416384,0.30471476798077474,8.333683013916016,2.539396286010742,1344.221194366095,538.0367381031747,1,727.2198498070471,550.4291938172421,1
582,582,19.4,19.45791983604431,19.45791983604431,1788009015057407,1788009015426060288,406183,406184,1788009015423415808,1788009015431748608,0.3173390557939914,8.33272933959961,2.6443004608154297,1345.7736913011227,536.8347701949667,1,725.446313346816,550.0539179036024,1
583,583,19.433333333333334,19.491349935531616,19.491349935531616,1788009015090837,1788009015459491584,406187,406188,1788009015456748032,1788009015465081856,0.3291946788728365,8.333921432495117,2.7434825897216797,1347.4167260531592,536.2133714190176,1,723.4320286503187,550.0560463972504,1
584,584,19.466666666666665,19.52478790283203,19.52478790283203,1788009015124275,1788009015492930560,406191,406192,1788009015490081280,1788009015498414336,0.34193585305141483,8.332967758178711,2.8493404388427734,1348.9747512101774,535.6017467363286,1,721.507715665037,549.6827858102524,1
585,585,19.5,19.558215856552124,19.558215856552124,1788009015157703,1788009015526359552,406195,406196,1788009015523413760,1788009015531746560,0.3535235043346399,8.332967758178711,2.9458999633789062,1350.4322469322624,536.2176683114789,1,720.2139087897874,549.8196537707327,1
586,586,19.533333333333335,19.591652870178223,19.591652870178223,1788009015191140,1788009015559797504,406199,406200,1788009015556745984,1788009015565079808,0.3661564869117437,8.333921432495117,3.0515193939208984,1351.483227873579,537.086688101764,1,719.5758577626208,550.196941566544,1
587,587,19.566666666666666,19.62508988380432,19.62508988380432,1788009015224577,1788009015593235712,406203,406204,1788009015590079232,1788009015598412032,0.3787982832618026,8.33272933959961,3.156423568725586,1352.7596802601697,538.048841640155,1,718.3296812947652,550.0936253385216,1
588,588,19.6,19.658520936965942,19.658520936965942,1788009015258008,1788009015626668032,406207,406208,1788009015623411712,1788009015631744512,0.3907868383404864,8.33272933959961,3.2563209533691406,1353.834340556497,538.6132701131945,1,717.1891549889225,550.3579668490937,1
589,589,19.633333333333333,19.69194984436035,19.69194984436035,1788009015291437,1788009015660098048,406211,406212,1788009015656743936,1788009015665077760,0.40247182010642557,8.333683013916016,3.3540725708007812,1355.057534099465,539.242402771545,1,715.6668335352996,550.7709391188394,1
590,590,19.666666666666668,19.725379943847656,19.725379943847656,1788009015324867,1788009015693529344,406215,406216,1788009015690077184,1788009015698409984,0.414277539341917,8.33272933959961,3.4520626068115234,1356.0977045661618,539.1390151377392,1,714.1069501089084,551.1193900905685,1
591,591,19.7,19.758816957473755,19.758816957473755,1788009015358304,1788009015726967552,406219,406220,1788009015723409408,1788009015731742464,0.42699779691568196,8.332967758178711,3.5581588745117188,1358.0134424389137,539.4425390957156,1,712.9289221800527,551.2526103528093,1
592,592,19.733333333333334,19.79224681854248,19.79224681854248,1788009015391734,1788009015760398592,406223,406224,1788009015756741888,1788009015765075712,0.43879273351451864,8.333921432495117,3.6568641662597656,1359.8671336930468,539.3279591240032,1,711.7518519960402,551.3004719801819,1
593,593,19.766666666666666,19.82567596435547,19.82567596435547,1788009015425163,1788009015793828864,406227,406228,1788009015790075136,1788009015798407680,0.45050071530758223,8.33272933959961,3.7539005279541016,1362.6835925378018,537.7055718899062,1,709.5343429574126,550.8342776454564,1
594,594,19.8,19.859104871749878,19.859104871749878,1788009015458592,1788009015827258880,406231,406232,1788009015823407360,1788009015831740160,0.46220314735336193,8.33272933959961,3.8514137268066406,1364.527055292599,537.831281759662,1,706.9048875863973,550.3007299124672,1
595,595,19.833333333333332,19.892534017562866,19.892534017562866,1788009015492021,1788009015860689152,406235,406236,1788009015856739840,1788009015865072384,0.47396280400572244,8.33272933959961,3.949403762817383,1366.0080820648684,538.1195911391338,1,705.2419617315724,550.4945831352503,1
596,596,19.866666666666667,19.925963878631592,19.925963878631592,1788009015525451,1788009015894119936,406239,406240,1788009015890071808,1788009015898404864,0.4857943978713055,8.332967758178711,4.04810905456543,1367.4621616129402,537.9714894965621,1,703.3297823876616,550.5193135360406,1
597,597,19.9,19.959394931793213,19.959394931793213,1788009015558882,1788009015927552256,406243,406244,1788009015923404288,1788009015931738112,0.49772564726076385,8.333921432495117,4.148006439208984,1368.803347325822,537.2779124991762,1,701.3628476244655,550.2041528812011,1
598,598,19.933333333333334,19.992825031280518,19.992825031280518,1788009015592312,1788009015960983552,406247,406248,1788009015956737536,1788009015965070592,0.5095419301307544,8.332967758178711,4.086971282958984,1369.8319055744048,536.6899245320465,1,699.9704013716912,550.2769152371335,1
599,599,19.966666666666665,20.026253938674927,20.026253938674927,1788009015625741,1788009015994413312,406251,406252,1788009015990069760,1788009015998402560,0.5212589413447782,8.33272933959961,3.9892196655273438,1370.4071248808496,536.0772775771743,1,698.7997189308031,550.1863888163529,1
600,600,20.0,20.059682846069336,20.059682846069336,1788009015659170,1788009016027843584,406255,406256,1788009016023402240,1788009016031735808,0.5329289923899982,8.333683013916016,3.8924217224121094,1371.1044890162648,537.31065206661,1,697.8933049772088,550.1006241525567,1
601,601,20.033333333333335,20.093119859695435,20.093119859695435,1788009015692607,1788009016061281792,406259,406260,1788009016056735488,1788009016065068288,0.5456080114449213,8.33272933959961,3.786325454711914,1371.9669351018144,538.0314679733588,1,697.3877080271416,550.2004256934546,1
602,602,20.066666666666666,20.12654995918274,20.12654995918274,1788009015726037,1788009016094713088,406263,406264,1788009016090067712,1788009016098401536,0.5574309826920326,8.333921432495117,3.688335418701172,1372.5659882602354,538.1505428890631,1,697.1503745675044,550.4596819143209,1
603,603,20.1,20.159977912902832,20.159977912902832,1788009015759465,1788009016128142336,406267,406268,1788009016123400960,1788009016131734016,0.5689965952333267,8.332967758178711,3.5915374755859375,1372.6780242330126,538.0982399513837,1,697.5893119398045,550.7616518513291,1
604,604,20.133333333333333,20.193415880203247,20.193415880203247,1788009015792903,1788009016161581056,406271,406272,1788009016156733184,1788009016165066240,0.5817573173871993,8.332967758178711,3.4852027893066406,1370.551055229419,538.1637980236012,1,699.8948315446414,550.525437451522,1
605,605,20.166666666666668,20.22684597969055,20.22684597969055,1788009015826333,1788009016195011840,406275,406276,1788009016190065664,1788009016198399488,0.5935059362036904,8.333921432495117,3.3876895904541016,1367.5489420179745,538.3930665611838,1,703.1546707391199,550.5967117915791,1
606,606,20.2,20.260275840759277,20.260275840759277,1788009015859763,1788009016228442368,406279,406280,1788009016223398912,1788009016231731712,0.6052646638054363,8.33272933959961,3.2892227172851562,1366.2229325382211,536.9659766058204,1,706.1192201993877,550.6664568075837,1
607,607,20.233333333333334,20.293712854385376,20.293712854385376,1788009015893200,1788009016261880576,406283,406284,1788009016256731392,1788009016265063936,0.6179685264663806,8.33272933959961,3.1833648681640625,1363.8550518808465,536.533324125236,1,708.3804198342575,550.1458566008022,1
608,608,20.266666666666666,20.32714295387268,20.32714295387268,1788009015926630,1788009016295311872,406287,406288,1788009016290063616,1788009016298397184,0.6297705555873434,8.333683013916016,3.0853748321533203,1362.0670368736667,536.4859993778057,1,710.1879152782486,550.2496824658111,1
609,609,20.3,20.360572814941406,20.360572814941406,1788009015960060,1788009016328742656,406291,406292,1788009016323396864,1788009016331729664,0.6415450643776824,8.33272933959961,2.986907958984375,1360.5971712546245,535.2055934716556,1,711.6225979376823,550.0843417558891,1
610,610,20.333333333333332,20.39400887489319,20.39400887489319,1788009015993496,1788009016362180096,406295,406296,1788009016356729088,1788009016365061888,0.6541443735515435,8.332967758178711,2.8820037841796875,1358.4842105225302,535.2746109956491,1,713.4454223535452,550.8218753817073,1
611,611,20.366666666666667,20.427438020706177,20.427438020706177,1788009016026925,1788009016395610112,406299,406300,1788009016390061312,1788009016398395392,0.6657988842797883,8.333921432495117,2.785205841064453,1356.1547290093044,537.7282700112894,1,715.4658837081624,551.4294096491903,1
612,612,20.4,20.460866928100586,20.460866928100586,1788009016060354,1788009016429040128,406303,406304,1788009016423394560,1788009016431727360,0.6775107296137339,8.33272933959961,2.687215805053711,1354.3420843931897,539.0664098256158,1,717.3657724193597,552.1584106498071,1
613,613,20.433333333333334,20.494304895401,20.494304895401,1788009016093792,1788009016462479616,406307,406308,1788009016456727040,1788009016465059840,0.6903576537911302,8.33272933959961,2.5801658630371094,1352.3313507969667,539.8260954764268,1,719.4762992685387,552.6430284733148,1
614,614,20.466666666666665,20.527734994888306,20.527734994888306,1788009016127222,1788009016495910912,406311,406312,1788009016490059264,1788009016498393088,0.7021513989815186,8.333683013916016,2.482175827026367,1351.0596583397275,540.2642162638227,1,720.9983155354977,552.4849898126058,1
615,615,20.5,20.56116485595703,20.56116485595703,1788009016160652,1788009016529341696,406315,406316,1788009016523392768,1788009016531725312,0.713934191702432,8.33272933959961,2.383708953857422,1349.8567635550746,540.8926903184158,1,722.619166501065,552.0557097855902,1
616,616,20.533333333333335,20.594595909118652,20.594595909118652,1788009016194083,1788009016562774016,406319,406320,1788009016556724736,1788009016565058816,0.7258475182377342,8.333921432495117,2.2847652435302734,1349.1245445456254,542.5319017486131,1,724.7338944713268,552.0830043004532,1
617,617,20.566666666666666,20.628031969070435,20.628031969070435,1788009016227519,1788009016596211200,406323,406324,1788009016590057984,1788009016598391040,0.7384051958456125,8.332967758178711,2.179861068725586,1348.0748349425098,543.1285043445276,1,726.4027931154433,552.3412250785512,1
618,618,20.6,20.661460876464844,20.661460876464844,1788009016260948,1788009016629641216,406327,406328,1788009016623390464,1788009016631723520,0.7501359045520872,8.332967758178711,2.0821094512939453,1347.5874337727564,543.2586515987683,1,728.2367957755911,552.6386166540976,1
619,619,20.633333333333333,20.69489097595215,20.69489097595215,1788009016294378,1788009016663072512,406331,406332,1788009016656722688,1788009016665056768,0.7619224717493921,8.333921432495117,1.9841194152832031,1347.2385682765557,543.9625809006191,1,730.2861295052745,552.6703160214508,1
620,620,20.666666666666668,20.72832703590393,20.72832703590393,1788009016327814,1788009016696509952,406335,406336,1788009016690056192,1788009016698388736,0.7745064377682404,8.33272933959961,1.878976821899414,1346.6838753922552,545.3370982821831,1,732.9244321955995,551.8696194222666,1
621,621,20.7,20.761756896972656,20.761756896972656,1788009016361244,1788009016729940736,406339,406340,1788009016723388416,1788009016731721216,0.7863233190271817,8.33272933959961,1.7805099487304688,1345.6737779932641,546.4277998110495,1,735.9874852425586,551.1896279976373,1
622,622,20.733333333333334,20.79519295692444,20.79519295692444,1788009016394680,1788009016763377920,406343,406344,1788009016756720640,1788009016765054464,0.7988270633671863,8.333921432495117,1.6765594482421875,1345.1730922712543,547.9217480930565,1,739.3025767149054,551.4407644654947,1
623,623,20.766666666666666,20.828624963760376,20.828624963760376,1788009016428112,1788009016796811008,406347,406348,1788009016790053888,1788009016798386688,0.8109066979485565,8.332967758178711,1.5757083892822266,1344.2483351839198,548.7347741962623,1,742.325674215497,551.7495482651686,1
624,624,20.8,20.862061977386475,20.862061977386475,1788009016461549,1788009016830249216,406351,406352,1788009016823386112,1788009016831719168,0.8236101971331292,8.332967758178711,1.4698505401611328,1343.9431560815838,550.1460494540322,1,745.0145797799673,551.595942457491,1
625,625,20.833333333333332,20.8954918384552,20.8954918384552,1788009016494979,1788009016863680256,406355,406356,1788009016856718592,1788009016865051392,0.8354792560801144,8.33272933959961,1.3709068298339844,1343.8265184835818,552.7760509771839,1,746.8488257865777,551.2577427083703,1
626,626,20.866666666666667,20.928927898406982,20.928927898406982,1788009016528415,1788009016897117696,406359,406360,1788009016890050816,1788009016898383616,0.848068669527897,8.33272933959961,1.2660026550292969,1343.9138587870045,554.8097949867862,1,748.8770520728718,551.0422998277576,1
627,627,20.9,20.96235704421997,20.96235704421997,1788009016561844,1788009016930547712,406363,406364,1788009016923383296,1788009016931716864,0.8597013217371402,8.333683013916016,1.1692047119140625,1343.1954856852553,555.4675766434742,1,750.9102862992288,551.2520344372263,1
628,628,20.933333333333334,20.995786905288696,20.995786905288696,1788009016595274,1788009016963978752,406367,406368,1788009016956716544,1788009016965049344,0.8715307582260372,8.33272933959961,1.0704994201660156,1342.3130065782734,555.3381005638319,1,752.7522005846735,551.7741924369413,1
629,629,20.966666666666665,21.02922296524048,21.02922296524048,1788009016628710,1788009016997415936,406371,406372,1788009016990048768,1788009016998381568,0.8841234871677491,8.332967758178711,0.9655952453613281,1341.6730442614958,555.7032365374619,1,754.3465179103367,552.5865073628541,1
630,630,21.0,21.062652826309204,21.062652826309204,1788009016662140,1788009017030846976,406375,406376,1788009017023380992,1788009017031714816,0.8958661135745959,8.333921432495117,0.8678436279296875,1341.2020860685138,555.7373785615687,1,755.2429180625387,553.4527127596598,1
631,631,21.033333333333335,21.09608292579651,21.09608292579651,1788009016695570,1788009017064278272,406379,406380,1788009017056714240,1788009017065047040,0.9077539341917025,8.33272933959961,0.7686614990234375,1341.3557903869937,556.3103926503213,1,755.8087717436325,553.8040057923627,1
632,632,21.066666666666666,21.129511833190918,21.129511833190918,1788009016728999,1788009017097708544,406383,406384,1788009017090046720,1788009017098379264,0.9194849785407725,8.33272933959961,0.6709098815917969,1341.2345690149891,556.5847559385423,1,756.0176922009116,553.8601573082782,1
633,633,21.1,21.16294288635254,21.16294288635254,1788009016762430,1788009017131140608,406387,406388,1788009017123378944,1788009017131712768,0.9313669394060765,8.333683013916016,0.5719661712646484,1341.178009710999,556.5109484058663,1,756.1000170690008,554.4760548039803,1
634,634,21.133333333333333,21.196379899978638,21.196379899978638,1788009016795867,1788009017164578816,406391,406392,1788009017156712192,1788009017165044992,0.9440629470672389,8.33272933959961,0.4661083221435547,1341.0043949367418,556.447948195849,1,755.9638529837043,554.455365540198,1
635,635,21.166666666666668,21.229809999465942,21.229809999465942,1788009016829297,1788009017198010112,406395,406396,1788009017190044416,1788009017198378240,0.9558289229008725,8.333921432495117,0.3681182861328125,1341.756881366538,556.4257656982581,1,755.0526108657491,553.637857270012,1
636,636,21.2,21.263239860534668,21.263239860534668,1788009016862727,1788009017231441152,406399,406400,1788009017223377664,1788009017231710720,0.9676690223455695,8.332967758178711,0.2694129943847656,1342.4811314004924,555.3876134605576,1,753.8012118651944,552.8950608048788,1
637,637,21.233333333333334,21.29667592048645,21.29667592048645,1788009016896163,1788009017264878336,406403,406404,1788009017256710144,1788009017265042944,0.9802294641068925,8.332967758178711,0.1647472381591797,1343.2345392261645,554.5667246836167,1,752.1515070344556,552.1302823901717,1
638,638,21.266666666666666,21.33010482788086,21.33010482788086,1788009016929592,1788009017298308096,406407,406408,1788009017290042368,1788009017298376448,0.9918180517808611,8.333921432495117,0.06818771362304688,1344.0339524333672,552.8619287897491,1,749.8842156146944,552.1796163535381,1
639,639,21.3,21.363534927368164,21.363534927368164,1788009016963022,1788009017331739392,406412,406413,1788009017331708416,1788009017340041472,0.003719493004492003,8.332967758178711,0.030994415283203125,1345.444947332268,551.3367295662691,1,747.1561982133852,551.1616811580759,1
640,640,21.333333333333332,21.396971940994263,21.396971940994263,1788009016996459,1788009017365177856,406416,406417,1788009017365040896,1788009017373374720,0.016449721069947076,8.333921432495117,0.13709068298339844,1347.6348395400596,549.3383676055417,1,744.0040393108292,549.9686370749607,1
641,641,21.366666666666667,21.430402040481567,21.430402040481567,1788009017029889,1788009017398608640,406420,406421,1788009017398374144,1788009017406706688,0.02815450643776824,8.33272933959961,0.2346038818359375,1349.9413233334722,546.343402599817,1,740.7112835771788,548.1633107595324,1
642,642,21.4,21.463838815689087,21.463838815689087,1788009017063326,1788009017432046336,406424,406425,1788009017431706368,1788009017440039168,0.04080114449213162,8.33272933959961,0.3399848937988281,1352.0288793214531,542.8764171927412,1,737.1501706240325,546.1441585662419,1
643,643,21.433333333333334,21.497267961502075,21.497267961502075,1788009017096755,1788009017465476352,406428,406429,1788009017465038848,1788009017473372416,0.05249756823253419,8.333683013916016,0.4374980926513672,1355.0749597909971,540.1038209927125,1,734.0161170484552,544.6357985917149,1
644,644,21.466666666666665,21.53070592880249,21.53070592880249,1788009017130193,1788009017498915328,406432,406433,1788009017498372096,1788009017506704896,0.06520743919885551,8.33272933959961,0.5433559417724609,1357.5392412380588,538.5138095238277,1,732.389729691592,543.3843928554575,1
645,645,21.5,21.564136028289795,21.564136028289795,1788009017163623,1788009017532346368,406436,406437,1788009017531704064,1788009017540037120,0.07707933964693428,8.332967758178711,0.6422996520996094,1359.2693364960467,536.8824700522807,1,731.2043087856983,543.3735289247261,1
646,646,21.533333333333335,21.597571849822998,21.597571849822998,1788009017197059,1788009017565783296,406440,406441,1788009017565037568,1788009017573370368,0.08949672398500758,8.332967758178711,0.7457733154296875,1360.6250031096056,536.43101754054,1,729.9095265991275,543.3743388697985,1
647,647,21.566666666666666,21.631008863449097,21.631008863449097,1788009017230496,1788009017599221504,406444,406445,1788009017598369792,1788009017606702848,0.10220022316958027,8.332967758178711,0.8516311645507812,1361.7822077926721,535.0592328285317,1,728.512686004766,542.9700224596268,1
648,648,21.6,21.664439916610718,21.664439916610718,1788009017263927,1788009017632653824,406448,406449,1788009017631702272,1788009017640036096,0.11417536833071092,8.333921432495117,0.9515285491943359,1361.9468808766183,534.567792982219,1,727.0352686148419,542.6714762592705,1
649,649,21.633333333333333,21.6978759765625,21.6978759765625,1788009017297363,1788009017666091264,406452,406453,1788009017665035520,1788009017673368320,0.12669527896995708,8.33272933959961,1.0557174682617188,1361.6608690247629,535.0703930100071,1,726.7837401427798,543.5328053477958,1
650,650,21.666666666666668,21.731312036514282,21.731312036514282,1788009017330799,1788009017699528192,406456,406457,1788009017698367744,1788009017706700544,0.1392560801144492,8.33272933959961,1.1603832244873047,1360.726873686215,535.3220729760917,1,727.7555753346312,544.6757565415384,1
651,651,21.7,21.76474905014038,21.76474905014038,1788009017364236,1788009017732966144,406460,406461,1788009017731699968,1788009017740033792,0.1519382062651981,8.333921432495117,1.2662410736083984,1359.7480218417738,535.4843672818737,1,729.0544030079227,544.3020285497217,1
652,652,21.733333333333334,21.798179864883423,21.798179864883423,1788009017397667,1788009017766398208,406464,406465,1788009017765033216,1788009017773366272,0.16380074962089783,8.332967758178711,1.3649463653564453,1358.7590531736337,535.4807759598488,1,730.178651499763,543.8492544957516,1
653,653,21.766666666666666,21.83161687850952,21.83161687850952,1788009017431104,1788009017799836416,406468,406469,1788009017798365696,1788009017806698496,0.17650424880547053,8.332967758178711,1.470804214477539,1358.204095246097,535.7657149772587,1,730.55752234441,543.9074888269254,1
654,654,21.8,21.865046977996826,21.865046977996826,1788009017464534,1788009017833267712,406472,406473,1788009017831697920,1788009017840031744,0.18835645830353312,8.333921432495117,1.5697479248046875,1357.8473105485818,535.7441613298255,1,730.597737360639,543.9319724952888,1
655,655,21.833333333333332,21.89847683906555,21.89847683906555,1788009017497964,1788009017866698752,406476,406477,1788009017865030400,1788009017873362944,0.20022889842632333,8.33272933959961,1.6684532165527344,1357.6860557557634,535.4533266383066,1,729.5695490504202,544.3458177410271,1
656,656,21.866666666666667,21.931912899017334,21.931912899017334,1788009017531400,1788009017900135936,406480,406481,1788009017898362624,1788009017906696192,0.2127939577730732,8.333683013916016,1.7733573913574219,1357.6405354907124,535.0676504634102,1,727.9866258203031,544.5867337576577,1
657,657,21.9,21.96534299850464,21.96534299850464,1788009017564830,1788009017933567232,406484,406485,1788009017931695872,1788009017940028672,0.2245779685264664,8.33272933959961,1.871347427368164,1357.9988658953562,535.3354694096079,1,725.9614501388468,544.0493552272154,1
658,658,21.933333333333334,21.998769998550415,21.998769998550415,1788009017598257,1788009017966995456,406488,406489,1788009017965028096,1788009017973360896,0.23610197133129238,8.332967758178711,1.9674301147460938,1358.962602706192,534.679657429924,1,723.9827558425413,543.229967276155,1
659,659,21.966666666666665,22.032208919525146,22.032208919525146,1788009017631696,1788009018000435712,406492,406493,1788009017998360320,1788009018006694400,0.24900586468316407,8.333921432495117,2.0751953125,1360.7237242251717,532.9766114713798,1,723.3999907554561,544.1934055010188,1
660,660,22.0,22.06564688682556,22.06564688682556,1788009017665134,1788009018033874432,406496,406497,1788009018031693824,1788009018040026368,0.2617167381974249,8.33272933959961,2.180814743041992,1362.4833751300407,529.8471232902245,1,722.854919933091,544.4828908131943,1
661,661,22.033333333333335,22.09908390045166,22.09908390045166,1788009017698571,1788009018067312384,406500,406501,1788009018065026048,1788009018073358848,0.2743919885550787,8.33272933959961,2.2864341735839844,1365.0477485974372,527.2659332372563,1,721.8128177080251,543.9946798447226,1
662,662,22.066666666666666,22.13252091407776,22.13252091407776,1788009017732008,1788009018100750848,406504,406505,1788009018098358272,1788009018106692096,0.2870916061108886,8.333683013916016,2.3925304412841797,1367.0525289663094,525.7475251198758,1,720.2738786338309,542.9844522932567,1
663,663,22.1,22.165949821472168,22.165949821472168,1788009017765437,1788009018134181120,406508,406509,1788009018131691776,1788009018140024320,0.29874105865522177,8.33272933959961,2.489328384399414,1369.789584269237,525.6198143840611,1,717.4787271878222,541.4818477907131,1
664,664,22.133333333333333,22.199386835098267,22.199386835098267,1788009017798874,1788009018167619328,406512,406513,1788009018165023744,1788009018173356800,0.31146462189923035,8.332967758178711,2.5954246520996094,1371.762699704423,523.9419440885252,1,714.620325910473,541.440989442781,1
665,665,22.166666666666668,22.232815980911255,22.232815980911255,1788009017832303,1788009018201049344,406516,406517,1788009018198356992,1788009018206690048,0.3230808846671054,8.332967758178711,2.6922225952148438,1373.1199943692532,524.517561205876,1,711.4916851741543,542.4323227654785,1
666,666,22.2,22.266254901885986,22.266254901885986,1788009017865742,1788009018234489344,406520,406521,1788009018231689472,1788009018240022528,0.33601327572887757,8.332967758178711,2.79998779296875,1375.7103266444815,523.8808099473088,1,708.0420267795305,543.4709243886732,1
667,667,22.233333333333334,22.299688816070557,22.299688816070557,1788009017899176,1788009018267924224,406524,406525,1788009018265021696,1788009018273355776,0.3482763553139751,8.333921432495117,2.902507781982422,1377.7493519764755,523.1710740186927,1,704.9620276929846,545.2906499173386,1
668,668,22.266666666666666,22.33312702178955,22.33312702178955,1788009017932614,1788009018301363712,406528,406529,1788009018298355200,1788009018306687744,0.36105865522174535,8.33272933959961,3.008604049682617,1380.7425481948317,521.7661044778722,1,702.0472374803489,547.277878298072,1
669,669,22.3,22.366564989089966,22.366564989089966,1788009017966052,1788009018334802944,406532,406533,1788009018331687424,1788009018340020224,0.3738769670958512,8.33272933959961,3.115415573120117,1384.0696356349945,521.1936684458095,1,698.6222768803718,549.312097417367,1
670,670,22.333333333333332,22.400002002716064,22.400002002716064,1788009017999489,1788009018368241152,406536,406537,1788009018365019648,1788009018373353472,0.386554141038478,8.333921432495117,3.2215118408203125,1387.629011356491,521.4269754124447,1,694.703287625847,551.2366385348553,1
671,671,22.366666666666667,22.433439016342163,22.433439016342163,1788009018032926,1788009018401679360,406540,406541,1788009018398352896,1788009018406685952,0.39918743383594174,8.332967758178711,3.326416015625,1390.634065222105,521.6941907622638,1,690.2084397961638,552.8855136873628,1
672,672,22.4,22.466876983642578,22.466876983642578,1788009018066364,1788009018435118336,406544,406545,1788009018431685120,1788009018440018176,0.4120053789591142,8.332967758178711,3.4332275390625,1392.021638172274,521.8554141535545,1,686.4736359869664,553.9305844050507,1
673,673,22.433333333333334,22.50031304359436,22.50031304359436,1788009018099800,1788009018468555776,406548,406549,1788009018465017600,1788009018473351424,0.4245458446574167,8.333921432495117,3.5381317138671875,1394.2486662049198,521.1553923658299,1,683.5049049499135,554.7628702234167,1
674,674,22.466666666666665,22.53374981880188,22.53374981880188,1788009018133237,1788009018501993728,406552,406553,1788009018498350848,1788009018506683648,0.4371673819742489,8.33272933959961,3.6427974700927734,1396.2219734324026,520.6930930057074,1,679.3740997208843,555.2020674327962,1
675,675,22.5,22.567178964614868,22.567178964614868,1788009018166666,1788009018535423744,406556,406557,1788009018531683328,1788009018540015872,0.448898426323319,8.33272933959961,3.740549087524414,1398.1165039864372,521.4936085136515,1,674.76894567718,555.9135045624572,1
676,676,22.533333333333335,22.60061502456665,22.60061502456665,1788009018200102,1788009018568860672,406560,406561,1788009018565015552,1788009018573349120,0.46140641986610975,8.333683013916016,3.84521484375,1402.3427967238893,522.652990365004,1,671.7727428685462,557.0038309105122,1
677,677,22.566666666666666,22.634052991867065,22.634052991867065,1788009018233540,1788009018602299904,406564,406565,1788009018598348800,1788009018606681600,0.47416309012875535,8.33272933959961,3.9510726928710938,1405.3585858149745,524.5335082788314,1,668.9242277092332,558.6431599554907,1
678,678,22.6,22.667484045028687,22.667484045028687,1788009018266971,1788009018635732224,406568,406569,1788009018631681024,1788009018640014848,0.4861107137748534,8.333921432495117,4.05120849609375,1408.1108407886788,526.0151167298216,1,667.2817396570604,560.3309344482799,1
679,679,22.633333333333333,22.700920820236206,22.700920820236206,1788009018300408,1788009018669170432,406572,406573,1788009018665014272,1788009018673347328,0.4987554004177277,8.332967758178711,4.1561126708984375,1410.0254765598552,528.0774729851462,1,665.5605336688889,562.1037986329069,1
680,680,22.666666666666668,22.734349966049194,22.734349966049194,1788009018333837,1788009018702600448,406576,406577,1788009018698346496,1788009018706679296,0.5105007153075822,8.33272933959961,4.078865051269531,1411.8551306220497,529.8433059522454,1,664.6985133514258,564.0858041937322,1
681,681,22.7,22.76777982711792,22.76777982711792,1788009018367267,1788009018736031488,406580,406581,1788009018731678976,1788009018740012544,0.5222864335984436,8.333683013916016,3.9811134338378906,1412.8845052423353,531.9138003098394,1,664.2997254586085,565.6186870162987,1
682,682,22.733333333333334,22.801218032836914,22.801218032836914,1788009018400705,1788009018769470464,406584,406585,1788009018765012224,1788009018773345024,0.5350214592274678,8.33272933959961,3.874540328979492,1413.8471044094335,533.6202356703958,1,663.6556079514396,567.2728171286282,1
683,683,22.766666666666666,22.834645986557007,22.834645986557007,1788009018434133,1788009018802899200,406588,406589,1788009018798344704,1788009018806677248,0.5465808297567954,8.33272933959961,3.778219223022461,1415.3513854317696,534.8955245747819,1,662.7599080541145,568.8985623927823,1
684,684,22.8,22.868074893951416,22.868074893951416,1788009018467562,1788009018836328704,406592,406593,1788009018831676672,1788009018840010752,0.5582034043770562,8.333921432495117,3.6818981170654297,1416.918917196772,536.6169842121702,1,662.390577374576,569.7369308219194,1
685,685,22.833333333333332,22.90150499343872,22.90150499343872,1788009018500992,1788009018869760000,406596,406597,1788009018865009152,1788009018873341952,0.5701410546193242,8.332967758178711,3.582000732421875,1419.5737718060032,539.7143479358443,1,661.5084746907366,570.4100680095004,1
686,686,22.866666666666667,22.93494200706482,22.93494200706482,1788009018534429,1788009018903198208,406600,406601,1788009018898341376,1788009018906675456,0.5827778572450293,8.333921432495117,3.4770965576171875,1422.3276939867744,543.5535321534749,1,660.5496294619438,571.3428695904753,1
687,687,22.9,22.96837282180786,22.96837282180786,1788009018567860,1788009018936630528,406604,406605,1788009018931674624,1788009018940007424,0.5947353361945636,8.33272933959961,3.3769607543945312,1425.8435811171216,548.7862166768879,1,660.3512925963394,572.4805045515154,1
688,688,22.933333333333334,23.001802921295166,23.001802921295166,1788009018601290,1788009018970061824,406608,406609,1788009018965007104,1788009018973339904,0.6066094420600858,8.33272933959961,3.278017044067383,1430.1717678607765,554.5681877565503,1,660.6723352587746,573.8036708769802,1
689,689,22.966666666666665,23.035231828689575,23.035231828689575,1788009018634719,1788009019003491584,406612,406613,1788009018998339072,1788009019006673152,0.6182520383350022,8.333921432495117,3.18145751953125,1433.558178852513,560.4477509065879,1,661.052179287479,576.3880694985293,1
690,690,23.0,23.06866192817688,23.06866192817688,1788009018668149,1788009019036922880,406616,406617,1788009019031672576,1788009019040005376,0.6300821149609453,8.332967758178711,3.0825138092041016,1436.332059467964,564.7700165144851,1,661.5953428195646,579.8077786127022,1
691,691,23.033333333333335,23.102092027664185,23.102092027664185,1788009018701579,1788009019070354176,406620,406621,1788009019065004800,1788009019073337856,0.6419558810906698,8.332967758178711,2.983570098876953,1438.3242805783357,567.1497809826938,1,661.496686940917,583.0416286645238,1
692,692,23.066666666666666,23.135527849197388,23.135527849197388,1788009018735015,1788009019103791360,406624,406625,1788009019098337280,1788009019106671104,0.6544414246888857,8.333921432495117,2.8798580169677734,1438.685392492448,567.5795350061393,1,662.1668735358555,584.3121480683194,1
693,693,23.1,23.168956995010376,23.168956995010376,1788009018768444,1788009019137221632,406628,406629,1788009019131670528,1788009019140003328,0.6661802575107296,8.33272933959961,2.7816295623779297,1438.4974002886152,567.1851940544091,1,663.9534747147648,584.1260005108383,1
694,694,23.133333333333333,23.2023868560791,23.2023868560791,1788009018801874,1788009019170652672,406632,406633,1788009019165002752,1788009019173335552,0.6780257510729614,8.33272933959961,2.682924270629883,1438.2572940459065,566.7114816354779,1,665.0360468304892,582.8547254233579,1
695,695,23.166666666666668,23.23581600189209,23.23581600189209,1788009018835303,1788009019204082688,406636,406637,1788009019198335232,1788009019206668800,0.6896778623333524,8.333683013916016,2.5861263275146484,1438.281611038008,566.2971078509745,1,665.5348206631462,581.9035188119544,1
696,696,23.2,23.269246816635132,23.269246816635132,1788009018868734,1788009019237514752,406640,406641,1788009019231668480,1788009019240001280,0.7016022889842632,8.33272933959961,2.4864673614501953,1438.6544518109472,565.7513737390871,1,665.5531652351003,581.4474910317585,1
697,697,23.233333333333334,23.30268383026123,23.30268383026123,1788009018902171,1788009019270954240,406644,406645,1788009019265000704,1788009019273334528,0.7143756258046059,8.333921432495117,2.38037109375,1439.2834133519677,565.1732876543039,1,665.3184973828786,581.0636288449688,1
698,698,23.266666666666666,23.336113929748535,23.336113929748535,1788009018935601,1788009019304385024,406648,406649,1788009019298333952,1788009019306666752,0.7261594804154388,8.332967758178711,2.2819042205810547,1440.5110318192465,564.5991583267839,1,665.2293701975912,580.7511360977346,1
699,699,23.3,23.369542837142944,23.369542837142944,1788009018969030,1788009019337814528,406652,406653,1788009019331666176,1788009019339998976,0.7378540772532188,8.33272933959961,2.1843910217285156,1440.6263459147706,564.2644242920945,1,665.030795273251,580.3249280213423,1
700,700,23.333333333333332,23.402966022491455,23.402966022491455,1788009019002453,1788009019371238400,406656,406657,1788009019364998656,1788009019373332224,0.7487555072380844,8.333683013916016,2.093791961669922,1440.6552163805516,563.7578609004967,1,665.0565268738316,579.766069370255,1
701,701,23.366666666666667,23.436393976211548,23.436393976211548,1788009019035881,1788009019404667648,406660,406661,1788009019398331904,1788009019406664704,0.760343347639485,8.33272933959961,1.9969940185546875,1440.8077493384524,563.0618109937103,1,665.1120897429132,579.0808646567026,1
702,702,23.4,23.469830989837646,23.469830989837646,1788009019069318,1788009019438105856,406664,406665,1788009019431664128,1788009019439996928,0.7730472103004292,8.33272933959961,1.8911361694335938,1440.4366148086976,562.5946564808329,1,665.2257985149383,578.5552569724781,1
703,703,23.433333333333334,23.503259897232056,23.503259897232056,1788009019102747,1788009019471535616,406668,406669,1788009019464996352,1788009019473330176,0.7846659991417537,8.333921432495117,1.794576644897461,1440.2325225905674,562.1717360594007,1,665.169700985042,577.9525072776387,1
704,704,23.466666666666665,23.53668999671936,23.53668999671936,1788009019136177,1788009019504966912,406672,406673,1788009019498329600,1788009019506662656,0.7965151211696375,8.332967758178711,1.6956329345703125,1439.8378939676822,562.815986231655,1,665.6398358042029,576.6789986988662,1
705,705,23.5,23.570122003555298,23.570122003555298,1788009019169609,1788009019538400000,406676,406677,1788009019531662080,1788009019539994880,0.8085891676919116,8.332967758178711,1.5950202941894531,1439.4565364519203,563.584034185018,1,666.8555251506134,574.2733016320713,1
706,706,23.533333333333335,23.6035578250885,23.6035578250885,1788009019203045,1788009019571836928,406680,406681,1788009019564994304,1788009019573328384,0.8210556429695323,8.333921432495117,1.4913082122802734,1439.5435139462088,564.118699054882,1,668.3585890875426,571.3579718574432,1
707,707,23.566666666666666,23.63698697090149,23.63698697090149,1788009019236474,1788009019605267200,406684,406685,1788009019598327552,1788009019606660352,0.8328183118741058,8.33272933959961,1.3930797576904297,1438.8559105096622,563.6167918496366,1,670.311962357575,567.4230743801236,1
708,708,23.6,23.670416831970215,23.670416831970215,1788009019269904,1788009019638698496,406688,406689,1788009019631660032,1788009019639992832,0.844692417739628,8.33272933959961,1.2941360473632812,1436.0366981861146,561.147125113437,1,675.2616923900239,562.4574227674091,1
709,709,23.633333333333333,23.703845024108887,23.703845024108887,1788009019303332,1788009019672127744,406692,406693,1788009019664993280,1788009019673326080,0.8561945636623748,8.33272933959961,1.1982917785644531,1427.178111686186,558.1845971738883,1,681.000625354879,558.5368174594447,1
710,710,23.666666666666668,23.7372829914093,23.7372829914093,1788009019336770,1788009019705566976,406696,406697,1788009019698325504,1788009019706658304,0.8690166232725817,8.332967758178711,1.0914802551269531,1419.726871969526,554.6755162589415,1,685.0708992630965,555.8830489185003,1
711,711,23.7,23.770714044570923,23.770714044570923,1788009019370201,1788009019738999040,406700,406701,1788009019731657728,1788009019739991552,0.8809040194535832,8.333921432495117,0.9925365447998047,1413.2343517347358,550.6615115110118,1,689.9404453526645,554.2779508405238,1
712,712,23.733333333333334,23.80414390563965,23.80414390563965,1788009019403631,1788009019772429824,406704,406705,1788009019764990976,1788009019773324032,0.8927069325627307,8.332967758178711,0.8940696716308594,1405.4554845410726,547.8082759317805,1,691.7028803409386,553.1014540092407,1
713,713,23.766666666666666,23.83757185935974,23.83757185935974,1788009019437059,1788009019805859072,406708,406709,1788009019798323456,1788009019806656000,0.9043490701001431,8.33272933959961,0.7970333099365234,1398.6372201949766,545.5087978363227,1,694.8594424247559,552.0358700635427,1
714,714,23.8,23.871002912521362,23.871002912521362,1788009019470490,1788009019839291392,406712,406713,1788009019831655680,1788009019839989504,0.9162327630600218,8.333683013916016,0.698089599609375,1391.7927812261437,543.9574187299979,1,695.9721744604042,550.4489641933959,1
715,715,23.833333333333332,23.90443992614746,23.90443992614746,1788009019503927,1788009019872729600,406716,406717,1788009019864988160,1788009019873320704,0.9290414878397711,8.33272933959961,0.591278076171875,1384.4761198166505,543.1528500848166,1,698.5141074451021,549.0763277343478,1
716,716,23.866666666666667,23.937867879867554,23.937867879867554,1788009019537355,1788009019906158336,406720,406721,1788009019898320128,1788009019906654208,0.9405235302531827,8.333921432495117,0.49567222595214844,1375.7494855582822,542.7069316849788,1,701.4304957342313,547.3505288709455,1
717,717,23.9,23.971297025680542,23.971297025680542,1788009019570784,1788009019939588864,406724,406725,1788009019931653376,1788009019939986432,0.9522760436039026,8.332967758178711,0.39768218994140625,1369.085621764476,541.2275377463325,1,704.0896577015899,545.3235603329556,1
718,718,23.933333333333334,24.004734992980957,24.004734992980957,1788009019604222,1788009019973027840,406728,406729,1788009019964985856,1788009019973318656,0.9651216022889842,8.33272933959961,0.2906322479248047,1363.8244636251618,536.0834243599429,1,705.9897370781266,543.882090171489,1
719,719,23.966666666666665,24.038164854049683,24.038164854049683,1788009019637652,1788009020006458880,406732,406733,1788009019998318080,1788009020006651904,0.9768552955312697,8.333683013916016,0.19288063049316406,1358.7426057665245,538.0922677300179,1,708.1681689913279,542.6575194111273,1
720,720,24.0,24.071594953536987,24.071594953536987,1788009019671082,1788009020039890176,406736,406737,1788009020031651584,1788009020039984128,0.9887267525035766,8.33272933959961,0.09393692016601562,1353.4006630650372,537.8925080582202,1,711.5300662631334,541.6663109572781,1
721,721,24.033333333333335,24.105023860931396,24.105023860931396,1788009019704511,1788009020073320192,406741,406742,1788009020073316608,1788009020081650432,0.00042912315834644544,8.333921432495117,0.0035762786865234375,1348.334991988705,538.8142008236478,1,715.593165018104,540.5315368087353,1
722,722,24.066666666666666,24.138453006744385,24.138453006744385,1788009019737940,1788009020106750464,406745,406746,1788009020106649856,1788009020114982656,0.012074391988555078,8.33272933959961,0.10061264038085938,1344.3808008439894,537.3184047097066,1,719.8448243127316,540.3338821712524,1
723,723,24.1,24.171883821487427,24.171883821487427,1788009019771371,1788009020140182016,406749,406750,1788009020139982336,1788009020148314880,0.023977110157367667,8.33272933959961,0.19979476928710938,1340.3159592269503,534.7156548469047,1,723.2511968186894,540.274368568307,1
724,724,24.133333333333333,24.205312967300415,24.205312967300415,1788009019804800,1788009020173612032,406753,406754,1788009020173314560,1788009020181648128,0.03570406820392516,8.333683013916016,0.29754638671875,1336.6390086882284,534.0920036892676,1,726.3166538585733,540.798728199286,1
725,725,24.166666666666668,24.238740921020508,24.238740921020508,1788009019838228,1788009020207040768,406757,406758,1788009020206647808,1788009020214980608,0.04715307582260372,8.33272933959961,0.392913818359375,1333.3130349013509,534.7566416493042,1,729.7898575954155,542.5727536916854,1
726,726,24.2,24.272178888320923,24.272178888320923,1788009019871666,1788009020240480000,406761,406762,1788009020239980032,1788009020248312832,0.059998283310921004,8.332967758178711,0.49996376037597656,1330.4874468731896,535.4317040248241,1,733.3676451613303,545.9892985786943,1
727,727,24.233333333333334,24.305608987808228,24.305608987808228,1788009019905096,1788009020273911296,406765,406766,1788009020273312256,1788009020281646336,0.0718638249177514,8.333921432495117,0.598907470703125,1329.0424132532796,536.9789436545666,1,736.4357145862801,549.6130718390451,1
728,728,24.266666666666666,24.339038848876953,24.339038848876953,1788009019938526,1788009020307342080,406769,406770,1788009020306645504,1788009020314978304,0.08357653791130186,8.33272933959961,0.6964206695556641,1328.6068172886382,539.460843906309,1,738.211142213517,552.3287548896417,1
729,729,24.3,24.372476816177368,24.372476816177368,1788009019971964,1788009020340781312,406773,406774,1788009020339977984,1788009020348311552,0.0963838187331922,8.333683013916016,0.8032321929931641,1328.6556895998087,543.825689266445,1,739.7887963102103,556.0743436228282,1
730,730,24.333333333333332,24.40590500831604,24.40590500831604,1788009020005392,1788009020374210560,406777,406778,1788009020373311232,1788009020381644032,0.10792560801144492,8.33272933959961,0.8993148803710938,1329.4805572238142,546.538712364965,1,740.6183687753794,559.3278303123591,1
731,731,24.366666666666667,24.439342975616455,24.439342975616455,1788009020038830,1788009020407649792,406781,406782,1788009020406643712,1788009020414976256,0.12074391988555079,8.33272933959961,1.0061264038085938,1330.5726458148242,548.9967584105739,1,741.2790860992443,562.499249071733,1
732,732,24.4,24.47277283668518,24.47277283668518,1788009020072260,1788009020441080576,406785,406786,1788009020439975680,1788009020448309760,0.13257044771849522,8.333921432495117,1.1048316955566406,1331.104165672615,551.028738493334,1,741.8514252243526,565.204753680476,1
733,733,24.433333333333334,24.506208896636963,24.506208896636963,1788009020105696,1788009020474517760,406789,406790,1788009020473308928,1788009020481641984,0.14506022717518813,8.332967758178711,1.2087821960449219,1332.0292189203221,551.9373015277758,1,741.6920958802534,566.7795804844425,1
734,734,24.466666666666665,24.53963804244995,24.53963804244995,1788009020139125,1788009020507948288,406793,406794,1788009020506641408,1788009020514974464,0.15681954736631284,8.332967758178711,1.306772232055664,1332.6095996909628,552.5033586028791,1,741.1822741947556,567.1080344923089,1
735,735,24.5,24.57307481765747,24.57307481765747,1788009020172562,1788009020541386240,406797,406798,1788009020539973632,1788009020548307712,0.16947503933628952,8.333921432495117,1.4123916625976562,1333.4044773990418,553.1263424130403,1,740.1247254538181,566.4998198269842,1
736,736,24.533333333333335,24.60650396347046,24.60650396347046,1788009020205991,1788009020574816512,406801,406802,1788009020573307136,1788009020581639680,0.1811444921316166,8.33272933959961,1.5094280242919922,1334.2125958750753,553.4688254055029,1,739.4090155931233,565.9134149714583,1
737,737,24.566666666666666,24.639941930770874,24.639941930770874,1788009020239429,1788009020608255744,406805,406806,1788009020606639360,1788009020614972160,0.19396280400572247,8.33272933959961,1.6162395477294922,1334.8058971609948,553.2315157321682,1,738.819968150128,565.7573547743763,1
738,738,24.6,24.67337203025818,24.67337203025818,1788009020272859,1788009020641686784,406809,406810,1788009020639971584,1788009020648305408,0.20580746674295522,8.333921432495117,1.7151832580566406,1335.0466757432307,552.3151116453433,1,738.0868060169448,564.808543602241,1
739,739,24.633333333333333,24.70680284500122,24.70680284500122,1788009020306290,1788009020675118592,406813,406814,1788009020673304832,1788009020681637888,0.217676175216732,8.332967758178711,1.8138885498046875,1335.253779182437,551.4901084205708,1,737.828678390474,563.6850069767435,1
740,740,24.666666666666668,24.740238904953003,24.740238904953003,1788009020339726,1788009020708556032,406817,406818,1788009020706637056,1788009020714971136,0.23023887855814618,8.333921432495117,1.918792724609375,1335.1501882667221,550.3021481577892,1,737.7081653337037,563.0513902035551,1
741,741,24.7,24.773676872253418,24.773676872253418,1788009020373164,1788009020741995008,406821,406822,1788009020739970560,1788009020748303360,0.24296872764727762,8.332967758178711,2.0246505737304688,1335.277925732569,549.4918258610073,1,737.9396757207096,562.1100678261902,1
742,742,24.733333333333334,24.807103872299194,24.807103872299194,1788009020406591,1788009020775423232,406825,406826,1788009020773302784,1788009020781635584,0.2544778254649499,8.33272933959961,2.120494842529297,1335.2012119697984,549.4192502221098,1,738.63373968911,561.5145043958239,1
743,743,24.766666666666666,24.84054183959961,24.84054183959961,1788009020440029,1788009020808862464,406829,406830,1788009020806635264,1788009020814968832,0.2672655490072667,8.333683013916016,2.227306365966797,1335.1005119400445,550.1977481967307,1,739.1387928573057,560.9527171069589,1
744,744,24.8,24.873971939086914,24.873971939086914,1788009020473459,1788009020842293504,406833,406834,1788009020839968512,1788009020848301056,0.2790271816881259,8.33272933959961,2.3250579833984375,1334.016298160528,550.9886666752567,1,739.4233315177789,560.4157534968057,1
745,745,24.833333333333332,24.907408952713013,24.907408952713013,1788009020506896,1788009020875731712,406837,406838,1788009020873299712,1788009020881632512,0.2918657549140225,8.332967758178711,2.432107925415039,1333.5034324244787,551.5924718414041,1,739.5564965551044,560.0854077966729,1
746,746,24.866666666666667,24.940839052200317,24.940839052200317,1788009020540326,1788009020909162752,406841,406842,1788009020906631936,1788009020914965760,0.3036761550565012,8.333921432495117,2.530813217163086,1333.1060257818317,551.5578044763473,1,739.6042417266278,559.7292744583574,1
747,747,24.9,24.974277019500732,24.974277019500732,1788009020573764,1788009020942601984,406845,406846,1788009020939965184,1788009020948298240,0.3164144087436697,8.332967758178711,2.6366710662841797,1332.9318563630782,551.358181298635,1,739.4736654448619,559.0815198607972,1
748,748,24.933333333333334,25.00770592689514,25.00770592689514,1788009020607193,1788009020976031744,406849,406850,1788009020973297664,1788009020981631232,0.3280883446815815,8.333683013916016,2.7341842651367188,1332.7867193070433,551.2784179858447,1,739.5344150379424,559.1289640318772,1
749,749,24.966666666666665,25.041136026382446,25.041136026382446,1788009020640623,1788009021009463040,406853,406854,1788009021006630912,1788009021014963712,0.33988555078683835,8.33272933959961,2.832174301147461,1332.6813955823486,551.3728785584744,1,739.524213340687,559.1537825909214,1
750,750,25.0,25.074573040008545,25.074573040008545,1788009020674060,1788009021042901504,406857,406858,1788009021039963136,1788009021048295936,0.352618025751073,8.33272933959961,2.9382705688476562,1332.1300447975098,551.09560593152,1,739.6219476676918,559.1188098853335,1
751,751,25.033333333333335,25.108001947402954,25.108001947402954,1788009020707489,1788009021076331520,406861,406862,1788009021073295360,1788009021081629184,0.36432556143613215,8.333921432495117,3.0362606048583984,1331.5773624517005,553.2300779190635,1,740.3255042672358,559.2712230121256,1
752,752,25.066666666666666,25.141429901123047,25.141429901123047,1788009020740917,1788009021109760768,406865,406866,1788009021106628608,1788009021114961664,0.3758690738462419,8.332967758178711,3.1321048736572266,1330.8830751288529,556.2172694818446,1,741.2089446384412,560.8624016939604,1
753,753,25.1,25.174860954284668,25.174860954284668,1788009020774348,1788009021143193088,406869,406870,1788009021139961088,1788009021148293888,0.3878572859145661,8.332967758178711,3.2320022583007812,1330.670072970959,559.3578135774608,1,742.2908493987785,562.757861788279,1
754,754,25.133333333333333,25.2082839012146,25.2082839012146,1788009020807771,1788009021176616960,406873,406874,1788009021173293312,1788009021181627392,0.3987984551566299,8.333921432495117,3.3235549926757812,1330.4639341264642,560.9619181926994,1,743.4196965039364,565.3741736228621,1
755,755,25.166666666666668,25.241719961166382,25.241719961166382,1788009020841207,1788009021210054144,406877,406878,1788009021206626560,1788009021214959360,0.4113304721030043,8.33272933959961,3.4275054931640625,1330.3676630122468,562.0812298239945,1,743.6571936656546,567.3045640447871,1
756,756,25.2,25.275149822235107,25.275149822235107,1788009020874637,1788009021243485184,406881,406882,1788009021239959040,1788009021248291840,0.4231759656652361,8.33272933959961,3.5262107849121094,1331.2068719515378,562.2055955576593,1,743.2030132101672,567.7737846170535,1
757,757,25.233333333333334,25.308586835861206,25.308586835861206,1788009020908074,1788009021276923392,406885,406886,1788009021273291264,1788009021281625088,0.4358299479315672,8.333683013916016,3.632068634033203,1332.47679784533,560.7146648662874,1,742.7895303751088,568.6058968242174,1
758,758,25.266666666666666,25.34201693534851,25.34201693534851,1788009020941504,1788009021310354688,406889,406890,1788009021306624512,1788009021314957312,0.44765528883293754,8.332967758178711,3.730297088623047,1334.4429872460037,557.087598792916,1,741.9138692410264,568.3791501233753,1
759,759,25.3,25.375447034835815,25.375447034835815,1788009020974934,1788009021343785984,406893,406894,1788009021339956736,1788009021348290560,0.45947646974681733,8.333921432495117,3.8292407989501953,1336.0787237553388,554.1211897679252,1,740.19720315839,566.8437928387264,1
760,760,25.333333333333332,25.408881902694702,25.408881902694702,1788009021008369,1788009021377222144,406897,406898,1788009021373289984,1788009021381623040,0.4718606048467855,8.332967758178711,3.9319992065429688,1337.8972136658465,550.5435869821083,1,738.9464805808498,565.8392892763396,1
761,761,25.366666666666667,25.44231390953064,25.44231390953064,1788009021041801,1788009021410655232,406901,406902,1788009021406622464,1788009021414955264,0.48397711015736766,8.33272933959961,4.03285026550293,1339.1945699209493,547.1852237294867,1,737.9427331263668,564.1808323708581,1
762,762,25.4,25.475749969482422,25.475749969482422,1788009021075237,1788009021444092160,406905,406906,1788009021439954688,1788009021448288512,0.4964810894318247,8.333683013916016,4.137516021728516,1340.2468481006717,544.089983702503,1,737.1670846615233,563.1866561220065,1
763,763,25.433333333333334,25.509177923202515,25.509177923202515,1788009021108665,1788009021477521152,406909,406910,1788009021473287936,1788009021481620736,0.5080114449213161,8.33272933959961,4.099607467651367,1340.553643630783,540.8997338028075,1,736.9317458320816,562.2168512552569,1
764,764,25.466666666666665,25.542614936828613,25.542614936828613,1788009021142102,1788009021510959104,406913,406914,1788009021506620416,1788009021514953216,0.5206866952789699,8.33272933959961,3.993988037109375,1340.5548125357043,538.1753431146991,1,736.8329712951268,559.803470396676,1
765,765,25.5,25.576045989990234,25.576045989990234,1788009021175533,1788009021544391168,406917,406918,1788009021539952640,1788009021548286464,0.5325990559290517,8.333921432495117,3.895282745361328,1340.513953981546,536.6790692168211,1,736.7851173616046,558.942225711997,1
766,766,25.533333333333335,25.60948395729065,25.60948395729065,1788009021208971,1788009021577830144,406921,406922,1788009021573285888,1788009021581618688,0.5453348974278275,8.332967758178711,3.7887096405029297,1340.8588653924558,535.4625844333433,1,737.1282294392577,559.4559752228894,1
767,767,25.566666666666666,25.642920970916748,25.642920970916748,1788009021242408,1788009021611268352,406925,406926,1788009021606618112,1788009021614950912,0.5580543633762518,8.33272933959961,3.6826133728027344,1340.7576861232674,534.3012135079657,1,737.4177213317445,559.0232704998673,1
768,768,25.6,25.676349878311157,25.676349878311157,1788009021275837,1788009021644698112,406929,406930,1788009021639950592,1788009021648284160,0.569691594667277,8.333683013916016,3.5860538482666016,1340.3153633613651,534.1188126670569,1,737.7596187358904,558.2289624253875,1
769,769,25.633333333333333,25.709787845611572,25.709787845611572,1788009021309275,1788009021678137344,406933,406934,1788009021673283840,1788009021681616640,0.5824606580829756,8.33272933959961,3.4792423248291016,1339.9909431338751,533.5864283698686,1,738.0274044556634,557.7619663712272,1
770,770,25.666666666666668,25.74322485923767,25.74322485923767,1788009021342712,1788009021711575296,406937,406938,1788009021706616064,1788009021714948864,0.5951359084406295,8.33272933959961,3.3736228942871094,1340.9547762221384,533.0315865688868,1,739.4628567623575,558.9482359474927,1
771,771,25.7,25.776655912399292,25.776655912399292,1788009021376143,1788009021745007616,406941,406942,1788009021739948288,1788009021748282112,0.6070662280074381,8.333921432495117,3.274679183959961,1342.0351540749418,532.0974587260149,1,739.2545948886616,559.4314826554232,1
772,772,25.733333333333334,25.810089826583862,25.810089826583862,1788009021409577,1788009021778442496,406945,406946,1788009021773281536,1788009021781614592,0.6193528082172184,8.332967758178711,3.1719207763671875,1342.9638541744303,534.377961272316,1,738.2668915762581,559.957048679484,1
773,773,25.766666666666666,25.843519926071167,25.843519926071167,1788009021443007,1788009021811873792,406949,406950,1788009021806614016,1788009021814947840,0.6311257330853955,8.333921432495117,3.074169158935547,1343.7236242015977,535.1426387632869,1,737.7390715997325,560.0797264455059,1
774,774,25.8,25.876950979232788,25.876950979232788,1788009021476438,1788009021845305856,406953,406954,1788009021839947264,1788009021848280064,0.6430717289920174,8.332967758178711,2.974271774291992,1342.9485356803748,538.2387130403758,1,736.9624851338192,560.7063683235793,1
775,775,25.833333333333332,25.910377979278564,25.910377979278564,1788009021509865,1788009021878734080,406957,406958,1788009021873278720,1788009021881611264,0.6547067238912733,8.33272933959961,2.8772354125976562,1341.190596618324,540.471069150009,1,736.4293223615234,562.3420786924786,1
776,776,25.866666666666667,25.943816900253296,25.943816900253296,1788009021543304,1788009021912174336,406961,406962,1788009021906610944,1788009021914944768,0.6675916919379756,8.333683013916016,2.7701854705810547,1339.7686421045714,542.297160360966,1,735.3773720627207,563.8265394259566,1
777,777,25.9,25.9772469997406,25.9772469997406,1788009021576734,1788009021945605632,406965,406966,1788009021939943936,1788009021948276992,0.6794369259820892,8.332967758178711,2.6712417602539062,1338.2733273268145,542.8281808221545,1,734.2285367071559,565.2924022619452,1
778,778,25.933333333333334,26.01067590713501,26.01067590713501,1788009021610163,1788009021979035904,406969,406970,1788009021973276416,1788009021981610240,0.6910885424116722,8.333921432495117,2.574443817138672,1337.685424848177,544.1242549308523,1,733.2860081134859,565.8763449138997,1
779,779,25.966666666666665,26.04411292076111,26.04411292076111,1788009021643600,1788009022012473856,406973,406974,1788009022006609664,1788009022014942720,0.703728076449887,8.332967758178711,2.4688243865966797,1337.1027298754805,544.5914435130085,1,733.2961548796095,566.079681042276,1
780,780,26.0,26.077541828155518,26.077541828155518,1788009021677029,1788009022045903616,406977,406978,1788009022039942144,1788009022048274688,0.715450643776824,8.33272933959961,2.371072769165039,1337.2638185726985,545.3505494109423,1,733.373711826391,566.7075575607986,1
781,781,26.033333333333335,26.110970973968506,26.110970973968506,1788009021710458,1788009022079334144,406981,406982,1788009022073274368,1788009022081607936,0.7271270813068604,8.333683013916016,2.274036407470703,1337.455573529156,544.9845625039162,1,734.8704394971566,567.445996845539,1
782,782,26.066666666666666,26.14440083503723,26.14440083503723,1788009021743888,1788009022112765440,406985,406986,1788009022106607616,1788009022114940416,0.7389699570815451,8.33272933959961,2.1750926971435547,1337.6275886165351,543.4224383832457,1,735.2550422637729,567.689497346802,1
783,783,26.1,26.177830934524536,26.177830934524536,1788009021777318,1788009022146196480,406989,406990,1788009022139940096,1788009022148272640,0.7508154506437769,8.33272933959961,2.076387405395508,1337.7955787146182,542.677661236113,1,735.7564689014025,567.5394764437585,1
784,784,26.133333333333333,26.21126890182495,26.21126890182495,1788009021810756,1788009022179635200,406993,406994,1788009022173272064,1788009022181606144,0.7635245315405521,8.333921432495117,1.9707679748535156,1338.0299396047285,543.2484446855314,1,736.0568774705363,567.4240997300245,1
785,785,26.166666666666668,26.24469804763794,26.24469804763794,1788009021844185,1788009022213065728,406997,406998,1788009022206605312,1788009022214938368,0.7752567880747332,8.332967758178711,1.8727779388427734,1338.6859160447268,543.328340889644,1,735.7366428676354,566.5342258364161,1
786,786,26.2,26.27812886238098,26.27812886238098,1788009021877616,1788009022246497536,407001,407002,1788009022239937792,1788009022248270848,0.7872163886584075,8.332967758178711,1.7731189727783203,1339.0607728152636,543.5784331076391,1,735.4036460154933,566.1011756242739,1
787,787,26.233333333333334,26.31155800819397,26.31155800819397,1788009021911045,1788009022279928064,407005,407006,1788009022273270016,1788009022281603840,0.798907135091835,8.333683013916016,1.6758441925048828,1339.120852001584,543.2310057557264,1,735.0968643896498,566.1334524943455,1
788,788,26.266666666666666,26.34498691558838,26.34498691558838,1788009021944474,1788009022313358080,407009,407010,1788009022306603520,1788009022314936064,0.8106151645207439,8.33272933959961,1.5780925750732422,1340.0902529677326,543.3359342767159,1,734.8683992535888,566.5445549076629,1
789,789,26.3,26.378415822982788,26.378415822982788,1788009021977903,1788009022346787840,407013,407014,1788009022339935744,1788009022348268544,0.8223175965665236,8.33272933959961,1.4805793762207031,1340.6602158556295,542.8948556146441,1,734.5184738042253,566.3434558011211,1
790,790,26.333333333333332,26.411845922470093,26.411845922470093,1788009022011333,1788009022380219136,407017,407018,1788009022373267968,1788009022381601792,0.8341009869832642,8.333921432495117,1.382589340209961,1341.1525830373162,542.8181019466757,1,734.313046165324,566.262614192323,1
791,791,26.366666666666667,26.445274829864502,26.445274829864502,1788009022044762,1788009022413649408,407021,407022,1788009022406601216,1788009022414934272,0.8458127092214816,8.332967758178711,1.2848377227783203,1342.001444995758,542.0191392668336,1,734.0550551593794,565.8401758431615,1
792,792,26.4,26.478705883026123,26.478705883026123,1788009022078193,1788009022447081728,407025,407026,1788009022439933440,1788009022448267520,0.8577313689028752,8.333921432495117,1.1856555938720703,1343.2845411369503,540.5974584250364,1,733.4521160125557,565.1099717700184,1
793,793,26.433333333333334,26.51213502883911,26.51213502883911,1788009022111622,1788009022480512000,407029,407030,1788009022473266944,1788009022481599744,0.8694457955423307,8.332967758178711,1.0879039764404297,1344.229317058062,542.1371447888978,1,733.685291708243,566.2190755344321,1
794,794,26.466666666666665,26.545565843582153,26.545565843582153,1788009022145053,1788009022513943808,407033,407034,1788009022506599168,1788009022514931968,0.8814306151645207,8.33272933959961,0.988006591796875,1344.819376509895,542.7105225412452,1,733.6014616295986,565.9611084483022,1
795,795,26.5,26.578994035720825,26.578994035720825,1788009022178481,1788009022547373312,407037,407038,1788009022539931648,1788009022548265216,0.8929736224752531,8.333683013916016,0.8919239044189453,1345.4135450863555,542.1728859639951,1,733.8634363256726,565.6901854199672,1
796,796,26.533333333333335,26.612416982650757,26.612416982650757,1788009022211904,1788009022580797184,407041,407042,1788009022573264896,1788009022581597440,0.9039484978540773,8.33272933959961,0.8003711700439453,1346.004843768752,541.841490577661,1,734.386896945836,565.5994525869706,1
797,797,26.566666666666666,26.645845890045166,26.645845890045166,1788009022245333,1788009022614227200,407045,407046,1788009022606596864,1788009022614929920,0.9156819547366313,8.332967758178711,0.7026195526123047,1346.0435008494794,541.7684566572699,1,735.3069720517551,566.3166643253165,1
798,798,26.6,26.67927384376526,26.67927384376526,1788009022278761,1788009022647656192,407049,407050,1788009022639929344,1788009022648263168,0.92716349592333,8.333921432495117,0.6070137023925781,1346.0530918969027,541.6924611525144,1,735.8410426624748,566.0915224237277,1
799,799,26.633333333333333,26.71270489692688,26.71270489692688,1788009022312192,1788009022681088768,407053,407054,1788009022673262592,1788009022681595648,0.9391719836342308,8.332967758178711,0.5068778991699219,1346.4434960839203,541.3589282363731,1,736.1640955030964,565.4688398441068,1
800,800,26.666666666666668,26.746134996414185,26.746134996414185,1788009022345622,1788009022714520064,407057,407058,1788009022706595072,1788009022714927616,0.9510729613733906,8.33272933959961,0.4076957702636719,1346.853348079822,541.024499111348,1,736.2740825149805,565.2988820294535,1
801,801,26.7,26.779557943344116,26.779557943344116,1788009022379045,1788009022747943936,407061,407062,1788009022739927296,1788009022748260864,0.9619499914172913,8.333683013916016,0.3170967102050781,1346.883905110019,540.2947776550992,1,736.4989446698087,565.4094083220185,1
802,802,26.733333333333334,26.812986850738525,26.812986850738525,1788009022412474,1788009022781373952,407065,407066,1788009022773260544,1788009022781593344,0.9736766809728183,8.33272933959961,0.2193450927734375,1348.0362226095872,538.8365669824273,1,736.8645669557791,565.4032688695303,1
803,803,26.766666666666666,26.84641695022583,26.84641695022583,1788009022445904,1788009022814805248,407069,407070,1788009022806593024,1788009022814926592,0.9854380042341363,8.333683013916016,0.12135505676269531,1348.850351554167,537.6671479304779,1,737.9815444355377,565.2920668729719,1
804,804,26.8,26.879838943481445,26.879838943481445,1788009022479326,1788009022848228352,407073,407074,1788009022839926272,1788009022848259072,0.9963376251788268,8.33272933959961,0.030517578125,1349.942383874466,537.6564847471983,1,739.51846166765,565.8902640441851,1
805,805,26.833333333333332,26.91326904296875,26.91326904296875,1788009022512756,1788009022881659392,407078,407079,1788009022881590272,1788009022889924096,0.008268009383761515,8.333683013916016,0.06890296936035156,1351.1517514307984,537.3911398923104,1,740.7814485675262,566.2061087563981,1
806,806,26.866666666666667,26.94669795036316,26.94669795036316,1788009022546185,1788009022915088896,407082,407083,1788009022914923776,1788009022923256320,0.01982832618025751,8.33272933959961,0.1652240753173828,1351.9249054624966,538.3271043096512,1,742.3923275531308,566.5867507503472,1
807,807,26.9,26.98012685775757,26.98012685775757,1788009022579614,1788009022948518400,407086,407087,1788009022948255744,1788009022956588800,0.03152985608423221,8.332967758178711,0.2627372741699219,1352.343324669335,538.7489191691983,1,744.4449145416205,566.9633144299055,1
808,808,26.933333333333334,27.013548851013184,27.013548851013184,1788009022613036,1788009022981941760,407090,407091,1788009022981588224,1788009022989922048,0.04242597625518524,8.333921432495117,0.3535747528076172,1351.6418708847132,538.8236540222852,1,746.3146069820694,566.9276324148196,1
809,809,26.966666666666665,27.046979904174805,27.046979904174805,1788009022646467,1788009023015373824,407094,407095,1788009023014921472,1788009023023254272,0.05430615164520744,8.33272933959961,0.4525184631347656,1349.886720781867,540.2011286984391,1,748.3814437220391,567.7858529934254,1
810,810,27.0,27.08041000366211,27.08041000366211,1788009022679897,1788009023048805120,407098,407099,1788009023048253696,1788009023056587520,0.06617268409910168,8.333683013916016,0.5514621734619141,1347.2393096735404,543.284755225775,1,750.5417837466327,568.8290113838584,1
811,811,27.033333333333335,27.11383891105652,27.11383891105652,1788009022713326,1788009023082235392,407102,407103,1788009023081587200,1788009023089919744,0.07779685264663805,8.33272933959961,0.6482601165771484,1343.5596111118828,547.1833376260547,1,752.0346424035438,569.4126829677958,1
812,812,27.066666666666666,27.14726185798645,27.14726185798645,1788009022746749,1788009023115659264,407106,407107,1788009023114919424,1788009023123252224,0.08878397711015737,8.33272933959961,0.7398128509521484,1340.6305177539225,550.0626015470452,1,753.696533895411,569.7158349162097,1
813,813,27.1,27.18069100379944,27.18069100379944,1788009022780178,1788009023149089536,407110,407111,1788009023148251648,1788009023156585472,0.10055786010585038,8.333921432495117,0.8380413055419922,1338.7647657504365,551.9094851696598,1,755.1300654755861,570.3865890288989,1
814,814,27.133333333333333,27.21412181854248,27.21412181854248,1788009022813609,1788009023182521600,407114,407115,1788009023181584896,1788009023189917696,0.1124145231896083,8.332967758178711,0.9367465972900391,1336.571215777643,553.0672697225307,1,756.6857651109012,570.3275754908647,1
815,815,27.166666666666668,27.247548818588257,27.247548818588257,1788009022847036,1788009023215949824,407118,407119,1788009023214917120,1788009023223250176,0.12391634001888358,8.332967758178711,1.0325908660888672,1333.8192753561134,551.8224362324606,1,757.696768440577,569.6258986024108,1
816,816,27.2,27.28097105026245,27.28097105026245,1788009022880458,1788009023249372928,407122,407123,1788009023248249600,1788009023256583168,0.13480574469302511,8.333683013916016,1.1234283447265625,1331.7796246913513,551.5281497139756,1,758.4518300314412,568.2124013837082,1
817,817,27.233333333333334,27.314400911331177,27.314400911331177,1788009022913888,1788009023282803968,407126,407127,1788009023281582848,1788009023289915648,0.146552217453505,8.33272933959961,1.2211799621582031,1330.7402725272277,550.0773730290906,1,759.3044518960169,567.2890909197063,1
818,818,27.266666666666666,27.347825050354004,27.347825050354004,1788009022947312,1788009023316229120,407130,407131,1788009023314915072,1788009023323247872,0.1576824034334764,8.33272933959961,1.313924789428711,1329.9729933904205,548.548201852458,1,759.7939373510757,566.3250760934918,1
819,819,27.3,27.381253957748413,27.381253957748413,1788009022980741,1788009023349659136,407134,407135,1788009023348247296,1788009023356581120,0.16941782291517665,8.333921432495117,1.4119148254394531,1329.3407392951458,547.1309155539462,1,760.1816750816998,566.0314471163842,1
820,820,27.333333333333332,27.41467595100403,27.41467595100403,1788009023014163,1788009023383082496,407138,407139,1788009023381580544,1788009023389913600,0.1802237418099625,8.332967758178711,1.5017986297607422,1328.2335187995316,544.6728895898295,1,760.7241024201746,565.1876820208527,1
821,821,27.366666666666667,27.44810700416565,27.44810700416565,1788009023047594,1788009023416514816,407142,407143,1788009023414913024,1788009023423245824,0.19224056536293668,8.332967758178711,1.6019344329833984,1326.9836123151965,541.9702204099741,1,761.3422170908133,565.3160177527927,1
822,822,27.4,27.48152804374695,27.48152804374695,1788009023081015,1788009023449937152,407146,407147,1788009023448246272,1788009023456579328,0.20291264913736373,8.332967758178711,1.6908645629882812,1325.8368472008137,539.8665282802523,1,761.9230127550857,565.5388923075316,1
823,823,27.433333333333334,27.51495099067688,27.51495099067688,1788009023114438,1788009023483361280,407150,407151,1788009023481578496,1788009023489911296,0.21393419170243205,8.33272933959961,1.7826557159423828,1324.6144162447251,536.052715802875,1,762.3063327984264,564.3257453448844,1
824,824,27.466666666666665,27.548378944396973,27.548378944396973,1788009023147866,1788009023516790272,407154,407155,1788009023514910976,1788009023523244544,0.22552497568232535,8.333683013916016,1.8794536590576172,1323.0190375649586,534.3596391640716,1,762.3726371958783,563.0389501871747,1
825,825,27.5,27.581800937652588,27.581800937652588,1788009023181288,1788009023550213632,407158,407159,1788009023548244224,1788009023556577024,0.2363376251788269,8.33272933959961,1.9693374633789062,1321.851396421084,533.833912954293,1,762.9307837538993,561.5757640804856,1
826,826,27.533333333333335,27.615222930908203,27.615222930908203,1788009023214710,1788009023583636480,407162,407163,1788009023581576448,1788009023589909248,0.24723183886011846,8.332967758178711,2.0601749420166016,1321.3956815404065,531.937039513316,1,763.2964414435494,560.6296228832033,1
827,827,27.566666666666666,27.64865493774414,27.64865493774414,1788009023248142,1788009023617069824,407166,407167,1788009023614908672,1788009023623242496,0.25930482048347875,8.333921432495117,2.1610260009765625,1319.3481626053876,531.1239902155532,1,763.7145372089178,560.1177242055154,1
828,828,27.6,27.682076930999756,27.682076930999756,1788009023281564,1788009023650492928,407170,407171,1788009023648241920,1788009023656574976,0.27012102658006926,8.332967758178711,2.2509098052978516,1319.0003631907816,531.1885372831205,1,763.869761055696,559.9906604347952,1
829,829,27.633333333333333,27.71549892425537,27.71549892425537,1788009023314986,1788009023683916032,407174,407175,1788009023681574400,1788009023689907200,0.28103004291845496,8.33272933959961,2.341747283935547,1317.9679281612052,530.6254682957576,1,764.236582889351,559.9477156271938,1
830,830,27.666666666666668,27.74892783164978,27.74892783164978,1788009023348415,1788009023717346304,407178,407179,1788009023714906624,1788009023723240448,0.292727584825771,8.333683013916016,2.4394989013671875,1317.055872310568,529.6425541264136,1,764.8485150503018,559.8497639269292,1
831,831,27.7,27.78235101699829,27.78235101699829,1788009023381838,1788009023750770688,407182,407183,1788009023748239872,1788009023756572672,0.3036909871244635,8.33272933959961,2.5305747985839844,1316.3054507202778,529.9409589619754,1,765.6908358567487,559.736325874179,1
832,832,27.733333333333334,27.815773010253906,27.815773010253906,1788009023415260,1788009023784193536,407186,407187,1788009023781572352,1788009023789905152,0.3145636623748212,8.33272933959961,2.621173858642578,1315.751289407536,529.7533633852241,1,766.5215899043645,560.3279554764305,1
833,833,27.766666666666666,27.849201917648315,27.849201917648315,1788009023448689,1788009023817623552,407190,407191,1788009023814904576,1788009023823238400,0.3262766413960807,8.333921432495117,2.7191638946533203,1315.5226682576417,529.7803312532668,1,767.0066317950514,560.8660555965013,1
834,834,27.8,27.88262391090393,27.88262391090393,1788009023482111,1788009023851046912,407194,407195,1788009023848237824,1788009023856570624,0.33710051214557524,8.332967758178711,2.8090476989746094,1314.6695273495188,529.9746009683806,1,767.3592549392412,561.4152957097742,1
835,835,27.833333333333332,27.916045904159546,27.916045904159546,1788009023515533,1788009023884470016,407198,407199,1788009023881569024,1788009023889903104,0.3480760978400801,8.333921432495117,2.900838851928711,1314.877644495718,529.9997229254395,1,767.647316256762,561.7985600663914,1
836,836,27.866666666666667,27.94947600364685,27.94947600364685,1788009023548963,1788009023917901312,407202,407203,1788009023914902528,1788009023923235072,0.3598855507868383,8.33272933959961,2.998828887939453,1315.361955503107,529.58798375408,1,767.596623685136,561.7214758185285,1
837,837,27.9,27.982898950576782,27.982898950576782,1788009023582386,1788009023951325184,407206,407207,1788009023948234752,1788009023956567552,0.37087267525035766,8.33272933959961,3.090381622314453,1315.72114399177,529.6439418171582,1,767.3133947355293,561.3965315854718,1
838,838,27.933333333333334,28.016320943832397,28.016320943832397,1788009023615808,1788009023984748288,407210,407211,1788009023981566976,1788009023989900800,0.38174796166499786,8.333921432495117,3.18145751953125,1316.2623900376193,529.4461069455865,1,766.9936037956721,560.7787818744288,1
839,839,27.966666666666665,28.049751043319702,28.049751043319702,1788009023649238,1788009024018179584,407214,407215,1788009024014900224,1788009024023233280,0.39355097135990386,8.332967758178711,3.279447555541992,1316.7177573199162,529.6600987718599,1,766.857082438179,560.3261266218558,1
840,840,28.0,28.083173036575317,28.083173036575317,1788009023682660,1788009024051602688,407218,407219,1788009024048232448,1788009024056565504,0.4044233355268805,8.332967758178711,3.370046615600586,1317.1757595635495,530.5614287484788,1,766.8380256756034,560.5570522870478,1
841,841,28.033333333333335,28.116602897644043,28.116602897644043,1788009023716090,1788009024085033728,407222,407223,1788009024081565952,1788009024089898752,0.4161540442333553,8.332967758178711,3.4677982330322266,1317.3965946233748,531.0719738885649,1,766.943564147859,560.8043785410295,1
842,842,28.066666666666666,28.150022983551025,28.150022983551025,1788009023749510,1788009024118455040,407226,407227,1788009024114898176,1788009024123230976,0.4268383404864092,8.33272933959961,3.5567283630371094,1317.3434105156034,531.7590075677256,1,766.9157126498386,560.6452457105765,1
843,843,28.1,28.18345284461975,28.18345284461975,1788009023782940,1788009024151886336,407230,407231,1788009024148230656,1788009024156564224,0.4386622418035132,8.333683013916016,3.655672073364258,1317.4180816657436,532.0712689804242,1,766.866147967837,560.6791609823964,1
844,844,28.133333333333333,28.216876983642578,28.216876983642578,1788009023816364,1788009024185310976,407234,407235,1788009024181563904,1788009024189896704,0.44969957081545064,8.33272933959961,3.747224807739258,1317.2717810420686,532.3523953279986,1,766.9360279095981,560.8382946645419,1
845,845,28.166666666666668,28.250305891036987,28.250305891036987,1788009023849793,1788009024218740480,407238,407239,1788009024214896128,1788009024223228928,0.4613447782546495,8.33272933959961,3.8442611694335938,1317.1447694400326,532.3850509993711,1,767.1311519208615,560.8336025937735,1
846,846,28.2,28.283727884292603,28.283727884292603,1788009023883215,1788009024252163072,407242,407243,1788009024248228352,1788009024256562176,0.4721499070233157,8.333921432495117,3.9348602294921875,1317.0639497030984,532.2852914571221,1,767.2102166278886,560.3562334842235,1
847,847,28.233333333333334,28.317150831222534,28.317150831222534,1788009023916638,1788009024285587200,407246,407247,1788009024281561600,1788009024289894656,0.4831049183142113,8.332967758178711,4.025697708129883,1317.0769975055289,532.3626618202733,1,767.0523803051017,559.635965339255,1
848,848,28.266666666666666,28.35058093070984,28.35058093070984,1788009023950068,1788009024319018752,407250,407251,1788009024314894080,1788009024323226624,0.4950214592274678,8.33272933959961,4.124879837036133,1317.1137006967758,532.616670301663,1,766.836543852347,559.2066908214248,1
849,849,28.3,28.384001970291138,28.384001970291138,1788009023983489,1788009024352440832,407254,407255,1788009024348226304,1788009024356559872,0.5057218058019111,8.333683013916016,4.119157791137695,1317.338285788655,532.909512691905,1,766.1803225526021,559.0160626352476,1
850,850,28.333333333333332,28.417423963546753,28.417423963546753,1788009024016911,1788009024385863680,407258,407259,1788009024381559552,1788009024389892352,0.5165379113018598,8.33272933959961,4.028558731079102,1317.5625336858943,533.1039970091466,1,765.3572524257647,558.7908709867178,1
851,851,28.366666666666667,28.450852870941162,28.450852870941162,1788009024050340,1788009024419293952,407262,407263,1788009024414892032,1788009024423224576,0.5282689556509299,8.33272933959961,3.930807113647461,1317.4838395479433,532.9154499625533,1,764.419848111908,558.426205837093,1
852,852,28.4,28.484282970428467,28.484282970428467,1788009024083770,1788009024452725248,407266,407267,1788009024448224000,1788009024456558080,0.5400944070948362,8.333921432495117,3.8328170776367188,1318.4899088324935,532.0576993157086,1,763.328941868497,558.0873331035275,1
853,853,28.433333333333334,28.517714023590088,28.517714023590088,1788009024117201,1788009024486157568,407270,407271,1788009024481557248,1788009024489890304,0.5520585963205631,8.332967758178711,3.7326812744140625,1319.414386318002,531.7341699270103,1,761.9349934069681,557.7946240523645,1
854,854,28.466666666666665,28.551142930984497,28.551142930984497,1788009024150630,1788009024519587840,407274,407275,1788009024514889728,1788009024523223552,0.5637247890144471,8.333921432495117,3.635883331298828,1320.1348770130298,532.1972118907122,1,760.0829607101982,557.4817067900004,1
855,855,28.5,28.584571838378906,28.584571838378906,1788009024184059,1788009024553017856,407278,407279,1788009024548222976,1788009024556556032,0.5754055677949129,8.332967758178711,3.5381317138671875,1321.2901232234735,532.64440573363,1,758.3066049128803,557.9782456903823,1
856,856,28.533333333333335,28.618002891540527,28.618002891540527,1788009024217490,1788009024586450176,407282,407283,1788009024581555456,1788009024589888000,0.5874105865522175,8.33272933959961,3.4379959106445312,1322.7606715120078,533.4516721205238,1,756.6789304041114,558.152284436764,1
857,857,28.566666666666666,28.651424884796143,28.651424884796143,1788009024250912,1788009024619873024,407286,407287,1788009024614887680,1788009024623221504,0.5982147965898037,8.333683013916016,3.3483505249023438,1324.2335767081383,534.2097015409838,1,755.2521432543527,558.5978637172522,1
858,858,28.6,28.684860944747925,28.684860944747925,1788009024284348,1788009024653310208,407290,407291,1788009024648220928,1788009024656553728,0.610758226037196,8.33272933959961,3.2434463500976562,1325.592702527092,535.1807224913586,1,754.0456862103188,559.2226895699272,1
859,859,28.633333333333333,28.718289852142334,28.718289852142334,1788009024317777,1788009024686740480,407294,407295,1788009024681553152,1788009024689886208,0.6225000715287117,8.332967758178711,3.1456947326660156,1326.1222362875585,536.264354521539,1,752.5773778183279,559.7765983668373,1
860,860,28.666666666666668,28.75171995162964,28.75171995162964,1788009024351207,1788009024720171776,407298,407299,1788009024714885376,1788009024723219456,0.6343012444571592,8.333921432495117,3.0477046966552734,1326.5595513792127,536.5388149538368,1,751.1324575327263,559.8447879903316,1
861,861,28.7,28.785150051116943,28.785150051116943,1788009024384637,1788009024753603072,407302,407303,1788009024748218880,1788009024756551680,0.6461331578495608,8.332967758178711,2.948760986328125,1326.975045252224,535.9703623226153,1,749.8780889010889,559.3179950020582,1
862,862,28.733333333333334,28.81857991218567,28.81857991218567,1788009024418067,1788009024787034112,407306,407307,1788009024781551104,1788009024789883904,0.6579971387696709,8.33272933959961,2.8498172760009766,1326.9799597292665,535.9823296620254,1,749.0402775385423,558.5320395999504,1
863,863,28.766666666666666,28.852008819580078,28.852008819580078,1788009024451496,1788009024820463872,407310,407311,1788009024814883584,1788009024823217152,0.6696229329976541,8.333683013916016,2.7532577514648438,1327.181341839699,535.3419758983725,1,748.683900201439,557.6026140560634,1
864,864,28.8,28.8854398727417,28.8854398727417,1788009024484927,1788009024853896192,407314,407315,1788009024848216832,1788009024856549376,0.6815736766809728,8.33272933959961,2.653360366821289,1327.0260271039022,534.5221672218055,1,748.484538313139,556.7134910196734,1
865,865,28.833333333333332,28.918861865997314,28.918861865997314,1788009024518349,1788009024887319040,407318,407319,1788009024881548032,1788009024889881856,0.6924903447289372,8.333921432495117,2.5627613067626953,1327.0528242299756,534.5013077333725,1,748.8921515931697,557.2743040402443,1
866,866,28.866666666666667,28.95229196548462,28.95229196548462,1788009024551779,1788009024920750080,407322,407323,1788009024914881280,1788009024923214080,0.7043003061428857,8.332967758178711,2.4640560150146484,1326.877292126806,535.1015441708171,1,749.9310861194945,558.0294891855289,1
867,867,28.9,28.98572087287903,28.98572087287903,1788009024585208,1788009024954180352,407326,407327,1788009024948213504,1788009024956546304,0.7160801144492132,8.33272933959961,2.3658275604248047,1326.9165461627747,534.6835130359254,1,750.5160948274795,557.5550674290963,1
868,868,28.933333333333334,29.01914882659912,29.01914882659912,1788009024618636,1788009024987609600,407330,407331,1788009024981545984,1788009024989879552,0.7276134348000229,8.333683013916016,2.2699832916259766,1326.9153249996564,534.9062951412552,1,750.8711041665493,557.5726035520149,1
869,869,28.966666666666665,29.052578926086426,29.052578926086426,1788009024652066,1788009025021041920,407334,407335,1788009025014879232,1788009025023212032,0.7395708154506437,8.33272933959961,2.170085906982422,1327.4141063214838,535.1911459922849,1,750.5029447955678,557.2269592100711,1
870,870,29.0,29.08600902557373,29.08600902557373,1788009024685496,1788009025054472704,407338,407339,1788009025048211456,1788009025056544256,0.7513876967095852,8.33272933959961,2.0716190338134766,1327.9060743119244,534.9615901442006,1,749.5365441514281,556.7420780016704,1
871,871,29.033333333333335,29.119439840316772,29.119439840316772,1788009024718927,1788009025087904512,407342,407343,1788009025081543680,1788009025089877504,0.7632384494349879,8.333921432495117,1.9731521606445312,1328.5530403285509,535.5416274043496,1,748.8429938278717,557.2499012345837,1
872,872,29.066666666666666,29.15287685394287,29.15287685394287,1788009024752364,1788009025121342208,407346,407347,1788009025114876928,1788009025123209984,0.7758576292523819,8.332967758178711,1.8677711486816406,1329.2592404733282,536.5760180960896,1,747.7503264129526,557.6815955046314,1
873,873,29.1,29.186306953430176,29.186306953430176,1788009024785794,1788009025154773504,407350,407351,1788009025148209408,1788009025156543232,0.7876412530396224,8.333921432495117,1.7697811126708984,1329.9906819691048,538.2466458992197,1,747.356315664509,558.754386772839,1
874,874,29.133333333333333,29.219727993011475,29.219727993011475,1788009024819215,1788009025188195584,407354,407355,1788009025181542656,1788009025189875712,0.7983748676718835,8.332967758178711,1.680135726928711,1330.3190801496846,540.6304134207716,1,747.0790527245381,559.4546355936883,1
875,875,29.166666666666668,29.253156900405884,29.253156900405884,1788009024852644,1788009025221625600,407358,407359,1788009025214874880,1788009025223207680,0.8101287553648069,8.33272933959961,1.5821456909179688,1330.7720256571495,542.7155063347067,1,746.6791268653604,559.866771758406,1
876,876,29.2,29.28658699989319,29.28658699989319,1788009024886074,1788009025255056896,407362,407363,1788009025248207360,1788009025256540928,0.8219087944155176,8.333683013916016,1.4841556549072266,1331.2732855111249,544.5490281189625,1,746.8317816440938,560.8979135790339,1
877,877,29.233333333333334,29.320015907287598,29.320015907287598,1788009024919503,1788009025288486912,407366,407367,1788009025281540608,1788009025289873408,0.8336194563662375,8.33272933959961,1.386404037475586,1331.311580606967,546.863721307433,1,747.0289817961028,561.8134595810815,1
878,878,29.266666666666666,29.353453874588013,29.353453874588013,1788009024952941,1788009025321926144,407370,407371,1788009025314872832,1788009025323205632,0.8464421618837802,8.332967758178711,1.279592514038086,1330.903598482076,549.1271790022497,1,746.971464704615,562.360962184426,1
879,879,29.3,29.386884927749634,29.386884927749634,1788009024986372,1788009025355358208,407374,407375,1788009025348205056,1788009025356539136,0.8583035331140038,8.333921432495117,1.180887222290039,1330.8514734454816,550.4029686575396,1,747.2009436932949,563.6036633447173,1
880,880,29.333333333333332,29.4203200340271,29.4203200340271,1788009025019807,1788009025388794368,407378,407379,1788009025381538304,1788009025389871360,0.8707619238362279,8.332967758178711,1.0769367218017578,1331.1138837383396,552.2831751013247,1,746.821472266202,562.7026885571713,1
881,881,29.366666666666667,29.45375084877014,29.45375084877014,1788009025053238,1788009025422225920,407382,407383,1788009025414870784,1788009025423203584,0.882689556509299,8.33272933959961,0.9775161743164062,1331.1177948147483,552.8050614426392,1,746.7873765125476,562.9903453857385,1
882,882,29.4,29.487180948257446,29.487180948257446,1788009025086668,1788009025455656960,407386,407387,1788009025448203008,1788009025456536832,0.8944326829547405,8.333683013916016,0.8797645568847656,1331.1814994315466,552.9316822352639,1,747.0202932562233,563.5896387513743,1
883,883,29.433333333333334,29.520609855651855,29.520609855651855,1788009025120097,1788009025489086720,407390,407391,1788009025481536512,1788009025489869056,0.9060944206008583,8.33272933959961,0.7824897766113281,1331.5261148030577,554.2586690579957,1,746.9653771334191,564.129505357022,1
884,884,29.466666666666665,29.55403995513916,29.55403995513916,1788009025153527,1788009025522518016,407394,407395,1788009025514868736,1788009025523201536,0.9179685264663805,8.33272933959961,0.6835460662841797,1332.180108291478,555.349755830829,1,746.994463810842,564.7451637127234,1
885,885,29.5,29.587474822998047,29.587474822998047,1788009025186962,1788009025555953920,407398,407399,1788009025548201728,1788009025556534784,0.9303024233927498,8.332967758178711,0.5807876586914062,1332.8831468957956,554.8981895219413,1,746.834676665951,564.2223163903503,1
886,886,29.533333333333335,29.62090492248535,29.62090492248535,1788009025220392,1788009025589384960,407402,407403,1788009025581534208,1788009025589867008,0.9421475780378243,8.332967758178711,0.4820823669433594,1332.6946151452207,553.5434427880898,1,746.5079365201494,563.7790109277971,1
887,887,29.566666666666666,29.654335021972656,29.654335021972656,1788009025253822,1788009025622816256,407406,407407,1788009025614866432,1788009025623200512,0.9539121727935918,8.333921432495117,0.3840923309326172,1332.3577977202888,552.5240576047091,1,746.6857953978723,564.245795053574,1
888,888,29.6,29.687764883041382,29.687764883041382,1788009025287252,1788009025656247296,407410,407411,1788009025648199680,1788009025656532480,0.9657796852646638,8.33272933959961,0.28514862060546875,1332.6627644711762,553.2438584688687,1,746.6093634113322,564.3443258915482,1
889,889,29.633333333333333,29.721194982528687,29.721194982528687,1788009025320682,1788009025689678592,407414,407415,1788009025681532160,1788009025689864960,0.977653791130186,8.33272933959961,0.1862049102783203,1333.055975236753,553.9364601422809,1,746.5782693435604,563.9544879511778,1
890,890,29.666666666666668,29.75461483001709,29.75461483001709,1788009025354102,1788009025723099648,407418,407419,1788009025714864384,1788009025723198208,0.9881844710190536,8.333683013916016,0.09846687316894531,1333.4401384123446,554.4963720323175,1,746.6319711153236,563.8313094348165,1
891,891,29.7,29.78804588317871,29.78804588317871,1788009025387533,1788009025756531968,407423,407424,1788009025756530432,1788009025764863232,0.00017167381974248928,8.33272933959961,0.001430511474609375,1333.4415015593204,554.9152212262856,1,746.6146296096377,563.8017597002419,1
892,892,29.733333333333334,29.821476936340332,29.821476936340332,1788009025420964,1788009025789964288,407427,407428,1788009025789862912,1788009025798196480,0.012158837329061051,8.333683013916016,0.10132789611816406,1333.3679309893794,555.1626498397537,1,746.6036842024355,563.9257490212043,1
893,893,29.766666666666666,29.85490584373474,29.85490584373474,1788009025454393,1788009025823394048,407431,407432,1788009025823196160,1788009025831528960,0.02374821173104435,8.33272933959961,0.19788742065429688,1333.545724667156,555.6088291513215,1,746.4269083992889,564.51578328445,1
894,894,29.8,29.888334035873413,29.888334035873413,1788009025487821,1788009025856823552,407435,407436,1788009025856528640,1788009025864861184,0.035393419170243204,8.33272933959961,0.2949237823486328,1333.5053141166154,555.324715562425,1,745.9050473732003,563.9821783769127,1
895,895,29.833333333333332,29.921762943267822,29.921762943267822,1788009025521250,1788009025890253568,407439,407440,1788009025889860608,1788009025898193664,0.047151726703098626,8.332967758178711,0.392913818359375,1333.5814173994509,554.9791338630276,1,745.6988602768365,563.9089616645865,1
896,896,29.866666666666667,29.955193996429443,29.955193996429443,1788009025554681,1788009025923685888,407443,407444,1788009025923193088,1788009025931525632,0.05914163090128755,8.33272933959961,0.4928112030029297,1333.6713671397517,555.170196596675,1,745.8173889000002,565.3682952254024,1
897,897,29.9,29.98862385749817,29.98862385749817,1788009025588111,1788009025957116928,407447,407448,1788009025956525312,1788009025964859136,0.07097900097270698,8.333683013916016,0.5915164947509766,1333.7755965545837,554.9888779324101,1,745.6515301692375,565.7078221330182,1
898,898,29.933333333333334,30.022045850753784,30.022045850753784,1788009025621533,1788009025990539776,407451,407452,1788009025989858560,1788009025998191360,0.08174535050071531,8.33272933959961,0.6811618804931641,1333.947992626793,554.6094198701546,1,745.138053184128,566.0281154058113,1
899,899,29.966666666666665,30.05547595024109,30.05547595024109,1788009025654963,1788009026023971072,407455,407456,1788009026023191040,1788009026031523584,0.09361945636623749,8.33272933959961,0.7801055908203125,1333.8240565733665,555.236927683995,1,744.5946031366067,565.4807180316617,1
900,900,30.0,30.088906049728394,30.088906049728394,1788009025688393,1788009026057402368,407459,407460,1788009026056523008,1788009026064857088,0.10550708053211272,8.333921432495117,0.8792877197265625,1333.7946780625116,555.7190017108592,1,744.2338946218733,565.0384980431279,1
901,901,30.033333333333335,30.12233591079712,30.12233591079712,1788009025721823,1788009026090833408,407463,407464,1788009026089856512,1788009026098189312,0.11724986409544791,8.332967758178711,0.9770393371582031,1333.5548711000472,555.9475115342705,1,743.9419595044335,564.857116008766,1
902,902,30.066666666666666,30.15576481819153,30.15576481819153,1788009025755252,1788009026124263424,407467,407468,1788009026123188736,1788009026131521792,0.12898057280192268,8.332967758178711,1.0747909545898438,1333.4147090528754,555.3839241746023,1,743.7351637846137,564.3205326196204,1
903,903,30.1,30.189193964004517,30.189193964004517,1788009025788681,1788009026157693952,407471,407472,1788009026156520960,1788009026164855040,0.14072378772707766,8.333921432495117,1.172780990600586,1333.1151027060534,554.7473113295871,1,743.4611167133451,563.8384677446801,1
904,904,30.133333333333333,30.222622871398926,30.222622871398926,1788009025822110,1788009026191123712,407475,407476,1788009026189854464,1788009026198187008,0.15233190271816882,8.33272933959961,1.2693405151367188,1333.0159597089546,554.0449112079289,1,743.1254561097649,562.8229330075907,1
905,905,30.166666666666668,30.25605297088623,30.25605297088623,1788009025855540,1788009026224555008,407479,407480,1788009026223186688,1788009026231520512,0.16418721748583853,8.333683013916016,1.3682842254638672,1332.8210717920101,553.6720586208072,1,742.8723668272672,562.1217571049546,1
906,906,30.2,30.28948402404785,30.28948402404785,1788009025888971,1788009026257987328,407483,407484,1788009026256519936,1788009026264852736,0.17608011444921315,8.33272933959961,1.4672279357910156,1332.6211644423065,552.6707006000895,1,742.7256518174614,560.8532249110591,1
907,907,30.233333333333334,30.322906017303467,30.322906017303467,1788009025922393,1788009026291410432,407487,407488,1788009026289852160,1788009026298185216,0.18700466367199794,8.332967758178711,1.5583038330078125,1332.2081795032666,552.2126545871678,1,743.3877578985681,560.3796621193067,1
908,908,30.266666666666666,30.356343030929565,30.356343030929565,1788009025955830,1788009026324848640,407491,407492,1788009026323184384,1788009026331518464,0.19968530968387926,8.333921432495117,1.6641616821289062,1331.234673289706,552.8074061283089,1,744.4294946535256,558.0671965122235,1
909,909,30.3,30.38977289199829,30.38977289199829,1788009025989260,1788009026358279424,407495,407496,1788009026356517888,1788009026364850688,0.21141026007839547,8.332967758178711,1.7616748809814453,1329.6920703993408,552.8025380135578,1,744.7997084207832,558.1302520505037,1
910,910,30.333333333333332,30.42320203781128,30.42320203781128,1788009026022689,1788009026391709696,407499,407500,1788009026389850112,1788009026398182912,0.22317596566523606,8.33272933959961,1.8596649169921875,1328.457987026478,553.7265159352544,1,745.556990870762,558.1805320649886,1
911,911,30.366666666666667,30.456634044647217,30.456634044647217,1788009026056121,1788009026425143296,407503,407504,1788009026423182592,1788009026431516160,0.23528065457458375,8.333683013916016,1.96075439453125,1327.4091060415735,554.3751563538511,1,746.0056625797635,558.2996984513886,1
912,912,30.4,30.490067958831787,30.490067958831787,1788009026089555,1788009026458578432,407507,407508,1788009026456515840,1788009026464848640,0.24752503576537913,8.33272933959961,2.062559127807617,1326.5081357356432,554.2854313854989,1,746.4436053777761,560.2033206783659,1
913,913,30.433333333333334,30.523497819900513,30.523497819900513,1788009026122985,1788009026492009216,407511,407512,1788009026489848064,1788009026498180864,0.25934191702432047,8.33272933959961,2.1610260009765625,1325.210770533423,553.5818179351071,1,746.8089894462155,561.5528486828849,1
914,914,30.466666666666665,30.556927919387817,30.556927919387817,1788009026156415,1788009026525440512,407515,407516,1788009026523180288,1788009026531514112,0.2712058360749535,8.333921432495117,2.2602081298828125,1324.2061915004656,553.9310227463048,1,746.9393923053374,561.6403687221655,1
915,915,30.5,30.590365886688232,30.590365886688232,1788009026189853,1788009026558879488,407519,407520,1788009026556513536,1788009026564846592,0.2839403736659895,8.332967758178711,2.3660659790039062,1323.128593206075,553.2822348459598,1,746.9097119643598,561.6569457152631,1
916,916,30.533333333333335,30.62379503250122,30.62379503250122,1788009026223282,1788009026592310016,407523,407524,1788009026589846016,1788009026598179840,0.2956658561007009,8.333921432495117,2.4640560150146484,1321.863878777281,553.0941650373288,1,747.074140610598,562.204785355033,1
917,917,30.566666666666666,30.657224893569946,30.657224893569946,1788009026256712,1788009026625741056,407527,407528,1788009026623179264,1788009026631511808,0.30743919885550786,8.33272933959961,2.561807632446289,1321.1481188346625,553.9073761778213,1,746.9529755144049,562.0785381034776,1
918,918,30.6,30.690654039382935,30.690654039382935,1788009026290141,1788009026659171072,407531,407532,1788009026656511488,1788009026664844288,0.319170243204578,8.33272933959961,2.6595592498779297,1320.5131157672647,554.409869347974,1,746.6683432114136,562.0448228490968,1
919,919,30.633333333333333,30.72408390045166,30.72408390045166,1788009026323571,1788009026692602112,407535,407536,1788009026689843968,1788009026698177536,0.3309778566115466,8.333683013916016,2.7582645416259766,1320.0120670326073,554.6497241251134,1,746.855816669008,562.3827774252957,1
920,920,30.666666666666668,30.757513999938965,30.757513999938965,1788009026357001,1788009026726033408,407539,407540,1788009026723177216,1788009026731510016,0.34277539341917024,8.33272933959961,2.8562545776367188,1319.6010218220908,555.295278689906,1,747.5153427315973,564.021648365153,1
921,921,30.7,30.790942907333374,30.790942907333374,1788009026390430,1788009026759463424,407543,407544,1788009026756509184,1788009026764842240,0.35452490629738775,8.332967758178711,2.954244613647461,1319.1733567445926,556.5021634576818,1,747.8939669667569,564.9448820259903,1
922,922,30.733333333333334,30.82437300682068,30.82437300682068,1788009026423860,1788009026792894464,407547,407548,1788009026789841664,1788009026798175488,0.3662995279645258,8.333921432495117,3.0527114868164062,1318.5293712976054,557.4948724935257,1,748.106860471847,565.4562796046305,1
923,923,30.766666666666666,30.857800006866455,30.857800006866455,1788009026457287,1788009026826322432,407551,407552,1788009026823174912,1788009026831507968,0.3777002088638379,8.332967758178711,3.1473636627197266,1318.1496149470906,557.8850206031242,1,748.065492196872,566.5843384506709,1
924,924,30.8,30.891222953796387,30.891222953796387,1788009026490710,1788009026859746048,407555,407556,1788009026856507392,1788009026864839936,0.3886695278969957,8.33272933959961,3.238677978515625,1317.8824412841288,557.717060250935,1,748.0837292599198,566.8354418099103,1
925,925,30.833333333333332,30.924652814865112,30.924652814865112,1788009026524140,1788009026893176832,407559,407560,1788009026889839616,1788009026898172416,0.40048640915593703,8.33272933959961,3.3371448516845703,1318.331342897172,558.3674656465278,1,748.0493176147634,567.7447353113455,1
926,926,30.866666666666667,30.95808482170105,30.95808482170105,1788009026557572,1788009026926609920,407563,407564,1788009026923171840,1788009026931504640,0.4126062201367629,8.332967758178711,3.438234329223633,1318.454979165573,558.6504150878793,1,747.7948470526701,568.5255188751728,1
927,927,30.9,30.99151301383972,30.99151301383972,1788009026591000,1788009026960039424,407567,407568,1788009026956504064,1788009026964838144,0.42420254613073954,8.333921432495117,3.5352706909179688,1319.047006333031,559.1260396570361,1,747.4982284866314,568.3922898314445,1
928,928,30.933333333333334,31.024950981140137,31.024950981140137,1788009026624438,1788009026993478656,407571,407572,1788009026989837312,1788009026998170368,0.4369545935738606,8.332967758178711,3.6411285400390625,1319.2612533131269,558.9158095032902,1,747.3158873960156,568.3999646819863,1
929,929,30.966666666666665,31.058379888534546,31.058379888534546,1788009026657867,1788009027026908672,407575,407576,1788009027023169792,1788009027031502592,0.44869814020028614,8.33272933959961,3.738880157470703,1319.555658664634,558.1182008105405,1,747.1849416605819,568.1315986876056,1
930,930,31.0,31.09180998802185,31.09180998802185,1788009026691297,1788009027060339968,407579,407580,1788009027056502016,1788009027064835840,0.46051953996681355,8.333683013916016,3.8378238677978516,1320.2402823387881,557.2107778788062,1,747.1385897178229,567.6981046194303,1
931,931,31.033333333333335,31.125239849090576,31.125239849090576,1788009026724727,1788009027093771008,407583,407584,1788009027089835520,1788009027098168064,0.4723032904148784,8.33272933959961,3.935575485229492,1320.8555287676152,557.2014273022718,1,747.2113742983204,567.0955377740961,1
932,932,31.066666666666666,31.158668041229248,31.158668041229248,1788009026758155,1788009027127200000,407587,407588,1788009027123167744,1788009027131500544,0.48391988555078685,8.33272933959961,4.032373428344727,1321.079860621614,558.0716419147202,1,747.0876091902567,566.703642915765,1
933,933,31.1,31.192097902297974,31.192097902297974,1788009026791585,1788009027160631296,407591,407592,1788009027156499968,1788009027164833792,0.49572307252181375,8.333921432495117,4.131317138671875,1321.3550204963633,558.887526213512,1,747.1491413741808,566.9972949752021,1
934,934,31.133333333333333,31.22552800178528,31.22552800178528,1788009026825015,1788009027194062592,407595,407596,1788009027189833216,1788009027198166016,0.5075391262052588,8.332967758178711,4.103660583496094,1321.5164927242529,558.7650008521775,1,747.111807638836,566.7727762068499,1
935,935,31.166666666666668,31.258956909179688,31.258956909179688,1788009026858444,1788009027227492608,407599,407600,1788009027223165440,1788009027231499520,0.5192104133886425,8.333921432495117,4.006862640380859,1321.855922372115,558.3560925750293,1,747.4540679175798,566.7516681687727,1
936,936,31.2,31.292387008666992,31.292387008666992,1788009026891874,1788009027260923904,407603,407604,1788009027256498688,1788009027264831488,0.5310443490701001,8.33272933959961,3.9076805114746094,1322.032984846442,557.4253581856925,1,747.6561131743907,566.5456531436322,1
937,937,31.233333333333334,31.3258159160614,31.3258159160614,1788009026925303,1788009027294353664,407607,407608,1788009027289831168,1788009027298163968,0.5427467811158798,8.33272933959961,3.8101673126220703,1322.250444217877,556.9424193872159,1,747.800912129107,566.4374976988539,1
938,938,31.266666666666666,31.359254837036133,31.359254837036133,1788009026958742,1788009027327793920,407611,407612,1788009027323163392,1788009027331497216,0.5556159523945757,8.333683013916016,3.7033557891845703,1322.6851753359338,556.4907998227297,1,747.8387251824028,566.1610627137843,1
939,939,31.3,31.392683029174805,31.392683029174805,1788009026992170,1788009027361222912,407615,407616,1788009027356496896,1788009027364829440,0.5671816881258941,8.33272933959961,3.606557846069336,1322.9029390325527,556.410463422155,1,747.7832104775993,565.7993821107101,1
940,940,31.333333333333332,31.42611289024353,31.42611289024353,1788009027025600,1788009027394653952,407619,407620,1788009027389828864,1788009027398161920,0.579039226345455,8.332967758178711,3.507852554321289,1323.0590720953655,556.4809027706066,1,747.7828234520123,565.7154826389558,1
941,941,31.366666666666667,31.459534883499146,31.459534883499146,1788009027059022,1788009027428077056,407623,407624,1788009027423161344,1788009027431495168,0.5898440852524675,8.333921432495117,3.4182071685791016,1323.1164798517623,556.3983228392578,1,747.9943676978904,565.1688335600857,1
942,942,31.4,31.49296498298645,31.49296498298645,1788009027092452,1788009027461508352,407627,407628,1788009027456494592,1788009027464827648,0.6016709107035564,8.332967758178711,3.319263458251953,1323.3071515042593,556.5868103843159,1,748.0987787341744,564.4201428348565,1
943,943,31.433333333333334,31.526402950286865,31.526402950286865,1788009027125890,1788009027494947584,407631,407632,1788009027489826816,1788009027498159616,0.6145350500715308,8.33272933959961,3.21197509765625,1323.213118305117,556.8312238715814,1,748.192163759063,563.6610404223272,1
944,944,31.466666666666665,31.559831857681274,31.559831857681274,1788009027159319,1788009027528377856,407635,407636,1788009027523159296,1788009027531492864,0.6261944269611489,8.333683013916016,3.1151771545410156,1323.0504762339692,557.5644953390225,1,748.3921191861372,562.8749104297298,1
945,945,31.5,31.59326195716858,31.59326195716858,1788009027192749,1788009027561808896,407639,407640,1788009027556492544,1788009027564825344,0.637997138769671,8.33272933959961,3.0164718627929688,1322.8119598992848,557.2306683913272,1,748.6674788932618,562.2073248794719,1
946,946,31.533333333333335,31.62670087814331,31.62670087814331,1788009027226188,1788009027595248896,407643,407644,1788009027589824768,1788009027598157568,0.6509398872707505,8.332967758178711,2.9087066650390625,1322.2273877950797,556.375667540039,1,748.8147889739589,561.146413351181,1
947,947,31.566666666666666,31.66011881828308,31.66011881828308,1788009027259606,1788009027628668160,407647,407648,1788009027623156992,1788009027631491072,0.6612787870118724,8.333921432495117,2.8228759765625,1322.1031749905424,555.586327870051,1,748.8393660723151,560.2468578927677,1
948,948,31.6,31.693548917770386,31.693548917770386,1788009027293036,1788009027662099456,407651,407652,1788009027656490240,1788009027664823296,0.6731137878744528,8.332967758178711,2.7239322662353516,1322.716573425745,555.5691126765362,1,748.7180817755404,559.4352391082838,1
949,949,31.633333333333333,31.7269868850708,31.7269868850708,1788009027326474,1788009027695538432,407655,407656,1788009027689822720,1788009027698156544,0.6858532398798455,8.333921432495117,2.618074417114258,1322.7116684882872,555.612551125193,1,748.4898890722689,558.4373491150757,1
950,950,31.666666666666668,31.76041603088379,31.76041603088379,1788009027359903,1788009027728968960,407659,407660,1788009027723155968,1788009027731488768,0.6975965665236051,8.33272933959961,2.519845962524414,1322.4158007925375,555.0944376517284,1,748.1900510779931,557.4192611195209,1
951,951,31.7,31.79384684562683,31.79384684562683,1788009027393334,1788009027762400768,407663,407664,1788009027756488448,1788009027764820992,0.7095565092989986,8.33272933959961,2.420186996459961,1322.0308275612251,555.0015465658768,1,748.2335888430775,556.7716111990613,1
952,952,31.733333333333334,31.82727599143982,31.82727599143982,1788009027426763,1788009027795831296,407667,407668,1788009027789820672,1788009027798154240,0.7212336213308921,8.333683013916016,2.323150634765625,1321.5458724353082,553.9523708117526,1,748.4360740038512,556.011348010614,1
953,953,31.766666666666666,31.860705852508545,31.860705852508545,1788009027460193,1788009027829262080,407671,407672,1788009027823153920,1788009027831486720,0.7330185979971388,8.33272933959961,2.2246837615966797,1320.799241344715,553.0432474784783,1,748.1937731501467,556.8305366709018,1
954,954,31.8,31.89413595199585,31.89413595199585,1788009027493623,1788009027862693376,407675,407676,1788009027856486144,1788009027864818944,0.7449000028611484,8.332967758178711,2.1257400512695312,1320.035269197545,552.1019244813428,1,747.3179337999918,556.5436932149983,1
955,955,31.833333333333332,31.92756485939026,31.92756485939026,1788009027527052,1788009027896123392,407679,407680,1788009027889818368,1788009027898151168,0.7566523605150215,8.33272933959961,2.027750015258789,1319.3990252941453,551.1671498647545,1,746.8659452176954,556.284357348043,1
956,956,31.866666666666667,31.960999965667725,31.960999965667725,1788009027560487,1788009027929559808,407683,407684,1788009027923150848,1788009027931483392,0.7691273247496423,8.33272933959961,1.9237995147705078,1318.8079926357618,550.6652254384742,1,746.8515815616436,555.8455089818458,1
957,957,31.9,31.99443292617798,31.99443292617798,1788009027593920,1788009027962993408,407687,407688,1788009027956483072,1788009027964816896,0.7811981461349202,8.333683013916016,1.82342529296875,1318.28063711075,550.9114982523402,1,746.7707687605987,555.4737947371939,1
958,958,31.933333333333334,32.02786087989807,32.02786087989807,1788009027627348,1788009027996422400,407691,407692,1788009027989816320,1788009027998149120,0.792761087267525,8.33272933959961,1.7268657684326172,1317.4904114431854,551.3240602504663,1,746.962128139553,555.5187869643885,1
959,959,31.966666666666665,32.061290979385376,32.061290979385376,1788009027660778,1788009028029853184,407695,407696,1788009028023148544,1788009028031481600,0.8045835598409201,8.332967758178711,1.6283988952636719,1316.8820143828018,551.2079777284125,1,747.2443094098377,555.4172664009096,1
960,960,32.0,32.0947208404541,32.0947208404541,1788009027694208,1788009028063284224,407699,407700,1788009028056480768,1788009028064814848,0.8163352882277214,8.333921432495117,1.5306472778320312,1316.830929573448,551.2843396950246,1,747.6379267774021,556.0329282976306,1
961,961,32.03333333333333,32.1281578540802,32.1281578540802,1788009027727645,1788009028096722432,407703,407704,1788009028089814272,1788009028098147072,0.8290177677319676,8.332967758178711,1.4247894287109375,1316.2446450141845,551.9492711193036,1,748.1611040433329,557.0900205222978,1
962,962,32.06666666666667,32.161587953567505,32.161587953567505,1788009027761075,1788009028130153728,407707,407708,1788009028123146496,1788009028131479296,0.8409155937052932,8.33272933959961,1.3256072998046875,1315.9558266253423,552.6718535145651,1,748.6115175470185,558.0908774014118,1
963,963,32.1,32.1950159072876,32.1950159072876,1788009027794503,1788009028163582464,407711,407712,1788009028156478976,1788009028164812544,0.8524060193397036,8.333683013916016,1.230001449584961,1315.8106528474543,553.247518519805,1,748.7211671098346,558.271821561444,1
964,964,32.13333333333333,32.22843790054321,32.22843790054321,1788009027827925,1788009028197005824,407715,407716,1788009028189812224,1788009028198145024,0.8632904148783977,8.33272933959961,1.1391639709472656,1315.253307474981,553.9566891751274,1,748.9775749386338,559.1485693557235,1
965,965,32.166666666666664,32.26186800003052,32.26186800003052,1788009027861355,1788009028230437120,407719,407720,1788009028223144192,1788009028231477248,0.8751680924723184,8.332967758178711,1.0402202606201172,1314.899787915422,554.1349263457105,1,749.2312024137689,559.8718382456339,1
966,966,32.2,32.29529690742493,32.29529690742493,1788009027894784,1788009028263866880,407723,407724,1788009028256476672,1788009028264810496,0.8867687026176513,8.333921432495117,0.9436607360839844,1314.8019750617552,554.0007823522085,1,749.411312964924,560.0647548935447,1
967,967,32.233333333333334,32.32872796058655,32.32872796058655,1788009027928215,1788009028297299200,407727,407728,1788009028289809920,1788009028298142976,0.8987439558238677,8.332967758178711,0.8437633514404297,1314.7842207236436,554.7909503405688,1,749.1738246660777,560.2843464251108,1
968,968,32.266666666666666,32.36215090751648,32.36215090751648,1788009027961638,1788009028330723328,407731,407732,1788009028323142400,1788009028331476224,0.909655271062795,8.333921432495117,0.7529258728027344,1314.6638189316109,555.2469625945294,1,748.9230311917704,560.42431131209,1
969,969,32.3,32.39557981491089,32.39557981491089,1788009027995067,1788009028364153600,407735,407736,1788009028356475648,1788009028364808448,0.9214306151645207,8.33272933959961,0.6546974182128906,1315.1666697395126,555.3292240673195,1,748.6566183964533,560.3809289722482,1
970,970,32.333333333333336,32.42900896072388,32.42900896072388,1788009028028496,1788009028397583616,407739,407740,1788009028389807872,1788009028398140672,0.9331616595135909,8.33272933959961,0.55694580078125,1315.6460886122863,555.4142218947519,1,748.5585167280286,560.2249062527333,1
971,971,32.36666666666667,32.4624388217926,32.4624388217926,1788009028061926,1788009028431014656,407743,407744,1788009028423140352,1788009028431473920,0.9448990101275963,8.333683013916016,0.4591941833496094,1316.0902683496288,555.0656792194144,1,748.5809762843487,560.1631936947895,1
972,972,32.4,32.4958770275116,32.4958770275116,1788009028095364,1788009028464454144,407747,407748,1788009028456473600,1788009028464806400,0.9577396280400572,8.33272933959961,0.3521442413330078,1316.520312952854,554.6121519268522,1,748.4416905901146,559.7698753517059,1
973,973,32.43333333333333,32.52930498123169,32.52930498123169,1788009028128792,1788009028497883136,407751,407752,1788009028489805824,1788009028498138624,0.969328488455266,8.332967758178711,0.255584716796875,1316.8404137689022,554.2624567456502,1,748.3593135167844,559.5812490954897,1
974,974,32.46666666666667,32.562734842300415,32.562734842300415,1788009028162222,1788009028531314176,407755,407756,1788009028523138048,1788009028531471872,0.9810613646116435,8.333921432495117,0.15783309936523438,1316.9239127409953,553.864196323461,1,748.3322765219287,559.5579371332658,1
975,975,32.5,32.5961639881134,32.5961639881134,1788009028195651,1788009028564744192,407759,407760,1788009028556471296,1788009028564804096,0.9928183118741059,8.33272933959961,0.05984306335449219,1317.2433233018087,553.7383943759605,1,748.3316452011495,559.2672806457754,1
976,976,32.53333333333333,32.629595041275024,32.629595041275024,1788009028229082,1788009028598176512,407764,407765,1788009028598136320,1788009028606470400,0.0048061793734801884,8.333921432495117,0.0400543212890625,1317.515317840814,553.7035545588135,1,748.3701522962956,559.2347576724422,1
977,977,32.56666666666667,32.663023948669434,32.663023948669434,1788009028262511,1788009028631606528,407768,407769,1788009028631469824,1788009028639802624,0.016422992189064692,8.332967758178711,0.13685226440429688,1317.7706474584243,553.4643838025861,1,748.4027901354874,559.5358110931518,1
978,978,32.6,32.696455001831055,32.696455001831055,1788009028295942,1788009028665039104,407772,407773,1788009028664802048,1788009028673134848,0.02844062947067239,8.33272933959961,0.23698806762695312,1317.940995917312,553.1772046241583,1,748.280316560571,559.9836314129311,1
979,979,32.63333333333333,32.729883909225464,32.729883909225464,1788009028329371,1788009028698469120,407776,407777,1788009028698135296,1788009028706468096,0.04005722460658083,8.33272933959961,0.3337860107421875,1318.1357005630548,552.9662510473563,1,748.0697218348582,559.9785110174627,1
980,980,32.666666666666664,32.76331400871277,32.76331400871277,1788009028362801,1788009028731900416,407780,407781,1788009028731467776,1788009028739800576,0.05193133047210301,8.33272933959961,0.43272972106933594,1318.429073006413,553.0245106294561,1,747.8977866486146,559.8824597990593,1
981,981,32.7,32.79674196243286,32.79674196243286,1788009028396229,1788009028765329408,407784,407785,1788009028764800000,1788009028773133824,0.06351204440121302,8.333683013916016,0.5292892456054688,1318.9711863563934,552.8426712463526,1,747.6087650630236,559.3194771306269,1
982,982,32.733333333333334,32.83017086982727,32.83017086982727,1788009028429658,1788009028798759168,407788,407789,1788009028798133248,1788009028806466048,0.07510729613733906,8.33272933959961,0.6258487701416016,1319.5726111913382,552.3893065112127,1,747.2442356204795,558.6952179357139,1
983,983,32.766666666666666,32.86360788345337,32.86360788345337,1788009028463095,1788009028832197376,407792,407793,1788009028831465472,1788009028839798528,0.08783725787531114,8.332967758178711,0.7319450378417969,1320.1302051596529,551.749656103362,1,746.7408342246689,557.812695179394,1
984,984,32.8,32.89703989028931,32.89703989028931,1788009028496527,1788009028865630976,407796,407797,1788009028864796928,1788009028873130496,0.10007438347542484,8.333683013916016,0.8339881896972656,1320.7021025114414,550.809989182954,1,745.9810938106959,557.1893704637735,1
985,985,32.833333333333336,32.930469036102295,32.930469036102295,1788009028529956,1788009028899061248,407800,407801,1788009028898130176,1788009028906462976,0.1117310443490701,8.33272933959961,0.9310245513916016,1321.6119859383023,549.944325470276,1,745.0728623578573,556.357186642397,1
986,986,32.86666666666667,32.96389889717102,32.96389889717102,1788009028563386,1788009028932492288,407804,407805,1788009028931462400,1788009028939796224,0.12356239629226984,8.333683013916016,1.0297298431396484,1322.3644466069504,549.53227702816,1,744.1697193488866,555.7540567333334,1
987,987,32.9,32.99732804298401,32.99732804298401,1788009028596815,1788009028965922304,407808,407809,1788009028964795904,1788009028973128448,0.1351931330472103,8.33272933959961,1.1265277862548828,1323.0525677594983,549.2994773613826,1,743.7436709690985,555.4009699479981,1
988,988,32.93333333333333,33.03075695037842,33.03075695037842,1788009028630244,1788009028999352320,407812,407813,1788009028998127872,1788009029006460928,0.14691997367743412,8.332967758178711,1.2242794036865234,1322.806773424972,547.7844542056209,1,743.6212223171325,555.009617406624,1
989,989,32.96666666666667,33.06419491767883,33.06419491767883,1788009028663682,1788009029032791296,407816,407817,1788009029031460352,1788009029039794176,0.159719639536547,8.333921432495117,1.3310909271240234,1322.7342109725312,545.7366548815035,1,743.1601061129651,554.7394861519348,1
990,990,33.0,33.097622871398926,33.097622871398926,1788009028697110,1788009029066220544,407820,407821,1788009029064793600,1788009029073126656,0.17123973562988185,8.332967758178711,1.4269351959228516,1323.1828536395894,545.3849093502579,1,742.8467058087781,554.6951708458927,1
991,991,33.03333333333333,33.13105297088623,33.13105297088623,1788009028730540,1788009029099652096,407824,407825,1788009029098125824,1788009029106458624,0.18314735336194563,8.33272933959961,1.5261173248291016,1323.4589213899987,546.267731983632,1,742.7088512007371,554.7872309026629,1
992,992,33.06666666666667,33.164482831954956,33.164482831954956,1788009028763970,1788009029133082624,407828,407829,1788009029131458304,1788009029139791872,0.19491331464210104,8.333683013916016,1.6243457794189453,1324.2905227102137,546.5722968083578,1,742.0793011138671,554.4919513504938,1
993,993,33.1,33.19791293144226,33.19791293144226,1788009028797400,1788009029166513408,407832,407833,1788009029164791552,1788009029173124352,0.20663805436337626,8.33272933959961,1.7218589782714844,1325.347910952058,547.0275296754762,1,741.4184686217742,554.1696738791516,1
994,994,33.13333333333333,33.231343030929565,33.231343030929565,1788009028830830,1788009029199944192,407836,407837,1788009029198123776,1788009029206456576,0.2184772967869303,8.332967758178711,1.8205642700195312,1326.132305655674,547.488805476058,1,740.832017046202,553.9500084144494,1
995,995,33.166666666666664,33.264771938323975,33.264771938323975,1788009028864259,1788009029233374464,407840,407841,1788009029231456000,1788009029239790080,0.23018166213703334,8.333921432495117,1.9183158874511719,1327.09236148163,547.9300410124765,1,739.7147382340661,553.6723807491412,1
996,996,33.2,33.29820203781128,33.29820203781128,1788009028897689,1788009029266805760,407844,407845,1788009029264789248,1788009029273122304,0.24196732568452978,8.332967758178711,2.016305923461914,1328.0868347474463,548.4459178006929,1,738.9053338210401,553.1775793416847,1
997,997,33.233333333333334,33.33163094520569,33.33163094520569,1788009028931118,1788009029300235520,407848,407849,1788009029298121728,1788009029306454528,0.2536766809728183,8.33272933959961,2.113819122314453,1328.7096055394486,548.6053703042566,1,737.8015948610874,553.1983137422968,1
998,998,33.266666666666666,33.3650689125061,33.3650689125061,1788009028964556,1788009029333674752,407852,407853,1788009029331454976,1788009029339787776,0.2663805436337625,8.33272933959961,2.219676971435547,1329.2148991878303,550.6867623495784,1,737.0877289369585,553.1854098616838,1
999,999,33.3,33.398496866226196,33.398496866226196,1788009028997984,1788009029367103744,407856,407857,1788009029364787456,1788009029373120000,0.27799713876967097,8.33272933959961,2.3164749145507812,1329.1466944223587,551.2405463689263,1,737.0825911888428,553.8631678749407,1
1000,1000,33.333333333333336,33.4319269657135,33.4319269657135,1788009029031414,1788009029400535040,407860,407861,1788009029398119680,1788009029406453248,0.28983807289580593,8.333683013916016,2.4154186248779297,1328.9636423502056,550.3818741371471,1,736.6197157565376,553.9160148342518,1
1001,1001,33.36666666666667,33.46535682678223,33.46535682678223,1788009029064844,1788009029433965824,407864,407865,1788009029431452928,1788009029439785728,0.3015736766809728,8.33272933959961,2.5129318237304688,1328.7762982432969,549.6558233722869,1,736.5723699280809,553.7217261798769,1
1002,1002,33.4,33.49878787994385,33.49878787994385,1788009029098275,1788009029467398144,407868,407869,1788009029464785152,1788009029473117952,0.3135818717633258,8.332967758178711,2.613067626953125,1328.6828621250534,549.6552445063381,1,736.7397163156065,554.1792189751854,1
1003,1003,33.43333333333333,33.532217025756836,33.532217025756836,1788009029131704,1788009029500828416,407872,407873,1788009029498117376,1788009029506451456,0.32530396223716207,8.333921432495117,2.711057662963867,1328.8506062304252,550.1590122529948,1,737.0886040208428,554.3128656323133,1
1004,1004,33.46666666666667,33.56564688682556,33.56564688682556,1788009029165134,1788009029534259456,407876,407877,1788009029531450624,1788009029539783424,0.3370815450643777,8.33272933959961,2.808809280395508,1328.8461831958539,550.3032977094371,1,737.5065437878229,554.1150120948307,1
1005,1005,33.5,33.599082946777344,33.599082946777344,1788009029198570,1788009029567696896,407880,407881,1788009029564783104,1788009029573115904,0.34967095851216023,8.33272933959961,2.9137134552001953,1329.0163243375164,550.0385927255408,1,737.8826549984889,554.0912367622882,1
1006,1006,33.53333333333333,33.63251185417175,33.63251185417175,1788009029231999,1788009029601126656,407884,407885,1788009029598115328,1788009029606449152,0.3613320363906849,8.333683013916016,3.0112266540527344,1329.251585701044,550.6529455889632,1,738.33748406262,553.7248540668666,1
1007,1007,33.56666666666667,33.665935039520264,33.665935039520264,1788009029265422,1788009029634551040,407888,407889,1788009029631448832,1788009029639781376,0.3723032904148784,8.33272933959961,3.1023025512695312,1329.1634792928653,550.5828144682418,1,738.8349457024259,554.3037298768066,1
1008,1008,33.6,33.699362993240356,33.699362993240356,1788009029298850,1788009029667980544,407892,407893,1788009029664780800,1788009029673113856,0.38396612400217445,8.332967758178711,3.1995773315429688,1329.5162257834481,550.3453952959994,1,739.2687236631848,554.6449801197504,1
1009,1009,33.63333333333333,33.73279285430908,33.73279285430908,1788009029332280,1788009029701411328,407896,407897,1788009029698113280,1788009029706447104,0.39573737662709196,8.333921432495117,3.298044204711914,1329.5658668687201,549.8030384894417,1,739.5225337980542,554.8438628926849,1
1010,1010,33.666666666666664,33.76622295379639,33.76622295379639,1788009029365710,1788009029734842624,407900,407901,1788009029731446528,1788009029739779584,0.40754198735372377,8.332967758178711,3.3960342407226562,1329.661899753916,549.564303909447,1,739.6769265581461,554.7544437943769,1
1011,1011,33.7,33.79965281486511,33.79965281486511,1788009029399140,1788009029768273408,407904,407905,1788009029764778752,1788009029773112832,0.41931054212559005,8.333921432495117,3.4945011138916016,1330.1414269015954,549.8231712089478,1,739.8180816175532,555.0330234684529,1
1012,1012,33.733333333333334,33.83308291435242,33.83308291435242,1788009029432570,1788009029801704704,407908,407909,1788009029798112256,1788009029806444800,0.4311301859799714,8.33272933959961,3.5924911499023438,1330.209246545921,550.0175916667291,1,739.8920646946168,555.3200274259377,1
1013,1013,33.766666666666666,33.86651301383972,33.86651301383972,1788009029466000,1788009029835135744,407912,407913,1788009029831444480,1788009029839777280,0.4429756795422031,8.33272933959961,3.6911964416503906,1330.1923933681696,550.0686378718588,1,739.990939274077,555.5262141940501,1
1014,1014,33.8,33.89995098114014,33.89995098114014,1788009029499438,1788009029868574976,407916,407917,1788009029864775680,1788009029873109504,0.4558718352167072,8.333921432495117,3.7992000579833984,1329.9101689654256,549.6357016143905,1,740.2090934864126,555.9563369712652,1
1015,1015,33.833333333333336,33.933379888534546,33.933379888534546,1788009029532867,1788009029902004992,407920,407921,1788009029898108928,1788009029906441984,0.46754027066464476,8.332967758178711,3.895998001098633,1329.8866697355052,549.1477567160848,1,740.3076957402393,556.2425030490236,1
1016,1016,33.86666666666667,33.966809034347534,33.966809034347534,1788009029566296,1788009029935435520,407924,407925,1788009029931441408,1788009029939773952,0.47934191702432044,8.33272933959961,3.9942264556884766,1329.9116698078155,548.936778611151,1,740.4706623082554,556.2912290878623,1
1017,1017,33.9,34.00023794174194,34.00023794174194,1788009029599725,1788009029968865536,407928,407929,1788009029964774656,1788009029973107456,0.4909585121602289,8.33272933959961,4.091024398803711,1330.1391948636378,548.949711163736,1,740.5011261409901,555.8592862673806,1
1018,1018,33.93333333333333,34.033674001693726,34.033674001693726,1788009029633161,1788009030002302976,407932,407933,1788009029998106880,1788009030006439680,0.5035479256080114,8.33272933959961,4.136800765991211,1330.5250820520314,549.2658043596215,1,740.5092003295983,555.5710660068738,1
1019,1019,33.96666666666667,34.06710600852966,34.06710600852966,1788009029666593,1788009030035735808,407936,407937,1788009030031439360,1788009030039772928,0.5155633117811982,8.333683013916016,4.037141799926758,1330.73502548341,549.2614801350804,1,740.5124098983109,555.2464262492321,1
1020,1020,34.0,34.100541830062866,34.100541830062866,1788009029700029,1788009030069172736,407940,407941,1788009030064772608,1788009030073105408,0.528068669527897,8.33272933959961,3.932476043701172,1330.93717169639,549.4004903809905,1,740.4173539787839,554.8193346988761,1
1021,1021,34.03333333333333,34.13397192955017,34.13397192955017,1788009029733459,1788009030102604032,407944,407945,1788009030098104832,1788009030106437632,0.5399559383136391,8.332967758178711,3.8335323333740234,1330.69452269589,547.4473956938124,1,740.1843141421257,554.283155305304,1
1022,1022,34.06666666666667,34.167409896850586,34.167409896850586,1788009029766897,1788009030136043264,407948,407949,1788009030131437056,1788009030139770880,0.5527106279502217,8.333921432495117,3.7276744842529297,1330.1121166209414,546.2883472459293,1,739.651252004309,552.9661790828865,1
1023,1023,34.1,34.200846910476685,34.200846910476685,1788009029800334,1788009030169481472,407952,407953,1788009030164770304,1788009030173103104,0.565379113018598,8.33272933959961,3.6215782165527344,1329.8295157225862,545.5898541160526,1,738.9723584302934,551.5400219503719,1
1024,1024,34.13333333333333,34.234275817871094,34.234275817871094,1788009029833763,1788009030202911488,407956,407957,1788009030198102784,1788009030206435328,0.5770815450643777,8.33272933959961,3.5240650177001953,1329.4589896217253,544.0240364866326,1,738.4461029526661,550.1238155161301,1
1025,1025,34.166666666666664,34.267704010009766,34.267704010009766,1788009029867191,1788009030236340736,407960,407961,1788009030231435008,1788009030239768832,0.5886593809006122,8.333683013916016,3.4279823303222656,1329.159827224875,541.9348252123959,1,737.854814332159,548.8436024634711,1
1026,1026,34.2,34.30114197731018,34.30114197731018,1788009029900629,1788009030269780224,407964,407965,1788009030264768256,1788009030273101056,0.6014592274678111,8.33272933959961,3.320932388305664,1328.982193025379,538.5653116409625,1,737.0686464549867,547.3351448429223,1
1027,1027,34.233333333333334,34.33457088470459,34.33457088470459,1788009029934058,1788009030303209984,407968,407969,1788009030298100480,1788009030306433536,0.6131727275328317,8.332967758178711,3.223419189453125,1328.377748393017,535.6630216765003,1,736.7264841805691,546.4782233750619,1
1028,1028,34.266666666666666,34.3680100440979,34.3680100440979,1788009029967497,1788009030336650496,407972,407973,1788009030331432704,1788009030339766784,0.6260620798169074,8.333921432495117,3.1163692474365234,1328.1266372884677,533.3338085766081,1,735.68340350412,545.450811854946,1
1029,1029,34.3,34.40143895149231,34.40143895149231,1788009030000926,1788009030370080512,407976,407977,1788009030364766208,1788009030373099008,0.6377499928471289,8.332967758178711,3.018617630004883,1327.7543068251107,531.2667059721884,1,734.8258533310527,543.4749733888679,1
1030,1030,34.333333333333336,34.43487596511841,34.43487596511841,1788009030034363,1788009030403518720,407980,407981,1788009030398098432,1788009030406432512,0.6503790587898727,8.333921432495117,2.9137134552001953,1327.6976629026549,528.9320559099692,1,734.2722244430835,541.3769808198796,1
1031,1031,34.36666666666667,34.46831393241882,34.46831393241882,1788009030067801,1788009030436957952,407984,407985,1788009030431431680,1788009030439764480,0.6631759656652361,8.33272933959961,2.8066635131835938,1327.3377574884971,527.2498300378371,1,733.6876277463317,539.7064730323763,1
1032,1032,34.4,34.50174283981323,34.50174283981323,1788009030101230,1788009030470387712,407988,407989,1788009030464764160,1788009030473096960,0.6748783977110158,8.33272933959961,2.7091503143310547,1327.3875243131736,525.5297288649244,1,733.2934525671883,538.2708858480493,1
1033,1033,34.43333333333333,34.53517985343933,34.53517985343933,1788009030134667,1788009030503825920,407992,407993,1788009030498096128,1788009030506430208,0.6875125160921184,8.333921432495117,2.604246139526367,1327.6337124969798,524.0871724318248,1,732.8537161021336,537.0341575101777,1
1034,1034,34.46666666666667,34.56860899925232,34.56860899925232,1788009030168096,1788009030537256192,407996,407997,1788009030531429632,1788009030539762432,0.6992360733598466,8.332967758178711,2.506256103515625,1327.7886444286623,523.3629494978219,1,732.088122738596,535.8740510028388,1
1035,1035,34.5,34.60204601287842,34.60204601287842,1788009030201533,1788009030570693888,408000,408001,1788009030564761856,1788009030573094912,0.7118823495751194,8.332967758178711,2.4008750915527344,1327.9084507964685,521.9653114794544,1,731.2718272218715,534.313063481015,1
1036,1036,34.53333333333333,34.63548183441162,34.63548183441162,1788009030234969,1788009030604130560,408004,408005,1788009030598094336,1788009030606428160,0.7243026748676871,8.333921432495117,2.297639846801758,1328.0222249592903,520.1223103255754,1,730.1802966013181,532.2321004608614,1
1037,1037,34.56666666666667,34.668911933898926,34.668911933898926,1788009030268399,1788009030637561344,408008,408009,1788009030631427584,1788009030639760128,0.7361087267525036,8.33272933959961,2.198934555053711,1328.3999532766798,517.041404140981,1,729.1743912243311,530.3818495585906,1
1038,1038,34.6,34.70234799385071,34.70234799385071,1788009030301835,1788009030670998528,408012,408013,1788009030664759808,1788009030673092608,0.7486981402002861,8.33272933959961,2.0940303802490234,1329.0248517042633,514.6250744905587,1,728.0269068520699,528.6969781216287,1
1039,1039,34.63333333333333,34.735787868499756,34.735787868499756,1788009030335275,1788009030704439552,408016,408017,1788009030698092288,1788009030706425856,0.7616581793213938,8.333683013916016,1.9862651824951172,1329.5728793189514,512.3516777885251,1,726.9164842643999,527.1098313817101,1
1040,1040,34.666666666666664,34.76921796798706,34.76921796798706,1788009030368705,1788009030737870848,408020,408021,1788009030731425536,1788009030739758336,0.7735050071530758,8.33272933959961,1.8873214721679688,1330.0489261014827,511.5804164019698,1,726.463713287405,526.3087878968411,1
1041,1041,34.7,34.80264687538147,34.80264687538147,1788009030402134,1788009030771301120,408024,408025,1788009030764757760,1788009030773090560,0.7852421962175617,8.332967758178711,1.7895698547363281,1329.888240038425,511.10021879358624,1,726.1666269715057,525.964022814741,1
1042,1042,34.733333333333334,34.83608293533325,34.83608293533325,1788009030435570,1788009030804738304,408028,408029,1788009030798091008,1788009030806423808,0.7977168035249349,8.332967758178711,1.6856193542480469,1330.0955063307501,510.1095434489769,1,726.0877463234032,526.137563164448,1
1043,1043,34.766666666666666,34.86951184272766,34.86951184272766,1788009030468999,1788009030838168320,408032,408033,1788009030831423232,1788009030839756032,0.8094706723891273,8.33272933959961,1.5876293182373047,1330.0603660407799,510.17358391670587,1,726.6258334584874,527.0607686233714,1
1044,1044,34.8,34.902950048446655,34.902950048446655,1788009030502437,1788009030871607808,408036,408037,1788009030864754688,1788009030873088256,0.8223379298506609,8.333683013916016,1.4805793762207031,1330.160469042738,510.04409189031105,1,726.9712209474417,527.4157001775728,1
1045,1045,34.833333333333336,34.936378955841064,34.936378955841064,1788009030535866,1788009030905037568,408040,408041,1788009030898087936,1788009030906420736,0.8340200286123033,8.33272933959961,1.383066177368164,1330.5340748258736,509.32670979614505,1,727.1059473988225,527.5297271253659,1
1046,1046,34.86666666666667,34.969817876815796,34.969817876815796,1788009030569305,1788009030938477824,408044,408045,1788009030931420160,1788009030939752960,0.846957168607479,8.332967758178711,1.2753009796142578,1330.5756787195915,508.9910158318803,1,727.2154272003262,527.7425696787186,1
1047,1047,34.9,35.00325298309326,35.00325298309326,1788009030602740,1788009030971913984,408048,408049,1788009030964752384,1788009030973086464,0.8593334286940352,8.333921432495117,1.1723041534423828,1331.5670840052314,507.63040949186563,1,727.3881813923505,528.1043276524407,1
1048,1048,34.93333333333333,35.0366849899292,35.0366849899292,1788009030636172,1788009031005347328,408052,408053,1788009030998085632,1788009031006418688,0.8714199879831764,8.332967758178711,1.0714530944824219,1332.5395845036546,506.920823741711,1,727.5063373392402,528.0645163473222,1
1049,1049,34.96666666666667,35.07012104988098,35.07012104988098,1788009030669608,1788009031038784768,408056,408057,1788009031031418112,1788009031039751936,0.8839364897725647,8.333921432495117,0.9672641754150391,1333.5630354396699,506.78265124303715,1,727.3514730837447,527.5845284561515,1
1050,1050,35.0,35.10354995727539,35.10354995727539,1788009030703037,1788009031072214528,408060,408061,1788009031064751360,1788009031073084160,0.895650929899857,8.33272933959961,0.8695125579833984,1334.357079688457,506.9281853500425,1,727.3259152845608,527.168915807918,1
1051,1051,35.03333333333333,35.13698601722717,35.13698601722717,1788009030736473,1788009031105651968,408064,408065,1788009031098083840,1788009031106416384,0.9082403433476395,8.33272933959961,0.7646083831787109,1334.7742387323838,506.55889362038045,1,727.1677030285787,527.7889855936664,1
1052,1052,35.06666666666667,35.1704158782959,35.1704158782959,1788009030769903,1788009031139082752,408068,408069,1788009031131416064,1788009031139749888,0.919951936831264,8.333683013916016,0.6670951843261719,1334.9104296858302,506.5429767428377,1,726.5574743094583,527.5142317432451,1
1053,1053,35.1,35.2038459777832,35.2038459777832,1788009030803333,1788009031172514048,408072,408073,1788009031164749056,1788009031173082112,0.9318188320791966,8.332967758178711,0.5681514739990234,1334.9565883833081,506.4307907328739,1,726.5468656063825,527.6306067998602,1
1054,1054,35.13333333333333,35.23727583885193,35.23727583885193,1788009030836763,1788009031205945088,408076,408077,1788009031198081536,1788009031206414336,0.9436639867242711,8.332967758178711,0.46944618225097656,1334.8651681083284,506.72987424101444,1,726.5188438191591,527.5031939455182,1
1055,1055,35.166666666666664,35.27071285247803,35.27071285247803,1788009030870200,1788009031239383296,408080,408081,1788009031231413760,1788009031239747840,0.956258046059219,8.333921432495117,0.36454200744628906,1334.839026559152,506.9904405907609,1,726.3595377149421,527.4745788275443,1
1056,1056,35.2,35.30414390563965,35.30414390563965,1788009030903631,1788009031272815360,408084,408085,1788009031264747264,1788009031273079808,0.9682689556509299,8.33272933959961,0.2644062042236328,1334.9493920073376,507.0228416392356,1,726.4438607592166,528.072229091793,1
1057,1057,35.233333333333334,35.33757996559143,35.33757996559143,1788009030937067,1788009031306252800,408088,408089,1788009031298079488,1788009031306412288,0.9808583690987125,8.33272933959961,0.1595020294189453,1335.4099737216748,507.21493467617853,1,726.6558622324084,528.131924830127,1
1058,1058,35.266666666666666,35.37100887298584,35.37100887298584,1788009030970496,1788009031339682560,408092,408093,1788009031331411712,1788009031339745536,0.9924472163414774,8.333683013916016,0.0629425048828125,1335.6254878952227,508.0282952454379,1,726.726596365754,528.0649662269528,1
1059,1059,35.3,35.404446840286255,35.404446840286255,1788009031003934,1788009031373121792,408097,408098,1788009031373077760,1788009031381410560,0.005264663805436338,8.33272933959961,0.0438690185546875,1335.6352696070712,508.77928432582917,1,727.2362487817898,528.3687411459147,1
1060,1060,35.333333333333336,35.43787598609924,35.43787598609924,1788009031037363,1788009031406551808,408101,408102,1788009031406410240,1788009031414743808,0.016993763231675917,8.333683013916016,0.14162063598632812,1335.460808143438,510.4918512154979,1,727.9501282121842,529.3920896345653,1
1061,1061,35.36666666666667,35.47130584716797,35.47130584716797,1788009031070793,1788009031439982848,408105,408106,1788009031439743488,1788009031448076288,0.02872675250357654,8.33272933959961,0.23937225341796875,1335.0988009636296,514.4593389141118,1,729.2418474249914,531.4413881978293,1
1062,1062,35.4,35.50474286079407,35.50474286079407,1788009031104230,1788009031473420544,408109,408110,1788009031473075712,1788009031481409536,0.04139608067515377,8.333921432495117,0.34499168395996094,1334.5633471887932,519.3303290606025,1,731.2341026280844,534.7698248478475,1
1063,1063,35.43333333333333,35.538172006607056,35.538172006607056,1788009031137659,1788009031506850816,408113,408114,1788009031506408960,1788009031514742016,0.05301708105633601,8.332967758178711,0.4417896270751953,1333.8881872134405,523.9339691997499,1,733.009624852709,537.3290321193348,1
1064,1064,35.46666666666667,35.57160997390747,35.57160997390747,1788009031171097,1788009031540289280,408117,408118,1788009031539741184,1788009031548074240,0.06577780321020858,8.332967758178711,0.5481243133544922,1333.7040841149424,529.1899324193638,1,734.6616946645873,540.018726449079,1
1065,1065,35.5,35.605047941207886,35.605047941207886,1788009031204535,1788009031573728512,408121,408122,1788009031573073664,1788009031581407488,0.07858675439851237,8.333921432495117,0.6549358367919922,1333.1613828909462,532.4789688710971,1,735.9161403074406,543.0329001872764,1
1066,1066,35.53333333333333,35.63847589492798,35.63847589492798,1788009031237963,1788009031607157760,408125,408126,1788009031606406912,1788009031614739712,0.09010014306151645,8.33272933959961,0.7507801055908203,1332.2371116102368,535.8710234824555,1,737.7104527161996,546.9625498926757,1
1067,1067,35.56666666666667,35.671913862228394,35.671913862228394,1788009031271401,1788009031640596992,408129,408130,1788009031639739392,1788009031648071936,0.10291845493562232,8.33272933959961,0.8575916290283203,1331.3156833784535,539.2975708488042,1,739.1153208865628,550.2834811874038,1
1068,1068,35.6,35.7053439617157,35.7053439617157,1788009031304831,1788009031674028032,408133,408134,1788009031673071616,1788009031681405184,0.11477942438633633,8.333683013916016,0.9565353393554688,1330.887018095404,540.6299988174284,1,740.560133790397,552.866054604573,1
1069,1069,35.63333333333333,35.738770961761475,35.738770961761475,1788009031338258,1788009031707456000,408137,408138,1788009031706404864,1788009031714737664,0.1261516452074392,8.33272933959961,1.051187515258789,1330.146851851829,541.8621770687874,1,741.1863645059851,553.0707190766626,1
1070,1070,35.666666666666664,35.77220892906189,35.77220892906189,1788009031371696,1788009031740895232,408141,408142,1788009031739737088,1788009031748069888,0.13899459242940115,8.332967758178711,1.1582374572753906,1328.9682258387704,544.4030779434878,1,740.8974295389481,552.9250270883754,1
1071,1071,35.7,35.8056378364563,35.8056378364563,1788009031405125,1788009031774325248,408145,408146,1788009031773069312,1788009031781403392,0.15070805321127165,8.333921432495117,1.2559890747070312,1327.7795240989735,545.7020690762274,1,741.1885968118866,553.061958059922,1
1072,1072,35.733333333333334,35.83907604217529,35.83907604217529,1788009031438563,1788009031807764736,408149,408150,1788009031806402560,1788009031814735360,0.1634620886981402,8.33272933959961,1.3620853424072266,1326.7900661329086,546.0171171722195,1,741.3965685592699,553.3574293445303,1
1073,1073,35.766666666666666,35.87250590324402,35.87250590324402,1788009031471993,1788009031841195776,408153,408154,1788009031839735040,1788009031848068608,0.17528752074154602,8.333683013916016,1.4607906341552734,1325.9563157287853,545.7141584217911,1,741.3484663444075,552.870032154907,1
1074,1074,35.8,35.90593504905701,35.90593504905701,1788009031505422,1788009031874626048,408157,408158,1788009031873067264,1788009031881400064,0.18706723891273247,8.33272933959961,1.5587806701660156,1325.0227003000737,544.7984677321735,1,740.9064885631428,551.3302055591457,1
1075,1075,35.833333333333336,35.939371824264526,35.939371824264526,1788009031538859,1788009031908064000,408161,408162,1788009031906399488,1788009031914732544,0.1997653858258705,8.332967758178711,1.6646385192871094,1324.4229257592806,541.2928034156358,1,740.2849070326185,549.92956958641,1
1076,1076,35.86666666666667,35.97280192375183,35.97280192375183,1788009031572289,1788009031941495296,408165,408166,1788009031939731712,1788009031948065792,0.21158632527535404,8.333921432495117,1.7633438110351562,1324.2969908803907,537.0518145021779,1,739.3676161139022,547.328006401961,1
1077,1077,35.9,36.00623297691345,36.00623297691345,1788009031605720,1788009031974927360,408169,408170,1788009031973065216,1788009031981398016,0.2234843066006695,8.332967758178711,1.8622875213623047,1324.0964289229669,531.7962977809095,1,738.6259088483339,545.4465935770062,1
1078,1078,35.93333333333333,36.03966784477234,36.03966784477234,1788009031639155,1788009032008363776,408173,408174,1788009032006397440,1788009032014730240,0.2359656652360515,8.33272933959961,1.966238021850586,1324.4919256649546,526.6795013777111,1,737.8425602218774,543.7560541185898,1
1079,1079,35.96666666666667,36.073097944259644,36.073097944259644,1788009031672585,1788009032041795072,408177,408178,1788009032039729920,1788009032048063488,0.247811409280769,8.333683013916016,2.0651817321777344,1324.1839177539357,522.5823952334567,1,737.7605460163963,542.7678853137124,1
1080,1080,36.0,36.10653591156006,36.10653591156006,1788009031706023,1788009032075234048,408181,408182,1788009032073063168,1788009032081395968,0.2605436337625179,8.33272933959961,2.171039581298828,1323.4968381116869,522.5356366222924,1,737.999310721355,541.5569650393234,1
1081,1081,36.03333333333333,36.13996386528015,36.13996386528015,1788009031739451,1788009032108663296,408185,408186,1788009032106395392,1788009032114729216,0.2721290839388911,8.333683013916016,2.2678375244140625,1322.7715687775553,522.9876762364231,1,737.7772869958417,540.8900813155134,1
1082,1082,36.06666666666667,36.17339491844177,36.17339491844177,1788009031772882,1788009032142095616,408189,408190,1788009032139728640,1788009032148061440,0.2840548196045893,8.332967758178711,2.3670196533203125,1322.868258191364,523.1230845572154,1,737.7919029574798,540.309983519017,1
1083,1083,36.1,36.20683193206787,36.20683193206787,1788009031806319,1788009032175533568,408193,408194,1788009032173060864,1788009032181393920,0.29672970730451204,8.332967758178711,2.4726390838623047,1322.8066185453447,523.2892521800202,1,737.629242171912,540.0722911803626,1
1084,1084,36.13333333333333,36.24026083946228,36.24026083946228,1788009031839748,1788009032208963328,408197,408198,1788009032206393344,1788009032214727168,0.3083965097983121,8.333921432495117,2.5701522827148438,1322.779308653592,521.543345050449,1,737.3027614166392,539.9380296168886,1
1085,1085,36.166666666666664,36.273699045181274,36.273699045181274,1788009031873186,1788009032242402816,408201,408202,1788009032239726592,1788009032248059392,0.321173104434907,8.33272933959961,2.676248550415039,1323.0077276625088,521.1238019660508,1,737.0623610830546,539.4237952606402,1
1086,1086,36.2,36.30713486671448,36.30713486671448,1788009031906622,1788009032275839744,408205,408206,1788009032273058816,1788009032281391616,0.33373390557939914,8.33272933959961,2.780914306640625,1323.4339118441674,520.9954153917186,1,736.8817782664344,538.8206362877385,1
1087,1087,36.233333333333334,36.340564012527466,36.340564012527466,1788009031940051,1788009032309270016,408209,408210,1788009032306391296,1788009032314724864,0.3454254162613721,8.333683013916016,2.8786659240722656,1323.7178287674478,520.3135129366113,1,736.6982437262712,538.986228752971,1
1088,1088,36.266666666666666,36.374001026153564,36.374001026153564,1788009031973488,1788009032342708224,408213,408214,1788009032339724544,1788009032348057344,0.3580543633762518,8.33272933959961,2.983570098876953,1323.8688951193944,520.1698213453178,1,736.6713604689553,539.4366744624895,1
1089,1089,36.3,36.407431840896606,36.407431840896606,1788009032006919,1788009032376140032,408217,408218,1788009032373056768,1788009032381389568,0.3700323309776544,8.332967758178711,3.083467483520508,1323.7764935676173,520.0847077189104,1,736.6277159408795,539.5653533170018,1
1090,1090,36.333333333333336,36.44086790084839,36.44086790084839,1788009032040355,1788009032409577472,408221,408222,1788009032406388992,1788009032414722816,0.3825775997711343,8.333921432495117,3.1883716583251953,1323.6919856826369,520.0145353601235,1,736.4625583540806,539.6244378020721,1
1091,1091,36.36666666666667,36.47429800033569,36.47429800033569,1788009032073785,1788009032443008768,408225,408226,1788009032439722240,1788009032448055040,0.3943919885550787,8.33272933959961,3.2863616943359375,1323.5419598514811,520.0373303041191,1,736.1139957432265,539.594259715675,1
1092,1092,36.4,36.50773596763611,36.50773596763611,1788009032107223,1788009032476447744,408229,408230,1788009032473054720,1788009032481388288,0.4071637008639927,8.333683013916016,3.3931732177734375,1323.694743654404,520.9499705077559,1,735.6187848115314,539.8717785402774,1
1093,1093,36.43333333333333,36.54116487503052,36.54116487503052,1788009032140652,1788009032509878016,408233,408234,1788009032506387968,1788009032514720768,0.418826895565093,8.33272933959961,3.489971160888672,1323.5292390122293,521.5347506077803,1,734.9000924486666,540.3075498415462,1
1094,1094,36.46666666666667,36.574601888656616,36.574601888656616,1788009032174089,1788009032543316224,408237,408238,1788009032539720192,1788009032548052992,0.4315307582260372,8.33272933959961,3.5958290100097656,1324.5327333513974,522.4448246239386,1,733.9756014592807,541.2591676826474,1
1095,1095,36.5,36.608038902282715,36.608038902282715,1788009032207526,1788009032576754688,408241,408242,1788009032573052416,1788009032581386240,0.4442282935202403,8.333921432495117,3.7021636962890625,1325.9323018189605,522.6915480766083,1,732.7059767481378,541.9724750315578,1
1096,1096,36.53333333333333,36.6414680480957,36.6414680480957,1788009032240955,1788009032610184960,408245,408246,1788009032606385664,1788009032614718720,0.4559240078967698,8.332967758178711,3.7992000579833984,1327.126240691899,525.4880338646103,1,731.7229251987102,542.6825841575703,1
1097,1097,36.56666666666667,36.67489695549011,36.67489695549011,1788009032274384,1788009032643614464,408249,408250,1788009032639718144,1788009032648050944,0.46759749363394465,8.332967758178711,3.896474838256836,1328.5692411713048,528.5547541877773,1,730.8442610862405,543.8679024312319,1
1098,1098,36.6,36.70833492279053,36.70833492279053,1788009032307822,1788009032677053440,408253,408254,1788009032673050368,1788009032681384448,0.4803318552424546,8.333921432495117,4.003047943115234,1330.1101803375786,531.2182039938833,1,730.2147508722167,545.1936865377963,1
1099,1099,36.63333333333333,36.74176502227783,36.74176502227783,1788009032341252,1788009032710484224,408257,408258,1788009032706383616,1788009032714716416,0.4921030042918455,8.33272933959961,4.100561141967773,1331.5838683175377,533.4063808129946,1,730.1032364067792,546.2419891001514,1
1100,1100,36.666666666666664,36.77519488334656,36.77519488334656,1788009032374682,1788009032743915008,408261,408262,1788009032739716096,1788009032748048896,0.5039198855507868,8.33272933959961,4.133701324462891,1331.982750269538,534.2382421596781,1,730.1613269859092,547.3460897356164,1
1101,1101,36.7,36.80862498283386,36.80862498283386,1788009032408112,1788009032777345792,408265,408266,1788009032773048064,1788009032781382144,0.5156916034902017,8.333921432495117,4.036188125610352,1332.4900032275484,534.5635976990393,1,730.5882536649754,548.973823269881,1
1102,1102,36.733333333333334,36.84206199645996,36.84206199645996,1788009032441549,1788009032810785280,408269,408270,1788009032806381568,1788009032814714368,0.5284827329690137,8.332967758178711,3.92913818359375,1332.4888391607349,534.388641163229,1,730.7173171722687,550.3475054146704,1
1103,1103,36.766666666666666,36.875497817993164,36.875497817993164,1788009032474985,1788009032844221952,408273,408274,1788009032839713792,1788009032848046848,0.5409859517610369,8.332967758178711,3.824949264526367,1332.8905072986595,535.6290773149312,1,731.9504780019167,552.4548204752374,1
1104,1104,36.8,36.90892696380615,36.90892696380615,1788009032508414,1788009032877651968,408277,408278,1788009032873046272,1788009032881378816,0.5527324749642346,8.33272933959961,3.726959228515625,1333.3535751359468,537.5049208614785,1,732.9507316906756,553.5123668110958,1
1105,1105,36.833333333333336,36.94236493110657,36.94236493110657,1788009032541852,1788009032911090688,408281,408282,1788009032906378496,1788009032914711296,0.5654935622317596,8.33272933959961,3.620624542236328,1333.7521092091579,538.9688793467276,1,733.2953141617479,553.4087230559492,1
1106,1106,36.86666666666667,36.97579383850098,36.97579383850098,1788009032575281,1788009032944520448,408285,408286,1788009032939710976,1788009032948044544,0.5771299422097614,8.333683013916016,3.5240650177001953,1333.8864231653833,541.0311166661086,1,733.2424432732055,554.6617004408353,1
1107,1107,36.9,37.00922393798828,37.00922393798828,1788009032608711,1788009032977951744,408289,408290,1788009032973044224,1788009032981376768,0.5889556509298999,8.33272933959961,3.425121307373047,1333.8620296793056,542.5110302794092,1,733.2513504436472,555.6267379082851,1
1108,1108,36.93333333333333,37.04266095161438,37.04266095161438,1788009032642148,1788009033011389952,408293,408294,1788009033006376192,1788009033014709248,0.6016709107035564,8.332967758178711,3.319263458251953,1333.5529718987837,543.8783457551348,1,733.2806933950376,556.7728885680648,1
1109,1109,36.96666666666667,37.07608985900879,37.07608985900879,1788009032675577,1788009033044819968,408297,408298,1788009033039708672,1788009033048042496,0.6133314261192963,8.333921432495117,3.2224655151367188,1333.6864977028174,544.6194244086173,1,733.3445209218786,558.097926651653,1
1110,1110,37.0,37.10952091217041,37.10952091217041,1788009032709008,1788009033078252032,408301,408302,1788009033073041920,1788009033081374976,0.6252467740551058,8.332967758178711,3.1228065490722656,1333.7933879654681,545.3371778150987,1,733.0829802648218,559.2293247008255,1
1111,1111,37.03333333333333,37.14295792579651,37.14295792579651,1788009032742445,1788009033111690240,408305,408306,1788009033106374144,1788009033114707968,0.6378955198260571,8.333683013916016,3.0176639556884766,1334.132417488804,546.583339880049,1,733.0516050404517,560.3040392730072,1
1112,1112,37.06666666666667,37.17638802528381,37.17638802528381,1788009032775875,1788009033145121536,408309,408310,1788009033139707648,1788009033148040192,0.649728183118741,8.33272933959961,2.918720245361328,1334.3302838376117,548.4822513267965,1,733.1633534829998,561.0437078692338,1
1113,1113,37.1,37.20982384681702,37.20982384681702,1788009032809311,1788009033178558464,408313,408314,1788009033173039872,1788009033181372672,0.6622889842632332,8.33272933959961,2.814054489135742,1334.743312104836,549.16613541361,1,733.6817345048926,562.1496066833696,1
1114,1114,37.13333333333333,37.2432599067688,37.2432599067688,1788009032842747,1788009033211996160,408317,408318,1788009033206372096,1788009033214705920,0.6748390788156201,8.333921432495117,2.7098655700683594,1334.9135371259663,549.1502139918603,1,734.0971183066125,563.206170489777,1
1115,1115,37.166666666666664,37.27668905258179,37.27668905258179,1788009032876176,1788009033245426432,408321,408322,1788009033239705344,1788009033248038400,0.6865611856599239,8.332967758178711,2.611875534057617,1335.2734505870253,550.0108361181128,1,734.4564433009697,563.9912066896152,1
1116,1116,37.2,37.310128927230835,37.310128927230835,1788009032909616,1788009033278867456,408325,408326,1788009033273037568,1788009033281370624,0.6996080226602959,8.332967758178711,2.5031566619873047,1335.5547074326196,550.4069233540472,1,734.7777025960227,565.4560781690011,1
1117,1117,37.233333333333334,37.34355688095093,37.34355688095093,1788009032943044,1788009033312296448,408329,408330,1788009033306370048,1788009033314703872,0.711114289801173,8.333921432495117,2.407550811767578,1335.6466777985243,550.3376419458593,1,735.0414641775861,566.3090601363318,1
1118,1118,37.266666666666666,37.376993894577026,37.376993894577026,1788009032976481,1788009033345734656,408333,408334,1788009033339703296,1788009033348036096,0.7238054363376252,8.33272933959961,2.301454544067383,1335.1059137579182,550.9338704920898,1,735.3698459455384,566.8135276465345,1
1119,1119,37.3,37.41042494773865,37.41042494773865,1788009033009912,1788009033379166720,408337,408338,1788009033373035776,1788009033381368320,0.7357653791130186,8.33272933959961,2.2017955780029297,1334.67851366454,551.3793195549229,1,734.9436038441827,566.6714300684096,1
1120,1120,37.333333333333336,37.443861961364746,37.443861961364746,1788009033043349,1788009033412604928,408341,408342,1788009033406368000,1788009033414701824,0.7483835898609601,8.333683013916016,2.096891403198242,1334.9053645199242,550.9648143629885,1,734.5584281040183,566.8317734869682,1
1121,1121,37.36666666666667,37.47728991508484,37.47728991508484,1788009033076777,1788009033446033920,408345,408346,1788009033439700992,1788009033448034048,0.7599782552716661,8.332967758178711,2.000093460083008,1334.6909399334443,550.5334875121526,1,734.3609346256974,567.4643050169501,1
1122,1122,37.4,37.51072692871094,37.51072692871094,1788009033110214,1788009033479472384,408349,408350,1788009033473033472,1788009033481366272,0.7727103659408887,8.332967758178711,1.8939971923828125,1334.6033527424543,550.5969911261075,1,734.0077836262452,567.4518468963051,1
1123,1123,37.43333333333333,37.54415583610535,37.54415583610535,1788009033143643,1788009033512902400,408353,408354,1788009033506365696,1788009033514699776,0.784351308825633,8.333921432495117,1.7971992492675781,1334.2686490872507,551.2095332560507,1,733.8938101308333,566.9564557130784,1
1124,1124,37.46666666666667,37.57759404182434,37.57759404182434,1788009033177081,1788009033546341632,408357,408358,1788009033539699200,1788009033548031744,0.797167381974249,8.33272933959961,1.6901493072509766,1333.968511811861,551.0273257838866,1,733.905799987561,567.5008614075208,1
1125,1125,37.5,37.611023902893066,37.611023902893066,1788009033210511,1788009033579772416,408361,408362,1788009033573031424,1788009033581364992,0.8088916862161698,8.333683013916016,1.5926361083984375,1333.99566084623,550.9801275900687,1,734.1910308636177,568.2106758873501,1
1126,1126,37.53333333333333,37.64446187019348,37.64446187019348,1788009033243949,1788009033613211648,408365,408366,1788009033606364672,1788009033614697472,0.8216881258941344,8.33272933959961,1.4858245849609375,1334.084857393771,552.1475108587459,1,734.3765316119466,568.9052537976144,1
1127,1127,37.56666666666667,37.677891969680786,37.677891969680786,1788009033277379,1788009033646642944,408369,408370,1788009033639697152,1788009033648029696,0.8335622317596566,8.33272933959961,1.386880874633789,1334.623909273027,552.5536101965923,1,734.2131647939691,568.9637928923678,1
1128,1128,37.6,37.711320877075195,37.711320877075195,1788009033310808,1788009033680072704,408373,408374,1788009033673029120,1788009033681363200,0.8451723644686024,8.333921432495117,1.2903213500976562,1334.6793550134628,552.5943313095627,1,733.8831929592458,568.943984820118,1
1129,1129,37.63333333333333,37.7447509765625,37.7447509765625,1788009033344238,1788009033713504000,408377,408378,1788009033706362368,1788009033714695424,0.8570284112042574,8.332967758178711,1.1913776397705078,1335.1271430819174,551.9111194809733,1,733.26596590797,568.5356220079409,1
1130,1130,37.666666666666664,37.77818584442139,37.77818584442139,1788009033377673,1788009033746940416,408381,408382,1788009033739694848,1788009033748027904,0.8695030185116306,8.332967758178711,1.0874271392822266,1335.401001176827,551.0033441788539,1,732.2942648737081,567.0151036878069,1
1131,1131,37.7,37.81161594390869,37.81161594390869,1788009033411103,1788009033780371712,408385,408386,1788009033773027072,1788009033781360896,0.8813011386393546,8.333683013916016,0.9891986846923828,1335.9125722082892,549.6688192697778,1,731.1838616060732,565.4774736157736,1
1132,1132,37.733333333333334,37.845046043395996,37.845046043395996,1788009033444533,1788009033813802752,408389,408390,1788009033806360576,1788009033814693120,0.8931330472103004,8.33272933959961,0.8904933929443359,1336.5800798106484,548.328535711041,1,730.1495234855702,564.0584407694678,1
1133,1133,37.766666666666666,37.87847590446472,37.87847590446472,1788009033477963,1788009033847233792,408393,408394,1788009033839692800,1788009033848025600,0.9049785407725321,8.33272933959961,0.7917881011962891,1336.9977015748061,546.9950602985489,1,729.1387601559607,563.0226246601852,1
1134,1134,37.8,37.91191291809082,37.91191291809082,1788009033511400,1788009033880671488,408397,408398,1788009033873025024,1788009033881357824,0.9176275356928271,8.332967758178711,0.6864070892333984,1337.1252586854953,545.4577891063108,1,728.3621795067997,561.7334091081576,1
1135,1135,37.833333333333336,37.94534182548523,37.94534182548523,1788009033544829,1788009033914101248,408401,408402,1788009033906357248,1788009033914690304,0.929329632914652,8.332967758178711,0.5888938903808594,1337.3054307166726,544.469167581045,1,727.5915521287006,561.1274980530092,1
1136,1136,37.86666666666667,37.978780031204224,37.978780031204224,1788009033578267,1788009033947540224,408405,408406,1788009033939689728,1788009033948023552,0.942011157202117,8.333921432495117,0.4832744598388672,1336.8975271606766,543.4685911800261,1,727.2437257699642,560.1890303473854,1
1137,1137,37.9,38.012207984924316,38.012207984924316,1788009033611695,1788009033980969216,408409,408410,1788009033973022976,1788009033981355776,0.9536194563662375,8.33272933959961,0.3864765167236328,1336.4843382867593,543.0680833268182,1,727.6309647224896,559.6027806202843,1
1138,1138,37.93333333333333,38.04564690589905,38.04564690589905,1788009033645134,1788009034014409216,408413,408414,1788009034006355200,1788009034014688000,0.9665522174535051,8.33272933959961,0.27871131896972656,1335.4271721671907,541.2720503380486,1,727.9015427592756,559.0551050529185,1
1139,1139,37.96666666666667,38.079076051712036,38.079076051712036,1788009033678563,1788009034047840768,408417,408418,1788009034039687680,1788009034048021248,0.9783429650397666,8.333683013916016,0.1804828643798828,1334.9553522907072,540.1984439678102,1,728.6273599775415,559.8918924624999,1
1140,1140,38.0,38.11250591278076,38.11250591278076,1788009033711993,1788009034081271296,408421,408422,1788009034073020928,1788009034081353728,0.9901287553648068,8.33272933959961,0.08225440979003906,1334.4136233815857,539.8539853432834,1,729.1798155620589,559.1456094796779,1
1141,1141,38.03333333333333,38.14594292640686,38.14594292640686,1788009033745430,1788009034114709504,408426,408427,1788009034114685952,1788009034123019776,0.0028036848429364306,8.333683013916016,0.023365020751953125,1333.7420192979553,540.0838042811317,1,730.0014283144355,559.2891263182945,1
1142,1142,38.06666666666667,38.179373025894165,38.179373025894165,1788009033778860,1788009034148140288,408430,408431,1788009034148019200,1788009034156352000,0.014506437768240343,8.33272933959961,0.12087821960449219,1333.3961448764153,539.8451821457076,1,731.0459673281583,559.6696174204739,1
1143,1143,38.1,38.21280288696289,38.21280288696289,1788009033812290,1788009034181571328,408434,408435,1788009034181351424,1788009034189685248,0.02637677013302818,8.333921432495117,0.21982192993164062,1332.1259586406504,539.8838391040249,1,732.1215229704134,558.975292322109,1
1144,1144,38.13333333333333,38.24623203277588,38.24623203277588,1788009033845719,1788009034215001344,408438,408439,1788009034214684672,1788009034223017728,0.037996051615118306,8.332967758178711,0.316619873046875,1331.2000606087886,540.0468342069877,1,732.555101079124,559.4942939761949,1
1145,1145,38.166666666666664,38.27966094017029,38.27966094017029,1788009033879148,1788009034248431360,408442,408443,1788009034248017152,1788009034256349952,0.04972676032159309,8.332967758178711,0.4143714904785156,1330.6225110797109,540.5228061071165,1,732.1166068269266,559.6675319013186,1
1146,1146,38.2,38.31309700012207,38.31309700012207,1788009033912584,1788009034281869056,408446,408447,1788009034281349376,1788009034289683456,0.0623372908024603,8.333921432495117,0.5195140838623047,1330.0494989965778,539.115076842663,1,731.9827686679408,559.6410598851114,1
1147,1147,38.233333333333334,38.346526861190796,38.346526861190796,1788009033946014,1788009034315299840,408450,408451,1788009034314682624,1788009034323015424,0.07404864091559371,8.33272933959961,0.6170272827148438,1329.442737773371,537.6800619820505,1,732.0110223755926,559.5122167799516,1
1148,1148,38.266666666666666,38.37996482849121,38.37996482849121,1788009033979452,1788009034348738816,408454,408455,1788009034348015104,1788009034356347904,0.08686695278969957,8.33272933959961,0.7238388061523438,1328.9313484924141,535.4447166149757,1,731.9947472112013,560.0846089741575,1
1149,1149,38.3,38.413394927978516,38.413394927978516,1788009034012882,1788009034382169856,408458,408459,1788009034381347328,1788009034389681152,0.09870115008296619,8.333683013916016,0.8225440979003906,1328.2652868470345,534.8877410284206,1,732.3762779200274,560.6777544055395,1
1150,1150,38.333333333333336,38.44683289527893,38.44683289527893,1788009034046320,1788009034415609088,408462,408463,1788009034414680576,1788009034423013376,0.1114417327115104,8.332967758178711,0.9286403656005859,1327.6607886930994,534.304770187994,1,733.1198370793891,561.2189688864453,1
1151,1151,38.36666666666667,38.4802680015564,38.4802680015564,1788009034079755,1788009034449045504,408466,408467,1788009034448012800,1788009034456345856,0.12391634001888358,8.332967758178711,1.0325908660888672,1327.4191932316335,533.6017458201762,1,733.4760021741465,561.3755001482482,1
1152,1152,38.4,38.513700008392334,38.513700008392334,1788009034113187,1788009034482478592,408470,408471,1788009034481345280,1788009034489679104,0.13600343298526676,8.333921432495117,1.1334419250488281,1327.914405426355,532.8330999748814,1,733.6761672648017,560.7781818073389,1
1153,1153,38.43333333333333,38.547133922576904,38.547133922576904,1788009034146621,1788009034515913728,408474,408475,1788009034514678528,1788009034523011328,0.1482403433476395,8.33272933959961,1.2352466583251953,1327.3842670528338,533.1191189090102,1,733.8497815513867,560.4403687782774,1
1154,1154,38.46666666666667,38.58057188987732,38.58057188987732,1788009034180059,1788009034549353216,408478,408479,1788009034548010752,1788009034556343552,0.16108726752503577,8.33272933959961,1.3422966003417969,1327.0215928386924,533.487158132259,1,733.9748551117108,559.8516915085556,1
1155,1155,38.5,38.614009857177734,38.614009857177734,1788009034213497,1788009034582791936,408482,408483,1788009034581344000,1788009034589676800,0.17376251788268957,8.33272933959961,1.447916030883789,1327.067968105197,533.8983818183071,1,734.1347648781497,559.9528864558366,1
1156,1156,38.53333333333333,38.64744687080383,38.64744687080383,1788009034246934,1788009034616229888,408486,408487,1788009034614676480,1788009034623009280,0.18643776824034336,8.33272933959961,1.5535354614257812,1326.9523543576609,534.4917449437147,1,734.231183797368,559.9485623061241,1
1157,1157,38.56666666666667,38.680882930755615,38.680882930755615,1788009034280370,1788009034649667328,408490,408491,1788009034648008704,1788009034656342528,0.19902732084108138,8.333921432495117,1.6586780548095703,1327.1020924197508,535.1002604144722,1,734.3158534770965,559.8814343879185,1
1158,1158,38.6,38.714313983917236,38.714313983917236,1788009034313801,1788009034683099392,408494,408495,1788009034681341952,1788009034689674752,0.21092386483934653,8.332967758178711,1.7576217651367188,1326.5679129055848,535.5971870728124,1,734.4160804455208,560.1641649496902,1
1159,1159,38.63333333333333,38.747750997543335,38.747750997543335,1788009034347238,1788009034716537600,408498,408499,1788009034714674176,1788009034723007232,0.2236273640239192,8.332967758178711,1.8634796142578125,1326.0376244403578,535.5852559800968,1,734.3153518969777,560.3136018144727,1
1160,1160,38.666666666666664,38.78117895126343,38.78117895126343,1788009034380666,1788009034749966592,408502,408503,1788009034748006656,1788009034756340224,0.23519482748755507,8.333683013916016,1.9600391387939453,1326.1358049584105,535.392316350957,1,734.2900188311593,560.4757444592135,1
1161,1161,38.7,38.81461691856384,38.81461691856384,1788009034414104,1788009034783405824,408506,408507,1788009034781339904,1788009034789672704,0.24792560801144492,8.33272933959961,2.065896987915039,1325.774175952689,534.9136466695121,1,734.4647010680196,560.7864917712783,1
1162,1162,38.733333333333334,38.848052978515625,38.848052978515625,1788009034447540,1788009034816843008,408510,408511,1788009034814672128,1788009034823004928,0.26051502145922745,8.33272933959961,2.1708011627197266,1326.1808815650495,535.0397631578635,1,734.441978426913,561.2087071101561,1
1163,1163,38.766666666666666,38.881489992141724,38.881489992141724,1788009034480977,1788009034850281216,408514,408515,1788009034848004352,1788009034856338176,0.27320841081390357,8.333921432495117,2.276897430419922,1326.84343679924,535.3976554625812,1,734.2988323325974,561.2841594139013,1
1164,1164,38.8,38.914921045303345,38.914921045303345,1788009034514408,1788009034883713536,408518,408519,1788009034881336576,1788009034889669632,0.2852278904752368,8.332967758178711,2.3767948150634766,1327.3132763810283,534.9451486425997,1,734.0012240765636,560.8336239833674,1
1165,1165,38.833333333333336,38.948357820510864,38.948357820510864,1788009034547845,1788009034917151488,408522,408523,1788009034914669056,1788009034923002880,0.297868688313546,8.333921432495117,2.4824142456054688,1327.9140921732424,533.8610622728173,1,733.9346268395188,560.8759474644319,1
1166,1166,38.86666666666667,38.98179483413696,38.98179483413696,1788009034581282,1788009034950589696,408526,408527,1788009034948002304,1788009034956335104,0.3105007153075823,8.33272933959961,2.5873184204101562,1327.8257021939462,532.8702127643744,1,733.7916013726909,559.9894855595797,1
1167,1167,38.9,39.01522493362427,39.01522493362427,1788009034614712,1788009034984020736,408530,408531,1788009034981334784,1788009034989667328,0.322346208869814,8.33272933959961,2.686023712158203,1327.9724564339522,532.0102034093283,1,733.6509085793782,559.0247399971271,1
1168,1168,38.93333333333333,39.04866290092468,39.04866290092468,1788009034648150,1788009035017459968,408534,408535,1788009035014667008,1788009035023000832,0.33512616581793214,8.333683013916016,2.792835235595703,1328.0241581798134,532.457428519435,1,733.6402563756666,558.2112439197069,1
1169,1169,38.96666666666667,39.082090854644775,39.082090854644775,1788009034681578,1788009035050888960,408538,408539,1788009035048000256,1788009035056333056,0.3466666666666667,8.33272933959961,2.8886795043945312,1328.2311748758846,533.4582921307406,1,733.8474566695984,558.7456826484847,1
1170,1170,39.0,39.115527868270874,39.115527868270874,1788009034715015,1788009035084327168,408542,408543,1788009035081332480,1788009035089665536,0.3593888586878773,8.332967758178711,2.9947757720947266,1328.4164161279523,532.6577474951417,1,733.787301202429,558.3920803450546,1
1171,1171,39.03333333333333,39.14895582199097,39.14895582199097,1788009034748443,1788009035117756160,408546,408547,1788009035114664704,1788009035122998784,0.37093405807466745,8.333921432495117,3.0913352966308594,1328.5946087624595,531.7013782361043,1,733.9959483218519,558.626425896774,1
1172,1172,39.06666666666667,39.18239402770996,39.18239402770996,1788009034781881,1788009035151195648,408550,408551,1788009035147998208,1788009035156330752,0.3837195994277539,8.33272933959961,3.1974315643310547,1328.4364139775962,531.1513375134263,1,734.3011706323355,558.0887224787376,1
1173,1173,39.1,39.215831995010376,39.215831995010376,1788009034815319,1788009035184634624,408554,408555,1788009035181330432,1788009035189663232,0.3965379113018598,8.33272933959961,3.3042430877685547,1328.2684466079374,530.1657199274003,1,734.392884375316,557.5362001006347,1
1174,1174,39.13333333333333,39.2492618560791,39.2492618560791,1788009034848749,1788009035218065664,408558,408559,1788009035214663680,1788009035222996480,0.4082689556509299,8.33272933959961,3.4019947052001953,1328.0627156674884,530.3504700578147,1,734.4372083067424,557.2640567882409,1
1175,1175,39.166666666666664,39.282697916030884,39.282697916030884,1788009034882185,1788009035251502592,408562,408563,1788009035247996160,1788009035256328704,0.42080114449213163,8.33272933959961,3.5064220428466797,1327.8698147177438,530.8394221835875,1,733.9856206520678,556.17004336898,1
1176,1176,39.2,39.316128969192505,39.316128969192505,1788009034915616,1788009035284934400,408566,408567,1788009035281328128,1788009035289662208,0.43272779287655555,8.333921432495117,3.6063194274902344,1328.0077149411811,531.3696845681503,1,733.3193415502623,554.8229267000017,1
1177,1177,39.233333333333334,39.34956502914429,39.34956502914429,1788009034949052,1788009035318371328,408570,408571,1788009035314661376,1788009035322994432,0.4451947011530428,8.332967758178711,3.7097930908203125,1327.8780612494088,531.2116682132196,1,733.1180372941027,553.8366549429938,1
1178,1178,39.266666666666666,39.38299489021301,39.38299489021301,1788009034982482,1788009035351803648,408574,408575,1788009035347993856,1788009035356326912,0.45718291322136706,8.332967758178711,3.809690475463867,1327.7215601549765,530.8196829500913,1,733.1523628344884,553.0312420131874,1
1179,1179,39.3,39.41643190383911,39.41643190383911,1788009035015919,1788009035385241344,408578,408579,1788009035381326080,1788009035389660160,0.46977542554713203,8.333921432495117,3.915071487426758,1327.7163332747914,529.8068761117335,1,733.0321546652087,552.4180728446877,1
1180,1180,39.333333333333336,39.449859857559204,39.449859857559204,1788009035049347,1788009035418669824,408582,408583,1788009035414659584,1788009035422992128,0.48125894134477826,8.33272933959961,4.010200500488281,1327.693574707898,529.3177818942846,1,732.6754239348377,551.9661455212806,1
1181,1181,39.36666666666667,39.48328995704651,39.48328995704651,1788009035082777,1788009035452100608,408586,408587,1788009035447991808,1788009035456324608,0.4930758226037196,8.33272933959961,4.108667373657227,1327.650517447657,529.0156541193219,1,732.5694968681236,552.0333130398088,1
1182,1182,39.4,39.51672887802124,39.51672887802124,1788009035116216,1788009035485540864,408590,408591,1788009035481324032,1788009035489657856,0.505993420111572,8.333921432495117,4.117012023925781,1327.4210433790226,529.6111743464851,1,732.6164207162758,552.1966501827941,1
1183,1183,39.43333333333333,39.55016493797302,39.55016493797302,1788009035149652,1788009035518978048,408594,408595,1788009035514657280,1788009035522990336,0.5185259363108352,8.332967758178711,4.012107849121094,1327.1318745662718,529.8783696138229,1,732.8700706338321,552.572837354888,1
1184,1184,39.46666666666667,39.58359503746033,39.58359503746033,1788009035183082,1788009035552409088,408598,408599,1788009035547989504,1788009035556322560,0.5303710909559097,8.332967758178711,3.913402557373047,1326.6162225478888,530.1925799008595,1,733.1217566866593,552.8974878910318,1
1185,1185,39.5,39.61703300476074,39.61703300476074,1788009035216520,1788009035585848320,408602,408603,1788009035581321984,1788009035589655808,0.5431268774138177,8.333921432495117,3.807544708251953,1326.0400369041056,530.7220723717626,1,733.0961140032699,553.4440266077145,1
1186,1186,39.53333333333333,39.65046191215515,39.65046191215515,1788009035249949,1788009035619278336,408606,408607,1788009035614655232,1788009035622988032,0.5548211731044349,8.33272933959961,3.709554672241211,1325.8079050346603,531.231131416248,1,733.1582188917691,553.6521486883926,1
1187,1187,39.56666666666667,39.68389701843262,39.68389701843262,1788009035283384,1788009035652715008,408610,408611,1788009035647987712,1788009035656321280,0.5672598272014647,8.333683013916016,3.6063194274902344,1325.774467560938,532.2099595910128,1,733.4002580267241,553.8628837535006,1
1188,1188,39.6,39.71732687950134,39.71732687950134,1788009035316814,1788009035686145792,408614,408615,1788009035681320960,1788009035689653760,0.579027181688126,8.33272933959961,3.507852554321289,1325.4882155626558,532.9220821530798,1,733.5893708125285,554.0528084249631,1
1189,1189,39.63333333333333,39.75076389312744,39.75076389312744,1788009035350251,1788009035719584000,408618,408619,1788009035714653184,1788009035722985984,0.5917310443490701,8.33272933959961,3.4019947052001953,1325.1344637714055,533.6413256077074,1,733.5446099661115,554.1929004071567,1
1190,1190,39.666666666666664,39.784199953079224,39.784199953079224,1788009035383687,1788009035753021184,408622,408623,1788009035747985408,1788009035756319232,0.604262623372908,8.333921432495117,3.298044204711914,1324.7460493579983,534.3041307941658,1,733.4665609996046,554.4339541261794,1
1191,1191,39.7,39.81763291358948,39.81763291358948,1788009035417120,1788009035786455040,408626,408627,1788009035781318656,1788009035789651712,0.6164058252982747,8.332967758178711,3.1964778900146484,1324.5701503818407,534.8192615220767,1,733.4874184672414,554.5178914232246,1
1192,1192,39.733333333333334,39.85106801986694,39.85106801986694,1788009035450555,1788009035819891456,408630,408631,1788009035814651136,1788009035822983680,0.628898426323319,8.33272933959961,3.0922889709472656,1324.5484284486488,534.7217471027785,1,733.5490674676468,554.5332807178218,1
1193,1193,39.766666666666666,39.88449788093567,39.88449788093567,1788009035483985,1788009035853322496,408634,408635,1788009035847983360,1788009035856316928,0.640670595639984,8.333683013916016,2.994537353515625,1324.46254132458,535.221784399367,1,733.5885988116815,554.2726603977429,1
1194,1194,39.8,39.917927980422974,39.917927980422974,1788009035517415,1788009035886753536,408638,408639,1788009035881315584,1788009035889648384,0.6525894134477825,8.33272933959961,2.894878387451172,1324.2876315131116,536.4525283392837,1,733.7658721072715,554.4559887130677,1
1195,1195,39.833333333333336,39.95136499404907,39.95136499404907,1788009035550852,1788009035920191488,408642,408643,1788009035914647808,1788009035922981632,0.6651981118581033,8.333921432495117,2.790212631225586,1324.0436591072828,537.2618266542934,1,734.0029784782671,554.9828528644131,1
1196,1196,39.86666666666667,39.98479390144348,39.98479390144348,1788009035584281,1788009035953621504,408646,408647,1788009035947981056,1788009035956314112,0.6768905038482447,8.332967758178711,2.6924610137939453,1323.670017311541,538.080598667734,1,734.5192046217203,555.5949145978452,1
1197,1197,39.9,40.0182318687439,40.0182318687439,1788009035617719,1788009035987060992,408650,408651,1788009035981313536,1788009035989646336,0.6897370604560671,8.332967758178711,2.5854110717773438,1323.0795575040418,538.746670816744,1,735.0907591736038,556.2765494832162,1
1198,1198,39.93333333333333,40.051661014556885,40.051661014556885,1788009035651148,1788009036020491264,408654,408655,1788009036014645760,1788009036022979840,0.7014161064225433,8.333921432495117,2.488374710083008,1322.5335700969063,538.153284657423,1,735.1780817380946,556.2791181414718,1
1199,1199,39.96666666666667,40.085089921951294,40.085089921951294,1788009035684577,1788009036053921536,408658,408659,1788009036047979008,1788009036056311808,0.7131330472103005,8.33272933959961,2.3903846740722656,1322.3430396673266,538.6202195008384,1,735.6740969060577,556.2276784010639,1
1200,1200,40.0,40.118528842926025,40.118528842926025,1788009035718016,1788009036087361536,408662,408663,1788009036081311488,1788009036089644288,0.726065808297568,8.33272933959961,2.2826194763183594,1322.0403310268487,540.6279284194654,1,736.4941873996339,556.8916384243332,1
1201,1201,40.03333333333333,40.15195894241333,40.15195894241333,1788009035751446,1788009036120792832,408666,408667,1788009036114643456,1788009036122977536,0.7378629666714347,8.333921432495117,2.184629440307617,1321.4570017300937,544.3648532889864,1,737.0307281493401,557.143575283155,1
1202,1202,40.06666666666667,40.18539500236511,40.18539500236511,1788009035784882,1788009036154230016,408670,408671,1788009036147976960,1788009036156309760,0.7504220193985865,8.332967758178711,2.0797252655029297,1320.901188785859,546.4753057390275,1,737.5808466968942,556.7285758047126,1
1203,1203,40.1,40.218825817108154,40.218825817108154,1788009035818313,1788009036187661824,408674,408675,1788009036181309184,1788009036189642240,0.7623530084976109,8.332967758178711,1.9803047180175781,1320.4920154433808,547.6220102302981,1,737.8222768872056,555.2835626241598,1
1204,1204,40.13333333333333,40.252254009246826,40.252254009246826,1788009035851741,1788009036221091328,408678,408679,1788009036214641664,1788009036222975488,0.7739093119725361,8.333921432495117,1.8842220306396484,1320.1311756678933,548.7875729669989,1,738.1766024543758,554.9091812947971,1
1205,1205,40.166666666666664,40.285682916641235,40.285682916641235,1788009035885170,1788009036254521344,408682,408683,1788009036247974912,1788009036256307712,0.7856366237482117,8.33272933959961,1.7862319946289062,1319.952503321586,549.9669897442014,1,738.279372127432,555.0530898051724,1
1206,1206,40.2,40.319119930267334,40.319119930267334,1788009035918607,1788009036287959552,408686,408687,1788009036281307136,1788009036289640960,0.7982491274246152,8.333683013916016,1.6813278198242188,1319.5900871389915,551.3970768615119,1,738.1385101865802,554.9487636018255,1
1207,1207,40.233333333333334,40.35254883766174,40.35254883766174,1788009035952036,1788009036321389312,408690,408691,1788009036314640640,1788009036322973184,0.809928469241774,8.33272933959961,1.5838146209716797,1319.402999111344,552.3093201928754,1,738.1703248648271,555.5706665979907,1
1208,1208,40.266666666666666,40.385979890823364,40.385979890823364,1788009035985467,1788009036354821632,408694,408695,1788009036347972864,1788009036356305664,0.8219170243204578,8.33272933959961,1.483917236328125,1319.2680769356996,552.9562656075552,1,738.4033280352979,556.2775170316493,1
1209,1209,40.3,40.41941785812378,40.41941785812378,1788009036018905,1788009036388260864,408698,408699,1788009036381305088,1788009036389638912,0.8346445429838364,8.333921432495117,1.3780593872070312,1319.5823947253039,553.4623916587309,1,738.334318835165,556.2543499611794,1
1210,1210,40.333333333333336,40.45284605026245,40.45284605026245,1788009036052333,1788009036421691136,408702,408703,1788009036414638336,1788009036422971136,0.8463849389144803,8.332967758178711,1.280069351196289,1319.8600052454153,553.6842631218046,1,738.8371633042711,557.296053967327,1
1211,1211,40.36666666666667,40.48627591133118,40.48627591133118,1788009036085763,1788009036455121920,408706,408707,1788009036447970560,1788009036456303360,0.8582260371959943,8.33272933959961,1.1813640594482422,1320.3499521702474,554.5732640484819,1,739.1731182814885,557.6703680484004,1
1212,1212,40.4,40.51970601081848,40.51970601081848,1788009036119193,1788009036488552704,408710,408711,1788009036481303040,1788009036489636608,0.8699433541225611,8.333683013916016,1.0838508605957031,1321.1224864371197,554.932815000454,1,739.3495302354056,558.0473488776563,1
1213,1213,40.43333333333333,40.55314302444458,40.55314302444458,1788009036152630,1788009036521990656,408714,408715,1788009036514636288,1788009036522969088,0.8826037195994277,8.33272933959961,0.9782314300537109,1321.3351661832935,554.6993365391216,1,739.7545839443242,558.5770836939545,1
1214,1214,40.46666666666667,40.58657193183899,40.58657193183899,1788009036186059,1788009036555420416,408718,408719,1788009036547968512,1788009036556301312,0.894277539341917,8.33272933959961,0.8809566497802734,1321.6847496911205,555.3816240669258,1,739.7794983201254,558.9023162614284,1
1215,1215,40.5,40.62000894546509,40.62000894546509,1788009036219496,1788009036588858112,408722,408723,1788009036581300736,1788009036589634560,0.9068230582177085,8.333921432495117,0.7765293121337891,1322.1511105039842,555.9336161815136,1,739.5403444429312,558.7701974153491,1
1216,1216,40.53333333333333,40.65343904495239,40.65343904495239,1788009036252926,1788009036622288896,408726,408727,1788009036614633984,1788009036622967040,0.918628937655575,8.332967758178711,0.6780624389648438,1322.7965322373966,556.8544488924005,1,739.291555282892,558.5167999172681,1
1217,1217,40.56666666666667,40.686874866485596,40.686874866485596,1788009036286362,1788009036655726080,408730,408731,1788009036647966464,1788009036656299264,0.9311893794168979,8.332967758178711,0.5733966827392578,1323.4082678627583,557.3543962215806,1,738.8723614026293,557.6057565855782,1
1218,1218,40.6,40.72030591964722,40.72030591964722,1788009036319793,1788009036689158144,408734,408735,1788009036681299712,1788009036689632768,0.9430631455466224,8.332967758178711,0.4744529724121094,1323.8606358130244,557.555363914096,1,738.6377809150443,556.8718967912293,1
1219,1219,40.63333333333333,40.753741979599,40.753741979599,1788009036353229,1788009036722595328,408738,408739,1788009036714631936,1788009036722964736,0.9556795422031473,8.33272933959961,0.3693103790283203,1323.8431526147772,558.3201830355297,1,738.2342578879449,556.9899365446407,1
1220,1220,40.666666666666664,40.78717303276062,40.78717303276062,1788009036386660,1788009036756027392,408742,408743,1788009036747964416,1788009036756297984,0.9675287520741546,8.333683013916016,0.27060508728027344,1322.8425078607772,558.0826050155114,1,738.0722745588637,555.6942237281236,1
1221,1221,40.7,40.82060384750366,40.82060384750366,1788009036420091,1788009036789459456,408746,408747,1788009036781297664,1788009036789630464,0.9794849785407725,8.33272933959961,0.1709461212158203,1321.7721865249478,557.7034543909991,1,738.3338770725998,554.9700249312194,1
1222,1222,40.733333333333334,40.85403895378113,40.85403895378113,1788009036453526,1788009036822896128,408750,408751,1788009036814629888,1788009036822962688,0.9919887842980172,8.332967758178711,0.0667572021484375,1321.3293128312525,557.4639889108746,1,738.7981637072329,555.8585401136686,1
1223,1223,40.766666666666666,40.88746786117554,40.88746786117554,1788009036486955,1788009036856325888,408755,408756,1788009036856295936,1788009036864627712,0.0035769472901047332,8.331775665283203,0.029802322387695312,1321.270476538864,557.4794524321754,1,739.10732885369,556.7179970006142,1
1224,1224,40.8,40.920897006988525,40.920897006988525,1788009036520384,1788009036889756160,408759,408760,1788009036889627136,1788009036897961216,0.015477041911028465,8.333921432495117,0.1289844512939453,1321.5493378610327,557.148585961087,1,738.8937669284903,557.0618679840459,1
1225,1225,40.833333333333336,40.954334020614624,40.954334020614624,1788009036553821,1788009036923194368,408763,408764,1788009036922960640,1788009036931293440,0.028067866441589654,8.332967758178711,0.2338886260986328,1321.82828756859,556.7157575160801,1,738.7183376106293,557.4219900784901,1
1226,1226,40.86666666666667,40.98776388168335,40.98776388168335,1788009036587251,1788009036956625408,408767,408768,1788009036956292864,1788009036964625920,0.03991302108666419,8.332967758178711,0.3325939178466797,1321.8159161829105,557.1282455335339,1,738.5847535622403,557.5331504199465,1
1227,1227,40.9,41.021201848983765,41.021201848983765,1788009036620689,1788009036990064640,408771,408772,1788009036989625088,1788009036997959168,0.052724932055499926,8.333921432495117,0.4394054412841797,1321.6996763545235,557.7234434034456,1,738.6060451120488,557.4289441030767,1
1228,1228,40.93333333333333,41.05463194847107,41.05463194847107,1788009036654119,1788009037023495680,408775,408776,1788009037022958592,1788009037031291136,0.06446351931330473,8.33272933959961,0.5371570587158203,1321.5001394245076,557.7780287854898,1,738.4598749467725,557.4945136716896,1
1229,1229,40.96666666666667,41.088062047958374,41.088062047958374,1788009036687549,1788009037056926976,408779,408780,1788009037056290816,1788009037064623616,0.07633762517882689,8.33272933959961,0.6361007690429688,1321.3601835599643,557.8202800975312,1,738.1050701318558,557.251986042014,1
1230,1230,41.0,41.12149095535278,41.12149095535278,1788009036720978,1788009037090356992,408783,408784,1788009037089623040,1788009037097956864,0.08808468030324704,8.333921432495117,0.7340908050537109,1321.2990737698044,557.9751809271895,1,738.1051205599332,556.9672448045628,1
1231,1231,41.03333333333333,41.15492081642151,41.15492081642151,1788009036754408,1788009037123788032,408787,408788,1788009037122956288,1788009037131289344,0.09982546994363538,8.332967758178711,0.8318424224853516,1321.0254332739405,558.1528819207539,1,738.3073871221418,557.7653300970786,1
1232,1232,41.06666666666667,41.18834900856018,41.18834900856018,1788009036787836,1788009037157217536,408791,408792,1788009037156288512,1788009037164621568,0.11147034419616034,8.332967758178711,0.9288787841796875,1320.877149697781,558.4093370285572,1,738.3124791061415,558.2049882320011,1
1233,1233,41.1,41.221778869628906,41.221778869628906,1788009036821266,1788009037190648320,408795,408796,1788009037189620992,1788009037197954816,0.12327277928765555,8.333921432495117,1.0273456573486328,1320.9813378286826,558.5009957729404,1,738.3000403898612,557.939578468522,1
1234,1234,41.13333333333333,41.25520896911621,41.25520896911621,1788009036854696,1788009037224079616,408799,408800,1788009037222954240,1788009037231287040,0.13505007153075824,8.33272933959961,1.125335693359375,1321.040283869945,558.493507026987,1,738.2545224660416,557.58610870993,1
1235,1235,41.166666666666664,41.28863883018494,41.28863883018494,1788009036888126,1788009037257510656,408803,408804,1788009037256286720,1788009037264619264,0.14689556509298998,8.33272933959961,1.2240409851074219,1321.0366897396445,558.5164412258409,1,738.3261695295571,557.5377263878314,1
1236,1236,41.2,41.32206892967224,41.32206892967224,1788009036921556,1788009037290941952,408807,408808,1788009037289618944,1788009037297952768,0.158751501974023,8.333683013916016,1.3229846954345703,1320.8864455403027,558.7431333758941,1,738.7283916023584,557.9990117298713,1
1237,1237,41.233333333333334,41.35549783706665,41.35549783706665,1788009036954985,1788009037324371968,408811,408812,1788009037322952192,1788009037331284992,0.1703862660944206,8.33272933959961,1.4197826385498047,1320.7844726514631,558.2275466011592,1,738.6408548072916,557.8922035180743,1
1238,1238,41.266666666666666,41.38892698287964,41.38892698287964,1788009036988414,1788009037357802496,408815,408816,1788009037356284416,1788009037364618240,0.18214847661278788,8.333921432495117,1.5180110931396484,1321.1750278005563,557.3837368913341,1,738.4502246104064,557.9695098472324,1
1239,1239,41.3,41.42235088348389,41.42235088348389,1788009037021838,1788009037391227136,408819,408820,1788009037389617664,1788009037397950720,0.19315613287173472,8.332967758178711,1.6095638275146484,1321.306238692021,556.3568320876768,1,738.5255547767943,557.1109256934117,1
1240,1240,41.333333333333336,41.455780029296875,41.455780029296875,1788009037055267,1788009037424657664,408823,408824,1788009037422950144,1788009037431282688,0.20492131616595136,8.33272933959961,1.7075538635253906,1321.1635418848691,555.216045924563,1,739.464829548899,556.0372526925556,1
1241,1241,41.36666666666667,41.489208936691284,41.489208936691284,1788009037088696,1788009037458087680,408827,408828,1788009037456282368,1788009037464615936,0.2166275676603536,8.333683013916016,1.8053054809570312,1321.1304131339164,554.4968654087769,1,739.984014607315,554.6888093617914,1
1242,1242,41.4,41.5226309299469,41.5226309299469,1788009037122118,1788009037491510784,408831,408832,1788009037489615616,1788009037497948416,0.22743919885550787,8.33272933959961,1.8951892852783203,1321.0232595494065,553.4079836215625,1,740.177577163058,553.9538411888263,1
1243,1243,41.43333333333333,41.55605983734131,41.55605983734131,1788009037155547,1788009037524941056,408835,408836,1788009037522948096,1788009037531280640,0.23917024320457797,8.33272933959961,1.992940902709961,1320.0623007730399,552.5747039685544,1,740.1390748581753,553.2436728717555,1
1244,1244,41.46666666666667,41.58948993682861,41.58948993682861,1788009037188977,1788009037558372352,408839,408840,1788009037556280064,1788009037564614144,0.2510370476326706,8.333921432495117,2.092123031616211,1319.7737750953024,552.1619479487332,1,740.7236243187695,552.4134689093089,1
1245,1245,41.5,41.622920989990234,41.622920989990234,1788009037222408,1788009037591804416,408843,408844,1788009037589613312,1788009037597946368,0.26293954393293467,8.332967758178711,2.1910667419433594,1319.1206730829704,553.0923334175892,1,741.7103200130305,552.3121263912681,1
1246,1246,41.53333333333333,41.65634298324585,41.65634298324585,1788009037255830,1788009037625227776,408847,408848,1788009037622945792,1788009037631278848,0.27384051958456124,8.332967758178711,2.2819042205810547,1318.900408338906,553.4774864627375,1,742.5538243773027,551.84990748695,1
1247,1247,41.56666666666667,41.689772844314575,41.689772844314575,1788009037289260,1788009037658658816,408851,408852,1788009037656278016,1788009037664612096,0.2856529824059505,8.333921432495117,2.3806095123291016,1318.4780187367837,554.1158629256795,1,743.6111951349559,551.8799774525784,1
1248,1248,41.6,41.72320199012756,41.72320199012756,1788009037322689,1788009037692088832,408855,408856,1788009037689611520,1788009037697944064,0.297310443490701,8.33272933959961,2.477407455444336,1317.5980194613476,554.3909769873661,1,744.706423112955,552.5014802237172,1
1249,1249,41.63333333333333,41.75662398338318,41.75662398338318,1788009037356111,1788009037725511424,408859,408860,1788009037722943744,1788009037731277568,0.30811924243291183,8.333683013916016,2.567768096923828,1316.4266540745389,554.2732360507121,1,745.5112798049088,552.7331348680052,1
1250,1250,41.666666666666664,41.79005289077759,41.79005289077759,1788009037389540,1788009037758940928,408863,408864,1788009037756276992,1788009037764609792,0.3196852646638054,8.33272933959961,2.663850784301758,1315.5836910552312,554.3367345967321,1,745.988246662843,552.222068000517,1
1251,1251,41.7,41.82348299026489,41.82348299026489,1788009037422970,1788009037792371712,408867,408868,1788009037789609216,1788009037797942272,0.33152127263883724,8.332967758178711,2.7625560760498047,1315.0091883207874,554.4228722077446,1,746.3054330572792,552.0069957164443,1
1252,1252,41.733333333333334,41.8569118976593,41.8569118976593,1788009037456399,1788009037825801984,408871,408872,1788009037822941440,1788009037831275520,0.3432413102560435,8.333921432495117,2.860546112060547,1314.7262277298898,553.4888160045555,1,746.4020887530785,552.2753010238958,1
1253,1253,41.766666666666666,41.89033484458923,41.89033484458923,1788009037489822,1788009037859226112,408875,408876,1788009037856274944,1788009037864606720,0.35423224403365194,8.331775665283203,2.951383590698242,1314.5808094864678,554.1076943111551,1,746.4001199780539,552.5576699179868,1
1254,1254,41.8,41.92376494407654,41.92376494407654,1788009037523252,1788009037892657408,408879,408880,1788009037889606144,1788009037897938944,0.36618025751072963,8.33272933959961,3.051280975341797,1314.562730419551,555.091527947401,1,746.2914838594771,552.46988756235,1
1255,1255,41.833333333333336,41.95718693733215,41.95718693733215,1788009037556674,1788009037926080512,408883,408884,1788009037922938624,1788009037931272192,0.37700978428792126,8.333683013916016,3.1418800354003906,1314.799965018698,554.8631430041221,1,745.7777791619053,551.6773684872152,1
1256,1256,41.86666666666667,41.99061703681946,41.99061703681946,1788009037590104,1788009037959512064,408887,408888,1788009037956271872,1788009037964604672,0.3888412017167382,8.33272933959961,3.2401084899902344,1315.2098551339732,554.7566000972965,1,745.4691268832635,551.2929273740209,1
1257,1257,41.9,42.02403998374939,42.02403998374939,1788009037623527,1788009037992936192,408891,408892,1788009037989604096,1788009037997937920,0.3998283507366614,8.333921432495117,3.3321380615234375,1315.6096446499823,554.756210365346,1,744.9140708930736,551.0514256105273,1
1258,1258,41.93333333333333,42.05746793746948,42.05746793746948,1788009037656955,1788009038026365184,408895,408896,1788009038022937344,1788009038031270144,0.4113759262968155,8.332967758178711,3.4279823303222656,1315.7104019624335,554.6942896872487,1,744.2770402512542,551.4978279102509,1
1259,1259,41.96666666666667,42.0908899307251,42.0908899307251,1788009037690377,1788009038059788544,408899,408900,1788009038056269568,1788009038064602368,0.4222889842632332,8.33272933959961,3.518819808959961,1315.9467651381783,555.5204256469054,1,743.9218761262324,551.5343823812549,1
1260,1260,42.0,42.12431883811951,42.12431883811951,1788009037723806,1788009038093218304,408903,408904,1788009038089602048,1788009038097935616,0.4339417520169365,8.333683013916016,3.6163330078125,1316.215779253818,556.6062713955025,1,743.5385057403192,551.4096353413344,1
1261,1261,42.03333333333333,42.15774989128113,42.15774989128113,1788009037757237,1788009038126650624,408907,408908,1788009038122935296,1788009038131268096,0.44586552217453507,8.33272933959961,3.7152767181396484,1316.11531011873,556.771173143982,1,743.3535908652867,551.8908487166316,1
1262,1262,42.06666666666667,42.19117283821106,42.19117283821106,1788009037790660,1788009038160074496,408911,408912,1788009038156267520,1788009038164600320,0.45685264663805436,8.33272933959961,3.8068294525146484,1316.2124273700035,557.2494431677856,1,743.1710516036937,552.8286915491706,1
1263,1263,42.1,42.224602937698364,42.224602937698364,1788009037824090,1788009038193505792,408915,408916,1788009038189599744,1788009038197933568,0.4686883135459877,8.333921432495117,3.9060115814208984,1316.3788221019126,557.7703563493305,1,743.1978778273592,554.2600027215219,1
1264,1264,42.13333333333333,42.25803184509277,42.25803184509277,1788009037857519,1788009038226936064,408919,408920,1788009038222932992,1788009038231266048,0.4803868272724672,8.332967758178711,4.003047943115234,1316.934088949082,558.0105232181205,1,743.8510920331188,557.1987525596184,1
1265,1265,42.166666666666664,42.29145288467407,42.29145288467407,1788009037890940,1788009038260358400,408923,408924,1788009038256265472,1788009038264598272,0.49117335698549397,8.332967758178711,4.092931747436523,1316.8658604027005,558.1359924924137,1,744.4994966216634,559.2503994486443,1
1266,1266,42.2,42.32488393783569,42.32488393783569,1788009037924371,1788009038293790464,408927,408928,1788009038289597696,1788009038297931776,0.5031039908453726,8.333921432495117,4.141092300415039,1316.8403816349598,557.2544698876676,1,745.0451875760023,560.6373988079083,1
1267,1267,42.233333333333334,42.3583128452301,42.3583128452301,1788009037957800,1788009038327220480,408931,408932,1788009038322930944,1788009038331263744,0.5147639484978541,8.33272933959961,4.043340682983398,1316.4437636208536,557.3971695843993,1,745.3783791710921,561.4028709318491,1
1268,1268,42.266666666666666,42.391741037368774,42.391741037368774,1788009037991228,1788009038360649472,408935,408936,1788009038356263424,1788009038364596992,0.5263203066887909,8.333683013916016,3.9474964141845703,1316.4212887641577,558.0335222589631,1,745.5547834453878,562.2600363766052,1
1269,1269,42.3,42.425171852111816,42.425171852111816,1788009038024659,1788009038394081536,408939,408940,1788009038389596672,1788009038397929472,0.5382260371959943,8.33272933959961,3.847837448120117,1316.978219002091,558.0189596699294,1,745.6349508353924,562.1140778515144,1
1270,1270,42.333333333333336,42.458603858947754,42.458603858947754,1788009038058091,1788009038427514880,408943,408944,1788009038422928896,1788009038431261696,0.5503419072415667,8.332967758178711,3.7469863891601562,1317.6265362072668,557.8626906604957,1,745.662466190679,562.3997527161861,1
1271,1271,42.36666666666667,42.492032051086426,42.492032051086426,1788009038091519,1788009038460944128,408947,408948,1788009038456261120,1788009038464595200,0.561922471749392,8.333921432495117,3.6509037017822266,1317.9111118776984,557.727765463645,1,745.7288376811872,561.7772675127858,1
1272,1272,42.4,42.52545499801636,42.52545499801636,1788009038124942,1788009038494368000,408951,408952,1788009038489594368,1788009038497927424,0.5728591456610683,8.332967758178711,3.5593509674072266,1318.2743539435405,557.6932073421478,1,745.26854604581,561.8280261666653,1
1273,1273,42.43333333333333,42.55888390541077,42.55888390541077,1788009038158371,1788009038527798272,408955,408956,1788009038522926848,1788009038531259648,0.5846065808297568,8.33272933959961,3.4613609313964844,1318.669078221553,558.1748998689926,1,745.1264283685929,563.0645605346658,1
1274,1274,42.46666666666667,42.5923068523407,42.5923068523407,1788009038191794,1788009038561222400,408959,408960,1788009038556259072,1788009038564592896,0.595554156891915,8.333683013916016,3.370523452758789,1319.0432542049966,557.8679550723175,1,744.6676912637793,563.9229512462316,1
1275,1275,42.5,42.62573599815369,42.62573599815369,1788009038225223,1788009038594652928,408963,408964,1788009038589592576,1788009038597925120,0.6072961373390557,8.33272933959961,3.2722949981689453,1319.603871974586,557.9995452653828,1,744.6879193235695,564.3474290266208,1
1276,1276,42.53333333333333,42.65916395187378,42.65916395187378,1788009038258651,1788009038628081920,408967,408968,1788009038622924800,1788009038631257600,0.6188841201716738,8.33272933959961,3.1757354736328125,1319.792323964613,558.503549104681,1,744.5845150794155,565.0891841508819,1
1277,1277,42.56666666666667,42.692594051361084,42.692594051361084,1788009038292081,1788009038661513216,408971,408972,1788009038656257024,1788009038664590848,0.630696609927049,8.333921432495117,3.0777454376220703,1320.3023684155323,559.3126148696327,1,744.530077332042,565.4924922929265,1
1278,1278,42.6,42.72602295875549,42.72602295875549,1788009038325510,1788009038694943232,408975,408976,1788009038689590272,1788009038697923072,0.6423850533604188,8.332967758178711,2.9799938201904297,1320.3710453077977,559.9595510397417,1,744.9796790630769,566.5061637085978,1
1279,1279,42.63333333333333,42.759454011917114,42.759454011917114,1788009038358941,1788009038728375552,408979,408980,1788009038722922496,1788009038731255296,0.6543919885550786,8.33272933959961,2.8798580169677734,1320.2837680518617,560.6665869821297,1,745.2313277426086,567.8040626824844,1
1280,1280,42.666666666666664,42.79288291931152,42.79288291931152,1788009038392370,1788009038761805568,408983,408984,1788009038756254976,1788009038764588544,0.6660468043714596,8.333683013916016,2.783060073852539,1320.3832835158937,562.0952021496754,1,745.259277465747,568.4584540723081,1
1281,1281,42.7,42.826313972473145,42.826313972473145,1788009038425801,1788009038795237888,408987,408988,1788009038789588224,1788009038797921024,0.6779971387696709,8.33272933959961,2.6831626892089844,1320.6012292642688,562.7548840726217,1,744.8852736678017,568.5111940575642,1
1282,1282,42.733333333333334,42.859742879867554,42.859742879867554,1788009038459230,1788009038828667648,408991,408992,1788009038822920448,1788009038831254272,0.6896206442753333,8.333683013916016,2.5866031646728516,1320.4317452571736,563.0326362036764,1,744.603333768818,568.4908470579916,1
1283,1283,42.766666666666666,42.89317202568054,42.89317202568054,1788009038492659,1788009038862097920,408995,408996,1788009038856253952,1788009038864585728,0.7014250558003777,8.331775665283203,2.487659454345703,1320.2416700761755,563.1877810506488,1,744.5437431030964,568.9270440714855,1
1284,1284,42.8,42.92660188674927,42.92660188674927,1788009038526089,1788009038895528960,408999,409000,1788009038889584896,1788009038897917952,0.7133129238076164,8.332967758178711,2.3889541625976562,1320.087781598987,562.7900633021178,1,744.6267926159859,569.2145983040214,1
1285,1285,42.833333333333336,42.96002984046936,42.96002984046936,1788009038559517,1788009038928958208,409003,409004,1788009038922917376,1788009038931251200,0.7248462308682592,8.333921432495117,2.293109893798828,1319.9879484277621,563.5561060169134,1,744.985386670737,569.4563739180123,1
1286,1286,42.86666666666667,42.993459939956665,42.993459939956665,1788009038592947,1788009038962388992,409007,409008,1788009038956250624,1788009038964583424,0.7366523605150215,8.33272933959961,2.1944046020507812,1320.5830351273653,563.4428908095433,1,744.9568464627637,569.5145860387902,1
1287,1287,42.9,43.026890993118286,43.026890993118286,1788009038626378,1788009038995820800,409011,409012,1788009038989583104,1788009038997916672,0.7484980259769983,8.333683013916016,2.095937728881836,1320.6427784494222,562.9475141233461,1,744.456782553659,569.7223932777626,1
1288,1288,42.93333333333333,43.06032204627991,43.06032204627991,1788009038659809,1788009039029252608,409015,409016,1788009039022916352,1788009039031249152,0.7604005722460658,8.33272933959961,1.9965171813964844,1320.1373146683723,562.8132145274901,1,744.4342487637394,570.1103795652051,1
1289,1289,42.96666666666667,43.09374284744263,43.09374284744263,1788009038693230,1788009039062674176,409019,409020,1788009039056248320,1788009039064581376,0.7711367342851421,8.332967758178711,1.9071102142333984,1319.7032882762433,563.4991128108936,1,744.7601080756265,570.501800621795,1
1290,1290,43.0,43.12717294692993,43.12717294692993,1788009038726660,1788009039096105472,409023,409024,1788009039089580800,1788009039097914624,0.7829208982978114,8.333921432495117,1.8091201782226562,1319.2474544858892,563.4424935357522,1,745.2666316967159,570.8952699467603,1
1291,1291,43.03333333333333,43.160603046417236,43.160603046417236,1788009038760090,1788009039129536768,409027,409028,1788009039122914048,1788009039131247104,0.7947698206059912,8.332967758178711,1.7101764678955078,1319.0390587756337,564.4280093942473,1,745.6616069118297,571.017073110682,1
1292,1292,43.06666666666667,43.194031953811646,43.194031953811646,1788009038793519,1788009039162967040,409031,409032,1788009039156246528,1788009039164579072,0.8065236051502146,8.33272933959961,1.6121864318847656,1318.8727478332924,564.3629339922929,1,745.7246259469407,570.873888159778,1
1293,1293,43.1,43.22745990753174,43.22745990753174,1788009038826947,1788009039196396288,409035,409036,1788009039189578752,1788009039197912576,0.8180751845282371,8.333683013916016,1.516103744506836,1318.700422763574,563.6963807021465,1,745.966050590843,570.3398107680349,1
1294,1294,43.13333333333333,43.26088285446167,43.26088285446167,1788009038860370,1788009039229820416,409039,409040,1788009039222912000,1788009039231244800,0.8290701001430615,8.33272933959961,1.4243125915527344,1318.604987102446,563.0007162520269,1,746.2781689591392,569.1138279636231,1
1295,1295,43.166666666666664,43.294312953948975,43.294312953948975,1788009038893800,1788009039263251712,409043,409044,1788009039256244480,1788009039264577024,0.8409442060085837,8.33272933959961,1.325368881225586,1318.6635799334579,562.8615535374348,1,746.5620929707572,568.2123148580457,1
1296,1296,43.2,43.3277428150177,43.3277428150177,1788009038927230,1788009039296682496,409047,409048,1788009039289576448,1788009039297910528,0.852667715634387,8.333921432495117,1.2278556823730469,1318.7245660173196,562.4048414665652,1,747.0309564541122,567.1668907620809,1
1297,1297,43.233333333333334,43.361172914505005,43.361172914505005,1788009038960660,1788009039330113792,409051,409052,1788009039322909952,1788009039331242752,0.8645246201825413,8.332967758178711,1.1289119720458984,1318.751952232184,562.3804030866015,1,747.5053798269712,567.1677188008867,1
1298,1298,43.266666666666666,43.394601821899414,43.394601821899414,1788009038994089,1788009039363544064,409055,409056,1788009039356242176,1788009039364574976,0.8762804005722461,8.33272933959961,1.0309219360351562,1318.9522740418747,562.3868908459173,1,747.1898936711838,566.9832842814644,1
1299,1299,43.3,43.42802381515503,43.42802381515503,1788009039027511,1788009039396966912,409059,409060,1788009039389574400,1788009039397908224,0.8870515534702752,8.333683013916016,0.9412765502929688,1319.400469680286,562.0720963889921,1,747.0096472424895,566.6559574155685,1
1300,1300,43.333333333333336,43.461453914642334,43.461453914642334,1788009039060941,1788009039430397952,409063,409064,1788009039422907904,1788009039431240448,0.8988841201716739,8.33272933959961,0.8425712585449219,1319.3210501664962,562.416753042855,1,746.92183480626,567.0645891046485,1
1301,1301,43.36666666666667,43.49488401412964,43.49488401412964,1788009039094371,1788009039463829504,409067,409068,1788009039456240128,1788009039464573952,0.910682611432168,8.333683013916016,0.7443428039550781,1319.671378655607,562.2505793000446,1,746.7540605715327,567.1395457433148,1
1302,1302,43.4,43.52831196784973,43.52831196784973,1788009039127799,1788009039497258752,409071,409072,1788009039489573376,1788009039497906176,0.9222889842632331,8.33272933959961,0.6475448608398438,1319.887559022398,561.9836799972165,1,746.6081783771733,567.5058580616331,1
1303,1303,43.43333333333333,43.56174182891846,43.56174182891846,1788009039161229,1788009039530689792,409075,409076,1788009039522905600,1788009039531238656,0.9341363623358416,8.332967758178711,0.5488395690917969,1320.0204902122646,562.0521234198254,1,746.5108795266565,568.2763201332198,1
1304,1304,43.46666666666667,43.595170974731445,43.595170974731445,1788009039194658,1788009039564119808,409079,409080,1788009039556237824,1788009039564571904,0.9457588327850093,8.333921432495117,0.4520416259765625,1320.0648315408453,562.0664074874463,1,746.7903228668324,568.7698493670041,1
1305,1305,43.5,43.628602027893066,43.628602027893066,1788009039228089,1788009039597552384,409083,409084,1788009039589571328,1788009039597904128,0.9577694486566908,8.332967758178711,0.35190582275390625,1320.0232319847387,561.9395545927513,1,746.9152527107012,568.9216247298164,1
1306,1306,43.53333333333333,43.662024974823,43.662024974823,1788009039261512,1788009039630976512,409087,409088,1788009039622903552,1788009039631236352,0.9688125894134478,8.33272933959961,0.2598762512207031,1319.769156627115,561.0896168167516,1,746.8440587553142,569.2123038325847,1
1307,1307,43.56666666666667,43.69545292854309,43.69545292854309,1788009039294940,1788009039664405248,409091,409092,1788009039656236032,1788009039664569600,0.9802883790124163,8.333683013916016,0.16427040100097656,1320.060549124817,560.7058085301866,1,746.2672255146954,568.940975857292,1
1308,1308,43.6,43.72887682914734,43.72887682914734,1788009039328364,1788009039697830144,409095,409096,1788009039689569280,1788009039697902080,0.9913876967095852,8.33272933959961,0.07176399230957031,1319.7523917010976,560.0781024684613,1,745.950257417475,569.2796405202698,1
1309,1309,43.63333333333333,43.76230597496033,43.76230597496033,1788009039361793,1788009039731260416,409100,409101,1788009039731234304,1788009039739567872,0.003146993191051096,8.333683013916016,0.026226043701171875,1319.8826464776473,559.1696714037068,1,745.9379397298701,569.0990563044747,1
1310,1310,43.666666666666664,43.79572796821594,43.79572796821594,1788009039395215,1788009039764683776,409104,409105,1788009039764567552,1788009039772900352,0.013934191702432045,8.33272933959961,0.11610984802246094,1319.6608780326148,558.6822889856041,1,745.6889972145971,568.9251868882229,1
1311,1311,43.7,43.829155921936035,43.829155921936035,1788009039428643,1788009039798112512,409108,409109,1788009039797900032,1788009039806232576,0.025522174535050072,8.33272933959961,0.21266937255859375,1319.667823222427,558.8222182023865,1,745.2491472532711,569.2742396550801,1
1312,1312,43.733333333333334,43.862586975097656,43.862586975097656,1788009039462074,1788009039831544832,409112,409113,1788009039831233280,1788009039839566080,0.037396280400572246,8.33272933959961,0.3116130828857422,1319.883264384916,558.4815556927779,1,744.3381246369883,569.1825171159821,1
1313,1313,43.766666666666666,43.89601683616638,43.89601683616638,1788009039495504,1788009039864975872,409116,409117,1788009039864564480,1788009039872897280,0.04938342250579383,8.332967758178711,0.4115104675292969,1319.691415334641,557.1487246607335,1,743.619916001594,569.5307113072914,1
1314,1314,43.8,43.92944598197937,43.92944598197937,1788009039528933,1788009039898406144,409120,409121,1788009039897896704,1788009039906230784,0.06113574595909026,8.333921432495117,0.5095005035400391,1319.487753949767,557.1993202539941,1,742.7348302882694,569.350767433065,1
1315,1315,43.833333333333336,43.9628689289093,43.9628689289093,1788009039562356,1788009039931830528,409124,409125,1788009039931229952,1788009039939562752,0.07204577968526467,8.33272933959961,0.6003379821777344,1319.4117586892432,556.2307346649519,1,742.1361749297236,568.7268986122153,1
1316,1316,43.86666666666667,43.99629783630371,43.99629783630371,1788009039595785,1788009039965260800,409128,409129,1788009039964562432,1788009039972895232,0.08380543633762517,8.33272933959961,0.6983280181884766,1318.7264840953926,554.5435296861799,1,741.6311492730254,566.2331840309598,1
1317,1317,43.9,44.02972888946533,44.02972888946533,1788009039629216,1788009039998692864,409132,409133,1788009039997894656,1788009040006228480,0.09578302912399153,8.333683013916016,0.7982254028320312,1317.6530569044423,552.8766639342753,1,741.1460027331692,566.8424773843418,1
1318,1318,43.93333333333333,44.06315898895264,44.06315898895264,1788009039662646,1788009040032124160,409136,409137,1788009040031227904,1788009040039560704,0.1075791822837687,8.332967758178711,0.896453857421875,1317.4625641745754,551.1934939308966,1,740.711300086667,567.2660567827877,1
1319,1319,43.96666666666667,44.09658694267273,44.09658694267273,1788009039696074,1788009040065553152,409140,409141,1788009040064560128,1788009040072894208,0.11915319696752968,8.333921432495117,0.9930133819580078,1317.7186904959276,549.5037276678215,1,740.2034039734964,565.8130681270424,1
1320,1320,44.0,44.13001585006714,44.13001585006714,1788009039729503,1788009040098983168,409144,409145,1788009040097893376,1788009040106226432,0.13078309633486881,8.332967758178711,1.0898113250732422,1318.134168754616,550.7889359400066,1,739.983366804742,566.8198929238848,1
1321,1321,44.03333333333333,44.16344499588013,44.16344499588013,1788009039762932,1788009040132413696,409148,409149,1788009040131225856,1788009040139558656,0.1425464949928469,8.33272933959961,1.1878013610839844,1318.9622872914729,552.1389845020929,1,739.15582158851,566.7352884333832,1
1322,1322,44.06666666666667,44.19687604904175,44.19687604904175,1788009039796363,1788009040165845760,409152,409153,1788009040164558080,1788009040172891904,0.1545173656806088,8.333683013916016,1.287698745727539,1318.8047002408553,552.9338773178124,1,738.231569532529,566.9088135249215,1
1323,1323,44.1,44.23031401634216,44.23031401634216,1788009039829801,1788009040199284480,409156,409157,1788009040197891584,1788009040206224128,0.16718168812589412,8.33272933959961,1.3930797576904297,1318.399909251619,553.7111031641346,1,737.9184326425983,568.8592292918527,1
1324,1324,44.13333333333333,44.26374292373657,44.26374292373657,1788009039863230,1788009040232714496,409160,409161,1788009040231223808,1788009040239556608,0.17888412017167382,8.33272933959961,1.4905929565429688,1318.5823041483773,557.1340226540519,1,737.7262427914465,569.4865696317931,1
1325,1325,44.166666666666664,44.29717302322388,44.29717302322388,1788009039896660,1788009040266145280,409164,409165,1788009040264556032,1788009040272889856,0.19070233156916036,8.333921432495117,1.5892982482910156,1319.0894628449264,559.3996619081756,1,737.5313529049954,570.8663532201927,1
1326,1326,44.2,44.330601930618286,44.330601930618286,1788009039930089,1788009040299575040,409168,409169,1788009040297889280,1788009040306222080,0.20231180795971504,8.332967758178711,1.6858577728271484,1319.231435749776,561.6154467587784,1,737.6442876088573,572.5270125361161,1
1327,1327,44.233333333333334,44.36403203010559,44.36403203010559,1788009039963519,1788009040333006336,409172,409173,1788009040331221504,1788009040339554304,0.21419170243204577,8.33272933959961,1.7848014831542969,1319.3274083504111,562.0326255529916,1,737.2764389935944,573.0414646117142,1
1328,1328,44.266666666666666,44.3974609375,44.3974609375,1788009039996948,1788009040366436608,409176,409177,1788009040364553984,1788009040372887552,0.22589689305944957,8.333683013916016,1.8825531005859375,1319.554870721647,562.3977463135774,1,737.2632746717467,573.3793958876208,1
1329,1329,44.3,44.43088984489441,44.43088984489441,1788009040030377,1788009040399866624,409180,409181,1788009040397887232,1788009040406220032,0.23753934191702433,8.33272933959961,1.9793510437011719,1320.0279496934024,562.9427760669186,1,737.0315980953981,573.5329278761607,1
1330,1330,44.333333333333336,44.46432685852051,44.46432685852051,1788009040063814,1788009040433304832,409184,409185,1788009040431219456,1788009040439552256,0.2502432045779685,8.33272933959961,2.0852088928222656,1320.5904091302657,563.1302247362092,1,736.6242619548764,573.4564193656253,1
1331,1331,44.36666666666667,44.49775791168213,44.49775791168213,1788009040097245,1788009040466737152,409188,409189,1788009040464552960,1788009040472885504,0.2621173104434907,8.33272933959961,2.184152603149414,1321.5959929601536,563.6176216944602,1,736.0453982934282,573.3946593654226,1
1332,1332,44.4,44.531188011169434,44.531188011169434,1788009040130675,1788009040500168448,409192,409193,1788009040497884928,1788009040506217984,0.2740121884924609,8.332967758178711,2.283334732055664,1322.279603596448,563.242244329669,1,735.5675232745797,573.4209685061982,1
1333,1333,44.43333333333333,44.56461787223816,44.56461787223816,1788009040164105,1788009040533599232,409196,409197,1788009040531217408,1788009040539551232,0.2857960234587327,8.333921432495117,2.3818016052246094,1322.699901959089,562.4564847568153,1,735.0933985676454,574.1298269239985,1
1334,1334,44.46666666666667,44.59805393218994,44.59805393218994,1788009040197541,1788009040567036416,409200,409201,1788009040564550656,1788009040572883712,0.2983033389602586,8.332967758178711,2.4857521057128906,1324.1474745772562,562.6053236490768,1,734.8041620623712,574.7448314465266,1
1335,1335,44.5,44.63148283958435,44.63148283958435,1788009040230970,1788009040600466176,409204,409205,1788009040597882880,1788009040606215680,0.3100143061516452,8.33272933959961,2.5832653045654297,1324.6656015318474,564.2916358850939,1,734.34315022431,574.9682107023749,1
1336,1336,44.53333333333333,44.664912939071655,44.664912939071655,1788009040264400,1788009040633897472,409208,409209,1788009040631215360,1788009040639548928,0.32185157635749845,8.333683013916016,2.682209014892578,1325.0818402380633,565.1575852152163,1,734.8623799774105,575.8917080682904,1
1337,1337,44.56666666666667,44.69834089279175,44.69834089279175,1788009040297828,1788009040667326720,409212,409213,1788009040664548608,1788009040672881408,0.3333905579399142,8.33272933959961,2.7780532836914062,1325.492759011417,565.7860853958052,1,735.3701043255915,576.4578732606773,1
1338,1338,44.6,44.73177194595337,44.73177194595337,1788009040331259,1788009040700759296,409216,409217,1788009040697880832,1788009040706213632,0.3454264541787073,8.332967758178711,2.878427505493164,1325.8256980920762,566.8574006427709,1,735.6331316068539,577.0707522041345,1
1339,1339,44.63333333333333,44.76520085334778,44.76520085334778,1788009040364688,1788009040734189312,409220,409221,1788009040731213056,1788009040739547136,0.35711629237591186,8.333921432495117,2.9761791229248047,1326.4055371500037,567.45149073698,1,735.8848866148857,577.9324517878027,1
1340,1340,44.666666666666664,44.79863095283508,44.79863095283508,1788009040398118,1788009040767620608,409224,409225,1788009040764546304,1788009040772879360,0.3689164830763068,8.332967758178711,3.074169158935547,1326.510464713635,567.972131666065,1,736.9819748061911,578.7288124052209,1
1341,1341,44.7,44.83206105232239,44.83206105232239,1788009040431548,1788009040801051648,409228,409229,1788009040797878784,1788009040806211584,0.3807725321888412,8.33272933959961,3.1728744506835938,1326.9733440573589,568.6400558277713,1,737.9158887106087,579.1823097027137,1
1342,1342,44.733333333333334,44.86549091339111,44.86549091339111,1788009040464978,1788009040834482432,409232,409233,1788009040831211008,1788009040839544832,0.39254448704010986,8.333683013916016,3.271341323852539,1327.1061184678615,569.2241294278494,1,738.4471795140742,579.7741100127713,1
1343,1343,44.766666666666666,44.89892101287842,44.89892101287842,1788009040498408,1788009040867913728,409236,409237,1788009040864543488,1788009040872876288,0.4044635193133047,8.33272933959961,3.3702850341796875,1326.6090966440938,569.516854419662,1,739.1955516699401,580.1446510295875,1
1344,1344,44.8,44.932350873947144,44.932350873947144,1788009040531838,1788009040901344768,409240,409241,1788009040897875456,1788009040906209536,0.4162780718066085,8.333921432495117,3.469228744506836,1326.8999360800117,569.6874771153944,1,739.8644566985238,580.4924300623253,1
1345,1345,44.833333333333336,44.96578001976013,44.96578001976013,1788009040565267,1788009040934775040,409244,409245,1788009040931208960,1788009040939541760,0.42797058739377986,8.332967758178711,3.566265106201172,1327.0044656441705,570.3126235913029,1,740.1293638274086,580.4079113395693,1
1346,1346,44.86666666666667,44.99920892715454,44.99920892715454,1788009040598696,1788009040968205312,409248,409249,1788009040964541184,1788009040972874240,0.43970129610025466,8.332967758178711,3.6640167236328125,1326.9833419617705,569.5948250026253,1,740.0429621244742,579.8349229460166,1
1347,1347,44.9,45.03263783454895,45.03263783454895,1788009040632125,1788009041001635328,409252,409253,1788009040997873664,1788009041006207232,0.45139325971276534,8.333683013916016,3.761768341064453,1326.9645929147443,569.3658966472431,1,740.3422703003996,579.1515521991504,1
1348,1348,44.93333333333333,45.066076040267944,45.066076040267944,1788009040665563,1788009041035074816,409256,409257,1788009041031206912,1788009041039539456,0.46417739628040056,8.33272933959961,3.8678646087646484,1327.0032920005517,568.3430827146536,1,740.3236560744054,578.3718142672583,1
1349,1349,44.96666666666667,45.09950590133667,45.09950590133667,1788009040698993,1788009041068505856,409260,409261,1788009041064539136,1788009041072871936,0.47602288984263236,8.33272933959961,3.9665699005126953,1326.7401459522976,567.3752299232499,1,740.4000086546434,577.1659999950735,1
1350,1350,45.0,45.132936000823975,45.132936000823975,1788009040732423,1788009041101937152,409264,409265,1788009041097872384,1788009041106205184,0.48778254649499286,8.33272933959961,4.0645599365234375,1326.5419331439625,566.2144611135612,1,740.5154010870497,576.2740499231036,1
1351,1351,45.03333333333333,45.1663658618927,45.1663658618927,1788009040765853,1788009041135368192,409268,409269,1788009041131204608,1788009041139537664,0.49964235644187577,8.332967758178711,4.163503646850586,1326.0936222099106,565.3394948657156,1,740.5430944716952,575.5006293777969,1
1352,1352,45.06666666666667,45.19979381561279,45.19979381561279,1788009040799281,1788009041168796928,409272,409273,1788009041164536832,1788009041172870912,0.5111715062222858,8.333921432495117,4.073858261108398,1325.5424145185584,564.9055361266301,1,740.7232111394992,574.5612017724801,1
1353,1353,45.1,45.233224868774414,45.233224868774414,1788009040832712,1788009041202229248,409276,409277,1788009041197870336,1788009041206203136,0.5231037738548253,8.332967758178711,3.9739608764648438,1325.2409212456082,564.4139504401655,1,740.6700741703055,573.2801976413033,1
1354,1354,45.13333333333333,45.26666593551636,45.26666593551636,1788009040866153,1788009041235671552,409280,409281,1788009041231202560,1788009041239535360,0.5363090128755365,8.33272933959961,3.863811492919922,1324.7138988780093,563.5357133020613,1,740.7454914715189,572.2454065635351,1
1355,1355,45.166666666666664,45.30008292198181,45.30008292198181,1788009040899570,1788009041269089792,409284,409285,1788009041264535040,1788009041272868608,0.5465468901985466,8.333683013916016,3.7789344787597656,1324.1866585710775,562.9642584172544,1,740.4313202474445,570.823925569112,1
1356,1356,45.2,45.333513021469116,45.333513021469116,1788009040933000,1788009041302520832,409288,409289,1788009041297868288,1788009041306201088,0.5583404864091559,8.33272933959961,3.6802291870117188,1323.6597712195828,562.846688035111,1,740.5218727024094,568.235082233247,1
1357,1357,45.233333333333334,45.36694383621216,45.36694383621216,1788009040966431,1788009041335952640,409292,409293,1788009041331200256,1788009041339533312,0.5703127235272238,8.332967758178711,3.5805702209472656,1322.9182373295466,562.4459608817306,1,740.0292566811677,567.4872577706521,1
1358,1358,45.266666666666666,45.40037298202515,45.40037298202515,1788009040999860,1788009041369382656,409296,409297,1788009041364532736,1788009041372866560,0.5819482191388928,8.333921432495117,3.484010696411133,1322.1168982726963,561.356071061856,1,739.0918861357529,565.5407217457267,1
1359,1359,45.3,45.433801889419556,45.433801889419556,1788009041033289,1788009041402812416,409300,409301,1788009041397865984,1788009041406199040,0.5936024720322738,8.332967758178711,3.3864974975585938,1321.747296182582,560.7479986650757,1,738.9454555762394,565.8138505169944,1
1360,1360,45.333333333333336,45.46723198890686,45.46723198890686,1788009041066719,1788009041436243200,409304,409305,1788009041431198464,1788009041439531008,0.6054363376251788,8.33272933959961,3.287792205810547,1321.1980890787172,560.1278555794024,1,738.2870858368026,565.6396310101917,1
1361,1361,45.36666666666667,45.50066089630127,45.50066089630127,1788009041100148,1788009041469673216,409308,409309,1788009041464530688,1788009041472864512,0.6170681467071008,8.333683013916016,3.191232681274414,1321.2540656993226,558.9331595059723,1,737.457917698699,564.7162663059714,1
1362,1362,45.4,45.53409194946289,45.53409194946289,1788009041133579,1788009041503105280,409312,409313,1788009041497863936,1788009041506196736,0.6290128755364807,8.33272933959961,3.0913352966308594,1321.467017512395,557.509669438427,1,736.6547418051647,564.1910867343389,1
1363,1363,45.43333333333333,45.56751203536987,45.56751203536987,1788009041166999,1788009041536526592,409316,409317,1788009041531196416,1788009041539529984,0.6396120615666304,8.333683013916016,3.003358840942383,1321.834119024268,556.3638071619993,1,735.7576867626857,563.4188584950897,1
1364,1364,45.46666666666667,45.60094904899597,45.60094904899597,1788009041200436,1788009041569964800,409320,409321,1788009041564529664,1788009041572862464,0.652274678111588,8.33272933959961,2.897500991821289,1322.954014825073,555.7396106975148,1,734.6543014084479,561.7913225387107,1
1365,1365,45.5,45.634379863739014,45.634379863739014,1788009041233867,1788009041603396608,409324,409325,1788009041597861888,1788009041606194688,0.6642156161483219,8.332967758178711,2.7980804443359375,1323.9714538464943,555.2850633260757,1,733.5600349994615,561.0023293878694,1
1366,1366,45.53333333333333,45.667810916900635,45.667810916900635,1788009041267298,1788009041636828928,409328,409329,1788009041631194112,1788009041639527936,0.6761264482906594,8.333921432495117,2.699136734008789,1325.3260419244787,554.5878734611281,1,732.2080993232028,560.1007714268246,1
1367,1367,45.56666666666667,45.70123887062073,45.70123887062073,1788009041300726,1788009041670257920,409332,409333,1788009041664527360,1788009041672860160,0.6877253218884121,8.33272933959961,2.602100372314453,1327.6080806967514,552.6428853046425,1,730.0828440355779,559.3496473699298,1
1368,1368,45.6,45.73466181755066,45.73466181755066,1788009041334149,1788009041703682304,409336,409337,1788009041697859840,1788009041706192384,0.6987410586552217,8.33272933959961,2.5103092193603516,1329.0949997475927,550.2504778343593,1,727.4395509678533,558.7773634137235,1
1369,1369,45.63333333333333,45.76809096336365,45.76809096336365,1788009041367578,1788009041737112576,409340,409341,1788009041731192064,1788009041739525888,0.7104194083652801,8.333683013916016,2.4132728576660156,1330.4648646539977,548.8047331903044,1,724.509650615173,558.075101984509,1
1370,1370,45.666666666666664,45.80152082443237,45.80152082443237,1788009041401008,1788009041770543616,409344,409345,1788009041764525312,1788009041772858112,0.7222317596566523,8.33272933959961,2.3145675659179688,1331.3678451286091,547.8054168260512,1,722.1109281278463,558.5969341199032,1
1371,1371,45.7,45.83495092391968,45.83495092391968,1788009041434438,1788009041803974912,409348,409349,1788009041797857536,1788009041806190592,0.7341134731481217,8.332967758178711,2.2156238555908203,1332.9690552647328,546.3692229849457,1,719.6412471779375,558.7936833726114,1
1372,1372,45.733333333333334,45.86837983131409,45.86837983131409,1788009041467867,1788009041837404928,409352,409353,1788009041831189760,1788009041839523840,0.7457588327850093,8.333921432495117,2.118825912475586,1334.4784895470998,545.4564671937766,1,717.0640586747513,558.5694811476717,1
1373,1373,45.766666666666666,45.90180993080139,45.90180993080139,1788009041501297,1788009041870835968,409356,409357,1788009041864522240,1788009041872855040,0.7577110157367668,8.33272933959961,2.0189285278320312,1336.2907246223745,544.1689430788837,1,714.996011583774,558.5895905343145,1
1374,1374,45.8,45.93524503707886,45.93524503707886,1788009041534732,1788009041904272384,409360,409361,1788009041897854464,1788009041906188288,0.7700978428792127,8.333683013916016,1.9159317016601562,1338.448450861343,543.5854145682923,1,712.5933844229592,558.3631401227785,1
1375,1375,45.833333333333336,45.968677043914795,45.968677043914795,1788009041568164,1788009041937705472,409364,409365,1788009041931187968,1788009041939520512,0.7821745350500715,8.33272933959961,1.8150806427001953,1340.7154687663904,542.5086408506864,1,710.6099203770387,558.8587786663852,1
1376,1376,45.86666666666667,46.002105951309204,46.002105951309204,1788009041601593,1788009041971135488,409368,409369,1788009041964520192,1788009041972852992,0.7938769670958512,8.33272933959961,1.7175674438476562,1342.1654548341082,540.66952669574,1,709.1274474520219,559.2869733477744,1
1377,1377,45.9,46.03553605079651,46.03553605079651,1788009041635023,1788009042004566784,409372,409373,1788009041997852416,1788009042006186240,0.805664425690173,8.333921432495117,1.619577407836914,1343.7868604341656,540.2929175345713,1,707.627848475877,559.8618562263457,1
1378,1378,45.93333333333333,46.068965911865234,46.068965911865234,1788009041668453,1788009042037997824,409376,409377,1788009042031185664,1788009042039518720,0.8174873394180424,8.332967758178711,1.5208721160888672,1345.2117839063528,541.3384352948789,1,705.973920355747,560.3433392511599,1
1379,1379,45.96666666666667,46.102394819259644,46.102394819259644,1788009041701882,1788009042071427584,409380,409381,1788009042064517888,1788009042072850688,0.8292131616595136,8.33272933959961,1.4231204986572266,1348.125951272589,539.9268361191115,1,703.7091356149925,560.6899757500235,1
1380,1380,46.0,46.13582396507263,46.13582396507263,1788009041735311,1788009042104857856,409384,409385,1788009042097850368,1788009042106183936,0.8408765806488527,8.333683013916016,1.3260841369628906,1349.1759881168823,539.192719514029,1,701.5522907589018,560.9969498207706,1
1381,1381,46.03333333333333,46.16925287246704,46.16925287246704,1788009041768740,1788009042138288128,409388,409389,1788009042131183616,1788009042139516416,0.8525894134477825,8.33272933959961,1.22833251953125,1350.0799051634754,538.6662383740575,1,700.052709109242,561.2764101741209,1
1382,1382,46.06666666666667,46.202682971954346,46.202682971954346,1788009041802170,1788009042171719424,409392,409393,1788009042164516096,1788009042172849664,0.8643645934656978,8.333683013916016,1.1303424835205078,1349.6579599358108,539.7457095195446,1,698.5142131735022,561.3441022633347,1
1383,1383,46.1,46.236111879348755,46.236111879348755,1788009041835599,1788009042205149440,409396,409397,1788009042197849344,1788009042206181888,0.8760801144492132,8.33272933959961,1.0325908660888672,1352.2452470948672,539.475194339101,1,697.4188097473816,561.6533491082896,1
1384,1384,46.13333333333333,46.2695369720459,46.2695369720459,1788009041869024,1788009042238575616,409400,409401,1788009042231181312,1788009042239514368,0.8873565849331921,8.332967758178711,0.9386539459228516,1352.407034115612,540.0695394958296,1,696.5865427625093,561.7538629876104,1
1385,1385,46.166666666666664,46.30296587944031,46.30296587944031,1788009041902453,1788009042272005888,409404,409405,1788009042264513792,1788009042272847616,0.8989844085252467,8.333921432495117,0.8418560028076172,1351.9071529371831,541.2116436850877,1,696.8769122012117,561.8101593923208,1
1386,1386,46.2,46.3363938331604,46.3363938331604,1788009041935881,1788009042305434880,409408,409409,1788009042297847040,1788009042306179840,0.9106151645207439,8.33272933959961,0.7448196411132812,1351.6488532861053,541.7392360113004,1,697.4079228027044,561.2915003778746,1
1387,1387,46.233333333333334,46.36981701850891,46.36981701850891,1788009041969304,1788009042338859008,409412,409413,1788009042331179264,1788009042339512064,0.9216309012875536,8.33272933959961,0.6530284881591797,1350.4938848563627,541.8427304346816,1,698.6404355539562,560.8290339522582,1
1388,1388,46.266666666666666,46.403254985809326,46.403254985809326,1788009042002742,1788009042372298240,409416,409417,1788009042364511744,1788009042372845312,0.9343422784230703,8.333683013916016,0.5471706390380859,1349.4953558422126,542.081008658023,1,700.037258995111,560.5185038542771,1
1389,1389,46.3,46.436676025390625,46.436676025390625,1788009042036163,1788009042405720576,409420,409421,1788009042397844992,1788009042406177792,0.9451216022889842,8.33272933959961,0.4572868347167969,1348.133720187392,543.0937602762608,1,701.1366509663892,560.1564503809119,1
1390,1390,46.333333333333336,46.470104932785034,46.470104932785034,1788009042069592,1788009042439150592,409424,409425,1788009042431177216,1788009042439510016,0.9568538811478927,8.332967758178711,0.35953521728515625,1346.9422013692292,542.387647906636,1,702.0023867501969,559.7857326270233,1
1391,1391,46.36666666666667,46.50353384017944,46.50353384017944,1788009042103021,1788009042472580608,409428,409429,1788009042464509440,1788009042472843520,0.9684737519668145,8.333921432495117,0.2627372741699219,1346.3325713700237,542.1004292393831,1,704.1168205341864,559.525414201846,1
1392,1392,46.4,46.536964893341064,46.536964893341064,1788009042136452,1788009042506012928,409432,409433,1788009042497842688,1788009042506175744,0.980458355984092,8.332967758178711,0.1628398895263672,1346.8358366554075,542.1827597353633,1,706.1231283412232,558.7190184229321,1
1393,1393,46.43333333333333,46.57039499282837,46.57039499282837,1788009042169882,1788009042539444224,409436,409437,1788009042531175168,1788009042539507968,0.9923605150214593,8.33272933959961,0.06365776062011719,1345.1829984922467,540.4039748412674,1,707.78257297129,557.9808294078813,1
1394,1394,46.46666666666667,46.6038179397583,46.6038179397583,1788009042203305,1788009042572868352,409441,409442,1788009042572841216,1788009042581174016,0.0032617092500929873,8.332967758178711,0.027179718017578125,1344.800370820355,540.3018265186923,1,710.6315656121253,558.3835095508433,1
1395,1395,46.5,46.63725399971008,46.63725399971008,1788009042236741,1788009042606305536,409445,409446,1788009042606173440,1788009042614507520,0.01584894864826205,8.333921432495117,0.13208389282226562,1342.2361948471416,543.8992592323967,1,712.6672056924976,558.4268756342788,1
1396,1396,46.53333333333333,46.67068386077881,46.67068386077881,1788009042270171,1788009042639736576,409449,409450,1788009042639506944,1788009042647839488,0.027582260371959943,8.33272933959961,0.22983551025390625,1341.303835814015,543.8559546814388,1,714.1124220534441,558.377433017596,1
1397,1397,46.56666666666667,46.7041130065918,46.7041130065918,1788009042303600,1788009042673166592,409453,409454,1788009042672839168,1788009042681171968,0.03928469241773963,8.33272933959961,0.3273487091064453,1340.3698673907002,543.4314222982129,1,715.415838898282,558.1822128748411,1
1398,1398,46.6,46.737541913986206,46.737541913986206,1788009042337029,1788009042706596096,409457,409458,1788009042706171392,1788009042714505216,0.05095268066601819,8.333683013916016,0.4246234893798828,1339.620352125917,544.4180632078574,1,716.9318954825271,558.7663411870011,1
1399,1399,46.63333333333333,46.77097201347351,46.77097201347351,1788009042370459,1788009042740026880,409461,409462,1788009042739504896,1788009042747837440,0.06266094420600858,8.33272933959961,0.5221366882324219,1338.1556082392715,545.0019105672335,1,717.7897290627234,559.1190569386931,1
1400,1400,46.666666666666664,46.80440092086792,46.80440092086792,1788009042403888,1788009042773457152,409465,409466,1788009042772836864,1788009042781169920,0.07441847157449,8.332967758178711,0.6201267242431641,1336.8867648009987,545.7887852526267,1,718.6846318590366,558.4834795831586,1
1401,1401,46.7,46.83783197402954,46.83783197402954,1788009042437319,1788009042806889216,409469,409470,1788009042806169344,1788009042814503168,0.08639679588041768,8.333921432495117,0.7200241088867188,1334.545926744667,546.3360101342977,1,720.3403581484557,559.1176118626404,1
1402,1402,46.733333333333334,46.87126088142395,46.87126088142395,1788009042470748,1788009042840319488,409473,409474,1788009042839502592,1788009042847835648,0.09802294641068925,8.332967758178711,0.8168220520019531,1332.3975036404486,546.513976148355,1,722.0335087091789,560.348430156238,1
1403,1403,46.766666666666666,46.90469002723694,46.90469002723694,1788009042504177,1788009042873749760,409477,409478,1788009042872834048,1788009042881167616,0.10988728042570235,8.333683013916016,0.9157657623291016,1330.5251613968646,546.5334309148179,1,723.7169184314118,560.6535458058361,1
1404,1404,46.8,46.93812084197998,46.93812084197998,1788009042537608,1788009042907181568,409481,409482,1788009042906167296,1788009042914500096,0.12171673819742489,8.33272933959961,1.0142326354980469,1329.1604673952843,547.3843986133314,1,725.1279438108915,560.5637008570096,1
1405,1405,46.833333333333336,46.971559047698975,46.971559047698975,1788009042571046,1788009042940620800,409485,409486,1788009042939499520,1788009042947832320,0.13456366237482117,8.33272933959961,1.1212825775146484,1328.1251291872459,548.6935496512788,1,725.7229054854882,559.6756790848282,1
1406,1406,46.86666666666667,47.004987955093384,47.004987955093384,1788009042604475,1788009042974051072,409489,409490,1788009042972831744,1788009042981165568,0.14630238878558147,8.333921432495117,1.2192726135253906,1326.7441401639796,549.8027299925009,1,726.1834425795329,559.6161812441361,1
1407,1407,46.9,47.03841590881348,47.03841590881348,1788009042637903,1788009043007479808,409493,409494,1788009043006164992,1788009043014498048,0.15779233784441074,8.332967758178711,1.3148784637451172,1325.900638833908,551.2382981947284,1,727.4162377941185,559.8026253030598,1
1408,1408,46.93333333333333,47.07184600830078,47.07184600830078,1788009042671333,1788009043040911104,409497,409498,1788009043039497472,1788009043047830016,0.16967095851216024,8.33272933959961,1.4138221740722656,1325.3118864030819,551.7566915798253,1,728.5594734806309,560.1295101962352,1
1409,1409,46.96666666666667,47.10526895523071,47.10526895523071,1788009042704756,1788009043074335232,409501,409502,1788009043072829696,1788009043081163520,0.18066601819534245,8.333683013916016,1.5056133270263672,1324.5941928102748,552.0805991412335,1,730.0340922788441,560.2355299927237,1
1410,1410,47.0,47.13869881629944,47.13869881629944,1788009042738186,1788009043107766272,409505,409506,1788009043106162944,1788009043114495744,0.19241773962804007,8.33272933959961,1.6033649444580078,1324.7166548196813,553.6722369629006,1,731.8312042045433,560.3559993329907,1
1411,1411,47.03333333333333,47.17212796211243,47.17212796211243,1788009042771615,1788009043141196800,409509,409510,1788009043139495424,1788009043147828224,0.20417739628040057,8.33272933959961,1.70135498046875,1324.567527017441,554.4332631840228,1,733.4060917987887,560.7152042684145,1
1412,1412,47.06666666666667,47.205564975738525,47.205564975738525,1788009042805052,1788009043174635008,409513,409514,1788009043172827392,1788009043181161472,0.2168788442282935,8.333921432495117,1.8074512481689453,1324.1461680480404,554.7868799106288,1,735.2789267211806,561.1043434930725,1
1413,1413,47.1,47.23899483680725,47.23899483680725,1788009042838482,1788009043208066048,409517,409518,1788009043206160896,1788009043214493696,0.22863437383765844,8.332967758178711,1.905202865600586,1323.7725063759667,555.3307154862651,1,737.2766275059952,561.6422024168952,1
1414,1414,47.13333333333333,47.27242398262024,47.27242398262024,1788009042871911,1788009043241496064,409521,409522,1788009043239493120,1788009043247826944,0.24033757688456586,8.333921432495117,2.0029544830322266,1323.5738291416465,555.455298734895,1,739.6609224451901,562.0890791217635,1
1415,1415,47.166666666666664,47.30585503578186,47.30585503578186,1788009042905342,1788009043274928384,409525,409526,1788009043272826368,1788009043281159168,0.25224606580829756,8.33272933959961,2.101898193359375,1323.1074351426212,555.1872739489685,1,742.0273681024619,562.0672281936339,1
1416,1416,47.2,47.33928203582764,47.33928203582764,1788009042938769,1788009043308356608,409529,409530,1788009043306158848,1788009043314491392,0.26374821173104435,8.33272933959961,2.197742462158203,1322.7614245744162,555.607138675378,1,744.0904459572859,562.0784966721492,1
1417,1417,47.233333333333334,47.37270498275757,47.37270498275757,1788009042972192,1788009043341780736,409533,409534,1788009043339491072,1788009043347824896,0.27473250557876067,8.333683013916016,2.2895336151123047,1322.3968579009875,556.4490177175372,1,745.8960030586899,562.6310510534087,1
1418,1418,47.266666666666666,47.40614104270935,47.40614104270935,1788009043005628,1788009043375217920,409537,409538,1788009043372824320,1788009043381157120,0.287238912732475,8.33272933959961,2.393484115600586,1321.814584665553,557.2880760894485,1,747.3950790865076,563.5853218168553,1
1419,1419,47.3,47.43957185745239,47.43957185745239,1788009043039059,1788009043408649728,409541,409542,1788009043406156544,1788009043414489600,0.29919029498440675,8.332967758178711,2.493143081665039,1320.94245176444,558.2564656965957,1,748.605812082318,564.3988415769611,1
1420,1420,47.333333333333336,47.4730019569397,47.4730019569397,1788009043072489,1788009043442081024,409545,409546,1788009043439488768,1788009043447822848,0.31102846516950367,8.333921432495117,2.5920867919921875,1319.6936401878602,558.9028619185259,1,749.2541460922498,565.1576001777094,1
1421,1421,47.36666666666667,47.50643181800842,47.50643181800842,1788009043105919,1788009043475512064,409549,409550,1788009043472822272,1788009043481155072,0.322794769820606,8.332967758178711,2.689838409423828,1318.200552167319,559.5030612567144,1,750.1307954952752,565.8108026213093,1
1422,1422,47.4,47.53986096382141,47.53986096382141,1788009043139348,1788009043508942080,409553,409554,1788009043506154496,1788009043514487296,0.3345350500715308,8.33272933959961,2.7875900268554688,1316.523621129072,559.9319790184136,1,750.9466934605853,566.8754561094682,1
1423,1423,47.43333333333333,47.57329082489014,47.57329082489014,1788009043172778,1788009043542373120,409557,409558,1788009043539486976,1788009043547820544,0.34634090518967786,8.333683013916016,2.8862953186035156,1315.359608996755,560.7347693748933,1,752.0443320372708,567.5670502605343,1
1424,1424,47.46666666666667,47.60671401023865,47.60671401023865,1788009043206201,1788009043575797504,409561,409562,1788009043572820224,1788009043581153024,0.357310443490701,8.33272933959961,2.9773712158203125,1314.4429256032056,561.605313680537,1,753.2180960116506,567.9676792615014,1
1425,1425,47.5,47.640148878097534,47.640148878097534,1788009043239636,1788009043609233664,409565,409566,1788009043606152192,1788009043614486272,0.36973251323129736,8.333921432495117,3.0813217163085938,1313.8184374022135,562.496989325689,1,753.8674274544053,568.0299747294008,1
1426,1426,47.53333333333333,47.67357897758484,47.67357897758484,1788009043273066,1788009043642664960,409569,409570,1788009043639485696,1788009043647818496,0.3815341478069297,8.332967758178711,3.179311752319336,1313.2531648443128,563.1427176779207,1,753.7553299809806,568.5883689281434,1
1427,1427,47.56666666666667,47.70700192451477,47.70700192451477,1788009043306489,1788009043676089088,409573,409574,1788009043672817920,1788009043681150976,0.392549569397156,8.332967758178711,3.2711029052734375,1313.2549512444048,563.0309502660836,1,752.5233174068696,568.917154095984,1
1428,1428,47.6,47.74043083190918,47.74043083190918,1788009043339918,1788009043709518848,409577,409578,1788009043706150400,1788009043714484224,0.4042054069517952,8.333921432495117,3.3686161041259766,1313.6688254907476,562.6266984312972,1,750.8630256029505,569.1360049456204,1
1429,1429,47.63333333333333,47.773860931396484,47.773860931396484,1788009043373348,1788009043742950144,409581,409582,1788009043739483648,1788009043747816448,0.41602288984263236,8.33272933959961,3.4666061401367188,1314.200326596373,561.3218131534151,1,749.1023970651252,568.460347376881,1
1430,1430,47.666666666666664,47.807291984558105,47.807291984558105,1788009043406779,1788009043776382464,409585,409586,1788009043772815872,1788009043781148672,0.42801144492131615,8.33272933959961,3.5665035247802734,1314.936675761722,560.2517847030044,1,747.3159422794979,567.3503843983506,1
1431,1431,47.7,47.840720891952515,47.840720891952515,1788009043440208,1788009043809812480,409589,409590,1788009043806148352,1788009043814481920,0.43969216684785717,8.333683013916016,3.664255142211914,1316.0437047945913,559.3366910164856,1,745.5866310589911,565.6733715315311,1
1432,1432,47.733333333333334,47.8741500377655,47.8741500377655,1788009043473637,1788009043843243008,409593,409594,1788009043839481600,1788009043847814400,0.4513876967095851,8.33272933959961,3.76129150390625,1316.7280515633088,557.7778207885142,1,744.7869271476051,564.2245715635945,1
1433,1433,47.766666666666666,47.907569885253906,47.907569885253906,1788009043507057,1788009043876663808,409597,409598,1788009043872812800,1788009043881146624,0.46210842511800887,8.333921432495117,3.851175308227539,1317.8517695048283,556.5116265605213,1,743.8249222609364,562.8826992981699,1
1434,1434,47.8,47.94100093841553,47.94100093841553,1788009043540488,1788009043910095616,409601,409602,1788009043906146048,1788009043914479104,0.47397785471088094,8.332967758178711,3.9496421813964844,1318.7924955048907,555.510780179338,1,742.4238316263287,561.467171152712,1
1435,1435,47.833333333333336,47.97443103790283,47.97443103790283,1788009043573918,1788009043943526656,409605,409606,1788009043939478272,1788009043947811072,0.4858369098712446,8.33272933959961,4.048347473144531,1320.1171641915926,554.4723059128573,1,740.7522358571326,560.1842382595989,1
1436,1436,47.86666666666667,48.00786089897156,48.00786089897156,1788009043607348,1788009043976957440,409609,409610,1788009043972810752,1788009043981144320,0.4975682325341878,8.333683013916016,4.146575927734375,1321.2094806978394,552.9128910690645,1,738.992587118392,559.291971257466,1
1437,1437,47.9,48.041290044784546,48.041290044784546,1788009043640777,1788009044010387712,409613,409614,1788009044006144000,1788009044014476800,0.5092703862660944,8.33272933959961,4.089117050170898,1322.1635343780133,551.5607891722032,1,736.6664935222221,558.481217692557,1
1438,1438,47.93333333333333,48.07471990585327,48.07471990585327,1788009043674207,1788009044043818752,409617,409618,1788009044039476224,1788009044047809024,0.5211295814139796,8.332967758178711,3.9904117584228516,1323.1616769973887,550.7784933915852,1,734.0974054374808,557.6239581489588,1
1439,1439,47.96666666666667,48.108150005340576,48.108150005340576,1788009043707637,1788009044077250048,409621,409622,1788009044072808448,1788009044081142528,0.5329423544557288,8.333921432495117,3.8924217224121094,1323.7068244414831,549.8507512013103,1,731.8296216353731,557.1604578090244,1
1440,1440,48.0,48.141578912734985,48.141578912734985,1788009043741066,1788009044110679808,409625,409626,1788009044106141696,1788009044114474752,0.5445909988269292,8.332967758178711,3.7949085235595703,1324.2750332692194,549.25651216218,1,730.5874097826138,556.8442017847881,1
1441,1441,48.03333333333333,48.175009965896606,48.175009965896606,1788009043774497,1788009044144112128,409629,409630,1788009044139474176,1788009044147806976,0.5565951359084407,8.33272933959961,3.694772720336914,1325.403443755802,548.741187389348,1,729.388963884154,556.5432853844169,1
1442,1442,48.06666666666667,48.208438873291016,48.208438873291016,1788009043807926,1788009044177541888,409633,409634,1788009044172806400,1788009044181140224,0.5682325341877896,8.333683013916016,3.5982131958007812,1326.4071336055001,547.5988635593628,1,728.0507660871639,556.2470664464981,1
1443,1443,48.1,48.241868019104004,48.241868019104004,1788009043841355,1788009044210972416,409637,409638,1788009044206139904,1788009044214472448,0.5799427753934192,8.33272933959961,3.500223159790039,1327.2787979762213,546.2390845216448,1,726.4790377659134,555.6902806504421,1
1444,1444,48.13333333333333,48.27529788017273,48.27529788017273,1788009043874785,1788009044244403456,409641,409642,1788009044239472128,1788009044247805952,0.5917205470046346,8.333683013916016,3.4024715423583984,1328.9664424605153,545.0288193983029,1,724.3712877681435,555.3184156937718,1
1445,1445,48.166666666666664,48.30872893333435,48.30872893333435,1788009043908216,1788009044277835520,409645,409646,1788009044272805120,1788009044281138176,0.6036737146290521,8.332967758178711,3.3025741577148438,1330.4156368604076,544.8129062119609,1,721.9821189411089,555.0144444496684,1
1446,1446,48.2,48.34215688705444,48.34215688705444,1788009043941644,1788009044311264768,409649,409650,1788009044306137600,1788009044314470656,0.6152899773969271,8.332967758178711,3.2057762145996094,1332.4327491896163,544.02368915323,1,719.2178265626366,554.7815661931579,1
1447,1447,48.233333333333334,48.37558698654175,48.37558698654175,1788009043975074,1788009044344696064,409653,409654,1788009044339469824,1788009044347803904,0.627091975396939,8.333921432495117,3.107786178588867,1334.6006814413834,543.046310506796,1,716.3478647848156,554.736814050325,1
1448,1448,48.266666666666666,48.40901803970337,48.40901803970337,1788009044008505,1788009044378128384,409657,409658,1788009044372803328,1788009044381135872,0.6390557939914163,8.33272933959961,3.007650375366211,1336.774984459695,542.3557123505628,1,713.7642663773429,554.9841302727286,1
1449,1449,48.3,48.44244599342346,48.44244599342346,1788009044041933,1788009044411557120,409661,409662,1788009044406135552,1788009044414468352,0.6506437768240343,8.33272933959961,2.911090850830078,1339.6180386533024,542.4918149348649,1,710.818666793761,554.9000756704368,1
1450,1450,48.333333333333336,48.47587704658508,48.47587704658508,1788009044075364,1788009044444989440,409665,409666,1788009044439468032,1788009044447801600,0.6625565028322938,8.333683013916016,2.8121471405029297,1341.8921005686161,542.6860290687965,1,707.6579649749251,555.4006029889407,1
1451,1451,48.36666666666667,48.50930595397949,48.50930595397949,1788009044108793,1788009044478419456,409669,409670,1788009044472801280,1788009044481133824,0.6742489270386266,8.33272933959961,2.714395523071289,1344.1401354172613,542.3993116235646,1,704.2579768505676,556.0938355205775,1
1452,1452,48.4,48.5427348613739,48.5427348613739,1788009044142222,1788009044511849728,409673,409674,1788009044506133248,1788009044514466304,0.6859889559669251,8.332967758178711,2.6166439056396484,1346.2365965359322,541.813129207269,1,701.1760403148076,556.6849593459187,1
1453,1453,48.43333333333333,48.576164960861206,48.576164960861206,1788009044175652,1788009044545281024,409677,409678,1788009044539465728,1788009044547799552,0.6977828636818767,8.333921432495117,2.5186538696289062,1347.8475759087282,541.4685729596041,1,697.9733297804411,557.2050659170621,1
1454,1454,48.46666666666667,48.609593868255615,48.609593868255615,1788009044209081,1788009044578710784,409681,409682,1788009044572798976,1788009044581132032,0.7094503733798747,8.332967758178711,2.421140670776367,1349.2281578987681,540.9834541641195,1,695.3826058880029,557.4333886631382,1
1455,1455,48.5,48.64301681518555,48.64301681518555,1788009044242504,1788009044612134912,409685,409686,1788009044606131200,1788009044614464000,0.7204864091559371,8.33272933959961,2.329111099243164,1350.1172641701023,541.036947873017,1,693.7722869209556,557.7034499424628,1
1456,1456,48.53333333333333,48.676445960998535,48.676445960998535,1788009044275933,1788009044645565184,409689,409690,1788009044639463680,1788009044647797248,0.7321622704125422,8.333683013916016,2.232074737548828,1351.0901557673603,540.8994930576039,1,692.6033105714732,557.8347783822105,1
1457,1457,48.56666666666667,48.70987582206726,48.70987582206726,1788009044309363,1788009044678996224,409693,409694,1788009044672796928,1788009044681129728,0.7439771101573677,8.33272933959961,2.1333694458007812,1351.9170055126374,540.730152888601,1,691.5588356203884,557.9105365562363,1
1458,1458,48.6,48.743305921554565,48.743305921554565,1788009044342793,1788009044712427520,409697,409698,1788009044706129152,1788009044714462976,0.7557717064797597,8.333921432495117,2.035379409790039,1353.6504360035674,540.3804950202513,1,690.9787163963699,557.9465422079959,1
1459,1459,48.63333333333333,48.77673387527466,48.77673387527466,1788009044376221,1788009044745856512,409701,409702,1788009044739462400,1788009044747795456,0.7673314068267002,8.332967758178711,1.9388198852539062,1353.9078821429598,540.5619511569074,1,690.6754306216563,558.0344630481492,1
1460,1460,48.666666666666664,48.81016397476196,48.81016397476196,1788009044409651,1788009044779287808,409705,409706,1788009044772794624,1788009044781127680,0.7792051729564247,8.332967758178711,1.8398761749267578,1353.5972352889057,541.1273022067514,1,691.1126541668407,557.9204750788094,1
1461,1461,48.7,48.84359383583069,48.84359383583069,1788009044443081,1788009044812718848,409709,409710,1788009044806127104,1788009044814460928,0.7909598054641682,8.333921432495117,1.7421245574951172,1353.4600736789555,541.686847795138,1,692.7473413721443,557.2477734754802,1
1462,1462,48.733333333333334,48.87702393531799,48.87702393531799,1788009044476511,1788009044846150144,409713,409714,1788009044839460352,1788009044847793152,0.8028326180257511,8.33272933959961,1.6429424285888672,1352.534207641589,541.9424753447299,1,694.9386408229191,556.6874830206211,1
1463,1463,48.766666666666666,48.9104540348053,48.9104540348053,1788009044509941,1788009044879581440,409717,409718,1788009044872791808,1788009044881125376,0.8147279281341191,8.333683013916016,1.5439987182617188,1351.2091451572485,542.1966866460247,1,697.4369550586034,556.2089823714731,1
1464,1464,48.8,48.94388294219971,48.94388294219971,1788009044543370,1788009044913011456,409721,409722,1788009044906125056,1788009044914457856,0.8264377682403433,8.33272933959961,1.4462471008300781,1350.0226270115504,542.1491240716357,1,700.3224328091717,555.833901425621,1
1465,1465,48.833333333333336,48.97731304168701,48.97731304168701,1788009044576800,1788009044946442752,409725,409726,1788009044939457280,1788009044947790080,0.8383165002431976,8.332967758178711,1.3473033905029297,1347.7150288365501,542.0476803104787,1,703.2646645815729,555.4559527929189,1
1466,1466,48.86666666666667,49.01074194908142,49.01074194908142,1788009044610229,1788009044979873024,409729,409730,1788009044972789504,1788009044981123328,0.8499499356315262,8.333921432495117,1.2505054473876953,1345.8545898364368,541.8503852592008,1,705.3892686365554,555.426512979519,1
1467,1467,48.9,49.04417586326599,49.04417586326599,1788009044643663,1788009045013308160,409733,409734,1788009045006122752,1788009045014455552,0.8622889842632332,8.33272933959961,1.1475086212158203,1344.0248683581472,542.3783170452268,1,707.7535340762026,555.4692944228465,1
1468,1468,48.93333333333333,49.077600955963135,49.077600955963135,1788009044677088,1788009045046734080,409737,409738,1788009045039455232,1788009045047788032,0.8735336194563662,8.33272933959961,1.0538101196289062,1341.176982313777,545.0832855304252,1,710.6222823224904,556.063876723685,1
1469,1469,48.96666666666667,49.11103796958923,49.11103796958923,1788009044710525,1788009045080172288,409741,409742,1788009045072787456,1788009045081121280,0.8861360645419695,8.333683013916016,0.9489059448242188,1339.200462946987,542.241609287151,1,712.8855653566758,556.4896703733591,1
1470,1470,49.0,49.14446783065796,49.14446783065796,1788009044743955,1788009045113603072,409745,409746,1788009045106120704,1788009045114453504,0.8979399141630902,8.33272933959961,0.8504390716552734,1337.5431507894807,542.6951954752452,1,714.8153260868146,556.5164135166069,1
1471,1471,49.03333333333333,49.177897930145264,49.177897930145264,1788009044777385,1788009045147034112,409749,409750,1788009045139452928,1788009045147785984,0.9097879888987439,8.332967758178711,0.7517337799072266,1334.8789057556478,543.4007208753324,1,717.1209440725722,556.6670196095962,1
1472,1472,49.06666666666667,49.21133589744568,49.21133589744568,1788009044810823,1788009045180472832,409753,409754,1788009045172785408,1788009045181119232,0.922443141181519,8.333921432495117,0.6463527679443359,1331.901901476131,545.5710010535905,1,720.5038801568396,556.8512769861449,1
1473,1473,49.1,49.24476385116577,49.24476385116577,1788009044844251,1788009045213901824,409757,409758,1788009045206118656,1788009045214451456,0.9340219163972419,8.332967758178711,0.5497932434082031,1329.4769417774105,545.930578195851,1,723.8424098618694,556.7540272421825,1
1474,1474,49.13333333333333,49.27819490432739,49.27819490432739,1788009044877682,1788009045247333888,409761,409762,1788009045239450880,1788009045247783680,0.9460085836909872,8.33272933959961,0.44989585876464844,1327.4129167015717,546.9615752553908,1,727.7087486951712,556.9758022548882,1
1475,1475,49.166666666666664,49.311630964279175,49.311630964279175,1788009044911118,1788009045280771072,409765,409766,1788009045272783360,1788009045281116928,0.958488298907135,8.333683013916016,0.3459453582763672,1325.8029908733392,547.4244822621794,1,731.5468224967016,557.3725063443811,1
1476,1476,49.2,49.345062017440796,49.345062017440796,1788009044944549,1788009045314203136,409769,409770,1788009045306116608,1788009045314449408,0.9704721030042919,8.33272933959961,0.2460479736328125,1324.496136604201,548.4397468400095,1,734.6309278885575,557.7293036228597,1
1477,1477,49.233333333333334,49.37848997116089,49.37848997116089,1788009044977977,1788009045347632128,409773,409774,1788009045339448576,1788009045347782656,0.9819482191388929,8.333921432495117,0.15044212341308594,1323.3494117294056,549.4054507620946,1,737.3913165118406,558.2910441746772,1
1478,1478,49.266666666666666,49.411919832229614,49.411919832229614,1788009045011407,1788009045381062912,409777,409778,1788009045372782080,1788009045381114880,0.9937626963463134,8.332967758178711,0.051975250244140625,1323.3195237242096,550.7974547309381,1,739.8481950846342,558.7263337821169,1
1479,1479,49.3,49.44534993171692,49.44534993171692,1788009045044837,1788009045414494208,409782,409783,1788009045414447360,1788009045422780928,0.005635978714882417,8.333683013916016,0.04696846008300781,1323.3399511672787,552.4792766211718,1,741.8561973292605,559.0744307691893,1
1480,1480,49.333333333333336,49.478780031204224,49.478780031204224,1788009045078267,1788009045447925504,409786,409787,1788009045447780608,1788009045456113408,0.017396280400572246,8.33272933959961,0.14495849609375,1322.075967241373,551.6823039799496,1,743.714403360784,559.191441295019,1
1481,1481,49.36666666666667,49.51220989227295,49.51220989227295,1788009045111697,1788009045481356800,409790,409791,1788009045481112832,1788009045489445632,0.02929816028153701,8.332967758178711,0.244140625,1321.3641029150936,552.6950666714862,1,744.8683773779728,559.7611509061137,1
1482,1482,49.4,49.54563903808594,49.54563903808594,1788009045145126,1788009045514787072,409794,409795,1788009045514445056,1788009045522778880,0.041052782148476616,8.333921432495117,0.3421306610107422,1320.9635133978936,553.7915293127879,1,745.6595052900059,560.6823503098911,1
1483,1483,49.43333333333333,49.57906889915466,49.57906889915466,1788009045178556,1788009045548218368,409798,409799,1788009045547778304,1788009045556111360,0.052788189179136503,8.332967758178711,0.4398822784423828,1320.8726966050854,554.0699090449143,1,746.2779009554627,561.4955046422463,1
1484,1484,49.46666666666667,49.61249899864197,49.61249899864197,1788009045211986,1788009045581649408,409802,409803,1788009045581110784,1788009045589443328,0.0646351931330472,8.33272933959961,0.5385875701904297,1321.0986896140635,554.3748310147454,1,746.7078683833139,561.3529660301763,1
1485,1485,49.5,49.64592885971069,49.64592885971069,1788009045245416,1788009045615080448,409806,409807,1788009045614443008,1788009045622776832,0.07647193454254163,8.333683013916016,0.6372928619384766,1321.8651549427425,554.5872803901444,1,746.8419863905724,561.7685523317697,1
1486,1486,49.53333333333333,49.67935585975647,49.67935585975647,1788009045278843,1788009045648508672,409810,409811,1788009045647776256,1788009045656109056,0.0878683834048641,8.33272933959961,0.7321834564208984,1322.5655586888565,554.010130465218,1,746.958137021313,561.5358607742191,1
1487,1487,49.56666666666667,49.712785959243774,49.712785959243774,1788009045312273,1788009045681939968,409814,409815,1788009045681108480,1788009045689441536,0.09976824697433549,8.332967758178711,0.8313655853271484,1322.81758432753,554.300230849722,1,747.4759680455629,561.2527785299818,1
1488,1488,49.6,49.74621796607971,49.74621796607971,1788009045345705,1788009045715373056,409818,409819,1788009045714441728,1788009045722774784,0.11175645904265973,8.332967758178711,0.9312629699707031,1323.4729274641977,554.1735100426598,1,747.8039705577165,560.6802761792912,1
1489,1489,49.63333333333333,49.779638051986694,49.779638051986694,1788009045379125,1788009045748794368,409822,409823,1788009045747774208,1788009045756107008,0.12242854281708677,8.332967758178711,1.020193099975586,1323.5377279317213,554.1127839301699,1,748.0593800355214,560.668988549562,1
1490,1490,49.666666666666664,49.81306791305542,49.81306791305542,1788009045412555,1788009045782225152,409826,409827,1788009045781106432,1788009045789440512,0.13422972393076812,8.333921432495117,1.1186599731445312,1323.5131094987655,553.5252893079853,1,748.4786569912691,560.5757450828278,1
1491,1491,49.7,49.84649896621704,49.84649896621704,1788009045445986,1788009045815657472,409830,409831,1788009045814439680,1788009045822772480,0.1461230329041488,8.33272933959961,1.2176036834716797,1323.303612521944,552.1271908371403,1,748.5435704108178,559.6964444125048,1
1492,1492,49.733333333333334,49.87992191314697,49.87992191314697,1788009045479409,1788009045849081600,409834,409835,1788009045847772160,1788009045856104960,0.15713876967095852,8.33272933959961,1.3093948364257812,1322.9803274348162,551.2526092529996,1,748.4786731530019,559.1563744128648,1
1493,1493,49.766666666666666,49.91335082054138,49.91335082054138,1788009045512838,1788009045882511616,409838,409839,1788009045881103360,1788009045889437184,0.1689886997568302,8.333921432495117,1.4083385467529297,1322.9683586943497,551.1613544067998,1,748.2185028566832,558.389989257851,1
1494,1494,49.8,49.94678592681885,49.94678592681885,1788009045546273,1788009045915948032,409842,409843,1788009045914436608,1788009045922769664,0.18136820119596006,8.332967758178711,1.5113353729248047,1322.5671988743666,550.8532849360435,1,747.6967839014178,558.2173870302638,1
1495,1495,49.833333333333336,49.98021483421326,49.98021483421326,1788009045579702,1788009045949378048,409846,409847,1788009045947768832,1788009045956102912,0.19307681304534402,8.333921432495117,1.6090869903564453,1322.1295598221366,550.2406795607125,1,747.5491885377269,557.5931097935719,1
1496,1496,49.86666666666667,50.01364493370056,50.01364493370056,1788009045613132,1788009045982809088,409850,409851,1788009045981102336,1788009045989434880,0.20483547925608012,8.33272933959961,1.706838607788086,1321.886125393623,549.017794413847,1,747.4563407971116,556.7948333015469,1
1497,1497,49.9,50.04707598686218,50.04707598686218,1788009045646563,1788009046016241408,409854,409855,1788009046014434560,1788009046022767360,0.21682403433476394,8.33272933959961,1.8067359924316406,1322.3884985439518,547.3073198302852,1,746.921322307453,554.897551216087,1
1498,1498,49.93333333333333,50.08050489425659,50.08050489425659,1788009045679992,1788009046049671168,409858,409859,1788009046047767040,1788009046056100608,0.2285003146993191,8.333683013916016,1.9042491912841797,1323.1890233093,546.7865228642497,1,746.5052193708141,552.9778964090985,1
1499,1499,49.96666666666667,50.11393594741821,50.11393594741821,1788009045713423,1788009046083103488,409862,409863,1788009046081100288,1788009046089432832,0.2404005722460658,8.33272933959961,2.003192901611328,1324.1019286145415,545.224735976498,1,746.4685920158694,552.2291985449955,1
1500,1500,50.0,50.147363901138306,50.147363901138306,1788009045746851,1788009046116532480,409866,409867,1788009046114432256,1788009046122765312,0.2520385682813081,8.332967758178711,2.100229263305664,1324.324554226201,543.969748612049,1,746.0797811981718,551.6823785923045,1
1501,1501,50.03333333333333,50.18079400062561,50.18079400062561,1788009045780281,1788009046149963776,409870,409871,1788009046147764736,1788009046156098560,0.2638821341725075,8.333921432495117,2.1991729736328125,1325.3262463537394,543.982266940487,1,745.1782327194381,551.803359707477,1
1502,1502,50.06666666666667,50.214231967926025,50.214231967926025,1788009045813719,1788009046183403008,409874,409875,1788009046181097984,1788009046189431040,0.27661583359560526,8.332967758178711,2.3050308227539062,1325.7671632420213,544.9855318017175,1,743.18303789424,551.8611286962333,1
1503,1503,50.1,50.247660875320435,50.247660875320435,1788009045847148,1788009046216833024,409878,409879,1788009046214430208,1788009046222763008,0.28835479256080115,8.33272933959961,2.402782440185547,1326.1438768460464,545.7403764616555,1,741.0283201568586,552.3792557226784,1
1504,1504,50.13333333333333,50.28109693527222,50.28109693527222,1788009045880584,1788009046250270464,409882,409883,1788009046247762688,1788009046256096256,0.30090976712250384,8.333683013916016,2.5076866149902344,1327.3654116718913,545.32685192312,1,738.8116361886537,552.9938826522127,1
1505,1505,50.166666666666664,50.31452703475952,50.31452703475952,1788009045914014,1788009046283701760,409886,409887,1788009046281095936,1788009046289428736,0.3127038626609442,8.33272933959961,2.6056766510009766,1328.7165323047589,547.4817025252693,1,736.5864230733614,553.6143760241089,1
1506,1506,50.2,50.34796500205994,50.34796500205994,1788009045947452,1788009046317140736,409890,409891,1788009046314428160,1788009046322760960,0.3255414723470001,8.332967758178711,2.712726593017578,1330.6659806438615,549.3413460269292,1,734.6325862680097,553.8654318054248,1
1507,1507,50.233333333333334,50.381393909454346,50.381393909454346,1788009045980881,1788009046350571008,409894,409895,1788009046347761408,1788009046356094464,0.3371577351148751,8.332967758178711,2.8095245361328125,1332.3621867525599,550.6949902334184,1,733.2908174729318,554.1101481659803,1
1508,1508,50.266666666666666,50.41482496261597,50.41482496261597,1788009046014312,1788009046384002560,409898,409899,1788009046381093632,1788009046389426688,0.34908872421389947,8.332967758178711,2.908945083618164,1334.1534170878854,551.7869474558846,1,732.1873862824596,554.589263837879,1
1509,1509,50.3,50.448261976242065,50.448261976242065,1788009046047749,1788009046417440512,409902,409903,1788009046414426112,1788009046422759936,0.36169360606494066,8.333921432495117,3.0143260955810547,1335.07471279972,552.35782842337,1,731.0999003266015,554.9782589630724,1
1510,1510,50.333333333333336,50.48169803619385,50.48169803619385,1788009046081185,1788009046450877184,409906,409907,1788009046447759360,1788009046456092160,0.37416309012875537,8.33272933959961,3.117799758911133,1335.0658942018367,552.3677305950803,1,730.7502374811501,556.4113080204418,1
1511,1511,50.36666666666667,50.51512885093689,50.51512885093689,1788009046114616,1788009046484309248,409910,409911,1788009046481091840,1788009046489424384,0.3861230329041488,8.33272933959961,3.217458724975586,1335.3518807604266,552.8672026520153,1,730.486767140539,557.5287753879862,1
1512,1512,50.4,50.54855704307556,50.54855704307556,1788009046148044,1788009046517738496,409914,409915,1788009046514424064,1788009046522757888,0.3977227212908394,8.333683013916016,3.314495086669922,1335.6925548375443,554.391493109565,1,730.4389121174418,558.6679530404767,1
1513,1513,50.43333333333333,50.581992864608765,50.581992864608765,1788009046181480,1788009046551176704,409918,409919,1788009046547757312,1788009046556090112,0.4103576537911302,8.33272933959961,3.4193992614746094,1336.5146163591257,555.2903423007122,1,730.7201395258674,559.8096877125676,1
1514,1514,50.46666666666667,50.61542296409607,50.61542296409607,1788009046214910,1788009046584607488,409922,409923,1788009046581089536,1788009046589422592,0.4221910674944923,8.332967758178711,3.5181045532226562,1337.0022509026521,555.4101532075423,1,730.7195582611589,560.0829227543683,1
1515,1515,50.5,50.6488618850708,50.6488618850708,1788009046248349,1788009046618047232,409926,409927,1788009046614421760,1788009046622755840,0.43501644972106995,8.333921432495117,3.6253929138183594,1337.1409075191968,555.8006828573671,1,730.7480491601254,560.3217041817924,1
1516,1516,50.53333333333333,50.68229103088379,50.68229103088379,1788009046281778,1788009046651476992,409930,409931,1788009046647755264,1788009046656087808,0.44666666666666666,8.33272933959961,3.721952438354492,1337.783933429969,555.9698169616221,1,730.4654966023684,560.7985693025296,1
1517,1517,50.56666666666667,50.71572804450989,50.71572804450989,1788009046315215,1788009046684915200,409934,409935,1788009046681087488,1788009046689420288,0.45937052932761085,8.33272933959961,3.827810287475586,1338.4907935266867,555.2926555051588,1,730.0785666653182,561.329914551066,1
1518,1518,50.6,50.74915790557861,50.74915790557861,1788009046348645,1788009046718346240,409938,409939,1788009046714419968,1788009046722753536,0.4711334897293586,8.333683013916016,3.9262771606445312,1339.0182161368657,555.0481175084581,1,729.1479995527551,561.7911103746006,1
1519,1519,50.63333333333333,50.782593965530396,50.782593965530396,1788009046382081,1788009046751783680,409942,409943,1788009046747753216,1788009046756085760,0.4836909871244635,8.33272933959961,4.030466079711914,1339.1123857599862,556.6742882168373,1,728.1676144120548,562.3098157217613,1
1520,1520,50.666666666666664,50.81602382659912,50.81602382659912,1788009046415511,1788009046785214720,409946,409947,1788009046781085184,1788009046789419264,0.49549420683736234,8.333921432495117,4.1294097900390625,1339.1741597308014,555.8837601677402,1,727.3441429925531,562.6736224596536,1
1521,1521,50.7,50.84946084022522,50.84946084022522,1788009046448948,1788009046818652928,409950,409951,1788009046814418432,1788009046822751488,0.5081399673829075,8.332967758178711,4.098653793334961,1340.4924033578652,554.9811566830873,1,727.0182448318433,563.1360291566783,1
1522,1522,50.733333333333334,50.88288998603821,50.88288998603821,1788009046482377,1788009046852082944,409954,409955,1788009046847750912,1788009046856083968,0.5198706760893823,8.332967758178711,4.00090217590332,1340.8674406678292,555.4804379711678,1,726.8850348545418,563.416331538775,1
1523,1523,50.766666666666666,50.916319847106934,50.916319847106934,1788009046515807,1788009046885513984,409958,409959,1788009046881082368,1788009046889415936,0.5317846312296161,8.333683013916016,3.901958465576172,1341.0614779110572,556.1911826829972,1,726.9479959557789,563.5499321558946,1
1524,1524,50.8,50.94975805282593,50.94975805282593,1788009046549245,1788009046918953472,409962,409963,1788009046914415616,1788009046922748416,0.5445779685264663,8.33272933959961,3.7949085235595703,1341.2410326185586,556.3710420065571,1,726.9552926892892,563.7733817017004,1
1525,1525,50.833333333333336,50.98319482803345,50.98319482803345,1788009046582682,1788009046952391168,409966,409967,1788009046947747584,1788009046956080640,0.5572372750422019,8.332967758178711,3.6895275115966797,1341.7065079406625,557.0490409295987,1,727.1018379841962,564.1096767540494,1
1526,1526,50.86666666666667,51.016623973846436,51.016623973846436,1788009046616111,1788009046985821184,409970,409971,1788009046981081088,1788009046989413888,0.568853537810077,8.332967758178711,3.5927295684814453,1342.4979795094628,558.0290457661154,1,727.224171924345,564.8423305918121,1
1527,1527,50.9,51.05006194114685,51.05006194114685,1788009046649549,1788009047019260672,409974,409975,1788009047014413312,1788009047022746368,0.5817000944178994,8.332967758178711,3.4856796264648438,1342.8100587477497,558.7759092436268,1,727.2680926742994,566.0451372550986,1
1528,1528,50.93333333333333,51.08349895477295,51.08349895477295,1788009046682986,1788009047052699136,409978,409979,1788009047047745792,1788009047056079616,0.5943641825203834,8.333921432495117,3.3805370330810547,1343.4715010245543,559.5753249059187,1,727.4491244023133,567.1389634904355,1
1529,1529,50.96666666666667,51.11692786216736,51.11692786216736,1788009046716415,1788009047086128896,409982,409983,1788009047081079040,1788009047089411840,0.6060371959942775,8.33272933959961,3.282785415649414,1343.3362253160797,559.9566461176528,1,726.9853606628084,567.550857955439,1
1530,1530,51.0,51.15036392211914,51.15036392211914,1788009046749851,1788009047119566080,409986,409987,1788009047114411264,1788009047122744064,0.61862660944206,8.33272933959961,3.1778812408447266,1343.9977363220964,559.7536991124799,1,726.1735915599321,567.6827153725533,1
1531,1531,51.03333333333333,51.18380093574524,51.18380093574524,1788009046783288,1788009047153004288,409990,409991,1788009047147743744,1788009047156077312,0.6312296160668307,8.333683013916016,3.0732154846191406,1345.2678584547123,558.702354232934,1,725.2179868114574,567.6489611355024,1
1532,1532,51.06666666666667,51.21723198890686,51.21723198890686,1788009046816719,1788009047186436096,409994,409995,1788009047181076992,1788009047189409792,0.6431473533619456,8.33272933959961,2.9735565185546875,1346.6611566922804,556.9359276580855,1,723.7107833429609,567.405698184589,1
1533,1533,51.1,51.25066900253296,51.25066900253296,1788009046850156,1788009047219874304,409998,409999,1788009047214409216,1788009047222742016,0.6558610626305399,8.332967758178711,2.8676986694335938,1348.750088217726,554.4435702195774,1,721.8940242102138,566.7861077451948,1
1534,1534,51.13333333333333,51.28410601615906,51.28410601615906,1788009046883593,1788009047253312768,410002,410003,1788009047247741440,1788009047256075264,0.6685166642826491,8.333921432495117,2.7625560760498047,1351.3371488026614,551.4396318306402,1,719.7007250049808,566.0858818178388,1
1535,1535,51.166666666666664,51.31753587722778,51.31753587722778,1788009046917023,1788009047286743808,410006,410007,1788009047281074688,1788009047289407488,0.680343347639485,8.33272933959961,2.6636123657226562,1355.249926434985,548.5935751492868,1,716.9810379127875,565.5490669486528,1
1536,1536,51.2,51.35096597671509,51.35096597671509,1788009046950453,1788009047320175104,410010,410011,1788009047314407168,1788009047322739712,0.6922174535050072,8.33272933959961,2.564668655395508,1359.2846503031697,546.5037576869596,1,713.5426770926177,565.1172389132879,1
1537,1537,51.233333333333334,51.38440203666687,51.38440203666687,1788009046983889,1788009047353612544,410014,410015,1788009047347739392,1788009047356073216,0.7047262115923786,8.333683013916016,2.4607181549072266,1362.255432345648,544.7173914378606,1,709.94049987896,564.6226442859428,1
1538,1538,51.266666666666666,51.41783094406128,51.41783094406128,1788009047017318,1788009047387042560,410018,410019,1788009047381072640,1788009047389405440,0.7164234620886981,8.33272933959961,2.362966537475586,1365.1534910440962,543.3632259285484,1,706.1503313644005,564.2197552105933,1
1539,1539,51.3,51.451261043548584,51.451261043548584,1788009047050748,1788009047420473856,410022,410023,1788009047414404864,1788009047422738688,0.7282219997139179,8.333921432495117,2.2649765014648438,1368.8303292542448,542.3852665162503,1,702.1059332557187,563.7290430841967,1
1540,1540,51.333333333333336,51.48468995094299,51.48468995094299,1788009047084177,1788009047453903616,410026,410027,1788009047447738112,1788009047456071168,0.7398929930474092,8.332967758178711,2.1674633026123047,1372.4703191215326,542.9912119852603,1,697.673913639279,564.1809940014684,1
1541,1541,51.36666666666667,51.51812791824341,51.51812791824341,1788009047117615,1788009047487342848,410030,410031,1788009047481070592,1788009047489403392,0.7527109381705817,8.332967758178711,2.0606517791748047,1374.8600350554098,543.134177274496,1,694.6939806354693,565.2780616309474,1
1542,1542,51.4,51.55155682563782,51.55155682563782,1788009047151044,1788009047520772608,410034,410035,1788009047514402816,1788009047522736896,0.7643255614361322,8.333921432495117,1.9640922546386719,1377.9536905664304,543.6718028931466,1,693.4865699713233,566.5618882775641,1
1543,1543,51.43333333333333,51.584993839263916,51.584993839263916,1788009047184481,1788009047554210816,410038,410039,1788009047547736064,1788009047556068864,0.7770243204577969,8.33272933959961,1.8579959869384766,1381.784614133816,544.6405931191466,1,691.7408843234354,568.204716167115,1
1544,1544,51.46666666666667,51.61843204498291,51.61843204498291,1788009047217919,1788009047587650304,410042,410043,1788009047581068544,1788009047589401344,0.7898712446351931,8.33272933959961,1.750946044921875,1386.4311832453482,546.4123585647006,1,690.2385447558634,570.7188192700957,1
1545,1545,51.5,51.65186882019043,51.65186882019043,1788009047251356,1788009047621088256,410046,410047,1788009047614400512,1788009047622734592,0.8024603061078529,8.333921432495117,1.646280288696289,1392.456751094122,548.243356221925,1,688.9912974727188,573.5761517359309,1
1546,1546,51.53333333333333,51.685298919677734,51.685298919677734,1788009047284786,1788009047654519552,410050,410051,1788009047647734016,1788009047656066816,0.8143114646218992,8.332967758178711,1.5473365783691406,1398.3151745111888,550.4260284001375,1,685.613852040303,577.3127048039867,1
1547,1547,51.56666666666667,51.7187340259552,51.7187340259552,1788009047318221,1788009047687955456,410054,410055,1788009047681066240,1788009047689399296,0.8267288489599726,8.332967758178711,1.4438629150390625,1405.5025047191893,552.7842614642103,1,681.5289131529528,581.4981713682087,1
1548,1548,51.6,51.7521710395813,51.7521710395813,1788009047351658,1788009047721393408,410058,410059,1788009047714398720,1788009047722732544,0.8393076813045344,8.333921432495117,1.3391971588134766,1411.6841376394636,555.1753810596047,1,680.473617570258,585.1269009565906,1
1549,1549,51.63333333333333,51.785609006881714,51.785609006881714,1788009047385096,1788009047754832128,410062,410063,1788009047747731968,1788009047756064768,0.8520743919885551,8.33272933959961,1.2326240539550781,1417.0343685027865,558.3541611584417,1,678.5361610197713,588.611297592014,1
1550,1550,51.666666666666664,51.819039821624756,51.819039821624756,1788009047418527,1788009047788263936,410066,410067,1788009047781064192,1788009047789396992,0.8640343347639485,8.33272933959961,1.132965087890625,1420.7184979023712,561.5571841686265,1,676.2715566949446,591.7082014335822,1
1551,1551,51.7,51.85247588157654,51.85247588157654,1788009047451963,1788009047821701376,410070,410071,1788009047814397696,1788009047822730240,0.8765092989985693,8.33272933959961,1.0290145874023438,1423.2106339303336,564.4117842182665,1,673.725606452402,594.4949792649974,1
1552,1552,51.733333333333334,51.885905027389526,51.885905027389526,1788009047485392,1788009047855131392,410074,410075,1788009047847729920,1788009047856062720,0.8882403433476395,8.33272933959961,0.9312629699707031,1425.1163422067216,567.1888055023868,1,670.9699118789954,596.9873683134073,1
1553,1553,51.766666666666666,51.91934394836426,51.91934394836426,1788009047518831,1788009047888571136,410078,410079,1788009047881061120,1788009047889394944,0.9011586325275354,8.333921432495117,0.8237361907958984,1426.8787600626092,569.4253877226978,1,669.4857915299733,598.3907642733632,1
1554,1554,51.8,51.95278000831604,51.95278000831604,1788009047552267,1788009047922009600,410082,410083,1788009047914394368,1788009047922727168,0.9139055793991416,8.33272933959961,0.7174015045166016,1427.997597140169,570.4975414364516,1,667.891786655751,599.2613797832511,1
1555,1555,51.833333333333336,51.986217975616455,51.986217975616455,1788009047585705,1788009047955448320,410086,410087,1788009047947726848,1788009047956059392,0.9266666666666666,8.33272933959961,0.6110668182373047,1427.6166296895867,570.8785071870288,1,667.3638527546452,599.8246070794961,1
1556,1556,51.86666666666667,52.01965284347534,52.01965284347534,1788009047619140,1788009047988883968,410090,410091,1788009047981059072,1788009047989392640,0.9389483320936087,8.333683013916016,0.5087852478027344,1427.3453947392632,571.7935052333605,1,666.289172490915,600.2784288432564,1
1557,1557,51.9,52.05308985710144,52.05308985710144,1788009047652577,1788009048022321664,410094,410095,1788009048014392320,1788009048022725120,0.951587982832618,8.33272933959961,0.40340423583984375,1427.297285060946,572.7696243049277,1,665.7435140720702,600.5766877772728,1
1558,1558,51.93333333333333,52.08652091026306,52.08652091026306,1788009047686008,1788009048055753984,410098,410099,1788009048047724544,1788009048056058368,0.9634673151194393,8.333921432495117,0.3044605255126953,1427.58193872709,574.425020109124,1,664.9548912086306,600.7844267774466,1
1559,1559,51.96666666666667,52.11995792388916,52.11995792388916,1788009047719445,1788009048089192448,410102,410103,1788009048081057792,1788009048089390848,0.9761952447712512,8.332967758178711,0.1983642578125,1428.2721196054085,575.7888160761352,1,664.1785185335339,601.099575217004,1
1560,1560,52.0,52.15338587760925,52.15338587760925,1788009047752873,1788009048122621440,410106,410107,1788009048114390016,1788009048122723072,0.9878115075391262,8.332967758178711,0.10156631469726562,1428.889071630138,576.3642444620625,1,664.5868953569266,600.6746016297204,1
1561,1561,52.03333333333333,52.18682384490967,52.18682384490967,1788009047786311,1788009048156060672,410111,410112,1788009048156056320,1788009048164389120,0.0005150214592274678,8.33272933959961,0.004291534423828125,1429.3394039344487,576.5396971398303,1,664.0593078183318,599.9463611991839,1
1562,1562,52.06666666666667,52.22026205062866,52.22026205062866,1788009047819749,1788009048189499904,410115,410116,1788009048189388544,1788009048197721600,0.013361563331521272,8.332967758178711,0.11134147644042969,1429.604001914131,576.5206230605626,1,663.6835455995981,599.2830444443799,1
1563,1563,52.1,52.25369095802307,52.25369095802307,1788009047853178,1788009048222929664,410119,410120,1788009048222720768,1788009048231054848,0.025060792447432412,8.333921432495117,0.20885467529296875,1429.801803279866,576.2141274107362,1,663.4628339329265,598.5325504208893,1
1564,1564,52.13333333333333,52.28712582588196,52.28712582588196,1788009047886613,1788009048256365824,410123,410124,1788009048256054272,1788009048264386816,0.037396280400572246,8.33272933959961,0.3116130828857422,1430.0423739673374,575.9862634431997,1,663.2631714337346,597.795582019063,1
1565,1565,52.166666666666664,52.32055687904358,52.32055687904358,1788009047920044,1788009048289798144,410127,410128,1788009048289386496,1788009048297719296,0.04938483547925608,8.33272933959961,0.4115104675292969,1430.3400030398661,575.9115214993672,1,663.4602628232581,597.1673444151501,1
1566,1566,52.2,52.35398602485657,52.35398602485657,1788009047953473,1788009048323228416,410131,410132,1788009048322718976,1788009048331052544,0.06113749499341992,8.333683013916016,0.5095005035400391,1430.530903597777,575.9811095458269,1,663.1364240936385,596.9586105739625,1
1567,1567,52.233333333333334,52.38742399215698,52.38742399215698,1788009047986911,1788009048356667392,410135,410136,1788009048356052224,1788009048364384768,0.0738483547925608,8.33272933959961,0.6153583526611328,1430.5577314889429,575.9594888155023,1,663.519124548366,596.740729876742,1
1568,1568,52.266666666666666,52.4208550453186,52.4208550453186,1788009048020342,1788009048390099456,410139,410140,1788009048389384192,1788009048397717248,0.08583445394981545,8.332967758178711,0.7152557373046875,1430.513180295393,576.1482823603781,1,663.5209234180036,596.5208856591366,1
1569,1569,52.3,52.45429182052612,52.45429182052612,1788009048053779,1788009048423537408,410143,410144,1788009048422716672,1788009048431050496,0.09849806894578744,8.333921432495117,0.8208751678466797,1430.4653838873342,576.2183482712151,1,663.3671232774021,596.3438498857292,1
1570,1570,52.333333333333336,52.487720012664795,52.487720012664795,1788009048087207,1788009048456966912,410147,410148,1788009048456049920,1788009048464382976,0.11003976996366341,8.332967758178711,0.9169578552246094,1430.3597302905641,576.2100018406389,1,663.8494266256365,596.0857071811814,1
1571,1571,52.36666666666667,52.52115797996521,52.52115797996521,1788009048120645,1788009048490406144,410151,410152,1788009048489382144,1788009048497716224,0.12284365612930911,8.333921432495117,1.0237693786621094,1430.3876076133706,576.2744167268306,1,664.3562740807404,595.4773764185903,1
1572,1572,52.4,52.554587841033936,52.554587841033936,1788009048154075,1788009048523837184,410155,410156,1788009048522715648,1788009048531048192,0.13459227467811158,8.33272933959961,1.12152099609375,1430.663282459021,576.2719647082498,1,665.0402875742059,594.7496564132215,1
1573,1573,52.43333333333333,52.58801603317261,52.58801603317261,1788009048187503,1788009048557266432,410159,410160,1788009048556047872,1788009048564380672,0.14623748211731044,8.33272933959961,1.218557357788086,1430.9255660647987,576.1079362754966,1,666.3052910973515,593.3342577513506,1
1574,1574,52.46666666666667,52.621453046798706,52.621453046798706,1788009048220940,1788009048590704640,410163,410164,1788009048589380096,1788009048597713920,0.15894721785152338,8.333921432495117,1.3246536254882812,1431.1587764559426,575.0038374527131,1,667.770416447953,591.3930390180267,1
1575,1575,52.5,52.65488290786743,52.65488290786743,1788009048254370,1788009048624135424,410167,410168,1788009048622713344,1788009048631046400,0.17066750593688307,8.332967758178711,1.4221668243408203,1430.182858807083,572.8463797140337,1,670.2470522120775,587.8519279284957,1
1576,1576,52.53333333333333,52.68832087516785,52.68832087516785,1788009048287808,1788009048657574656,410171,410172,1788009048656045568,1788009048664378624,0.1834854510600555,8.332967758178711,1.5289783477783203,1427.463375306292,569.3931320007308,1,674.1515093318446,583.8451195996606,1
1577,1577,52.56666666666667,52.721750020980835,52.721750020980835,1788009048321237,1788009048691004928,410175,410176,1788009048689378048,1788009048697711872,0.19522242883707625,8.333921432495117,1.6269683837890625,1424.6637241419405,564.8866512279575,1,678.2079619059747,581.0571881524932,1
1578,1578,52.6,52.755187034606934,52.755187034606934,1788009048354674,1788009048724443136,410179,410180,1788009048722711296,1788009048731044096,0.20783977110157367,8.33272933959961,1.73187255859375,1421.484615393039,559.9822610932708,1,679.9268127757036,578.8674706362373,1
1579,1579,52.63333333333333,52.78861689567566,52.78861689567566,1788009048388104,1788009048757874176,410183,410184,1788009048756043776,1788009048764376320,0.21968526466380545,8.33272933959961,1.8305778503417969,1417.1467993522142,555.241504505735,1,681.0441415809548,575.8915436648159,1
1580,1580,52.666666666666664,52.82205390930176,52.82205390930176,1788009048421541,1788009048791312384,410187,410188,1788009048789376000,1788009048797709824,0.23236253361560907,8.333683013916016,1.9364356994628906,1412.3081071028062,550.7815311861939,1,682.9731253523648,572.6127680288159,1
1581,1581,52.7,52.855489015579224,52.855489015579224,1788009048454976,1788009048824748800,410191,410192,1788009048822709248,1788009048831042048,0.24474964234620886,8.33272933959961,2.0394325256347656,1407.9058265546655,546.3811781367698,1,685.2661603994924,569.2301337457222,1
1582,1582,52.733333333333334,52.888919830322266,52.888919830322266,1788009048488407,1788009048858180864,410195,410196,1788009048856041472,1788009048864374272,0.25673085176389804,8.332967758178711,2.1393299102783203,1401.5940024983754,542.0014942996099,1,688.8695017872825,565.5296039411547,1
1583,1583,52.766666666666666,52.92234992980957,52.92234992980957,1788009048521837,1788009048891611904,410199,410200,1788009048889373696,1788009048897706496,0.2685836909871245,8.33272933959961,2.238035202026367,1393.5114964544782,537.163944917142,1,693.8722337001723,562.0586805456668,1
1584,1584,52.8,52.95578694343567,52.95578694343567,1788009048555274,1788009048925050112,410203,410204,1788009048922706176,1788009048931038976,0.2812875536480687,8.33272933959961,2.343893051147461,1383.3329205987336,532.5111563972382,1,699.1571005841163,559.0069244159747,1
1585,1585,52.833333333333336,52.989217042922974,52.989217042922974,1788009048588704,1788009048958481408,410207,410208,1788009048956038400,1788009048964372224,0.2931281112319048,8.333683013916016,2.4428367614746094,1372.4094529091255,528.8650776700731,1,705.3186117642597,556.7340465477183,1
1586,1586,52.86666666666667,53.0226469039917,53.0226469039917,1788009048622134,1788009048991912448,410211,410212,1788009048989371904,1788009048997704448,0.30489270386266093,8.33272933959961,2.54058837890625,1361.2677500554705,526.6804020288882,1,709.845377167597,555.007318184919,1
1587,1587,52.9,53.056077003479004,53.056077003479004,1788009048655564,1788009049025343744,410215,410216,1788009049022703872,1788009049031036928,0.3167863580441189,8.332967758178711,2.6397705078125,1350.5740947603567,524.8845484267516,1,714.9676755764538,553.2605749115256,1
1588,1588,52.93333333333333,53.08950591087341,53.08950591087341,1788009048688993,1788009049058773504,410219,410220,1788009049056036352,1788009049064370176,0.3284508653983693,8.333921432495117,2.737283706665039,1342.9196158176537,524.0283465311306,1,718.9545167429258,552.7206085401407,1
1589,1589,52.96666666666667,53.122941970825195,53.122941970825195,1788009048722429,1788009049092210688,410223,410224,1788009049089369600,1788009049097702400,0.34096306257331693,8.332967758178711,2.8412342071533203,1335.2370098540155,524.0792572165518,1,722.3628367522234,551.6088486876331,1
1590,1590,53.0,53.156373023986816,53.156373023986816,1788009048755860,1788009049125642496,410227,410228,1788009049122701824,1788009049131035904,0.35285366900300386,8.333921432495117,2.940654754638672,1329.9802937828647,520.6869402936917,1,726.1541151537442,551.5100260879386,1
1591,1591,53.03333333333333,53.18980097770691,53.18980097770691,1788009048789288,1788009049159071488,410231,410232,1788009049156035072,1788009049164367872,0.3643776824034335,8.33272933959961,3.0362606048583984,1325.1984948540803,524.3581581743689,1,729.2863455075941,552.3527118702533,1
1592,1592,53.06666666666667,53.223238945007324,53.223238945007324,1788009048822726,1788009049192510208,410235,410236,1788009049189367552,1788009049197700352,0.3771387696709585,8.33272933959961,3.1425952911376953,1321.4441670073168,528.9069819417165,1,731.2975273128732,553.2084648293048,1
1593,1593,53.1,53.25667095184326,53.25667095184326,1788009048856158,1788009049225943296,410239,410240,1788009049222699520,1788009049231033600,0.389214704620226,8.333921432495117,3.243684768676758,1319.0562155172906,530.6758179921627,1,732.8444007751361,554.3652094811025,1
1594,1594,53.13333333333333,53.290098905563354,53.290098905563354,1788009048889586,1788009049259372544,410243,410244,1788009049256033024,1788009049264365824,0.4007610654916884,8.332967758178711,3.339529037475586,1317.9659773363182,535.7670926711918,1,734.7369477555985,557.6543542532706,1
1595,1595,53.166666666666664,53.32352805137634,53.32352805137634,1788009048923015,1788009049292802816,410247,410248,1788009049289365248,1788009049297698304,0.4125203856828131,8.332967758178711,3.437519073486328,1316.8501759862515,540.8695267256412,1,736.3103865758344,560.3453240978192,1
1596,1596,53.2,53.35695004463196,53.35695004463196,1788009048956437,1788009049326225664,410251,410252,1788009049322697728,1788009049331031552,0.42334429981404664,8.333921432495117,3.528118133544922,1316.0308621530512,544.9792795920263,1,737.0519855514972,564.0890661875902,1
1597,1597,53.233333333333334,53.390379905700684,53.390379905700684,1788009048989867,1788009049359656704,410255,410256,1788009049356030976,1788009049364363776,0.4351359084406295,8.33272933959961,3.6258697509765625,1315.2793647594372,549.3070623371237,1,737.412506343021,565.9108848196506,1
1598,1598,53.266666666666666,53.42380905151367,53.42380905151367,1788009049023296,1788009049393087232,410259,410260,1788009049389363200,1788009049397696000,0.44689556509299,8.33272933959961,3.7238597869873047,1314.6103101841845,552.3366388021793,1,738.0626494002554,568.302003818739,1
1599,1599,53.3,53.45723795890808,53.45723795890808,1788009049056725,1788009049426517248,410263,410264,1788009049422695680,1788009049431029248,0.45857412599416375,8.333683013916016,3.8216114044189453,1314.3081444133275,554.6345829506689,1,738.4899909419927,569.3832932783313,1
1600,1600,53.333333333333336,53.490675926208496,53.490675926208496,1788009049090163,1788009049459956480,410267,410268,1788009049456028928,1788009049464361728,0.47133047210300427,8.33272933959961,3.927469253540039,1314.0909684876578,555.4241655774181,1,738.7154062740778,570.1212518224229,1
1601,1601,53.36666666666667,53.52411198616028,53.52411198616028,1788009049123599,1788009049493393408,410271,410272,1788009049489361152,1788009049497694976,0.4838506651408954,8.333921432495117,4.032373428344727,1314.5481153978144,556.7888731640832,1,738.8660551284604,569.8153182196045,1
1602,1602,53.4,53.557541847229004,53.557541847229004,1788009049157029,1788009049526824192,410275,410276,1788009049522694400,1788009049531027200,0.49560813710623447,8.332967758178711,4.129886627197266,1314.5838116391499,556.3618127448034,1,738.8717168277071,569.7903045838397,1
1603,1603,53.43333333333333,53.59097194671631,53.59097194671631,1788009049190459,1788009049560255488,410279,410280,1788009049556026624,1788009049564359424,0.5074964234620887,8.33272933959961,4.103899002075195,1315.150165545046,556.7697032921569,1,738.7718905139972,570.1336198190121,1
1604,1604,53.46666666666667,53.624409914016724,53.624409914016724,1788009049223897,1788009049593694720,410283,410284,1788009049589359104,1788009049597692672,0.5202551925387653,8.333683013916016,3.9980411529541016,1315.4580959113885,557.8195264373943,1,738.787964159229,570.2104933569291,1
1605,1605,53.5,53.65783882141113,53.65783882141113,1788009049257326,1788009049627124736,410287,410288,1788009049622692352,1788009049631025152,0.5319313304721031,8.33272933959961,3.900289535522461,1316.1075860434066,557.6509040964952,1,738.8181151955023,569.617687948168,1
1606,1606,53.53333333333333,53.69127583503723,53.69127583503723,1788009049290763,1788009049660562944,410291,410292,1788009049656024576,1788009049664357376,0.5446351931330472,8.33272933959961,3.794431686401367,1316.7163091074171,557.7053831155132,1,738.7375389825339,568.6507363105598,1
1607,1607,53.56666666666667,53.72470688819885,53.72470688819885,1788009049324194,1788009049693995264,410295,410296,1788009049689356800,1788009049697690624,0.5565727363753398,8.333921432495117,3.6954879760742188,1317.149542273363,557.5945172020732,1,738.6005255823377,568.0242387072987,1
1608,1608,53.6,53.758141040802,53.758141040802,1788009049357628,1788009049727430656,410299,410300,1788009049722690048,1788009049731023104,0.5688821492947269,8.332967758178711,3.5924911499023438,1317.6281495366006,556.9451825480745,1,738.6352330984687,567.6297634121854,1
1609,1609,53.63333333333333,53.79157090187073,53.79157090187073,1788009049391058,1788009049760861440,410303,410304,1788009049756022528,1788009049764355328,0.5806986924551515,8.332967758178711,3.4940242767333984,1317.799326848171,556.7304855354689,1,738.8018811496204,567.2764274860677,1
1610,1610,53.666666666666664,53.82500886917114,53.82500886917114,1788009049424496,1788009049794300672,410307,410308,1788009049789354752,1788009049797688832,0.5934487197825776,8.333921432495117,3.3881664276123047,1318.0444967757708,556.0710131920455,1,738.6377366540233,567.2148753854,1
1611,1611,53.7,53.85843896865845,53.85843896865845,1788009049457926,1788009049827731712,410311,410312,1788009049822688000,1788009049831020800,0.6052646638054363,8.33272933959961,3.2892227172851562,1318.0852831096993,555.6086712583551,1,738.0148920766846,566.6386774083514,1
1612,1612,53.733333333333334,53.89187693595886,53.89187693595886,1788009049491364,1788009049861170688,410315,410316,1788009049856020480,1788009049864353280,0.6180829756795422,8.33272933959961,3.1824111938476562,1318.275829144608,555.0696659528387,1,737.4455404812982,566.3994205086011,1
1613,1613,53.766666666666666,53.925312995910645,53.925312995910645,1788009049524800,1788009049894608384,410319,410320,1788009049889352448,1788009049897685504,0.630711567623244,8.332967758178711,3.077268600463867,1318.592421777169,554.5965856586304,1,737.0638751233439,566.6954770840127,1
1614,1614,53.8,53.958741903305054,53.958741903305054,1788009049558229,1788009049928038400,410323,410324,1788009049922684928,1788009049931017984,0.6424422763297187,8.332967758178711,2.9795169830322266,1318.7814935616836,553.5900342389317,1,736.6504459051846,566.7995531617877,1
1615,1615,53.833333333333336,53.992172956466675,53.992172956466675,1788009049591660,1788009049961470720,410327,410328,1788009049956017152,1788009049964351232,0.6543556000572164,8.333921432495117,2.880573272705078,1318.9581199343038,553.8949151899294,1,736.4511325841291,567.2836568342782,1
1616,1616,53.86666666666667,54.025601863861084,54.025601863861084,1788009049625089,1788009049994900736,410331,410332,1788009049989350656,1788009049997683200,0.666065808297568,8.33272933959961,2.782583236694336,1319.159117420084,553.9071520387087,1,736.5698636992315,567.1887540644271,1
1617,1617,53.9,54.059037923812866,54.059037923812866,1788009049658525,1788009050028337920,410335,410336,1788009050022682880,1788009050031015680,0.6786552217453505,8.33272933959961,2.6776790618896484,1319.696539587259,553.7665095749834,1,736.2660587556197,567.1441588339783,1
1618,1618,53.93333333333333,54.09246802330017,54.09246802330017,1788009049691955,1788009050061768960,410339,410340,1788009050056015360,1788009050064348928,0.6904216970876008,8.333683013916016,2.579927444458008,1320.2953445554203,553.2685353930594,1,735.5179269123587,565.8199644176242,1
1619,1619,53.96666666666667,54.12589693069458,54.12589693069458,1788009049725384,1788009050095199232,410343,410344,1788009050089348608,1788009050097681408,0.7021173104434907,8.33272933959961,2.482175827026367,1320.6609690735922,553.0952320364161,1,735.0812281556321,565.6268923979803,1
1620,1620,54.0,54.15933585166931,54.15933585166931,1788009049758823,1788009050128639488,410347,410348,1788009050122680576,1788009050131014656,0.7150050064368474,8.333921432495117,2.3751258850097656,1320.87681244233,552.9548320372731,1,734.8603139058835,565.5458039837024,1
1621,1621,54.03333333333333,54.1927649974823,54.1927649974823,1788009049792252,1788009050162069760,410351,410352,1788009050156014080,1788009050164346880,0.7267317101084375,8.332967758178711,2.2771358489990234,1321.1452990179735,552.2058051276143,1,734.7107069770298,565.3086883494755,1
1622,1622,54.06666666666667,54.22619390487671,54.22619390487671,1788009049825681,1788009050195499776,410355,410356,1788009050189346304,1788009050197679104,0.7384549356223176,8.33272933959961,2.179384231567383,1321.2981556945792,551.4900207835757,1,734.465418671714,564.3036658331007,1
1623,1623,54.1,54.259631872177124,54.259631872177124,1788009049859119,1788009050228938496,410359,410360,1788009050222678784,1788009050231012352,0.751158665674887,8.333683013916016,2.0737648010253906,1321.6996271727398,551.1233129201228,1,734.0354876980894,563.2088291621968,1
1624,1624,54.13333333333333,54.29306101799011,54.29306101799011,1788009049892548,1788009050262368768,410363,410364,1788009050256012032,1788009050264344576,0.7628612303290415,8.33272933959961,1.97601318359375,1321.8988325431014,550.7837341642479,1,733.8261291744001,563.0398982637416,1
1625,1625,54.166666666666664,54.32649087905884,54.32649087905884,1788009049925978,1788009050295799808,410367,410368,1788009050289344256,1788009050297677056,0.7747067238912733,8.33272933959961,1.8773078918457031,1322.114508986148,550.7593013510525,1,733.6801017583316,563.3060517682017,1
1626,1626,54.2,54.35991883277893,54.35991883277893,1788009049959406,1788009050329228800,410371,410372,1788009050322676480,1788009050331010304,0.7862394507223573,8.333921432495117,1.781463623046875,1321.9618048037767,550.7850463275968,1,733.5044996412123,563.0660975076734,1
1627,1627,54.233333333333334,54.39334797859192,54.39334797859192,1788009049992835,1788009050362658816,410375,410376,1788009050356009728,1788009050364342784,0.7979170839174845,8.332967758178711,1.683950424194336,1322.0507483278836,550.6208876864252,1,733.1943212923096,562.3305915621827,1
1628,1628,54.266666666666666,54.42678689956665,54.42678689956665,1788009050026274,1788009050396098560,410379,410380,1788009050389341952,1788009050397675008,0.8108208634946067,8.332967758178711,1.5764236450195312,1322.5552775758633,550.2322645228907,1,733.0843216047753,561.7508516519266,1
1629,1629,54.3,54.460216999053955,54.460216999053955,1788009050059704,1788009050429529344,410383,410384,1788009050422674432,1788009050431008256,0.8225432699184666,8.333921432495117,1.4789104461669922,1322.3302146992019,550.1525608960719,1,733.3373064048415,562.5896096352537,1
1630,1630,54.333333333333336,54.493654012680054,54.493654012680054,1788009050093141,1788009050462967552,410387,410388,1788009050456007680,1788009050464340480,0.8352503576537911,8.33272933959961,1.3728141784667969,1322.221189153915,549.8053619093895,1,733.5224562549917,562.8923883940715,1
1631,1631,54.36666666666667,54.52708387374878,54.52708387374878,1788009050126571,1788009050496398592,410391,410392,1788009050489340160,1788009050497672704,0.8470958512160229,8.33272933959961,1.27410888671875,1322.3451555167235,549.524536845357,1,733.4382288948611,562.3836093617434,1
1632,1632,54.4,54.560513973236084,54.560513973236084,1788009050160001,1788009050529829888,410395,410396,1788009050522672128,1788009050531006208,0.8588756973251324,8.333921432495117,1.1761188507080078,1322.382707095705,548.8932571960762,1,733.6959369148232,562.196622304334,1
1633,1633,54.43333333333333,54.593950033187866,54.593950033187866,1788009050193437,1788009050563267328,410399,410400,1788009050556005376,1788009050564338432,0.8714485994678264,8.332967758178711,1.0712146759033203,1322.5611394483867,548.5089809485082,1,733.6550963159209,561.6103784742213,1
1634,1634,54.46666666666667,54.62737798690796,54.62737798690796,1788009050226865,1788009050596696064,410403,410404,1788009050589337856,1788009050597671680,0.8829352024030896,8.333921432495117,0.9756088256835938,1322.6902316160017,548.2529126725278,1,733.8407440599186,561.1194760700408,1
1635,1635,54.5,54.660815954208374,54.660815954208374,1788009050260303,1788009050630135040,410407,410408,1788009050622671104,1788009050631004160,0.8957111384509743,8.332967758178711,0.8690357208251953,1322.4775995802268,548.1607009816988,1,733.8546552187192,561.0799903451554,1
1636,1636,54.53333333333333,54.69424486160278,54.69424486160278,1788009050293732,1788009050663565056,410411,410412,1788009050656003584,1788009050664336128,0.9074678111587983,8.33272933959961,0.7710456848144531,1322.6152749941812,548.0572995880824,1,733.5080614870496,560.7961013606025,1
1637,1637,54.56666666666667,54.72767496109009,54.72767496109009,1788009050327162,1788009050696996352,410415,410416,1788009050689335808,1788009050697669632,0.919236711106025,8.333683013916016,0.6730556488037109,1322.9721071818406,547.5456933918578,1,733.482229103937,560.603430003106,1
1638,1638,54.6,54.76110601425171,54.76110601425171,1788009050360593,1788009050730428672,410419,410420,1788009050722669056,1788009050731001856,0.9312160228898426,8.33272933959961,0.5731582641601562,1323.3335676150105,547.0269877053372,1,733.1671067744958,560.4395398831274,1
1639,1639,54.63333333333333,54.79454302787781,54.79454302787781,1788009050394030,1788009050763866880,410423,410424,1788009050756001536,1788009050764334080,0.9439198855507869,8.33272933959961,0.4673004150390625,1323.2946659630052,547.1556410869459,1,732.8545228738715,560.5751562454916,1
1640,1640,54.666666666666664,54.82797288894653,54.82797288894653,1788009050427460,1788009050797297664,410427,410428,1788009050789333504,1788009050797667584,0.9556286654269776,8.333921432495117,0.36978721618652344,1323.5096737191711,547.2644104139222,1,733.0994850892625,560.972503122526,1
1641,1641,54.7,54.86140990257263,54.86140990257263,1788009050460897,1788009050830735872,410431,410432,1788009050822667008,1788009050830999808,0.9683270864925181,8.332967758178711,0.2639293670654297,1324.506981692424,548.104852537687,1,733.401310468154,561.7167158664773,1
1642,1642,54.733333333333334,54.89484095573425,54.89484095573425,1788009050494328,1788009050864168448,410435,410436,1788009050855999232,1788009050864332032,0.9803719599427754,8.33272933959961,0.16355514526367188,1324.6620534573294,549.5625072266994,1,734.1011412256278,563.5867278687068,1
1643,1643,54.766666666666666,54.92827486991882,54.92827486991882,1788009050527762,1788009050897603840,410439,410440,1788009050889331456,1788009050897664256,0.9927324749642347,8.33272933959961,0.060558319091796875,1323.14003727334,550.2902149805493,1,735.421901113074,564.4544498038643,1
1644,1644,54.8,54.96170496940613,54.96170496940613,1788009050561192,1788009050931034880,410444,410445,1788009050930996736,1788009050939330560,0.004577313689028751,8.333921432495117,0.03814697265625,1321.971774675902,551.0205146202167,1,736.4666304141119,564.7520269510054,1
1645,1645,54.833333333333336,54.99513483047485,54.99513483047485,1788009050594622,1788009050964465664,410448,410449,1788009050964329984,1788009050972662784,0.016280400572246067,8.33272933959961,0.13566017150878906,1321.1318962515122,551.6525193088162,1,737.3456244634185,564.4380599726372,1
1646,1646,54.86666666666667,55.02856492996216,55.02856492996216,1788009050628052,1788009050997896960,410452,410453,1788009050997662208,1788009051005995008,0.02815450643776824,8.33272933959961,0.2346038818359375,1321.002319123789,552.9815726776235,1,738.419036534034,565.6668455640911,1
1647,1647,54.9,55.06200194358826,55.06200194358826,1788009050661489,1788009051031335424,410456,410457,1788009051030994688,1788009051039328256,0.04088230245465469,8.333683013916016,0.3407001495361328,1320.6610691333765,553.6482849027398,1,739.4826797055092,567.6041102913995,1
1648,1648,54.93333333333333,55.09543204307556,55.09543204307556,1788009050694919,1788009051064766720,410460,410461,1788009051064327936,1788009051072660736,0.05264663805436338,8.33272933959961,0.438690185546875,1320.5629164641766,552.6793552713693,1,740.9792923615859,569.1986177647852,1
1649,1649,54.96666666666667,55.12886095046997,55.12886095046997,1788009050728348,1788009051098196480,410464,410465,1788009051097660160,1788009051105992960,0.0643758404623616,8.332967758178711,0.5364418029785156,1320.2167370756194,553.3501029574695,1,741.8945682864489,570.6252027481598,1
1650,1650,55.0,55.162291049957275,55.162291049957275,1788009050761778,1788009051131627776,410468,410469,1788009051130992384,1788009051139326208,0.07624088113288514,8.333921432495117,0.6353855133056641,1320.1475567179289,553.4824589054684,1,742.5053467372813,571.4886551473553,1
1651,1651,55.03333333333333,55.195720911026,55.195720911026,1788009050795208,1788009051165058816,410472,410473,1788009051164325632,1788009051172658432,0.08798283261802575,8.33272933959961,0.7331371307373047,1319.941738724852,553.3754821552243,1,742.6699520319904,570.4511448381843,1
1652,1652,55.06666666666667,55.229148864746094,55.229148864746094,1788009050828636,1788009051198487808,410476,410477,1788009051197658112,1788009051205991680,0.09955942095325285,8.333683013916016,0.8296966552734375,1319.7551584637508,553.8388414110415,1,742.7528502441198,569.9038209741395,1
1653,1653,55.1,55.262579917907715,55.262579917907715,1788009050862067,1788009051231920128,410480,410481,1788009051230991360,1788009051239324160,0.11144492131616596,8.33272933959961,0.9286403656005859,1320.4894103235476,556.1732993223258,1,742.6092177608639,569.1808615447322,1
1654,1654,55.13333333333333,55.29601693153381,55.29601693153381,1788009050895504,1788009051265358336,410484,410485,1788009051264323584,1788009051272656384,0.12414878397711016,8.33272933959961,1.0344982147216797,1320.118520852312,555.4384051265259,1,742.0429032649365,567.8693564957869,1
1655,1655,55.166666666666664,55.32944583892822,55.32944583892822,1788009050928933,1788009051298788352,410488,410489,1788009051297655808,1788009051305989632,0.13588900014304106,8.333921432495117,1.1324882507324219,1320.7940866512913,555.551179674699,1,741.7780364061788,566.8959700540134,1
1656,1656,55.2,55.362876892089844,55.362876892089844,1788009050962364,1788009051332220672,410492,410493,1788009051330989056,1788009051339322112,0.14777831821693227,8.332967758178711,1.2314319610595703,1321.0539807183443,556.5038618289168,1,741.654234480145,566.6017384882435,1
1657,1657,55.233333333333334,55.39629793167114,55.39629793167114,1788009050995785,1788009051365642496,410496,410497,1788009051364321536,1788009051372654336,0.15853623644530915,8.332967758178711,1.3210773468017578,1320.9531891125093,557.6548024341263,1,741.5922368812439,567.0331004600412,1
1658,1658,55.266666666666666,55.42972803115845,55.42972803115845,1788009051029215,1788009051399073536,410500,410501,1788009051397653760,1788009051405987840,0.17036189386353884,8.333921432495117,1.4197826385498047,1321.0440995647352,555.8112085258978,1,741.6514227002559,567.7201597731083,1
1659,1659,55.3,55.46315789222717,55.46315789222717,1788009051062645,1788009051432504576,410504,410505,1788009051430987008,1788009051439319808,0.1821173104434907,8.33272933959961,1.5175342559814453,1320.9740785182717,555.1186517599839,1,741.5826945979732,568.3698318963271,1
1660,1660,55.333333333333336,55.49658703804016,55.49658703804016,1788009051096074,1788009051465935104,410508,410509,1788009051464319488,1788009051472652288,0.19390557939914163,8.33272933959961,1.615762710571289,1321.2934753568843,559.3283645272737,1,741.3977469657905,568.4509160074194,1
1661,1661,55.36666666666667,55.53001594543457,55.53001594543457,1788009051129503,1788009051499365376,410512,410513,1788009051497651456,1788009051505985536,0.20563581747961665,8.333921432495117,1.7137527465820312,1321.1008227181087,561.038318305341,1,741.6037610449048,568.7938045631616,1
1662,1662,55.4,55.563446044921875,55.563446044921875,1788009051162933,1788009051532796416,410516,410517,1788009051530984960,1788009051539317760,0.21739006037023262,8.332967758178711,1.8115043640136719,1320.9857843762707,561.5276019787639,1,741.7063760999176,568.8686003596401,1
1663,1663,55.43333333333333,55.5968759059906,55.5968759059906,1788009051196363,1788009051566227456,410520,410521,1788009051564317184,1788009051572650240,0.22923521501530714,8.332967758178711,1.9102096557617188,1321.1445846033903,561.3374187206297,1,741.9428999118471,569.6394570783984,1
1664,1664,55.46666666666667,55.6303129196167,55.6303129196167,1788009051229800,1788009051599665664,410524,410525,1788009051597650432,1788009051605983488,0.2418242682612801,8.332967758178711,2.0151138305664062,1321.09644563384,560.9510953838375,1,742.1176191515028,569.2805936064636,1
1665,1665,55.5,55.66374182701111,55.66374182701111,1788009051263229,1788009051633095424,410528,410529,1788009051630982912,1788009051639315712,0.2535336194563662,8.33272933959961,2.1126270294189453,1321.0696559851922,561.772991080971,1,742.1030208521152,568.7069983678492,1
1666,1666,55.53333333333333,55.69717192649841,55.69717192649841,1788009051296659,1788009051666526720,410532,410533,1788009051664315136,1788009051672648960,0.26537735309263605,8.333683013916016,2.2115707397460938,1321.1926880945923,561.8929027016885,1,742.0081634018567,568.5845368684095,1
1667,1667,55.56666666666667,55.73060202598572,55.73060202598572,1788009051330089,1788009051699958016,410536,410537,1788009051697648640,1788009051705981184,0.27716738197424895,8.33272933959961,2.309560775756836,1321.604988722326,562.7001010459092,1,742.1040252994129,569.3366668205857,1
1668,1668,55.6,55.76403284072876,55.76403284072876,1788009051363520,1788009051733389568,410540,410541,1788009051730980864,1788009051739313664,0.2890701001430615,8.33272933959961,2.408742904663086,1321.8723804780489,562.5691257301651,1,742.3970998241384,569.1974490275085,1
1669,1669,55.63333333333333,55.79746198654175,55.79746198654175,1788009051396949,1788009051766819584,410544,410545,1788009051764313088,1788009051772646912,0.3007581175797454,8.333921432495117,2.5064945220947266,1321.7267957066197,562.7425604608414,1,742.4382694455361,568.6667013426788,1
1670,1670,55.666666666666664,55.83089089393616,55.83089089393616,1788009051430378,1788009051800249088,410548,410549,1788009051797646336,1788009051805979136,0.3123515779233784,8.332967758178711,2.602815628051758,1321.9728032608361,563.7211677892548,1,742.5092467865887,568.1704420032922,1
1671,1671,55.7,55.86432886123657,55.86432886123657,1788009051463816,1788009051833688576,410552,410553,1788009051830978560,1788009051839311360,0.32520743919885553,8.33272933959961,2.7098655700683594,1321.8063199097376,563.7635009238563,1,742.4523981225755,568.0902161360392,1
1672,1672,55.733333333333334,55.89775800704956,55.89775800704956,1788009051497245,1788009051867119104,410556,410557,1788009051864311040,1788009051872643584,0.3369957081545064,8.33272933959961,2.808094024658203,1321.5011828866704,563.2889892745646,1,742.5109962208078,568.4250742517495,1
1673,1673,55.766666666666666,55.93118691444397,55.93118691444397,1788009051530674,1788009051900548864,410560,410561,1788009051897643264,1788009051905976064,0.3486981402002861,8.33272933959961,2.905607223510742,1321.7234325254553,563.2144756051316,1,742.5512208640095,568.8092028321046,1
1674,1674,55.8,55.964617013931274,55.964617013931274,1788009051564104,1788009051933980160,410564,410565,1788009051930975488,1788009051939309312,0.36054927764268346,8.333921432495117,3.004789352416992,1321.9644115794345,563.4287854560698,1,742.5523932018414,568.6707875085328,1
1675,1675,55.833333333333336,55.998045921325684,55.998045921325684,1788009051597533,1788009051967410432,410568,410569,1788009051964308736,1788009051972641792,0.37220680381104976,8.332967758178711,3.1015872955322266,1322.1735218715287,562.9922511743447,1,742.5523433193002,568.5417519074939,1
1676,1676,55.86666666666667,56.03147482872009,56.03147482872009,1788009051630962,1788009052000840448,410572,410573,1788009051997640960,1788009052005974016,0.38393751251752456,8.332967758178711,3.199338912963867,1322.1060145704096,562.396171524161,1,742.4916609027176,568.3759125403176,1
1677,1677,55.9,56.06491303443909,56.06491303443909,1788009051664400,1788009052034279936,410576,410577,1788009052030973440,1788009052039307264,0.396738663996567,8.333921432495117,3.3063888549804688,1321.9367837967409,562.0514495010061,1,742.3841229530855,568.1671964561111,1
1678,1678,55.93333333333333,56.09833598136902,56.09833598136902,1788009051697823,1788009052067703808,410580,410581,1788009052064306688,1788009052072639488,0.4076680972818312,8.33272933959961,3.3969879150390625,1321.9102907343072,562.1937933104655,1,742.2557130729722,567.5138650431367,1
1679,1679,55.96666666666667,56.13176488876343,56.13176488876343,1788009051731252,1788009052101133568,410584,410585,1788009052097639168,1788009052105971712,0.4193705293276109,8.33272933959961,3.4945011138916016,1321.6867853372937,561.2340806802242,1,742.1501536425915,567.0752184786494,1
1680,1680,56.0,56.16519498825073,56.16519498825073,1788009051764682,1788009052134564864,410588,410589,1788009052130971392,1788009052139305216,0.4311952852320192,8.333683013916016,3.59344482421875,1321.8165363154883,561.1918947481481,1,742.1403869903841,566.8300604004797,1
1681,1681,56.03333333333333,56.19862389564514,56.19862389564514,1788009051798111,1788009052167994880,410592,410593,1788009052164304384,1788009052172637440,0.44287717089639783,8.332967758178711,3.690481185913086,1321.9227589709985,561.2810701454125,1,742.0912249262517,566.4059877932873,1
1682,1682,56.06666666666667,56.23206090927124,56.23206090927124,1788009051831548,1788009052201433344,410596,410597,1788009052197636864,1788009052205969920,0.4556092815656204,8.332967758178711,3.7965774536132812,1321.7717535338934,561.0357798195552,1,742.2679329289472,567.451378385856,1
1683,1683,56.1,56.26549196243286,56.26549196243286,1788009051864979,1788009052234865664,410600,410601,1788009052230970112,1788009052239303168,0.46748304769534493,8.332967758178711,3.8955211639404297,1321.8608117524764,560.1978106393178,1,742.5050359039146,568.5801209944129,1
1684,1684,56.13333333333333,56.29892086982727,56.29892086982727,1788009051898408,1788009052268295424,410604,410605,1788009052264302592,1788009052272635136,0.4791988555078684,8.33272933959961,3.9930343627929688,1321.859649512037,559.7730762956581,1,742.6209339394516,568.4694807716372,1
1685,1685,56.166666666666664,56.33234882354736,56.33234882354736,1788009051931836,1788009052301724416,410608,410609,1788009052297634816,1788009052305968640,0.490730674600904,8.333683013916016,4.089593887329102,1321.6572733974217,559.5797905562086,1,742.4163639306953,567.6656346223014,1
1686,1686,56.2,56.3657808303833,56.3657808303833,1788009051965268,1788009052335157760,410612,410613,1788009052330968064,1788009052339300864,0.5027753934191702,8.33272933959961,4.143238067626953,1321.636867487821,559.4485112195583,1,742.0436849406027,566.5425779231516,1
1687,1687,56.233333333333334,56.399210929870605,56.399210929870605,1788009051998698,1788009052368588800,410616,410617,1788009052364300544,1788009052372633344,0.514620886981402,8.33272933959961,4.044532775878906,1321.6417589631058,560.3411523886231,1,742.0210950759249,566.4379594430377,1
1688,1688,56.266666666666666,56.43264603614807,56.43264603614807,1788009052032133,1788009052402024960,410620,410621,1788009052397632512,1788009052405966592,0.5270490630811043,8.333921432495117,3.9415359497070312,1321.6285166517728,559.3597423072812,1,741.8749725525311,566.7254710314783,1
1689,1689,56.3,56.46607685089111,56.46607685089111,1788009052065564,1788009052435457280,410624,410625,1788009052430966016,1788009052439298816,0.5389831478355411,8.332967758178711,3.8416385650634766,1321.2404225832938,559.2115327150364,1,741.4391854727085,565.9122920029413,1
1690,1690,56.333333333333336,56.4995059967041,56.4995059967041,1788009052098993,1788009052468887552,410628,410629,1788009052464298240,1788009052472631040,0.550758226037196,8.33272933959961,3.743410110473633,1320.9785035945697,559.6627349680844,1,741.2246178510055,565.2594895237798,1
1691,1691,56.36666666666667,56.5329430103302,56.5329430103302,1788009052132430,1788009052502325760,410632,410633,1788009052497630720,1788009052505964288,0.5633976082851748,8.333683013916016,3.6385059356689453,1320.6489977656172,559.633046359983,1,741.2276814208305,564.8324192986886,1
1692,1692,56.4,56.56637382507324,56.56637382507324,1788009052165861,1788009052535757824,410636,410637,1788009052530963968,1788009052539296512,0.5753075822603719,8.33272933959961,3.538846969604492,1320.4814175705774,559.5802459627494,1,741.2414641322958,565.5065388471719,1
1693,1693,56.43333333333333,56.599802017211914,56.599802017211914,1788009052199289,1788009052569186816,410640,410641,1788009052564296192,1788009052572628992,0.5869241773962804,8.33272933959961,3.442049026489258,1320.708250948418,559.8238629512391,1,741.5612534287433,566.465132621488,1
1694,1694,56.46666666666667,56.6332368850708,56.6332368850708,1788009052232724,1788009052602622976,410644,410645,1788009052597628416,1788009052605962240,0.5993134029466457,8.333921432495117,3.3392906188964844,1320.8067378199262,559.7898075572058,1,741.6380201323839,566.917188061022,1
1695,1695,56.5,56.666669845581055,56.666669845581055,1788009052266157,1788009052636057344,410648,410649,1788009052630961664,1788009052639294720,0.6115132614231352,8.332967758178711,3.2372474670410156,1320.9246752925037,559.7744277870784,1,741.5948429111619,567.170830213018,1
1696,1696,56.53333333333333,56.70009899139404,56.70009899139404,1788009052299586,1788009052669487616,410652,410653,1788009052664293888,1788009052672627968,0.6232012587612645,8.333921432495117,3.1402111053466797,1320.9739924108667,558.8641371649792,1,741.3955791546764,566.9744281536503,1
1697,1697,56.56666666666667,56.733526945114136,56.733526945114136,1788009052333014,1788009052702916608,410656,410657,1788009052697627392,1788009052705960192,0.6347457869588853,8.332967758178711,3.043651580810547,1320.8329581615578,557.8897738883711,1,740.9623290175889,566.4592455217547,1
1698,1698,56.6,56.76695799827576,56.76695799827576,1788009052366445,1788009052736348928,410660,410661,1788009052730959616,1788009052739292416,0.6467525035765379,8.33272933959961,2.9435157775878906,1321.0642979300571,558.7923424250978,1,740.7725089208894,566.0146912475012,1
1699,1699,56.63333333333333,56.800395011901855,56.800395011901855,1788009052399882,1788009052769786624,410664,410665,1788009052764292096,1788009052772625664,0.6593236825542141,8.333683013916016,2.8390884399414062,1321.4479384200758,559.0829431836343,1,740.7520503646616,565.8497078184598,1
1700,1700,56.666666666666664,56.833823919296265,56.833823919296265,1788009052433311,1788009052803216384,410668,410669,1788009052797625344,1788009052805958144,0.6709871244635193,8.33272933959961,2.741575241088867,1321.8001439054856,558.8383632280261,1,740.6545794351448,565.8059791187706,1
1701,1701,56.7,56.867252826690674,56.867252826690674,1788009052466740,1788009052836646144,410672,410673,1788009052830957312,1788009052839290368,0.6826700237475323,8.332967758178711,2.6443004608154297,1322.0352231177408,558.906127387526,1,740.7082128194269,566.2212761458744,1
1702,1702,56.733333333333334,56.90068292617798,56.90068292617798,1788009052500170,1788009052870077440,410676,410677,1788009052864289792,1788009052872622848,0.6945437898772567,8.332967758178711,2.5453567504882812,1322.2072551487895,559.7925301371903,1,740.8982503005741,566.6370237757998,1
1703,1703,56.766666666666666,56.93411183357239,56.93411183357239,1788009052533599,1788009052903507200,410680,410681,1788009052897622016,1788009052905954816,0.7062660944206008,8.33272933959961,2.4476051330566406,1322.1966226016593,559.208916091047,1,741.1852809119277,567.415184625928,1
1704,1704,56.8,56.967543840408325,56.967543840408325,1788009052567031,1788009052936940544,410684,410685,1788009052930954496,1788009052939288064,0.7182868913429078,8.333683013916016,2.347707748413086,1322.056151906223,559.1367558266447,1,741.5518616204437,568.3307628391927,1
1705,1705,56.833333333333336,57.000980854034424,57.000980854034424,1788009052600468,1788009052970378752,410688,410689,1788009052964287744,1788009052972620544,0.7309585121602289,8.33272933959961,2.241849899291992,1321.9218608332212,559.2397014228205,1,741.5999149476322,568.9339030391076,1
1706,1706,56.86666666666667,57.03440999984741,57.03440999984741,1788009052633897,1788009053003809024,410692,410693,1788009052997620224,1788009053005952768,0.7427181688125895,8.33272933959961,2.14385986328125,1322.7143838753032,560.7895799766549,1,741.6145894145968,569.1050418377662,1
1707,1707,56.9,57.06784701347351,57.06784701347351,1788009052667334,1788009053037247232,410696,410697,1788009053030952192,1788009053039286016,0.7553425833214132,8.333921432495117,2.0389556884765625,1322.8801303233863,561.1505287887122,1,741.6136810163965,569.3422589371121,1
1708,1708,56.93333333333333,57.101276874542236,57.101276874542236,1788009052700764,1788009053070678016,410700,410701,1788009053064285440,1788009053072618496,0.7671311264341507,8.332967758178711,1.9404888153076172,1322.907669901621,561.179390546431,1,741.4276342590226,569.1458812266759,1
1709,1709,56.96666666666667,57.13471293449402,57.13471293449402,1788009052734200,1788009053104114944,410704,410705,1788009053097617920,1788009053105950720,0.7796915681954737,8.332967758178711,1.8358230590820312,1322.7811642266581,561.5127708463242,1,741.2776998051418,568.9588531801248,1
1710,1710,57.0,57.16814184188843,57.16814184188843,1788009052767629,1788009053137545216,410708,410709,1788009053130950144,1788009053139283968,0.7913543514333123,8.333683013916016,1.7387866973876953,1322.7788642892392,560.3747667627075,1,741.2884546111023,569.2070229354567,1
1711,1711,57.03333333333333,57.20158004760742,57.20158004760742,1788009052801067,1788009053170984704,410712,410713,1788009053164283392,1788009053172616192,0.804206008583691,8.33272933959961,1.6314983367919922,1323.1339560272775,560.514070769263,1,741.3217552186507,569.5065594934815,1
1712,1712,57.06666666666667,57.23501491546631,57.23501491546631,1788009052834502,1788009053204420864,410716,410717,1788009053197615872,1788009053205948672,0.8166523605150214,8.33272933959961,1.5277862548828125,1323.1753948339272,561.2254348430168,1,741.2945727734452,569.6399709991823,1
1713,1713,57.1,57.268446922302246,57.268446922302246,1788009052867934,1788009053237853952,410720,410721,1788009053230948096,1788009053239281920,0.8286654269775425,8.333921432495117,1.4278888702392578,1322.982440910006,560.003096384384,1,741.2119888732955,569.6321793502104,1
1714,1714,57.13333333333333,57.30187702178955,57.30187702178955,1788009052901364,1788009053271285248,410724,410725,1788009053264281344,1788009053272614144,0.8405195845612429,8.332967758178711,1.3289451599121094,1322.7472981027026,560.697129892241,1,741.159334956699,569.6730210907432,1
1715,1715,57.166666666666664,57.33530592918396,57.33530592918396,1788009052934793,1788009053304715520,410728,410729,1788009053297613568,1788009053305947648,0.8521527678443713,8.333921432495117,1.232147216796875,1322.9131686177234,562.0233232811756,1,741.0870934858387,569.6543472199063,1
1716,1716,57.2,57.36874198913574,57.36874198913574,1788009052968229,1788009053338152704,410732,410733,1788009053330946816,1788009053339279872,0.8647249005750909,8.332967758178711,1.1272430419921875,1323.1373279981153,563.2771221135663,1,741.2068364399543,570.0543345621765,1
1717,1717,57.233333333333334,57.40217185020447,57.40217185020447,1788009053001659,1788009053371583744,410736,410737,1788009053364279296,1788009053372612096,0.8765951359084406,8.33272933959961,1.028299331665039,1323.0900119595815,563.5393814193576,1,741.4388241984528,570.4750767517847,1
1718,1718,57.266666666666666,57.43560194969177,57.43560194969177,1788009053035089,1788009053405015040,410740,410741,1788009053397611520,1788009053405945344,0.8883675688047148,8.333683013916016,0.9303092956542969,1322.8657691399087,562.8966655208392,1,741.5870977452753,571.0133728273781,1
1719,1719,57.3,57.46903085708618,57.46903085708618,1788009053068518,1788009053438444800,410744,410745,1788009053430945024,1788009053439277568,0.9000572246065808,8.33272933959961,0.8327960968017578,1322.8653380915607,563.1935105887375,1,741.6815728756361,571.503878893299,1
1720,1720,57.333333333333336,57.5024688243866,57.5024688243866,1788009053101956,1788009053471883776,410748,410749,1788009053464276992,1788009053472610048,0.9128494177562874,8.332967758178711,0.7262229919433594,1323.11880368428,563.2218913331665,1,741.7578397311571,571.6937995657678,1
1721,1721,57.36666666666667,57.535897970199585,57.535897970199585,1788009053135385,1788009053505313792,410752,410753,1788009053497609472,1788009053505943296,0.9244743241310256,8.333921432495117,0.629425048828125,1323.4405662817483,563.3335490411788,1,741.8066616808775,571.8897438881921,1
1722,1722,57.4,57.569326877593994,57.569326877593994,1788009053168814,1788009053538744064,410756,410757,1788009053530942720,1788009053539275520,0.9361963892306372,8.332967758178711,0.5316734313964844,1323.622457307965,563.7368658972384,1,741.929717895573,572.1001459810107,1
1723,1723,57.43333333333333,57.6027569770813,57.6027569770813,1788009053202244,1788009053572175360,410760,410761,1788009053564274944,1788009053572607744,0.9480972818311874,8.33272933959961,0.4324913024902344,1323.9142489862595,563.6588165927616,1,742.1487104859939,572.7561009065123,1
1724,1724,57.46666666666667,57.63618803024292,57.63618803024292,1788009053235675,1788009053605607424,410764,410765,1788009053597607424,1788009053605940992,0.9599759684156319,8.333683013916016,0.33354759216308594,1324.1008216977991,564.0881958596586,1,742.3100045418415,573.2741142288015,1
1725,1725,57.5,57.66962385177612,57.66962385177612,1788009053269111,1788009053639044608,410768,410769,1788009053630940672,1788009053639273472,0.9725321888412017,8.33272933959961,0.2288818359375,1323.946459738065,564.1938888911548,1,742.2973421128056,573.5482045374863,1
1726,1726,57.53333333333333,57.70305395126343,57.70305395126343,1788009053302541,1788009053672475904,410772,410773,1788009053664272896,1788009053672605696,0.9844062947067239,8.33272933959961,0.12993812561035156,1323.8672866705779,564.225056566856,1,742.2301682015864,573.3066985190685,1
1727,1727,57.56666666666667,57.73648285865784,57.73648285865784,1788009053335970,1788009053705905664,410776,410777,1788009053697606400,1788009053705938944,0.9959942775393419,8.33272933959961,0.03337860107421875,1323.6591502883193,564.3961116232202,1,742.2312538604511,573.401700002525,1
1728,1728,57.6,57.76992082595825,57.76992082595825,1788009053369408,1788009053739345152,410781,410782,1788009053739271424,1788009053747604992,0.008840189963952623,8.333683013916016,0.07367134094238281,1323.5013195953752,564.3815630057977,1,742.2584744477647,573.4763207382113,1
1729,1729,57.63333333333333,57.803349018096924,57.803349018096924,1788009053402836,1788009053772774400,410785,410786,1788009053772604672,1788009053780937472,0.020371959942775394,8.33272933959961,0.1697540283203125,1323.368495806707,564.3683710271167,1,742.2336798668518,573.3015711177212,1
1730,1730,57.666666666666664,57.83677887916565,57.83677887916565,1788009053436266,1788009053806205184,410789,410790,1788009053805936896,1788009053814269696,0.032216531715830735,8.332967758178711,0.2684593200683594,1323.4811769743762,564.7688376840205,1,742.1662372762053,573.16919499821,1
1731,1731,57.7,57.87020993232727,57.87020993232727,1788009053469697,1788009053839637248,410793,410794,1788009053839269120,1788009053847603200,0.04417107709912745,8.333921432495117,0.3681182861328125,1323.5443926599605,565.2667040387469,1,742.1036169884856,573.1762315000086,1
1732,1732,57.733333333333334,57.90363788604736,57.90363788604736,1788009053503125,1788009053873066496,410797,410798,1788009053872601600,1788009053880934144,0.055793991416309016,8.33272933959961,0.4649162292480469,1323.557850409174,565.3997014102595,1,742.0428982162116,573.3065618698768,1
1733,1733,57.766666666666666,57.93707585334778,57.93707585334778,1788009053536563,1788009053906505728,410801,410802,1788009053905933824,1788009053914267648,0.06863306059392345,8.333683013916016,0.5719661712646484,1323.6432472541428,565.4915033057586,1,741.9764689609558,573.2966986623884,1
1734,1734,57.8,57.970497846603394,57.970497846603394,1788009053569985,1788009053939928832,410805,410806,1788009053939267072,1788009053947599872,0.07939914163090128,8.33272933959961,0.6616115570068359,1323.6106640250769,565.5086137942444,1,741.9128990765523,573.3055760215483,1
1735,1735,57.833333333333336,58.00392699241638,58.00392699241638,1788009053603414,1788009053973359104,410809,410810,1788009053972599552,1788009053980932352,0.0911587982832618,8.33272933959961,0.7596015930175781,1323.6290001117034,565.3220434831651,1,741.8141502478277,573.2928276267145,1
1736,1736,57.86666666666667,58.03735685348511,58.03735685348511,1788009053636844,1788009054006789888,410813,410814,1788009054005931520,1788009054014265600,0.10298955800314691,8.333921432495117,0.858306884765625,1323.6411647586592,565.1476089372418,1,741.8574043094841,573.3453852336035,1
1737,1737,57.9,58.07078695297241,58.07078695297241,1788009053670274,1788009054040220672,410817,410818,1788009054039265024,1788009054047597824,0.11470344196160338,8.332967758178711,0.9558200836181641,1323.8812443777902,565.1326617045247,1,741.9837423410642,573.3867287800759,1
1738,1738,57.93333333333333,58.10422396659851,58.10422396659851,1788009053703711,1788009054073658624,410821,410822,1788009054072597248,1788009054080930304,0.12737832966152612,8.332967758178711,1.0614395141601562,1324.1389259397224,564.955908273156,1,741.9145044373937,573.160970860676,1
1739,1739,57.96666666666667,58.137653827667236,58.137653827667236,1788009053737141,1788009054107089664,410825,410826,1788009054105929728,1788009054114263296,0.13921153516049664,8.333683013916016,1.1601448059082031,1324.3530959056861,565.2710997105091,1,741.8399090631387,572.995314552137,1
1740,1740,58.0,58.171082973480225,58.171082973480225,1788009053770570,1788009054140520192,410829,410830,1788009054139262976,1788009054147595520,0.15087267525035766,8.33272933959961,1.257181167602539,1324.4805818680666,565.5482863996974,1,741.8947631414171,572.9570470861519,1
1741,1741,58.03333333333333,58.204511880874634,58.204511880874634,1788009053803999,1788009054173949952,410833,410834,1788009054172595200,1788009054180928000,0.16257510729613733,8.33272933959961,1.3546943664550781,1324.5804507159166,565.7223442272481,1,741.8826919723551,573.019999056815,1
1742,1742,58.06666666666667,58.23794198036194,58.23794198036194,1788009053837429,1788009054207381248,410837,410838,1788009054205927424,1788009054214261248,0.17445286797310827,8.333921432495117,1.4538764953613281,1324.6317624935575,565.8279738210891,1,741.9911765762865,573.0275475969337,1
1743,1743,58.1,58.27137899398804,58.27137899398804,1788009053870866,1788009054240819456,410841,410842,1788009054239260672,1788009054247593728,0.1870618866412978,8.332967758178711,1.5587806701660156,1324.7085676526544,565.8094757178583,1,742.0772053335203,573.0159817804013,1
1744,1744,58.13333333333333,58.30480885505676,58.30480885505676,1788009053904296,1788009054274250240,410845,410846,1788009054272592896,1788009054280925952,0.1988784298017224,8.332967758178711,1.657247543334961,1324.872451593947,565.877388019883,1,742.1150856003394,573.0612360869185,1
1745,1745,58.166666666666664,58.338239908218384,58.338239908218384,1788009053937727,1788009054307682304,410849,410850,1788009054305925376,1788009054314259200,0.21081390359033042,8.333921432495117,1.756906509399414,1324.9245345947838,565.6876105278672,1,742.155045825024,573.0740476650251,1
1746,1746,58.2,58.37167501449585,58.37167501449585,1788009053971162,1788009054341118464,410853,410854,1788009054339258624,1788009054347591424,0.22320457796852647,8.33272933959961,1.859903335571289,1324.9622424550162,565.3336464895309,1,742.2372302202325,573.0702289695533,1
1747,1747,58.233333333333334,58.405104875564575,58.405104875564575,1788009054004592,1788009054374549504,410857,410858,1788009054372591104,1788009054380924672,0.23502317331349773,8.333683013916016,1.958608627319336,1325.026421545335,565.235968776558,1,742.3246403626772,573.0870536141703,1
1748,1748,58.266666666666666,58.43854093551636,58.43854093551636,1788009054038028,1788009054407987200,410861,410862,1788009054405924352,1788009054414257152,0.24755364806866953,8.33272933959961,2.0627975463867188,1325.0811968469498,565.2486579221202,1,742.3905737073042,573.150469653754,1
1749,1749,58.3,58.47197890281677,58.47197890281677,1788009054071466,1788009054441426176,410865,410866,1788009054439256320,1788009054447589376,0.26039312179909013,8.332967758178711,2.1698474884033203,1325.133082910048,565.2550350582044,1,742.3964068470488,573.1769128159868,1
1750,1750,58.333333333333336,58.50540804862976,58.50540804862976,1788009054104895,1788009054474856704,410869,410870,1788009054472588800,1788009054480922624,0.27212129881275926,8.333921432495117,2.2678375244140625,1325.2316060994553,565.1257054178438,1,742.5051234283143,573.1805284666882,1
1751,1751,58.36666666666667,58.538846015930176,58.538846015930176,1788009054138333,1788009054508295424,410873,410874,1788009054505922048,1788009054514255104,0.28482732969013763,8.332967758178711,2.3734569549560547,1325.276722239596,565.0094097462053,1,742.5263591834355,573.2219513579116,1
1752,1752,58.4,58.572283029556274,58.572283029556274,1788009054171770,1788009054541733376,410877,410878,1788009054539254528,1788009054547587072,0.2975107296137339,8.33272933959961,2.479076385498047,1325.3223776878813,564.8979394508926,1,742.5012519244436,573.1865681727778,1
1753,1753,58.43333333333333,58.605712890625,58.605712890625,1788009054205200,1788009054575164672,410881,410882,1788009054572586752,1788009054580920576,0.30932082165131314,8.333683013916016,2.5777816772460938,1325.3100939460828,564.8253723474086,1,742.460110234089,573.0053098425227,1
1754,1754,58.46666666666667,58.63914203643799,58.63914203643799,1788009054238629,1788009054608594944,410885,410886,1788009054605920000,1788009054614252800,0.3210014306151645,8.33272933959961,2.6748180389404297,1325.1345436221122,564.8213451405862,1,742.4109987241665,572.7245079406754,1
1755,1755,58.5,58.67257905006409,58.67257905006409,1788009054272066,1788009054642033152,410889,410890,1788009054639252480,1788009054647585280,0.3337052932761087,8.33272933959961,2.7806758880615234,1325.0265440801957,564.7943732041881,1,742.3810510455612,572.6039407738406,1
1756,1756,58.53333333333333,58.70600891113281,58.70600891113281,1788009054305496,1788009054675464192,410893,410894,1788009054672584448,1788009054680918528,0.34552996710055783,8.333921432495117,2.879619598388672,1324.9441346730737,564.6979712034005,1,742.3682284086135,572.6996976190138,1
1757,1757,58.56666666666667,58.739444971084595,58.739444971084595,1788009054338932,1788009054708901376,410897,410898,1788009054705917952,1788009054714250752,0.3580441189093302,8.332967758178711,2.983570098876953,1324.9835936264549,564.4610188405802,1,742.3151175812121,572.7076494044564,1
1758,1758,58.6,58.77288293838501,58.77288293838501,1788009054372370,1788009054742340864,410901,410902,1788009054739250176,1788009054747584000,0.37084823344299817,8.333921432495117,3.0906200408935547,1325.043409942419,563.8624179437279,1,742.1689284038264,572.5823529171727,1
1759,1759,58.63333333333333,58.80631184577942,58.80631184577942,1788009054405799,1788009054775770624,410905,410906,1788009054772583424,1788009054780916224,0.38248927038626607,8.33272933959961,3.1871795654296875,1325.1525776592946,563.0083654236411,1,742.0910167548363,572.3628001609401,1
1760,1760,58.666666666666664,58.83975005149841,58.83975005149841,1788009054439237,1788009054809210112,410909,410910,1788009054805915904,1788009054814248448,0.39533619456366237,8.33272933959961,3.294229507446289,1325.2553710719292,562.5380974193765,1,742.1268964456486,572.3186326444223,1
1761,1761,58.7,58.87317991256714,58.87317991256714,1788009054472667,1788009054842641152,410913,410914,1788009054839248128,1788009054847581952,0.40713509183498314,8.333683013916016,3.392934799194336,1325.3514973238348,562.5540240440962,1,742.1928795428038,572.2967633168611,1
1762,1762,58.733333333333334,58.906615018844604,58.906615018844604,1788009054506102,1788009054876077312,410917,410918,1788009054872580352,1788009054880913152,0.4196732568452977,8.332967758178711,3.4971237182617188,1325.3824974706556,562.5554451414289,1,742.2213324101901,572.2064244997646,1
1763,1763,58.766666666666666,58.94004702568054,58.94004702568054,1788009054539534,1788009054909510656,410921,410922,1788009054905912576,1788009054914245632,0.43177591485222167,8.332967758178711,3.5979747772216797,1325.3301134795856,562.4795854702655,1,742.2598773838964,572.2741834654728,1
1764,1764,58.8,58.97348403930664,58.97348403930664,1788009054572971,1788009054942948864,410925,410926,1788009054939245056,1788009054947578880,0.4444285509941353,8.333921432495117,3.7038326263427734,1325.2987665962214,562.7714546153782,1,742.2238214346324,572.3358855071369,1
1765,1765,58.833333333333336,59.00691294670105,59.00691294670105,1788009054606400,1788009054976378880,410929,410930,1788009054972578304,1788009054980911104,0.4561087267525036,8.33272933959961,3.800630569458008,1325.2982875525358,562.8659550534476,1,742.1255858318171,572.2992499679249,1
1766,1766,58.86666666666667,59.04034900665283,59.04034900665283,1788009054639836,1788009055009816064,410933,410934,1788009055005910528,1788009055014244352,0.4686445042055273,8.333683013916016,3.9055347442626953,1325.2922778780098,562.6006932130899,1,742.0758078669202,572.2296691553892,1
1767,1767,58.9,59.07377886772156,59.07377886772156,1788009054673266,1788009055043247104,410937,410938,1788009055039244032,1788009055047576576,0.48042918454935624,8.33272933959961,4.003286361694336,1325.278481144424,562.4769790347071,1,742.0323292719086,572.0776602234826,1
1768,1768,58.93333333333333,59.10720896720886,59.10720896720886,1788009054706696,1788009055076678400,410941,410942,1788009055072576256,1788009055080909056,0.4923032904148784,8.33272933959961,4.102230072021484,1325.4235603408144,562.4505175535251,1,741.9767701314032,571.8151122140174,1
1769,1769,58.96666666666667,59.14064598083496,59.14064598083496,1788009054740133,1788009055110116352,410945,410946,1788009055105908480,1788009055114242304,0.5049063081104277,8.333921432495117,4.126071929931641,1325.698705120113,562.4780997670421,1,741.9214310786904,571.6345936704394,1
1770,1770,59.0,59.17407584190369,59.17407584190369,1788009054773563,1788009055143546880,410949,410950,1788009055139241728,1788009055147574784,0.5166375783239392,8.332967758178711,4.027843475341797,1325.836260798061,562.2357788446632,1,741.8226402152793,571.4431058364952,1
1771,1771,59.03333333333333,59.207512855529785,59.207512855529785,1788009054807000,1788009055176984576,410953,410954,1788009055172573952,1788009055180906752,0.5292989985693848,8.33272933959961,3.9222240447998047,1325.89306244095,562.2179584674803,1,741.8317778450796,571.390576014213,1
1772,1772,59.06666666666667,59.24094200134277,59.24094200134277,1788009054840429,1788009055210414592,410957,410958,1788009055205906432,1788009055214240000,0.5409681295416834,8.333683013916016,3.8254261016845703,1325.9436100324824,562.3821597737141,1,741.8241311758534,571.4175633798775,1
1773,1773,59.1,59.27437901496887,59.27437901496887,1788009054873866,1788009055243852800,410961,410962,1788009055239239680,1788009055247572480,0.5536194563662374,8.33272933959961,3.7195682525634766,1326.0389140301909,562.4390953370497,1,741.9008137935087,571.6958808532221,1
1774,1774,59.13333333333333,59.30780792236328,59.30780792236328,1788009054907295,1788009055277283072,410965,410966,1788009055272572160,1788009055280904704,0.5653505007153076,8.33272933959961,3.621816635131836,1326.0000182984727,562.3325265800025,1,742.0982498991627,572.334999183521,1
1775,1775,59.166666666666664,59.34124493598938,59.34124493598938,1788009054940732,1788009055310721280,410969,410970,1788009055305904128,1788009055314237952,0.578028894292662,8.333921432495117,3.516674041748047,1325.9889006836563,562.2096586159319,1,742.2697588603796,572.9060042599875,1
1776,1776,59.2,59.374675035476685,59.374675035476685,1788009054974162,1788009055344152576,410973,410974,1788009055339237376,1788009055347570432,0.5898257560584819,8.332967758178711,3.41796875,1326.0362703900933,562.2739523886116,1,742.3279064757819,573.1113076986849,1
1777,1777,59.233333333333334,59.4081130027771,59.4081130027771,1788009055007600,1788009055377591296,410977,410978,1788009055372569856,1788009055380903680,0.6025461307395222,8.333921432495117,3.312349319458008,1326.0576898516242,562.3639159631512,1,742.471934656674,573.2905281794162,1
1778,1778,59.266666666666666,59.441542863845825,59.441542863845825,1788009055041030,1788009055411022336,410981,410982,1788009055405903104,1788009055414236160,0.6143457984034791,8.332967758178711,3.213644027709961,1326.098853194128,562.4079396781697,1,742.5851076408867,573.1956727525278,1
1779,1779,59.3,59.47497296333313,59.47497296333313,1788009055074460,1788009055444453888,410985,410986,1788009055439235328,1788009055447568128,0.6262660944206009,8.33272933959961,3.1142234802246094,1326.1935026495844,562.5739131680101,1,742.6465354440546,573.1010414993767,1
1780,1780,59.333333333333336,59.50840997695923,59.50840997695923,1788009055107897,1788009055477892096,410989,410990,1788009055472567808,1788009055480901376,0.6388968358413916,8.333683013916016,3.009319305419922,1326.2675590261197,562.8291026793258,1,742.6856642092287,572.9626697333354,1
1781,1781,59.36666666666667,59.541839838027954,59.541839838027954,1788009055141327,1788009055511322880,410993,410994,1788009055505901056,1788009055514233856,0.6506723891273247,8.33272933959961,2.9108524322509766,1326.3233948315665,563.0646261007611,1,742.6934175724746,572.7042537402267,1
1782,1782,59.4,59.57527685165405,59.57527685165405,1788009055174764,1788009055544761088,410997,410998,1788009055539233280,1788009055547566080,0.6633858830934737,8.332967758178711,2.804994583129883,1326.3582191670348,563.0838100280153,1,742.5772977944116,572.2789568822421,1
1783,1783,59.43333333333333,59.60871195793152,59.60871195793152,1788009055208199,1788009055578197248,411001,411002,1788009055572565504,1788009055580899584,0.6757545415534258,8.333921432495117,2.7022361755371094,1326.2924365170695,562.9672521927396,1,742.3874533508325,571.9728936658396,1
1784,1784,59.46666666666667,59.64214301109314,59.64214301109314,1788009055241630,1788009055611629568,411005,411006,1788009055605898752,1788009055614231808,0.6877056450459215,8.332967758178711,2.6023387908935547,1326.2598971617033,562.9027987966997,1,742.3304740407809,571.9487443367942,1
1785,1785,59.5,59.67557883262634,59.67557883262634,1788009055275066,1788009055645066752,411009,411010,1788009055639231232,1788009055647564032,0.7003147353361946,8.33272933959961,2.4971961975097656,1326.2812826276636,562.8195429494964,1,742.3194185533873,571.9373922654785,1
1786,1786,59.53333333333333,59.70900893211365,59.70900893211365,1788009055308496,1788009055678497792,411013,411014,1788009055672563456,1788009055680897280,0.7120787320478343,8.333683013916016,2.399444580078125,1326.347190948991,562.8152949309786,1,742.3113431168686,571.9444365931017,1
1787,1787,59.56666666666667,59.74243903160095,59.74243903160095,1788009055341926,1788009055711929088,411017,411018,1788009055705896960,1788009055714229504,0.7239198855507868,8.33272933959961,2.3005008697509766,1326.4610091461884,562.7513096174508,1,742.3360006920157,572.142696628421,1
1788,1788,59.6,59.77587699890137,59.77587699890137,1788009055375364,1788009055745368320,411021,411022,1788009055739229184,1788009055747561984,0.7367381974248927,8.33272933959961,2.1936893463134766,1326.4825947790787,562.8281463724668,1,742.3432526976175,572.2761117008032,1
1789,1789,59.63333333333333,59.80930495262146,59.80930495262146,1788009055408792,1788009055778797056,411025,411026,1788009055772561408,1788009055780895232,0.7482477471034187,8.333921432495117,2.09808349609375,1326.587724425769,562.8140475132928,1,742.3433021128617,572.2941198327098,1
1790,1790,59.666666666666664,59.84273386001587,59.84273386001587,1788009055442221,1788009055812227328,411029,411030,1788009055805894656,1788009055814227456,0.7599496437870161,8.332967758178711,2.0003318786621094,1326.7888860641465,562.7135027693762,1,742.3859258033776,572.3216093726488,1
1791,1791,59.7,59.87616491317749,59.87616491317749,1788009055475652,1788009055845659392,411033,411034,1788009055839226880,1788009055847560960,0.7718495208124732,8.333921432495117,1.901388168334961,1326.8503268337724,562.5187918605608,1,742.4438421353034,572.579637594067,1
1792,1792,59.733333333333334,59.90960097312927,59.90960097312927,1788009055509088,1788009055879096832,411037,411038,1788009055872559360,1788009055880892160,0.784549356223176,8.33272933959961,1.7952919006347656,1326.8490355992026,562.4950829461187,1,742.600050822772,573.2601795335493,1
1793,1793,59.766666666666666,59.943030834198,59.943030834198,1788009055542518,1788009055912527872,411041,411042,1788009055905891584,1788009055914224384,0.7963948497854078,8.33272933959961,1.6965866088867188,1326.864285691692,562.9210845146247,1,742.7224374293194,573.8106012088416,1
1794,1794,59.8,59.97646188735962,59.97646188735962,1788009055575949,1788009055945959936,411045,411046,1788009055939223808,1788009055947557632,0.8082963810613646,8.333921432495117,1.5976428985595703,1326.9662430480312,562.9165280149905,1,742.6446162179037,574.2308637515878,1
1795,1795,59.833333333333336,60.00989103317261,60.00989103317261,1788009055609378,1788009055979390464,411049,411050,1788009055972557056,1788009055980890112,0.8200337615518869,8.332967758178711,1.4996528625488281,1327.036649809327,562.2798941149254,1,742.4164304428898,574.5132363368702,1
1796,1796,59.86666666666667,60.04332089424133,60.04332089424133,1788009055642808,1788009056012821504,411053,411054,1788009056005889536,1788009056014223360,0.8317837219281934,8.333921432495117,1.4019012451171875,1327.3288469594427,561.9494226372431,1,742.0617545008527,574.8182620547514,1
1797,1797,59.9,60.07675004005432,60.07675004005432,1788009055676237,1788009056046251520,411057,411058,1788009056039222784,1788009056047555584,0.8434951789648365,8.332967758178711,1.3041496276855469,1327.6466661892339,561.7902405650598,1,741.5560971306713,574.743024241129,1
1798,1798,59.93333333333333,60.11017990112305,60.11017990112305,1788009055709667,1788009056079682304,411061,411062,1788009056072555008,1788009056080887808,0.8553361945636624,8.33272933959961,1.2054443359375,1328.168476335235,561.70514059756,1,740.661056485078,574.6779857421225,1
1799,1799,59.96666666666667,60.143616914749146,60.143616914749146,1788009055743104,1788009056113120512,411065,411066,1788009056105887488,1788009056114221056,0.8679407220918922,8.333683013916016,1.1005401611328125,1328.6038601594735,560.7079425184306,1,739.8173744788204,574.4249829114531,1
1800,1800,60.0,60.177045822143555,60.177045822143555,1788009055776533,1788009056146550528,411069,411070,1788009056139220736,1788009056147553536,0.879656652360515,8.33272933959961,1.0027885437011719,1329.1632561258175,559.1681621867286,1,739.8701789215082,574.5213885287662,1
1801,1801,60.03333333333333,60.21047496795654,60.21047496795654,1788009055809962,1788009056179981312,411073,411074,1788009056172552704,1788009056180885760,0.8914480272381334,8.332967758178711,0.9045600891113281,1329.3989421955816,559.997319748271,1,740.4494439188779,576.008561421807,1
1802,1802,60.06666666666667,60.24391198158264,60.24391198158264,1788009055843399,1788009056213419264,411077,411078,1788009056205885184,1788009056214219008,0.9040194535831784,8.333921432495117,0.7998943328857422,1329.3612360894847,560.8563524844294,1,740.8326881381684,577.0791763531155,1
1803,1803,60.1,60.27734303474426,60.27734303474426,1788009055876830,1788009056246851072,411081,411082,1788009056239218432,1788009056247551488,0.9159394580984808,8.332967758178711,0.7004737854003906,1329.2594927185667,560.4936436221586,1,741.118596700038,577.9504468289012,1
1804,1804,60.13333333333333,60.31078004837036,60.31078004837036,1788009055910267,1788009056280288768,411085,411086,1788009056272550912,1788009056280883456,0.9286123032904149,8.33272933959961,0.5948543548583984,1329.0663329680988,560.0377240543712,1,741.3843216188786,578.8369873812119,1
