output_frame,source_video_frame,source_video_nominal_pts_s,source_bag_elapsed_s,matched_clip_bag_elapsed_s,rgb_device_timestamp_us,cmavatar_target_timestamp_ns,mocap_low_frame_counter,mocap_high_frame_counter,mocap_low_timestamp_ns,mocap_high_timestamp_ns,interpolation_alpha,bracket_span_ms,nearest_mocap_sample_delta_ms,left_wrist_rgb_x,left_wrist_rgb_y,left_wrist_inside_frame,right_wrist_rgb_x,right_wrist_rgb_y,right_wrist_inside_frame
0,3,0.1,0.10028982162475586,0.0,1788009099905171,1788009100276673280,416365,416366,1788009100271657472,1788009100279991296,0.601859533686168,8.333921432495117,3.3180713653564453,1354.3987085151052,597.1668193547276,1,734.1474075758534,605.5941454090328,1
1,4,0.13333333333333333,0.13371801376342773,0.033428192138671875,1788009099938599,1788009100310102784,416369,416370,1788009100304990720,1788009100313323520,0.6134763948497854,8.33272933959961,3.220796585083008,1354.1009162999162,596.6751763451688,1,734.1980449285275,605.1817997927959,1
2,5,0.16666666666666666,0.16714787483215332,0.06685805320739746,1788009099972029,1788009100343534080,416373,416374,1788009100338322944,1788009100346655744,0.6253612199937054,8.332967758178711,3.1218528747558594,1354.0806484342709,596.0887324476225,1,734.2561796469101,604.8610741558072,1
3,6,0.2,0.200577974319458,0.10028815269470215,1788009100005459,1788009100376965120,416377,416378,1788009100371655168,1788009100379988992,0.6371516850718086,8.333683013916016,3.023862838745117,1354.2799202235517,595.3960064819466,1,734.3390964847792,604.6511252805951,1
4,7,0.23333333333333334,0.2340087890625,0.13371896743774414,1788009100038890,1788009100410396928,416381,416382,1788009100404988416,1788009100413321216,0.6490414878397711,8.33272933959961,2.9244422912597656,1354.6307664217331,595.2446210070036,1,734.4493402493065,604.5655618357547,1
5,8,0.26666666666666666,0.2674369812011719,0.16714715957641602,1788009100072318,1788009100443826176,416385,416386,1788009100438320640,1788009100446653696,0.6606964035363795,8.332967758178711,2.8274059295654297,1355.1386467920715,594.9897766411889,1,734.6396287097658,604.3617399487151,1
6,9,0.3,0.30086779594421387,0.200577974319458,1788009100105749,1788009100477258240,416389,416390,1788009100471652864,1788009100479986688,0.6725982720146478,8.333683013916016,2.7284622192382812,1355.203945845497,594.1123793570913,1,734.893386941199,604.1551174825523,1
7,10,0.3333333333333333,0.33429694175720215,0.2340071201324463,1788009100139178,1788009100510688256,416393,416394,1788009100504986368,1788009100513318912,0.6842918454935623,8.33272933959961,2.6307106018066406,1355.405011287882,593.1201403890536,1,735.1205424380512,604.0541391457741,1
8,11,0.36666666666666664,0.36772584915161133,0.26743602752685547,1788009100172607,1788009100544118528,416397,416398,1788009100538318336,1788009100546652416,0.6959519382062652,8.333921432495117,2.5339126586914062,1355.4408735496277,592.5928766101064,1,735.2563353641594,603.895731236064,1
9,12,0.4,0.401155948638916,0.30086612701416016,1788009100206037,1788009100577549568,416401,416402,1788009100571651584,1788009100579984384,0.7078111587982833,8.33272933959961,2.4347305297851562,1355.6532672494554,592.6890837508985,1,735.4075467131953,603.74463628364,1
10,13,0.43333333333333335,0.43457698822021484,0.334287166595459,1788009100239458,1788009100610971904,416405,416406,1788009100604983808,1788009100613316864,0.718606048467855,8.332967758178711,2.344846725463867,1355.9851244282736,592.7308912221565,1,735.6723294217547,603.3685742961252,1
11,14,0.4666666666666667,0.4680140018463135,0.3677241802215576,1788009100272895,1788009100644410112,416409,416410,1788009100638316032,1788009100646649856,0.7312467814842364,8.333683013916016,2.239704132080078,1356.435024505187,592.9042591735306,1,735.9622572501739,603.2068402556487,1
12,15,0.5,0.501446008682251,0.4011561870574951,1788009100306327,1788009100677843456,416413,416414,1788009100671649536,1788009100679982080,0.7433190271816881,8.33272933959961,2.138853073120117,1356.8022051052526,593.2192214509487,1,736.1295517417973,603.1847955815854,1
13,16,0.5333333333333333,0.5348749160766602,0.4345850944519043,1788009100339756,1788009100711273216,416417,416418,1788009100704981504,1788009100713314560,0.7550284684272267,8.332967758178711,2.041339874267578,1357.093996652867,593.635332638251,1,736.2731799425892,603.1542258204644,1
14,17,0.5666666666666667,0.5683038234710693,0.4680140018463135,1788009100373185,1788009100744703232,416421,416422,1788009100738313984,1788009100746647552,0.7666933684270756,8.333683013916016,1.9443035125732422,1357.349777790309,593.7793579276362,1,736.3219320188289,603.0595284808796,1
15,18,0.6,0.6017348766326904,0.5014450550079346,1788009100406616,1788009100778135552,416425,416426,1788009100771647232,1788009100779980032,0.7786552217453505,8.33272933959961,1.8444061279296875,1357.6124397538683,593.5278445711323,1,736.33250744932,602.9456054367672,1
16,19,0.6333333333333333,0.6351640224456787,0.5348742008209229,1788009100440045,1788009100811565824,416429,416430,1788009100804979200,1788009100813312000,0.7904434907010014,8.33272933959961,1.7461776733398438,1357.9587115499708,593.3436309037643,1,736.2711589266902,602.9303296650131,1
17,20,0.6666666666666666,0.6685929298400879,0.568303108215332,1788009100473474,1788009100844996864,416433,416434,1788009100838311680,1788009100846645248,0.8021971734279338,8.333683013916016,1.6484260559082031,1358.1850072633172,593.2241934057217,1,736.2620422524996,602.8613870868385,1
18,21,0.7,0.7020218372344971,0.6017320156097412,1788009100506903,1788009100878426880,416437,416438,1788009100871643904,1788009100879976704,0.8139967382907499,8.332967758178711,1.5499591827392578,1358.554772573828,593.4027754548857,1,736.2501721839777,602.7692420441865,1
19,22,0.7333333333333333,0.7354519367218018,0.6351621150970459,1788009100540333,1788009100911857664,416441,416442,1788009100904976128,1788009100913309696,0.825742404302798,8.333683013916016,1.4522075653076172,1358.9702154582526,594.0224226008354,1,736.285344549721,602.8681556338811,1
20,23,0.7666666666666667,0.7688889503479004,0.6685991287231445,1788009100573770,1788009100945295616,416445,416446,1788009100938309376,1788009100946642176,0.8383977110157368,8.33272933959961,1.346588134765625,1359.2676752881557,594.2114514118109,1,736.3303520830881,602.9258648846369,1
21,24,0.8,0.802311897277832,0.7020220756530762,1788009100607193,1788009100978719232,416449,416450,1788009100971641600,1788009100979974144,0.849384835479256,8.33272933959961,1.255035400390625,1359.504594751705,594.0627589045952,1,736.3598924290877,603.1997961350845,1
22,25,0.8333333333333334,0.8357419967651367,0.7354521751403809,1788009100640623,1788009101012150272,416453,416454,1788009101004973824,1788009101013307648,0.861131773187618,8.333683013916016,1.1572837829589844,1359.7356320443623,593.9521883189011,1,736.3023525635193,603.4304732323834,1
23,26,0.8666666666666667,0.8691718578338623,0.7688820362091064,1788009100674053,1788009101045581568,416457,416458,1788009101038307072,1788009101046639872,0.8729936196389231,8.332967758178711,1.058340072631836,1359.877271592767,594.3870720881525,1,736.2054376111072,603.5384146635676,1
24,27,0.9,0.9025988578796387,0.8023090362548828,1788009100707480,1788009101079009792,416461,416462,1788009101071639296,1788009101079972096,0.8845207439198856,8.33272933959961,0.9622573852539062,1360.1156234045686,594.6331598517575,1,736.1144763775371,603.8611286810296,1
25,28,0.9333333333333333,0.9360299110412598,0.8357400894165039,1788009100740911,1788009101112442112,416465,416466,1788009101104971520,1788009101113305344,0.8964067059563998,8.333683013916016,0.8633136749267578,1360.3589700833804,594.7308134570422,1,735.9936027537658,604.2240560335885,1
26,29,0.9666666666666667,0.9694600105285645,0.8691701889038086,1788009100774341,1788009101145873152,416469,416470,1788009101138304768,1788009101146637568,0.9082429687276473,8.332967758178711,0.7646083831787109,1360.579103310907,594.9636680032652,1,735.8345101047353,604.5813972914499,1
27,30,1.0,1.0028820037841797,0.9025921821594238,1788009100807763,1788009101179296256,416473,416474,1788009101171636992,1788009101179970816,0.9190650569319677,8.333683013916016,0.6744861602783203,1360.7860510957469,595.0901504239305,1,735.6215084956209,604.954364409046,1
28,31,1.0333333333333334,1.0363099575042725,0.9360201358795166,1788009100841191,1788009101212725760,416477,416478,1788009101204970240,1788009101213303040,0.9307010014306152,8.33272933959961,0.5774497985839844,1361.0076787482697,595.2031681262499,1,735.4670817964004,605.4666727990192,1
29,32,1.0666666666666667,1.0697410106658936,0.9694511890411377,1788009100874622,1788009101246157824,416481,416482,1788009101238302464,1788009101246635520,0.9426911962461733,8.332967758178711,0.4775524139404297,1361.1982975897085,595.1979249225003,1,735.4258114860788,605.9695854268193,1
30,33,1.1,1.1031639575958252,1.0028741359710693,1788009100908045,1788009101279581696,416485,416486,1788009101271634944,1788009101279968512,0.9535961549465011,8.333683013916016,0.3867149353027344,1361.3184754456033,595.32119788159,1,735.2928601543472,606.2879137507191,1
31,34,1.1333333333333333,1.136591911315918,1.036302089691162,1788009100941473,1788009101313010432,416489,416490,1788009101304967936,1788009101313300736,0.965151211696375,8.332967758178711,0.2903938293457031,1361.4806793957275,596.1665509346574,1,735.3749060200246,606.8595567600182,1
32,35,1.1666666666666667,1.170015811920166,1.0697259902954102,1788009100974897,1788009101346435328,416493,416494,1788009101338300160,1788009101346632960,0.9762804005722461,8.33272933959961,0.1976490020751953,1361.8527026281113,597.0193030880491,1,735.2960013807957,607.5175610937038,1
33,36,1.2,1.2034459114074707,1.1031560897827148,1788009101008327,1788009101379866112,416497,416498,1788009101371632640,1788009101379966208,0.9879842078159867,8.333683013916016,0.10013580322265625,1362.2279557295176,597.8496703986573,1,735.341855423853,607.9955490001732,1
34,37,1.2333333333333334,1.2368748188018799,1.136584997177124,1788009101041756,1788009101413297408,416501,416502,1788009101404965632,1788009101413298688,0.9998569425767503,8.332967758178711,0.0011920928955078125,1362.5516436257246,598.1672260935119,1,735.340565274231,608.4289612961893,1
35,38,1.2666666666666666,1.2703049182891846,1.1700150966644287,1788009101075186,1788009101446728192,416506,416507,1788009101446630656,1788009101454964736,0.011700758117579745,8.333921432495117,0.09751319885253906,1362.850837338731,597.8580161685011,1,735.3865232266623,609.0557163379394,1
36,39,1.3,1.3037328720092773,1.2034430503845215,1788009101108614,1788009101480157184,416510,416511,1788009101479963904,1788009101488296704,0.02317596566523605,8.33272933959961,0.19311904907226562,1363.090502897124,597.8122286898893,1,735.3535583113581,609.8112123117614,1
37,40,1.3333333333333333,1.3371620178222656,1.2368721961975098,1788009101142043,1788009101513586944,416514,416515,1788009101513296384,1788009101521629184,0.03487839771101574,8.33272933959961,0.2906322479248047,1363.3275163309984,598.4071085303833,1,735.5596652637214,610.2805283824313,1
38,41,1.3666666666666667,1.3705918788909912,1.2703020572662354,1788009101175473,1788009101547017728,416518,416519,1788009101546628352,1788009101554962432,0.046717207838649695,8.333921432495117,0.38933753967285156,1363.2517656163848,598.941216299375,1,735.3639529762821,609.8620062022117,1
39,42,1.4,1.4040160179138184,1.3037261962890625,1788009101208897,1788009101580442880,416522,416523,1788009101579961856,1788009101588294400,0.05773962804005722,8.33272933959961,0.4811286926269531,1363.2474128581182,599.1549218294799,1,735.0572988132245,610.37885218223,1
40,43,1.4333333333333333,1.4374449253082275,1.3371551036834717,1788009101242326,1788009101613872896,416526,416527,1788009101613293824,1788009101621627904,0.06948934344156774,8.333921432495117,0.5791187286376953,1363.4294795013516,599.317759293238,1,734.8731778886298,611.4599388630452,1
41,44,1.4666666666666666,1.4708759784698486,1.3705861568450928,1788009101275757,1788009101647305216,416530,416531,1788009101646627072,1788009101654960128,0.08137106234442505,8.332967758178711,0.6780624389648438,1363.359727941185,598.9260387727793,1,734.7124086297329,612.6710905287367,1
42,45,1.5,1.5043048858642578,1.404015064239502,1788009101309186,1788009101680735232,416534,416535,1788009101679959552,1788009101688292352,0.09310443490701001,8.33272933959961,0.7758140563964844,1363.0179683141628,598.2312280479473,1,734.5802599604355,613.8980761078965,1
43,46,1.5333333333333334,1.5377349853515625,1.4374451637268066,1788009101342616,1788009101714166528,416538,416539,1788009101713291520,1788009101721625600,0.10499213274209698,8.333921432495117,0.8749961853027344,1362.6568319620742,597.6124183053126,1,734.9609740935476,614.8821764427489,1
44,47,1.5666666666666667,1.5711569786071777,1.4708671569824219,1788009101376038,1788009101747590656,416542,416543,1788009101746625024,1788009101754957568,0.11590844062947067,8.33272933959961,0.9658336639404297,1362.8327106375552,597.255102290431,1,735.6002494311792,615.7587050725781,1
45,48,1.6,1.604585886001587,1.504296064376831,1788009101409467,1788009101781020416,416546,416547,1788009101779957248,1788009101788290048,0.12758226037195994,8.33272933959961,1.0631084442138672,1362.5280698386598,597.4687453359564,1,736.0002818390418,616.1668888422016,1
46,49,1.6333333333333333,1.6380059719085693,1.5377161502838135,1788009101442887,1788009101814441472,416550,416551,1788009101813289472,1788009101821623296,0.13823487340866827,8.333921432495117,1.15203857421875,1362.1363530982899,598.1872374105986,1,736.5544098523106,616.4934661346707,1
47,50,1.6666666666666667,1.6714367866516113,1.5711469650268555,1788009101476318,1788009101847873024,416554,416555,1788009101846622720,1788009101854955520,0.15004291845493561,8.33272933959961,1.2502670288085938,1361.6001743061406,598.7200117128889,1,736.4986370726599,616.9930068782454,1
48,51,1.7,1.7048687934875488,1.604578971862793,1788009101509750,1788009101881306112,416558,416559,1788009101879953920,1788009101888287744,0.16226577027606923,8.333921432495117,1.3523101806640625,1361.2724748703913,598.4516467711634,1,736.2161191950009,616.7336700614745,1
49,52,1.7333333333333334,1.7382969856262207,1.6380071640014648,1788009101543178,1788009101914735616,416562,416563,1788009101913287168,1788009101921619968,0.17381974248927037,8.33272933959961,1.4483928680419922,1361.067368137625,598.107947953719,1,736.0762228733679,617.0503802466892,1
50,53,1.7666666666666666,1.7717339992523193,1.6714441776275635,1788009101576615,1788009101948173824,416566,416567,1788009101946619392,1788009101954952192,0.1865236051502146,8.33272933959961,1.554250717163086,1360.9430035743276,597.4770015708361,1,736.0549705132263,617.3971574939119,1
51,54,1.8,1.8051648139953613,1.7048749923706055,1788009101610046,1788009101981605632,416570,416571,1788009101979951616,1788009101988285440,0.1984551566299528,8.333921432495117,1.653909683227539,1361.7489723455444,596.2062739044296,1,735.7826114661269,616.9470889410876,1
52,55,1.8333333333333333,1.8385930061340332,1.7383031845092773,1788009101643474,1788009102015034880,416574,416575,1788009102013284864,1788009102021617664,0.2100143061516452,8.33272933959961,1.7499923706054688,1363.0458261943286,593.7923271725816,1,735.5162004622031,616.6250298062428,1
53,56,1.8666666666666667,1.8720228672027588,1.771733045578003,1788009101676904,1788009102048465920,416578,416579,1788009102046617088,1788009102054949888,0.22188206346027295,8.332967758178711,1.8489360809326172,1364.264558666194,591.6506718562138,1,735.4207409844427,616.6513262933809,1
54,57,1.9,1.905452013015747,1.8051621913909912,1788009101710333,1788009102081896192,416582,416583,1788009102079949312,1788009102088283392,0.2336146474038049,8.333921432495117,1.9469261169433594,1365.320804188076,591.2483940720574,1,735.2057153273204,615.9297314504927,1
55,58,1.9333333333333333,1.9388809204101562,1.8385910987854004,1788009101743762,1788009102115326464,416586,416587,1788009102113282560,1788009102121615360,0.24526466380543635,8.33272933959961,2.0437240600585938,1366.1193291296065,591.5207611441696,1,735.0948069280346,615.7976972691005,1
56,59,1.9666666666666666,1.972311019897461,1.872021198272705,1788009101777192,1788009102148757760,416590,416591,1788009102146614784,1788009102154947840,0.2571600240336471,8.332967758178711,2.1429061889648438,1366.9823991603344,592.7002999803461,1,734.9483160229054,616.0152762139204,1
57,60,2.0,2.0057408809661865,1.9054510593414307,1788009101810622,1788009102182188800,416594,416595,1788009102179947264,1788009102188280832,0.26898209074784,8.333683013916016,2.2416114807128906,1367.245505872536,593.7548204492704,1,734.3387972311624,616.1760710857399,1
58,61,2.033333333333333,2.039170980453491,1.9388811588287354,1788009101844052,1788009102215619584,416598,416599,1788009102213280512,1788009102221613056,0.2807153075822604,8.33272933959961,2.3391246795654297,1367.4791026033695,593.6552901174775,1,733.8208289221986,615.8482858611466,1
59,62,2.066666666666667,2.072600841522217,1.972311019897461,1788009101877482,1788009102249050368,416602,416603,1788009102246612480,1788009102254946560,0.29251895293949365,8.333921432495117,2.4378299713134766,1367.5209500433975,593.9890782939701,1,733.2953102796714,615.1566974124416,1
60,63,2.1,2.106022834777832,2.005733013153076,1788009101910904,1788009102282473472,416606,416607,1788009102279945728,1788009102288278528,0.30334763948497856,8.33272933959961,2.5277137756347656,1367.5059007084637,594.965538102317,1,732.9048892125472,614.9488159118076,1
61,64,2.1333333333333333,2.1394519805908203,2.0391621589660645,1788009101944333,1788009102315904256,416610,416611,1788009102313278208,1788009102321611008,0.3151359084406295,8.33272933959961,2.6259422302246094,1367.4759928039834,595.0316032426563,1,732.6794035353521,614.9216498912917,1
62,65,2.1666666666666665,2.1728808879852295,2.0725910663604736,1788009101977762,1788009102349334272,416614,416615,1788009102346610432,1788009102354944256,0.32684880560720925,8.333921432495117,2.7239322662353516,1367.4939493053162,594.7013255167795,1,732.5775717877983,614.1730309191386,1
63,66,2.2,2.206310987472534,2.1060211658477783,1788009102011192,1788009102382765568,416618,416619,1788009102379943680,1788009102388276224,0.3386552217453505,8.33272933959961,2.8219223022460938,1367.2800625486923,594.8981968492703,1,732.7823511878869,613.548713330493,1
64,67,2.2333333333333334,2.2397408485412598,2.139451026916504,1788009102044622,1788009102416196608,416622,416623,1788009102413275648,1788009102421608704,0.3505192984463964,8.332967758178711,2.920866012573242,1367.6748113168142,595.4778080210906,1,733.1632121674452,613.2081077581753,1
65,68,2.2666666666666666,2.273169994354248,2.172880172729492,1788009102078051,1788009102449626624,416626,416627,1788009102446608128,1788009102454941696,0.3622189162899811,8.333683013916016,3.018617630004883,1368.037284751667,595.4927986234753,1,733.2889933982367,612.3065683273912,1
66,69,2.3,2.3065989017486572,2.2063090801239014,1788009102111480,1788009102483056384,416630,416631,1788009102479941376,1788009102488274176,0.3738197424892704,8.33272933959961,3.114938735961914,1367.9457111420008,596.9648621982313,1,732.9504218698034,612.517939252541,1
67,70,2.3333333333333335,2.340021848678589,2.239732027053833,1788009102144903,1788009102516480256,416634,416635,1788009102513273600,1788009102521606400,0.3848244685416726,8.332967758178711,3.2067298889160156,1366.5976079989339,599.345221513611,1,732.5511668989019,612.8897716848821,1
68,71,2.3666666666666667,2.373459815979004,2.273169994354248,1788009102178341,1788009102549918976,416638,416639,1788009102546605824,1788009102554939392,0.39755106711678206,8.333683013916016,3.3130645751953125,1365.87521263467,600.5351750752666,1,732.898798767199,613.1793869634081,1
69,72,2.4,2.406890869140625,2.306601047515869,1788009102211772,1788009102583351040,416642,416643,1788009102579939072,1788009102588271872,0.4094706723891273,8.33272933959961,3.412008285522461,1365.3813466998672,602.2684515151536,1,733.3354607736201,613.141517194079,1
70,73,2.433333333333333,2.4403200149536133,2.3400301933288574,1788009102245201,1788009102616781312,416646,416647,1788009102613271296,1788009102621603840,0.4212303290414878,8.33272933959961,3.509998321533203,1364.704828288877,603.9277760673586,1,734.0598401445694,612.7260523520175,1
71,74,2.466666666666667,2.4737489223480225,2.3734591007232666,1788009102278630,1788009102650211328,416650,416651,1788009102646604544,1788009102654937344,0.4328469241773963,8.33272933959961,3.6067962646484375,1364.0068492695439,604.4087251173867,1,734.690727694317,612.5226065075592,1
72,75,2.5,2.5071799755096436,2.4068901538848877,1788009102312061,1788009102683643648,416654,416655,1788009102679936768,1788009102688269568,0.44485136333724357,8.332967758178711,3.7069320678710938,1362.5226551806734,604.8764871133052,1,734.9327606407282,612.0277664408869,1
73,76,2.533333333333333,2.5406079292297363,2.4403181076049805,1788009102345489,1788009102717072384,416658,416659,1788009102713268992,1788009102721602816,0.4563867830067229,8.333921432495117,3.8034915924072266,1360.90309628912,604.7261561083051,1,734.7385890227201,611.7406338077034,1
74,77,2.566666666666667,2.574035882949829,2.4737460613250732,1788009102378917,1788009102750501376,416662,416663,1788009102746602240,1788009102754935040,0.46792560801144495,8.33272933959961,3.899097442626953,1359.6153657138834,604.9780973176265,1,734.3466059423024,611.7439374439194,1
75,78,2.6,2.60746693611145,2.5071771144866943,1788009102412348,1788009102783933952,416666,416667,1788009102779934464,1788009102788267264,0.4799576550027181,8.332967758178711,3.999471664428711,1358.1680695215975,605.7453507973775,1,733.9085494473308,611.6425872366332,1
76,79,2.6333333333333333,2.640889883041382,2.540600061416626,1788009102445771,1788009102817358080,416670,416671,1788009102813266688,1788009102821600512,0.49093093780397096,8.333683013916016,4.0912628173828125,1357.0392517519695,606.9599272013269,1,733.8469566879689,612.3539569883822,1
77,80,2.6666666666666665,2.6743178367614746,2.5740280151367188,1788009102479199,1788009102850786816,416674,416675,1788009102846599936,1788009102854932736,0.5024606580829757,8.33272933959961,4.14586067199707,1355.6652458758647,607.4320182027851,1,733.734763569298,612.9418339606194,1
78,81,2.7,2.7077419757843018,2.607452154159546,1788009102512623,1788009102884211968,416678,416679,1788009102879931136,1788009102888265216,0.5136604205406952,8.333921432495117,4.0531158447265625,1355.2030752358482,608.784440620924,1,733.2779114275127,612.730881174819,1
79,82,2.7333333333333334,2.741170883178711,2.640881061553955,1788009102546052,1788009102917642240,416682,416683,1788009102913264640,1788009102921597184,0.525379113018598,8.33272933959961,3.9548873901367188,1354.6804435863273,609.8096166103946,1,732.8551264705413,612.6585940296759,1
80,83,2.7666666666666666,2.774592876434326,2.6743030548095703,1788009102579474,1788009102951065856,416686,416687,1788009102946596608,1788009102954929664,0.5363222797630969,8.332967758178711,3.863811492919922,1354.3828873061889,610.4558603673482,1,732.5535378872664,613.6200298799829,1
81,84,2.8,2.808022975921631,2.707733154296875,1788009102612904,1788009102984497152,416690,416691,1788009102979929088,1788009102988262656,0.5481489958230817,8.333683013916016,3.765583038330078,1354.5628551334282,610.1757121456628,1,732.0838259458561,614.5624704957442,1
82,85,2.8333333333333335,2.841442823410034,2.7411530017852783,1788009102646324,1788009103017917952,416694,416695,1788009103013262336,1788009103021594880,0.5587124463519313,8.33272933959961,3.6771297454833984,1354.3863260960536,610.1251591551509,1,731.5610293207769,614.4851111854033,1
83,86,2.8666666666666667,2.874872922897339,2.774583101272583,1788009102679754,1788009103051348992,416698,416699,1788009103046594304,1788009103054927104,0.5705865522174535,8.33272933959961,3.57818603515625,1354.4549011236375,609.7896218247654,1,730.9695368390526,614.7552948954848,1
84,87,2.9,2.90830397605896,2.808014154434204,1788009102713185,1788009103084781056,416702,416703,1788009103079926784,1788009103088260352,0.5825084396635578,8.333683013916016,3.4792423248291016,1354.5007309728608,608.8338343179547,1,731.016111154546,615.2705362621559,1
85,88,2.933333333333333,2.941732883453369,2.8414430618286133,1788009102746614,1788009103118211328,416706,416707,1788009103113259776,1788009103121592832,0.5942033132099225,8.332967758178711,3.381490707397461,1355.088900078862,606.7802561372376,1,731.6282419528352,615.5570643234628,1
86,89,2.966666666666667,2.975155830383301,2.874866008758545,1788009102780037,1788009103151635456,416710,416711,1788009103146592256,1788009103154924800,0.6052360515021459,8.33272933959961,3.289461135864258,1355.4637477661186,604.4809008376824,1,732.4846341672503,615.6344065321207,1
87,90,3.0,3.0085859298706055,2.9082961082458496,1788009102813467,1788009103185066752,416714,416715,1788009103179924480,1788009103188258048,0.6170395376780912,8.333683013916016,3.1914710998535156,1354.1964038420977,603.4252058642492,1,732.8048434842877,614.8692278866314,1
88,91,3.033333333333333,3.042015790939331,2.941725969314575,1788009102846897,1788009103218497792,416718,416719,1788009103213257472,1788009103221590528,0.628851821120998,8.332967758178711,3.0927658081054688,1353.0274127551447,603.4259309148407,1,732.9089596525366,614.1211401743836,1
89,92,3.066666666666667,3.0754458904266357,2.97515606880188,1788009102880327,1788009103251929088,416722,416723,1788009103246589952,1788009103254922752,0.6407439198855508,8.33272933959961,2.9935836791992188,1351.903578894371,604.9057794516292,1,733.1517748916204,613.1663093217214,1
90,93,3.1,3.108874797821045,3.008584976196289,1788009102913756,1788009103285358848,416726,416727,1788009103279923200,1788009103288256000,0.6523319027181688,8.33272933959961,2.897024154663086,1350.2698765971074,605.7821118381569,1,733.582677921421,612.7591294671288,1
91,94,3.1333333333333333,3.142302989959717,3.042013168334961,1788009102947184,1788009103318788352,416730,416731,1788009103313255424,1788009103321588224,0.6639867242711224,8.332967758178711,2.79998779296875,1349.1498496142608,605.9088876349147,1,733.7048116704055,612.21581085711,1
92,95,3.1666666666666665,3.1757328510284424,3.0754430294036865,1788009102980614,1788009103352219648,416734,416735,1788009103346587648,1788009103354921216,0.6758024832637181,8.333683013916016,2.7017593383789062,1348.619125057468,607.3371351094869,1,733.9071249441728,611.3334585885099,1
93,96,3.2,3.209162950515747,3.108873128890991,1788009103014044,1788009103385650688,416738,416739,1788009103379920896,1788009103388253696,0.6876108726752503,8.33272933959961,2.6030540466308594,1347.8243081706905,608.6285749870324,1,734.5142680470444,611.9476771278498,1
94,97,3.2333333333333334,3.2425858974456787,3.142296075820923,1788009103047467,1788009103419074560,416742,416743,1788009103413253120,1788009103421585920,0.6986266094420601,8.33272933959961,2.511262893676758,1347.062377647279,609.5872757018019,1,734.8949003327408,612.298816053667,1
95,98,3.2666666666666666,3.276014804840088,3.175724983215332,1788009103080896,1788009103452504576,416746,416747,1788009103446585344,1788009103454919168,0.7102763632202324,8.333683013916016,2.4144649505615234,1346.1131953836625,610.7572501429696,1,735.3136050978545,612.7631646593167,1
96,99,3.3,3.309445858001709,3.209156036376953,1788009103114327,1788009103485936896,416750,416751,1788009103479918592,1788009103488251392,0.7222397070183972,8.332967758178711,2.3145675659179688,1345.7286865422216,610.7188638560688,1,735.6241151478425,613.3126691129555,1
97,100,3.3333333333333335,3.3428750038146973,3.2425851821899414,1788009103147756,1788009103519366912,416754,416755,1788009103513250816,1788009103521583616,0.7339914163090129,8.33272933959961,2.2165775299072266,1344.7948636587441,611.9700588952988,1,734.5224327900031,613.7552649630761,1
98,101,3.3666666666666667,3.3763039112091064,3.2760140895843506,1788009103181185,1788009103552797184,416758,416759,1788009103546583296,1788009103554916864,0.7456371230760428,8.333683013916016,2.119779586791992,1344.6645341776234,612.6762062154443,1,733.4286741291196,614.8677605736939,1
99,102,3.4,3.4097349643707275,3.3094451427459717,1788009103214616,1788009103586229248,416762,416763,1788009103579916288,1788009103588249088,0.7576035020457211,8.332967758178711,2.0198822021484375,1344.259365532734,612.0232049967676,1,732.4151462771958,614.889923874336,1
100,103,3.433333333333333,3.4431538581848145,3.3428640365600586,1788009103248035,1788009103619649536,416766,416767,1788009103613248512,1788009103621581312,0.7681545064377683,8.33272933959961,1.931905746459961,1344.102290059093,610.7002041680807,1,731.591613802012,614.3632005776738,1
101,104,3.466666666666667,3.4765849113464355,3.3762950897216797,1788009103281466,1788009103653081600,416770,416771,1788009103646580736,1788009103654914560,0.7800600772421685,8.333921432495117,1.8329620361328125,1344.729012383391,610.6359918757903,1,731.1386571556186,613.9371153575003,1
102,105,3.5,3.5100150108337402,3.4097251892089844,1788009103314896,1788009103686512896,416774,416775,1788009103679913984,1788009103688246784,0.791931330472103,8.33272933959961,1.7337799072265625,1345.3181498279466,611.2635687916304,1,730.6753020230851,613.2808930268342,1
103,106,3.533333333333333,3.5434389114379883,3.4431490898132324,1788009103348320,1788009103719937536,416778,416779,1788009103713246464,1788009103721580032,0.8029123991531727,8.333683013916016,1.642465591430664,1345.2601971438069,610.9598313425548,1,729.7795688996126,612.6081546492992,1
104,107,3.566666666666667,3.5768678188323975,3.4765779972076416,1788009103381749,1788009103753367552,416782,416783,1788009103746579456,1788009103754912256,0.8145975794683986,8.332967758178711,1.544952392578125,1347.4380757210663,612.2982329614185,1,728.8856521206263,611.917229901043,1
105,108,3.6,3.610297918319702,3.5100080966949463,1788009103415179,1788009103786798336,416786,416787,1788009103779911680,1788009103788244480,0.8264377682403433,8.33272933959961,1.4462471008300781,1350.4826712113513,612.4444858323881,1,727.8991120697394,610.9966279622124,1
106,109,3.6333333333333333,3.6437268257141113,3.5434370040893555,1788009103448608,1788009103820228096,416790,416791,1788009103813244160,1788009103821577728,0.8380442867769068,8.333683013916016,1.3496875762939453,1353.0864942363812,612.524953080621,1,727.6453398651208,609.9215513131685,1
107,110,3.6666666666666665,3.677156925201416,3.57686710357666,1788009103482038,1788009103853659392,416794,416795,1788009103846577152,1788009103854910208,0.8499041515264227,8.332967758178711,1.2507438659667969,1355.4314949478025,610.6452985786077,1,727.3488320661293,608.5022545449992,1
108,111,3.7,3.7105789184570312,3.6102890968322754,1788009103515460,1788009103887082496,416798,416799,1788009103879908608,1788009103888241408,0.8609442060085837,8.33272933959961,1.1587142944335938,1357.3833779587767,607.1916508500344,1,726.8623535487392,606.4605875414065,1
109,112,3.7333333333333334,3.744006872177124,3.643717050552368,1788009103548888,1788009103920511744,416802,416803,1788009103913241600,1788009103921574656,0.8724500014305743,8.332967758178711,1.0628700256347656,1358.5326508674593,605.9737145076504,1,726.3695751719248,604.5670795483722,1
110,113,3.7666666666666666,3.7774369716644287,3.677147150039673,1788009103582318,1788009103953943040,416806,416807,1788009103946574080,1788009103954906624,0.8843490701001431,8.33272933959961,0.9636878967285156,1359.0636343388762,604.0767148628865,1,727.2255036189069,603.9891937431908,1
111,114,3.8,3.8108599185943604,3.7105700969696045,1788009103615741,1788009103987366912,416810,416811,1788009103979906304,1788009103988240128,0.895233735767008,8.333683013916016,0.8730888366699219,1359.7388949009792,605.0190824228025,1,727.7015561488801,603.9207821458422,1
112,115,3.8333333333333335,3.8442888259887695,3.7439990043640137,1788009103649170,1788009104020796928,416814,416815,1788009104013239296,1788009104021572352,0.9069554519184,8.332967758178711,0.7753372192382812,1360.4922844734358,607.897176457434,1,727.7416893879415,603.0435580273754,1
113,116,3.8666666666666667,3.877718925476074,3.7774291038513184,1788009103682600,1788009104054228224,416818,416819,1788009104046571776,1788009104054904576,0.9188555078683834,8.33272933959961,0.6761550903320312,1361.0447452741387,609.0616408403366,1,727.7441798292749,603.1415775420904,1
114,117,3.9,3.9111487865448,3.810858964920044,1788009103716030,1788009104087659264,416822,416823,1788009104079903744,1788009104088237824,0.9305964811901015,8.333921432495117,0.5784034729003906,1361.7755818093474,611.4820114165228,1,727.9748914995388,604.2076698754463,1
115,118,3.933333333333333,3.9445769786834717,3.844287157058716,1788009103749458,1788009104121088512,416826,416827,1788009104113237248,1788009104121570048,0.9422048010071242,8.332967758178711,0.48160552978515625,1361.9838684342158,613.3673296131201,1,728.3898346763672,605.8689327374232,1
116,119,3.966666666666667,3.9780068397521973,3.8777170181274414,1788009103782888,1788009104154519552,416830,416831,1788009104146569472,1788009104154902272,0.9540772532188841,8.33272933959961,0.3826618194580078,1361.809581009088,613.902353585674,1,728.7456924223386,607.1727838295843,1
117,120,4.0,4.011436939239502,3.911147117614746,1788009103816318,1788009104187950848,416834,416835,1788009104179901696,1788009104188235520,0.965841796595623,8.333921432495117,0.2846717834472656,1361.3284090221841,613.995706962538,1,728.9241299829338,607.720906540221,1
118,121,4.033333333333333,4.0448668003082275,3.9445769786834717,1788009103849748,1788009104221381888,416838,416839,1788009104213234944,1788009104221567744,0.9777110157367668,8.33272933959961,0.1857280731201172,1360.4493683696755,614.0758303883565,1,728.8694811195691,609.13490803326,1
119,122,4.066666666666666,4.078295946121216,3.97800612449646,1788009103883177,1788009104254812160,416842,416843,1788009104246567168,1788009104254899968,0.9894706723891273,8.33272933959961,0.087738037109375,1360.2644605693104,614.2126561340929,1,728.4734302948362,609.2908693300564,1
120,123,4.1,4.111727952957153,4.0114381313323975,1788009103916609,1788009104288245248,416847,416848,1788009104288233216,1788009104296566016,0.001430615164520744,8.33272933959961,0.011920928955078125,1360.406930948471,612.8079533343549,1,728.2840595486764,608.7547516276284,1
121,124,4.133333333333334,4.14514684677124,4.044857025146484,1788009103950028,1788009104321665024,416851,416852,1788009104321565440,1788009104329899264,0.011958232012587612,8.333921432495117,0.09965896606445312,1359.9894014836934,611.1685636286794,1,728.0152077457544,607.0917985466301,1
122,125,4.166666666666667,4.178576946258545,4.078287124633789,1788009103983458,1788009104355096320,416855,416856,1788009104354898688,1788009104363231488,0.023719599427753934,8.33272933959961,0.1976490020751953,1359.60605939463,608.5151899404459,1,727.0290978289235,603.9123968039963,1
123,126,4.2,4.212007999420166,4.11171817779541,1788009104016889,1788009104388528896,416859,416860,1788009104388230912,1788009104396563712,0.035736766809728183,8.33272933959961,0.29778480529785156,1359.3587981590788,604.307240491915,1,726.57848130404,601.5668445658195,1
124,127,4.233333333333333,4.245436906814575,4.145147085189819,1788009104050318,1788009104421958656,416863,416864,1788009104421563136,1788009104429896960,0.047461021313116865,8.333921432495117,0.3955364227294922,1358.1551554504501,597.328481370974,1,726.3764449836808,599.955862649181,1
125,128,4.266666666666667,4.278865814208984,4.1785759925842285,1788009104083747,1788009104455388672,416867,416868,1788009104454896384,1788009104463229184,0.05908440629470672,8.33272933959961,0.49233436584472656,1357.0007098942447,593.1983982799352,1,725.1602745150599,598.6032160682398,1
126,129,4.3,4.3122968673706055,4.21200704574585,1788009104117178,1788009104488820992,416871,416872,1788009104488228608,1788009104496561408,0.07109953935509714,8.332967758178711,0.5924701690673828,1356.512664882397,590.0846791152969,1,722.759753772729,597.7370018413343,1
127,130,4.333333333333333,4.345726013183594,4.245436191558838,1788009104150607,1788009104522251264,416875,416876,1788009104521560832,1788009104529894912,0.0828493777714204,8.333921432495117,0.690460205078125,1356.413114317664,584.531497956295,1,719.1155775550765,594.6697688367293,1
128,131,4.366666666666666,4.379156827926636,4.27886700630188,1788009104184038,1788009104555683328,416879,416880,1788009104554894336,1788009104563226880,0.09470672389127324,8.33272933959961,0.7891654968261719,1356.7717145633535,578.2967859410023,1,716.8373924367547,592.8167861899257,1
129,132,4.4,4.41258692741394,4.312297105789185,1788009104217468,1788009104589114368,416883,416884,1788009104588226304,1788009104596559360,0.10657778032102086,8.332967758178711,0.8881092071533203,1357.1887777474885,574.8815600671946,1,712.5832477896166,589.2283293527177,1
130,133,4.433333333333334,4.446016788482666,4.34572696685791,1788009104250898,1788009104622545408,416887,416888,1788009104621558784,1788009104629892352,0.11841277107054987,8.333683013916016,0.9868144989013672,1357.0404506731638,571.9770373477195,1,709.4371888420691,587.1929568058381,1
131,134,4.466666666666667,4.479444980621338,4.379155158996582,1788009104284326,1788009104655974912,416891,416892,1788009104654892032,1788009104663224576,0.12995708154506438,8.33272933959961,1.0828971862792969,1357.5036250087724,570.7569550149365,1,707.4677927995891,587.6437225210051,1
132,135,4.5,4.5128819942474365,4.412592172622681,1788009104317763,1788009104689413120,416895,416896,1788009104688224000,1788009104696557056,0.14268547394924322,8.332967758178711,1.1889934539794922,1358.7831404709402,572.0574625304292,1,706.1848012136162,587.6700973921867,1
133,136,4.533333333333333,4.546311855316162,4.446022033691406,1788009104351193,1788009104722843904,416899,416900,1788009104721556480,1788009104729890048,0.15448875665159925,8.333683013916016,1.2874603271484375,1359.9193851518419,571.0379582021686,1,704.8151132534174,588.6490652066872,1
134,137,4.566666666666666,4.579739809036255,4.479449987411499,1788009104384621,1788009104756272896,416903,416904,1788009104754889472,1788009104763222528,0.16600383393894308,8.332967758178711,1.3833045959472656,1360.4941056421903,571.3881456355974,1,704.0982433969677,588.7100694728446,1
135,138,4.6,4.613170862197876,4.51288104057312,1788009104418052,1788009104789704960,416907,416908,1788009104788221952,1788009104796555776,0.17797167787154913,8.333921432495117,1.4832019805908203,1361.627922860338,571.2604161611588,1,702.5453905960866,588.1650471098484,1
136,139,4.633333333333334,4.646600961685181,4.546311140060425,1788009104451482,1788009104823136256,416911,416912,1788009104821555200,1788009104829887744,0.18975679542203147,8.33272933959961,1.5811920166015625,1362.1722683311518,570.4991529335987,1,701.228370917819,587.5755737797459,1
137,140,4.666666666666667,4.68002986907959,4.579740047454834,1788009104484911,1788009104856566528,416915,416916,1788009104854887168,1788009104863218944,0.20153951811366108,8.331775665283203,1.6791820526123047,1361.7960528789731,570.3290401524024,1,700.0142636112566,586.1031192442955,1
138,141,4.7,4.713467836380005,4.613178014755249,1788009104518349,1788009104890005504,416919,416920,1788009104888218624,1788009104896552448,0.21442467242661783,8.333683013916016,1.786947250366211,1362.0568565961878,570.3826985976403,1,698.6459352005454,584.1711285466073,1
139,142,4.733333333333333,4.74689793586731,4.646608114242554,1788009104551779,1788009104923436544,416923,416924,1788009104921551616,1788009104929884672,0.22620239764241368,8.332967758178711,1.8849372863769531,1361.9889453596265,570.1296243386163,1,699.1528634468289,583.3343808204887,1
140,143,4.766666666666667,4.780326843261719,4.680037021636963,1788009104585208,1788009104956866304,416927,416928,1788009104954884096,1788009104963217920,0.2378486625661565,8.333921432495117,1.9822120666503906,1361.21237497687,570.218868799311,1,698.5414113873902,581.5556137834965,1
141,144,4.8,4.8137547969818115,4.713464975357056,1788009104618636,1788009104990295296,416931,416932,1788009104988217344,1788009104996550144,0.24935622317596567,8.33272933959961,2.077817916870117,1360.6465573415305,570.1694301592207,1,697.9582235121666,580.0219076522936,1
142,145,4.833333333333333,4.847193002700806,4.74690318107605,1788009104652074,1788009105023734016,416935,416936,1788009105021549568,1788009105029882368,0.2621670338473863,8.332967758178711,2.184629440307617,1359.878584435639,570.4439936584081,1,697.5668050799034,579.0163856557681,1
143,146,4.866666666666666,4.880621910095215,4.780332088470459,1788009104685503,1788009105057165312,416939,416940,1788009105054881792,1788009105063215616,0.27401727985352176,8.333683013916016,2.2835731506347656,1359.206328473631,570.5507949735453,1,697.1377496265452,578.0198337139119,1
144,147,4.9,4.914052963256836,4.81376314163208,1788009104718934,1788009105090597120,416943,416944,1788009105088215040,1788009105096547840,0.28586552217453504,8.33272933959961,2.382040023803711,1358.5152411892577,570.679153683589,1,697.0732232584741,577.1373694747678,1
145,148,4.933333333333334,4.9474828243255615,4.847193002700806,1788009104752364,1788009105124027904,416947,416948,1788009105121547264,1788009105129880064,0.29770249778260993,8.332967758178711,2.480745315551758,1358.3721530278026,570.7985506618251,1,697.145626660016,577.0746517612043,1
146,149,4.966666666666667,4.98091197013855,4.880622148513794,1788009104785793,1788009105157457920,416951,416952,1788009105154879488,1788009105163213312,0.30937803970933225,8.333683013916016,2.578258514404297,1358.260329655061,570.610477649368,1,697.0749517062019,577.2138973963672,1
147,150,5.0,5.014341831207275,4.9140520095825195,1788009104819223,1788009105190888960,416955,416956,1788009105188212992,1788009105196545536,0.3211444921316166,8.33272933959961,2.6760101318359375,1358.1915457611294,570.7915073824778,1,696.9306964579301,577.3277194420524,1
148,151,5.033333333333333,5.047763824462891,4.947474002838135,1788009104852645,1788009105224311808,416959,416960,1788009105221544960,1788009105229877760,0.33204577968526466,8.33272933959961,2.766847610473633,1358.368778351926,570.9145583336618,1,697.4417984505238,577.6141425455172,1
149,152,5.066666666666666,5.081192970275879,4.980903148651123,1788009104886074,1788009105257742080,416963,416964,1788009105254877440,1788009105263211008,0.34376609257881785,8.333683013916016,2.864837646484375,1358.5387899625061,571.537489797567,1,700.4337519706123,579.0110612877507,1
150,153,5.1,5.114621877670288,5.014332056045532,1788009104919503,1788009105291172352,416967,416968,1788009105288210432,1788009105296543232,0.3554404738061858,8.332967758178711,2.961874008178711,1357.8123257608968,573.246032595976,1,704.9228263045619,583.2831333948869,1
151,154,5.133333333333334,5.148050785064697,5.047760963439941,1788009104952932,1788009105324602112,416971,416972,1788009105321542656,1788009105329875456,0.3671530758226037,8.33272933959961,3.05938720703125,1355.9733119326947,577.1419661555011,1,707.4839440791797,585.6328198398718,1
152,155,5.166666666666667,5.181482791900635,5.081192970275879,1788009104986364,1788009105358035200,416975,416976,1788009105354874880,1788009105363208704,0.37923043913603205,8.333921432495117,3.1604766845703125,1354.7124456384122,578.5652964148157,1,709.0716373716858,585.6076533514884,1
153,156,5.2,5.214911937713623,5.114622116088867,1788009105019793,1788009105391465728,416979,416980,1788009105388208128,1788009105396541184,0.39091871477210954,8.332967758178711,3.2575130462646484,1354.7076331177761,580.7538743722033,1,710.400912713132,581.915083205889,1
154,157,5.233333333333333,5.248341798782349,5.148051977157593,1788009105053223,1788009105424896768,416983,416984,1788009105421540608,1788009105429874176,0.40272930136751156,8.333683013916016,3.3562183380126953,1355.0449812057332,579.0487657804993,1,711.2113365249269,578.8882188638034,1
155,158,5.266666666666667,5.2817699909210205,5.181480169296265,1788009105086651,1788009105458325760,416987,416988,1788009105454873856,1788009105463206656,0.414277539341917,8.33272933959961,3.4520626068115234,1353.9551859536682,578.637339740307,1,712.2668739418938,576.7796909724942,1
156,159,5.3,5.3152008056640625,5.214910984039307,1788009105120082,1788009105491757824,416991,416992,1788009105488205824,1788009105496538624,0.42626609442060087,8.33272933959961,3.551959991455078,1352.4094056949039,577.7424846338328,1,713.1501340988459,573.6029234711629,1
157,160,5.333333333333333,5.348629951477051,5.248340129852295,1788009105153511,1788009105525188096,416995,416996,1788009105521538304,1788009105529871872,0.4379756251072839,8.333683013916016,3.6499500274658203,1352.5432737037868,572.6225388840269,1,712.5073687431204,569.452493936892,1
158,161,5.366666666666666,5.3820579051971436,5.281768083572388,1788009105186939,1788009105558617344,416999,417000,1788009105554871296,1788009105563204352,0.4495436468198335,8.332967758178711,3.74603271484375,1352.254135974741,569.8622242767489,1,713.5488805242602,568.297138806819,1
159,162,5.4,5.415488958358765,5.315199136734009,1788009105220370,1788009105592049664,417003,417004,1788009105588203776,1788009105596536320,0.4615450643776824,8.33272933959961,3.8459300994873047,1350.45090015362,568.6039664308507,1,714.531411505461,567.0850039978201,1
160,163,5.433333333333334,5.448917865753174,5.348628044128418,1788009105253799,1788009105625479680,417007,417008,1788009105621536000,1788009105629869824,0.47322194884705615,8.333683013916016,3.9436817169189453,1348.5797551013522,569.2164031856665,1,715.0826253744649,567.4320671567914,1
161,164,5.466666666666667,5.482348918914795,5.382059097290039,1788009105287230,1788009105658912000,417011,417012,1788009105654868992,1788009105663202048,0.4851649452090069,8.332967758178711,4.042863845825195,1347.4657761317758,569.8403848420039,1,715.9197354100514,569.315085346391,1
162,165,5.5,5.5157790184021,5.415489196777344,1788009105320660,1788009105692343040,417015,417016,1788009105688201472,1788009105696534272,0.4970243204577969,8.33272933959961,4.141569137573242,1346.558707912001,569.6516159368714,1,717.0813481820514,571.3003558051172,1
163,166,5.533333333333333,5.549215793609619,5.448925971984863,1788009105354097,1788009105725780992,417019,417020,1788009105721533440,1788009105729867520,0.5096552710627951,8.333921432495117,4.086494445800781,1346.354044667721,568.6616181790869,1,717.9537272566529,572.362970706219,1
164,167,5.566666666666666,5.582644939422607,5.482355117797852,1788009105387526,1788009105759211264,417023,417024,1788009105754866944,1788009105763199744,0.5213584732911791,8.332967758178711,3.988504409790039,1346.2108611968183,567.4305455571965,1,718.5444957107269,572.2804360499489,1
165,168,5.6,5.616074800491333,5.515784978866577,1788009105420956,1788009105792642304,417027,417028,1788009105788199168,1788009105796532992,0.5331578646220747,8.333683013916016,3.890514373779297,1346.9482219123652,566.700956902361,1,718.9426191139274,572.42052846154,1
166,169,5.633333333333334,5.649503946304321,5.549214124679565,1788009105454385,1788009105826072576,417031,417032,1788009105821532160,1788009105829865216,0.5448485021887786,8.332967758178711,3.7927627563476562,1347.9145636972228,566.7008687853175,1,719.3737605349954,572.5579496989058,1
167,170,5.666666666666667,5.6829328536987305,5.582643032073975,1788009105487814,1788009105859502336,417035,417036,1788009105854864640,1788009105863196416,0.5566302294969381,8.331775665283203,3.6940574645996094,1348.6879542102283,565.883063158306,1,719.5488950124367,573.0944844372316,1
168,171,5.7,5.716361999511719,5.616072177886963,1788009105521243,1788009105892932608,417039,417040,1788009105888195840,1788009105896529664,0.5683879273351452,8.333921432495117,3.5970211029052734,1349.680726619389,565.3119723560128,1,719.351246067965,573.8833237274654,1
169,172,5.733333333333333,5.749799966812134,5.649510145187378,1788009105554681,1788009105926371840,417043,417044,1788009105921529088,1788009105929861888,0.581173104434907,8.33272933959961,3.489971160888672,1352.1794179710191,565.0599968304273,1,718.1994071450818,574.2590059638122,1
170,173,5.766666666666667,5.783229827880859,5.6829400062561035,1788009105588111,1788009105959802880,417047,417048,1788009105954861312,1788009105963194112,0.5930185979971387,8.33272933959961,3.391265869140625,1355.9812726097919,565.1632946376676,1,715.558619925529,575.5607121692584,1
171,174,5.8,5.816659927368164,5.716370105743408,1788009105621541,1788009105993234176,417051,417052,1788009105988193536,1788009105996527360,0.6048347875840366,8.333921432495117,3.293275833129883,1359.6512470622527,565.6542127567677,1,712.7347326919512,577.3225814130499,1
172,175,5.833333333333333,5.85008692741394,5.749797105789185,1788009105654968,1788009106026662400,417055,417056,1788009106021526784,1788009106029859584,0.6163090128755365,8.33272933959961,3.197193145751953,1362.288977799194,567.4508960645111,1,710.7694065667299,579.0390417183198,1
173,176,5.866666666666666,5.883525848388672,5.783236026763916,1788009105688407,1788009106060102144,417059,417060,1788009106054859264,1788009106063192832,0.6291411569491332,8.333683013916016,3.0906200408935547,1366.333994146852,569.9823189128188,1,709.4487545812258,582.1409535941584,1
174,177,5.9,5.916955947875977,5.816666126251221,1788009105721837,1788009106093533184,417063,417064,1788009106088192256,1788009106096525312,0.6409544791279219,8.332967758178711,2.991914749145508,1369.4749658394815,572.8585811048492,1,708.0742951085919,585.4374814961427,1
175,178,5.933333333333334,5.950385808944702,5.850095987319946,1788009105755267,1788009106126964480,417067,417068,1788009106121524480,1788009106129857280,0.6528469241773963,8.33272933959961,2.892732620239258,1371.3787216931646,575.6719572843376,1,706.9418620344809,587.1307353263504,1
176,179,5.966666666666667,5.983814001083374,5.883524179458618,1788009105788695,1788009106160393984,417071,417072,1788009106154856704,1788009106163190528,0.6644256901730796,8.333921432495117,2.796649932861328,1373.2464360095316,578.3329026253809,1,706.7909364169575,588.1918416553725,1
177,180,6.0,6.0172438621521,5.916954040527344,1788009105822125,1788009106193824768,417075,417076,1788009106188189952,1788009106196523008,0.6762038282166462,8.332967758178711,2.698183059692383,1373.1698097216808,582.2376803752945,1,706.6660529642375,589.7561795165683,1
178,181,6.033333333333333,6.050673961639404,5.950384140014648,1788009105855555,1788009106227255808,417079,417080,1788009106221522432,1788009106229854976,0.688068669527897,8.33272933959961,2.5992393493652344,1372.6140443354454,586.2172143565358,1,707.5393875974627,592.9650471896973,1
179,182,6.066666666666666,6.08410382270813,5.983814001083374,1788009105888985,1788009106260686848,417083,417084,1788009106254854400,1788009106263188480,0.6998426548419396,8.333921432495117,2.5014877319335938,1371.9883983306413,587.1194556595963,1,709.058551171211,595.7229885255127,1
180,183,6.1,6.117534875869751,6.017245054244995,1788009105922416,1788009106294119424,417087,417088,1788009106288187648,1788009106296520448,0.7118454935622318,8.33272933959961,2.401113510131836,1371.2530525090049,589.553544473261,1,710.4356324020838,596.9544343954753,1
181,184,6.133333333333334,6.150962829589844,6.050673007965088,1788009105955844,1788009106327547904,417091,417092,1788009106321520128,1788009106329852928,0.7234048640915594,8.33272933959961,2.3047924041748047,1370.22867333246,591.8542223235199,1,712.2243739845385,598.5159642256766,1
182,185,6.166666666666667,6.184400796890259,6.084110975265503,1788009105989282,1788009106360986880,417095,417096,1788009106354852096,1788009106363186176,0.7361178658274925,8.333921432495117,2.1991729736328125,1369.0957519877138,594.4116441429212,1,713.4718246255577,600.6237074322094,1
183,186,6.2,6.217829942703247,6.117540121078491,1788009106022711,1788009106394416896,417099,417100,1788009106388185600,1788009106396518144,0.7478111587982833,8.33272933959961,2.101421356201172,1368.0458884058503,596.9933094239163,1,714.0539967637651,602.6490063391009,1
184,187,6.233333333333333,6.251266956329346,6.15097713470459,1788009106056148,1788009106427855104,417103,417104,1788009106421517824,1788009106429851648,0.760427991073983,8.333683013916016,1.9965171813964844,1367.5563484131321,598.830533451877,1,714.3879652942585,603.8945477945183,1
185,188,6.266666666666667,6.284688949584961,6.184399127960205,1788009106089570,1788009106461277952,417107,417108,1788009106454850816,1788009106463183872,0.7712797917083918,8.332967758178711,1.9059181213378906,1367.0893345751736,599.3124884444616,1,715.1159146544292,605.2265083190757,1
186,189,6.3,6.31811785697937,6.217828035354614,1788009106122999,1788009106494707712,417111,417112,1788009106488183296,1788009106496516096,0.7830042918454936,8.33272933959961,1.80816650390625,1366.725413878111,598.750768576974,1,714.7722200295985,604.1394762973546,1
187,190,6.333333333333333,6.351555824279785,6.251266002655029,1788009106156437,1788009106528146944,417115,417116,1788009106521515264,1788009106529849344,0.795737376627092,8.333921432495117,1.7023086547851562,1366.6210368407812,598.193897585181,1,714.7249422535024,605.780054244478,1
188,191,6.366666666666666,6.384984970092773,6.284695148468018,1788009106189866,1788009106561577216,417119,417120,1788009106554848768,1788009106563181312,0.8074964234620887,8.33272933959961,1.6040802001953125,1366.9559372219487,597.6056119638625,1,714.039819055396,605.6811471020818,1
189,192,6.4,6.418423891067505,6.318134069442749,1788009106223305,1788009106595017728,417123,417124,1788009106588180992,1788009106596513792,0.8204577968526466,8.33272933959961,1.4960765838623047,1368.0877482612254,597.2887670730079,1,713.4901665465159,605.6773870734645,1
190,193,6.433333333333334,6.451851844787598,6.351562023162842,1788009106256733,1788009106628446464,417127,417128,1788009106621513216,1788009106629847040,0.831955371191532,8.333921432495117,1.4004707336425781,1369.2962448964417,596.6728168239442,1,712.9778646309265,604.5930616913267,1
191,194,6.466666666666667,6.485281944274902,6.3849921226501465,1788009106290163,1788009106661877760,417131,417132,1788009106654846464,1788009106663179264,0.8438340486409156,8.33272933959961,1.3012886047363281,1371.0724190948733,595.7805382677874,1,712.9037792461295,603.4401646037559,1
192,195,6.5,6.5187108516693115,6.418421030044556,1788009106323592,1788009106695308032,417135,417136,1788009106688178688,1788009106696511488,0.8555650929899857,8.33272933959961,1.2035369873046875,1373.0772520753771,594.2674106319341,1,712.8847784179824,602.6783580128827,1
193,196,6.533333333333333,6.552138805389404,6.451848983764648,1788009106357020,1788009106728737024,417139,417140,1788009106721510912,1788009106729844736,0.8670862537548276,8.333921432495117,1.1076927185058594,1374.732986517914,594.2882982564272,1,712.9434204041581,601.6503528314449,1
194,197,6.566666666666666,6.585577964782715,6.485288143157959,1788009106390459,1788009106762177536,417143,417144,1788009106754844160,1788009106763176960,0.8800572246065809,8.33272933959961,0.99945068359375,1375.738719677432,593.9131418674582,1,713.1986194009671,600.5264911951107,1
195,198,6.6,6.61900782585144,6.518718004226685,1788009106423889,1788009106795608576,417147,417148,1788009106788176384,1788009106796509184,0.8919058109925324,8.332967758178711,0.9007453918457031,1376.707098100902,592.9087174424469,1,713.3905371348433,599.5297396998805,1
196,199,6.633333333333334,6.652437925338745,6.552148103713989,1788009106457319,1788009106829039872,417151,417152,1788009106821508608,1788009106829842688,0.9036761550565012,8.333921432495117,0.8027553558349609,1377.2447601311558,592.2342470561214,1,713.5985577133915,598.6067777952507,1
197,200,6.666666666666667,6.685866832733154,6.585577011108398,1788009106490748,1788009106862469632,417155,417156,1788009106854841856,1788009106863173632,0.9154981972185657,8.331775665283203,0.7040500640869141,1377.9343098075738,591.0571292130876,1,713.3389555861047,597.9141262621393,1
198,201,6.7,6.719297885894775,6.6190080642700195,1788009106524179,1788009106895901952,417159,417160,1788009106888173056,1788009106896507136,0.9273923616077814,8.333921432495117,0.6051063537597656,1378.718351897659,590.1626898377658,1,712.8279018578739,598.0373082361489,1
199,202,6.733333333333333,6.752718925476074,6.652429103851318,1788009106557600,1788009106929324032,417163,417164,1788009106921506304,1788009106929839104,0.9381974248927039,8.33272933959961,0.514984130859375,1378.8460437433548,589.2422569809984,1,712.1984684088202,598.3843034670002,1
200,203,6.766666666666667,6.7861487865448,6.685858964920044,1788009106591030,1788009106962755072,417167,417168,1788009106954838528,1788009106963171584,0.9500157363165574,8.332967758178711,0.4165172576904297,1379.7327250877397,588.4822475304245,1,710.9515525722754,597.2816720859948,1
201,204,6.8,6.8195788860321045,6.719289064407349,1788009106624460,1788009106996186112,417171,417172,1788009106988170752,1788009106996504832,0.9617508224860535,8.333921432495117,0.31876564025878906,1380.098363445246,587.9727210096198,1,709.9338703808634,596.5122720088324,1
202,205,6.833333333333333,6.853006839752197,6.752717018127441,1788009106657888,1788009107029615104,417175,417176,1788009107021504256,1788009107029836800,0.9733905579399141,8.33272933959961,0.22172927856445312,1380.339320700013,587.1687090637074,1,709.3791764184821,596.4485807922367,1
203,206,6.866666666666666,6.886436939239502,6.786147117614746,1788009106691318,1788009107063046400,417179,417180,1788009107054836224,1788009107063170304,0.985152338721213,8.333921432495117,0.12373924255371094,1380.5502442579632,586.339418549142,1,707.8905204845162,594.2170888417074,1
204,207,6.9,6.9198668003082275,6.819576978683472,1788009106724748,1788009107096477440,417183,417184,1788009107088169472,1788009107096502272,0.9970243204577969,8.33272933959961,0.0247955322265625,1380.2926733146287,585.5230787753549,1,707.0888542448458,593.014019093072,1
205,208,6.933333333333334,6.953301906585693,6.8530120849609375,1788009106758183,1788009107129914112,417188,417189,1788009107129834752,1788009107138168320,0.009526806660181953,8.333683013916016,0.07939338684082031,1379.752418181548,584.4783303148273,1,707.5935510679419,592.4996245321126,1
206,209,6.966666666666667,6.986733913421631,6.886444091796875,1788009106791615,1788009107163347200,417192,417193,1788009107163168000,1788009107171500800,0.021516452074391988,8.33272933959961,0.179290771484375,1377.909967484084,583.9322592730406,1,707.404007947018,590.5346270569913,1
207,210,7.0,7.020171880722046,6.91988205909729,1788009106825053,1788009107196786432,417196,417197,1788009107196499968,1788009107204833024,0.03436239306457612,8.332967758178711,0.28634071350097656,1376.106911378262,583.466353563385,1,707.3108387943037,589.748606576037,1
208,211,7.033333333333333,7.053600788116455,6.953310966491699,1788009106858482,1788009107230216192,417200,417201,1788009107229832448,1788009107238166016,0.04606053670538422,8.333683013916016,0.3838539123535156,1374.951697634077,583.7023347680093,1,707.1398231686835,590.6190780401733,1
209,212,7.066666666666666,7.087029933929443,6.9867401123046875,1788009106891911,1788009107263646720,417204,417205,1788009107263165696,1788009107271498496,0.05771101573676681,8.33272933959961,0.48089027404785156,1373.7326815976069,583.1467496470541,1,705.6319672485284,590.0968042203073,1
210,213,7.1,7.120459794998169,7.020169973373413,1788009106925341,1788009107297077760,417208,417209,1788009107296497920,1788009107304830464,0.06958512160228898,8.33272933959961,0.579833984375,1372.0485393767428,583.6456865450241,1,705.3368172032997,589.5301144110239,1
211,214,7.133333333333334,7.153887987136841,7.053598165512085,1788009106958769,1788009107330506752,417212,417213,1788009107329830144,1788009107338163968,0.08119242432911827,8.333683013916016,0.6766319274902344,1369.9709908238092,582.9557317499032,1,706.4115903907638,590.2471281495051,1
212,215,7.166666666666667,7.187317848205566,7.0870280265808105,1788009106992199,1788009107363937536,417216,417217,1788009107363163136,1788009107371496192,0.0929301021430002,8.332967758178711,0.774383544921875,1368.2970615187462,582.9453527770651,1,707.3876025966838,590.8085198208065,1
213,216,7.2,7.220747947692871,7.120458126068115,1788009107025629,1788009107397368832,417220,417221,1788009107396495616,1788009107404828416,0.10480686695278969,8.33272933959961,0.8733272552490234,1367.699370250097,582.874943385506,1,708.3284131252954,590.9563311459169,1
214,217,7.233333333333333,7.254179000854492,7.153889179229736,1788009107059060,1788009107430801152,417224,417225,1788009107429827840,1788009107438161664,0.1167820564170052,8.333683013916016,0.9732246398925781,1366.9342385997445,584.6758188304308,1,709.4884956107354,591.8946220114594,1
215,218,7.266666666666667,7.287607908248901,7.1873180866241455,1788009107092489,1788009107464231168,417228,417229,1788009107463161088,1788009107471493888,0.12843695459357385,8.332967758178711,1.070261001586914,1365.1779641831345,583.9074310222546,1,710.1925080549254,593.366426842754,1
216,219,7.3,7.3210368156433105,7.220746994018555,1788009107125918,1788009107497661184,417232,417233,1788009107496493312,1788009107504827136,0.14012702408880243,8.333683013916016,1.1677742004394531,1364.3746721588393,583.3962734144322,1,710.5178444768078,593.881436838707,1
217,220,7.333333333333333,7.354467868804932,7.254178047180176,1788009107159349,1788009107531093248,417236,417237,1788009107529826560,1788009107538159360,0.15201716738197424,8.33272933959961,1.2667179107666016,1363.076760100391,582.7361184661889,1,710.7383393206565,594.3196654816946,1
218,221,7.366666666666666,7.387897968292236,7.2876081466674805,1788009107192779,1788009107564524288,417240,417241,1788009107563158784,1788009107571491840,0.16385797259019771,8.332967758178711,1.3654232025146484,1362.3007694844027,583.838384686118,1,710.7896064697725,594.7292853007854,1
219,222,7.4,7.421334981918335,7.321045160293579,1788009107226216,1788009107597962240,417244,417245,1788009107596491008,1788009107604824832,0.1765177089889569,8.333683013916016,1.4710426330566406,1361.6886172987502,584.6824569583918,1,711.1985456373781,596.0615140156261,1
220,223,7.433333333333334,7.454763889312744,7.354474067687988,1788009107259645,1788009107631391744,417248,417249,1788009107629824256,1788009107638157056,0.18812051157334553,8.332967758178711,1.5676021575927734,1361.5188863111223,585.0530508184529,1,711.2200812829846,596.6646588332917,1
221,224,7.466666666666667,7.488201856613159,7.387912034988403,1788009107293083,1788009107664830976,417252,417253,1788009107663156480,1788009107671489280,0.2009442060085837,8.33272933959961,1.6744136810302734,1361.5664640138289,584.934746986578,1,711.6609196180937,596.9188379075371,1
222,225,7.5,7.5216288566589355,7.42133903503418,1788009107326510,1788009107698258944,417256,417257,1788009107696488960,1788009107704822528,0.21239343136693942,8.333683013916016,1.77001953125,1361.4550497864125,585.2972940551018,1,711.9537063774779,596.8110362668228,1
223,226,7.533333333333333,7.55505895614624,7.454769134521484,1788009107359940,1788009107731690240,417260,417261,1788009107729821952,1788009107738155008,0.22419959371691797,8.332967758178711,1.8682479858398438,1361.3745994733767,585.2313692713172,1,712.2526313814427,597.6079991734119,1
224,227,7.566666666666666,7.588495969772339,7.488206148147583,1788009107393377,1788009107765128704,417264,417265,1788009107763154176,1788009107771486976,0.2369384835479256,8.33272933959961,1.974344253540039,1361.0903477832999,586.1205707754056,1,712.5146445839389,598.7286165883129,1
225,228,7.6,7.62192702293396,7.521637201309204,1788009107426808,1788009107798560512,417268,417269,1788009107796486400,1788009107804820224,0.24889143184093834,8.333921432495117,2.0742416381835938,1361.4281057108665,583.58906167366,1,712.4820550902498,599.0405138363474,1
226,229,7.633333333333334,7.6553568840026855,7.55506706237793,1788009107460238,1788009107831991552,417272,417273,1788009107829819648,1788009107838152704,0.2606220136762897,8.332967758178711,2.171754837036133,1361.7432058921286,583.4475858811854,1,712.1498225025867,598.4416317066247,1
227,230,7.666666666666667,7.688795804977417,7.588505983352661,1788009107493677,1788009107865431808,417276,417277,1788009107863151104,1788009107871484672,0.2736739715054071,8.333683013916016,2.280712127685547,1362.5969068715287,582.2703186335496,1,712.4613956325882,597.5114585459688,1
228,231,7.7,7.722222805023193,7.6219329833984375,1788009107527104,1788009107898860032,417280,417281,1788009107896484096,1788009107904817152,0.285113444536637,8.332967758178711,2.3758411407470703,1363.0924075275313,580.5944775624757,1,713.9699247688859,594.5665904561652,1
229,232,7.733333333333333,7.755652904510498,7.655363082885742,1788009107560534,1788009107932291328,417284,417285,1788009107929816576,1788009107938149120,0.29699570815450643,8.33272933959961,2.4747848510742188,1363.2145639905543,579.0084977044877,1,715.5313605517185,592.8004073197455,1
230,233,7.766666666666667,7.789090871810913,7.688801050186157,1788009107593972,1788009107965730304,417288,417289,1788009107963148544,1788009107971482624,0.3097983121155772,8.333921432495117,2.5818347930908203,1362.9208987640375,578.124374811541,1,715.6629887431957,590.2919178582808,1
231,234,7.8,7.8225178718566895,7.722228050231934,1788009107627399,1788009107999158272,417292,417293,1788009107996481792,1788009108004814848,0.3211925266802094,8.332967758178711,2.6764869689941406,1362.8692478667579,577.4761484905314,1,715.7633119024849,589.5026404130044,1
232,235,7.833333333333333,7.855954885482788,7.755665063858032,1788009107660836,1788009108032596224,417296,417297,1788009108029814272,1788009108038147072,0.33387696709585124,8.33272933959961,2.782106399536133,1362.7591458091185,576.4396441343761,1,716.1366556313978,588.4322302071525,1
233,236,7.866666666666666,7.889384984970093,7.789095163345337,1788009107694266,1788009108066027520,417300,417301,1788009108063146240,1788009108071480320,0.34573022457445285,8.333921432495117,2.881288528442383,1363.695665390253,573.8766862652031,1,716.6335794824184,588.1035807064591,1
234,237,7.9,7.922823905944824,7.822534084320068,1788009107727705,1788009108099467776,417304,417305,1788009108096479744,1788009108104812288,0.35859799713876966,8.33272933959961,2.988100051879883,1365.420789132956,569.5003210461549,1,717.3475150337283,587.9213132360039,1
235,238,7.933333333333334,7.956252813339233,7.8559629917144775,1788009107761134,1788009108132897536,417308,417309,1788009108129811968,1788009108138145792,0.3702580534416662,8.333683013916016,3.085613250732422,1366.320150336743,568.1666740654566,1,717.7079047884741,587.7696898173485,1
236,239,7.966666666666667,7.989689826965332,7.889400005340576,1788009107794571,1788009108166335744,417312,417313,1788009108163144960,1788009108171478016,0.3829074990701267,8.332967758178711,3.190755844116211,1367.7569305628267,567.3122005277703,1,716.9424689568309,586.69993581211,1
237,240,8.0,8.023120880126953,7.922831058502197,1788009107828002,1788009108199768064,417316,417317,1788009108196477440,1788009108204810240,0.39490701001430617,8.33272933959961,3.2906532287597656,1368.4655093300025,568.1076327787965,1,715.7342721145102,585.5105741656529,1
238,241,8.033333333333333,8.056548833847046,7.95625901222229,1788009107861430,1788009108233197312,417320,417321,1788009108229809664,1788009108238143488,0.40647708416776335,8.333683013916016,3.387451171875,1367.6501369296009,568.7735408521528,1,715.5386456214952,584.7790166302748,1
239,242,8.066666666666666,8.089977979660034,7.989688158035278,1788009107894859,1788009108266627584,417324,417325,1788009108263142912,1788009108271475712,0.4181854596435009,8.332967758178711,3.4847259521484375,1366.2698597532924,570.2048582245192,1,715.3592733100211,584.4730406607599,1
240,243,8.1,8.12340784072876,8.023118019104004,1788009107928289,1788009108300058624,417328,417329,1788009108296475136,1788009108304807936,0.43004291845493564,8.33272933959961,3.5834312438964844,1365.0128152177272,571.0267789092338,1,715.9304009466994,584.6795535472768,1
241,244,8.133333333333333,8.156837940216064,8.056548118591309,1788009107961719,1788009108333489664,417332,417333,1788009108329807360,1788009108338141184,0.44185381204405666,8.333921432495117,3.682374954223633,1364.3741575483227,571.2415495752107,1,716.8265246504442,585.6797497680901,1
242,245,8.166666666666666,8.19026780128479,8.089977979660034,1788009107995149,1788009108366920448,417336,417337,1788009108363140608,1788009108371473408,0.45361945636623746,8.33272933959961,3.779888153076172,1364.0028807547435,571.3971709251567,1,716.8585250296512,585.8994120409063,1
243,246,8.2,8.2236909866333,8.123401165008545,1788009108028572,1788009108400344832,417340,417341,1788009108396472832,1788009108404805632,0.4646638054363376,8.33272933959961,3.871917724609375,1364.1678915467562,571.1718365928331,1,717.108262387785,585.4628157815438,1
244,247,8.233333333333333,8.257118940353394,8.156829118728638,1788009108062000,1788009108433774080,417344,417345,1788009108429805056,1788009108438138880,0.47624088113288515,8.333921432495117,3.968954086303711,1364.0814614078604,570.8151914253611,1,717.4685172815307,585.5845835136492,1
245,248,8.266666666666667,8.290541887283325,8.19025206565857,1788009108095423,1788009108467198208,417348,417349,1788009108463138304,1788009108471471104,0.48721030042918456,8.33272933959961,4.059791564941406,1364.1952541332632,570.587834417076,1,717.7944565574159,585.7806800036725,1
246,249,8.3,8.323977947235107,8.223688125610352,1788009108128859,1788009108500635392,417352,417353,1788009108496470784,1788009108504803328,0.4997997138769671,8.33272933959961,4.164695739746094,1364.4616544182636,570.1590928256653,1,717.8256938355764,585.4778369277992,1
247,250,8.333333333333334,8.357406854629517,8.25711703300476,1788009108162288,1788009108534065408,417356,417357,1788009108529803776,1788009108538136832,0.5114302881176505,8.332967758178711,4.071235656738281,1364.7764403950246,570.0946647823662,1,718.1091995375725,585.9040172452635,1
248,251,8.366666666666667,8.390836954116821,8.290547132492065,1788009108195718,1788009108567496704,417360,417361,1788009108563136000,1788009108571468800,0.5233190271816881,8.33272933959961,3.9720535278320312,1364.738273889198,570.596284465314,1,718.4187186522239,586.1850827692667,1
249,252,8.4,8.424275875091553,8.323986053466797,1788009108229157,1788009108600936960,417364,417365,1788009108596468224,1788009108604802048,0.5362036904591618,8.333921432495117,3.8652420043945312,1364.4765928244956,571.0496703259221,1,718.663594738488,586.6155521307159,1
250,253,8.433333333333334,8.457705020904541,8.357415199279785,1788009108262586,1788009108634366976,417368,417369,1788009108629801472,1788009108638134528,0.5478813195616721,8.332967758178711,3.7674903869628906,1364.5507215191792,570.9046857614834,1,718.6453596618753,586.6761442358622,1
251,254,8.466666666666667,8.491134881973267,8.39084506034851,1788009108296016,1788009108667798016,417372,417373,1788009108663133952,1788009108671466496,0.5597424892703863,8.33272933959961,3.668546676635742,1364.3429043447609,570.9758731578534,1,718.8181295795903,586.8070619251986,1
252,255,8.5,8.524570941925049,8.424281120300293,1788009108329452,1788009108701235200,417376,417377,1788009108696465920,1788009108704800000,0.5722786439708196,8.333921432495117,3.564596176147461,1363.9739964332466,570.7243989563746,1,718.9411250632351,586.7083171696885,1
253,256,8.533333333333333,8.55799388885498,8.457704067230225,1788009108362875,1788009108734659072,417380,417381,1788009108729799168,1788009108738131968,0.5832331902718169,8.33272933959961,3.4728050231933594,1364.2292819326733,570.6698407458737,1,719.1316259082178,586.7932746446385,1
254,257,8.566666666666666,8.591421842575073,8.491132020950317,1788009108396303,1788009108768088320,417384,417385,1788009108763131648,1788009108771464448,0.5948497854077254,8.33272933959961,3.376007080078125,1364.2528769027024,570.7075234729232,1,719.1589615657704,586.7385011583035,1
255,258,8.6,8.624858856201172,8.524569034576416,1788009108429740,1788009108801526528,417388,417389,1788009108796463616,1788009108804797696,0.6074953511657846,8.333921432495117,3.2711029052734375,1364.714352545172,570.6866707211223,1,719.1849008248967,586.301201609285,1
256,259,8.633333333333333,8.65828800201416,8.557998180389404,1788009108463169,1788009108834956800,417392,417393,1788009108829797120,1788009108838129664,0.6192274678111588,8.33272933959961,3.1728744506835938,1364.9428438108268,570.7899281167556,1,718.9176212313877,585.8457576902476,1
257,260,8.666666666666666,8.691717863082886,8.59142804145813,1788009108496599,1788009108868387584,417396,417397,1788009108863128064,1788009108871462144,0.6310685166642827,8.333921432495117,3.07464599609375,1365.4693140422644,570.4162796205555,1,718.7997505415823,585.8421018785173,1
258,261,8.7,8.7251558303833,8.624866008758545,1788009108530037,1788009108901826304,417400,417401,1788009108896461568,1788009108904794112,0.6438340486409156,8.33272933959961,2.96783447265625,1365.7686832751342,570.615857940874,1,718.7076348739693,585.5454342291027,1
259,262,8.733333333333333,8.758585929870605,8.65829610824585,1788009108563467,1788009108935257088,417404,417405,1788009108929793792,1788009108938126592,0.655650929899857,8.33272933959961,2.8693675994873047,1365.5560252653925,570.9008857999719,1,718.5013957854537,585.4113415353413,1
260,263,8.766666666666667,8.792022943496704,8.691733121871948,1788009108596904,1788009108968695296,417408,417409,1788009108963126016,1788009108971459840,0.6682877985981976,8.333921432495117,2.764463424682617,1365.5983301318256,571.5114253773336,1,717.9312087334969,585.2334714797887,1
261,264,8.8,8.82545280456543,8.725162982940674,1788009108630334,1788009109002126336,417412,417413,1788009108996459264,1788009109004792064,0.6800858369098712,8.33272933959961,2.6657581329345703,1364.9689964543345,571.9223314046402,1,717.5963958082275,585.1085930778246,1
262,265,8.833333333333334,8.858882904052734,8.758593082427979,1788009108663764,1788009109035557632,417416,417417,1788009109029791232,1788009109038124288,0.6919687562587623,8.332967758178711,2.566814422607422,1365.0467021444024,571.9921768936568,1,717.1792081533049,585.3138104982321,1
263,266,8.866666666666667,8.892319917678833,8.792030096054077,1788009108697201,1788009109068995840,417420,417421,1788009109063123712,1788009109071457536,0.704591617794307,8.333921432495117,2.4619102478027344,1364.4214593485412,572.1516735408111,1,716.6016909586865,585.4945782943812,1
264,267,8.9,8.925748825073242,8.825459003448486,1788009108730630,1788009109102425600,417424,417425,1788009109096456960,1788009109104789760,0.7162804005722461,8.33272933959961,2.3641586303710938,1364.0470042873267,571.9239368657833,1,715.9744164432743,585.2062432224941,1
265,268,8.933333333333334,8.95918583869934,8.858896017074585,1788009108764067,1788009109135863808,417428,417429,1788009109129789184,1788009109138121984,0.7289920173957827,8.332967758178711,2.25830078125,1363.7839591449128,572.218452421316,1,715.5615593366867,584.5807555565937,1
266,269,8.966666666666667,8.992614984512329,8.892325162887573,1788009108797496,1788009109169293824,417432,417433,1788009109163122432,1788009109171455232,0.7406294706723892,8.33272933959961,2.161264419555664,1363.9852929540496,571.5667770589143,1,715.0995593916115,583.285502203523,1
267,270,9.0,9.026043891906738,8.925754070281982,1788009108830925,1788009109202724096,417436,417437,1788009109196454656,1788009109204787456,0.7523605150214592,8.33272933959961,2.0635128021240234,1364.4914403042362,571.4261633688992,1,714.9488608033848,581.8854575082951,1
268,271,9.033333333333333,9.05947494506836,8.959185123443604,1788009108864356,1788009109236156160,417440,417441,1788009109229786880,1788009109238120704,0.7642683450150193,8.333921432495117,1.964569091796875,1364.2377737274685,571.1082385550176,1,714.8819040100693,581.0076157613123,1
269,272,9.066666666666666,9.092911958694458,8.992622137069702,1788009108897793,1788009109269594368,417444,417445,1788009109263120128,1788009109271452928,0.776967095851216,8.33272933959961,1.8584728240966797,1363.4182680565402,570.8181076688576,1,714.5869614742875,580.4585284967759,1
270,273,9.1,9.126340866088867,9.026051044464111,1788009108931222,1788009109303024640,417448,417449,1788009109296452608,1788009109304785152,0.7886981402002862,8.33272933959961,1.760721206665039,1361.516345593051,572.4905038808655,1,714.7547510983459,581.1816044490384,1
271,274,9.133333333333333,9.159771919250488,9.059482097625732,1788009108964653,1788009109336456704,417452,417453,1788009109329784576,1788009109338118656,0.800600772421685,8.333921432495117,1.6617774963378906,1358.8493613172918,574.6582903363454,1,715.7268813550653,582.7250655080983,1
272,275,9.166666666666666,9.193208932876587,9.092919111251831,1788009108998090,1788009109369894912,417456,417457,1788009109363117824,1788009109371450624,0.8133047210300429,8.33272933959961,1.5556812286376953,1356.124013257848,577.546338391492,1,717.1237987711143,584.1499853703655,1
273,276,9.2,9.226637840270996,9.12634801864624,1788009109031519,1788009109403325184,417460,417461,1788009109396450048,1788009109404783104,0.8250407713656261,8.332967758178711,1.4579296112060547,1354.2481233730928,579.0755667209384,1,717.262130204245,585.0299434220992,1
274,277,9.233333333333333,9.260068893432617,9.159779071807861,1788009109064950,1788009109436757248,417464,417465,1788009109429782272,1788009109438116096,0.8369571436745437,8.333683013916016,1.3587474822998047,1352.344717322911,578.8634304053251,1,717.4492369644736,585.518765430769,1
275,278,9.266666666666667,9.293495893478394,9.193206071853638,1788009109098377,1788009109470185472,417468,417469,1788009109463115776,1788009109471448320,0.8484406294706723,8.33272933959961,1.2629032135009766,1351.0684634674717,580.0442073652995,1,717.1010018997099,584.5489759858672,1
276,279,9.3,9.326924800872803,9.226634979248047,1788009109131806,1788009109503615488,417472,417473,1788009109496447744,1788009109504780800,0.8601470630311007,8.332967758178711,1.1653900146484375,1349.2347668110824,580.896055003761,1,717.5153959511957,585.1533947445722,1
277,280,9.333333333333334,9.360355854034424,9.260066032409668,1788009109165237,1788009109537047296,417476,417477,1788009109529780224,1788009109538113792,0.8720318132402586,8.333683013916016,1.066446304321289,1347.4204701901726,581.2969238798158,1,718.3931520262172,585.9199266161954,1
278,281,9.366666666666667,9.393793821334839,9.293503999710083,1788009109198675,1788009109570486528,417480,417481,1788009109563113472,1788009109571446272,0.8848354792560801,8.33272933959961,0.9596347808837891,1346.3853827965543,582.3230075011446,1,719.2615804910592,587.075430176161,1
279,282,9.4,9.427223920822144,9.326934099197388,1788009109232105,1788009109603917824,417484,417485,1788009109596445440,1788009109604779520,0.8966099270490631,8.333921432495117,0.8616447448730469,1345.213615982932,583.9405295451485,1,720.4072824778304,587.8053110832029,1
280,283,9.433333333333334,9.460652828216553,9.360363006591797,1788009109265534,1788009109637347840,417488,417489,1788009109629778944,1788009109638111488,0.9083547925608011,8.33272933959961,0.7636547088623047,1344.1780269145509,585.4782775141298,1,721.6551259966608,588.3384597874772,1
281,284,9.466666666666667,9.494089841842651,9.393800020217896,1788009109298971,1788009109670786304,417492,417493,1788009109663110912,1788009109671443968,0.9210895253354696,8.332967758178711,0.6575584411621094,1343.0503119316045,588.3715093485738,1,722.9246909725085,588.7450355168638,1
282,285,9.5,9.52751898765564,9.427229166030884,1788009109332400,1788009109704216576,417496,417497,1788009109696443392,1788009109704777216,0.9327134887712774,8.333921432495117,0.560760498046875,1342.3024501153056,590.4921446908942,1,723.9506209034984,589.0312693235861,1
283,286,9.533333333333333,9.560949802398682,9.460659980773926,1788009109365831,1788009109737648128,417500,417501,1788009109729776640,1788009109738109440,0.9446638054363377,8.33272933959961,0.4611015319824219,1340.91877324723,592.8640019650759,1,724.54924163245,589.2438426164339,1
284,287,9.566666666666666,9.594376802444458,9.494086980819702,1788009109399258,1788009109771076096,417504,417505,1788009109763108608,1788009109771441664,0.9561385940316443,8.332967758178711,0.3654956817626953,1340.537493732943,595.5890522539362,1,725.3619683820024,590.5984825016292,1
285,288,9.6,9.627806901931763,9.527517080307007,1788009109432688,1788009109804507392,417508,417509,1788009109796441088,1788009109804774656,0.9679292784802884,8.333683013916016,0.26726722717285156,1341.4395418653153,597.1587692478786,1,726.1784430659485,591.6241909467486,1
286,289,9.633333333333333,9.6612389087677,9.560949087142944,1788009109466120,1788009109837940736,417512,417513,1788009109829774336,1788009109838107136,0.9800286123032904,8.33272933959961,0.16641616821289062,1342.1533818834391,598.5176829589736,1,726.5957377720061,592.4048976646804,1
287,290,9.666666666666666,9.694674015045166,9.59438419342041,1788009109499555,1788009109871377152,417516,417517,1788009109863105536,1788009109871439360,0.9925332570447718,8.333921432495117,0.06222724914550781,1342.3273533067218,599.3449696777894,1,726.7624196887994,593.1596042958798,1
288,291,9.7,9.728103876113892,9.627814054489136,1788009109532985,1788009109904807936,417521,417522,1788009109904771584,1788009109913104384,0.004377682403433477,8.33272933959961,0.03647804260253906,1342.7240694026434,599.9894080086821,1,726.3569626240055,593.4215966191634,1
289,292,9.733333333333333,9.761541843414307,9.66125202178955,1788009109566423,1788009109938247168,417525,417526,1788009109938103808,1788009109946437632,0.017194026434742805,8.333683013916016,0.14328956604003906,1343.0269469890081,600.6700399055779,1,725.9000548109768,593.4924654182144,1
290,293,9.766666666666667,9.794970989227295,9.694681167602539,1788009109599852,1788009109971677184,417529,417530,1788009109971437056,1788009109979769856,0.028840376527137994,8.332967758178711,0.240325927734375,1343.6650936879494,600.5971265672447,1,725.3354096088615,593.2929903039428,1
291,294,9.8,9.828401803970337,9.728111982345581,1788009109633283,1788009110005109248,417533,417534,1788009110004769280,1788009110013102080,0.04080114449213162,8.33272933959961,0.3399848937988281,1344.333920639777,600.6784878679139,1,724.7478049272794,592.3821836052427,1
292,295,9.833333333333334,9.861829996109009,9.761540174484253,1788009109666711,1788009110038538752,417537,417538,1788009110038101504,1788009110046435328,0.05246745816049206,8.333921432495117,0.4372596740722656,1344.7811733095937,599.623620631617,1,724.5934145936349,593.0992728000863,1
293,296,9.866666666666667,9.895259857177734,9.794970035552979,1788009109700141,1788009110071969792,417541,417542,1788009110071434752,1788009110079767808,0.06420417155446197,8.332967758178711,0.5350112915039062,1345.210541401273,598.6662452507416,1,724.7980447112733,593.7924986300363,1
294,297,9.9,9.928680896759033,9.828391075134277,1788009109733562,1788009110105391872,417545,417546,1788009110104766976,1788009110113099776,0.0749928469241774,8.33272933959961,0.6248950958251953,1345.4465370712192,598.1152994457923,1,724.7787759349497,593.9490022667482,1
295,298,9.933333333333334,9.962111949920654,9.861822128295898,1788009109766993,1788009110138824192,417549,417550,1788009110138099200,1788009110146433024,0.0869975683021027,8.333921432495117,0.7250308990478516,1345.456216248394,597.6631544279447,1,724.6849875610633,594.0143655289191,1
296,299,9.966666666666667,9.99554181098938,9.895251989364624,1788009109800423,1788009110172254720,417553,417554,1788009110171432448,1788009110179765248,0.09868383404864091,8.33272933959961,0.8223056793212891,1345.50029587126,596.5365835342768,1,724.8033964578149,593.8971210277382,1
297,300,10.0,10.028971910476685,9.928682088851929,1788009109833853,1788009110205685504,417557,417558,1788009110204764928,1788009110213098496,0.11048807003490302,8.333683013916016,0.9207725524902344,1345.622307667009,596.8431036801658,1,723.9382476200916,593.0450020835696,1
298,301,10.033333333333333,10.062408924102783,9.962119102478027,1788009109867290,1788009110239123456,417561,417562,1788009110238097920,1788009110246430976,0.12305799547938542,8.332967758178711,1.0254383087158203,1345.7091333134558,597.477761631958,1,724.2428846181147,593.0431906260823,1
299,302,10.066666666666666,10.095837831497192,9.995548009872437,1788009109900719,1788009110272553472,417565,417566,1788009110271430144,1788009110279762944,0.1347925608011445,8.33272933959961,1.123189926147461,1345.9270253674592,598.2992013417487,1,724.5673028087012,593.6698665571168,1
300,303,10.1,10.129267930984497,10.028978109359741,1788009109934149,1788009110305984768,417569,417570,1788009110304762624,1788009110313096192,0.14664988270298107,8.333683013916016,1.2221336364746094,1345.7315876785515,598.7010220460282,1,724.7167038216783,593.9980116630633,1
301,304,10.133333333333333,10.16269588470459,10.062406063079834,1788009109967577,1788009110339413760,417573,417574,1788009110338095616,1788009110346428672,0.15816428714485994,8.332967758178711,1.3179779052734375,1345.154198735163,599.2728412590599,1,724.8782515286497,594.4928319580624,1
302,305,10.166666666666666,10.196125984191895,10.095836162567139,1788009110001007,1788009110372845056,417577,417578,1788009110371428096,1788009110379760640,0.17004291845493563,8.33272933959961,1.416921615600586,1345.4632862447431,598.7942670252803,1,725.0042320235863,595.0631586661974,1
303,306,10.2,10.22955584526062,10.129266023635864,1788009110034437,1788009110406276096,417581,417582,1788009110404760064,1788009110413094144,0.18189100271778,8.333921432495117,1.5158653259277344,1345.9886445698542,598.2501395697706,1,724.8515096659645,595.1747140558045,1
304,307,10.233333333333333,10.262986898422241,10.162697076797485,1788009110067868,1788009110439708160,417585,417586,1788009110438093312,1788009110446426368,0.19378558553403336,8.332967758178711,1.6148090362548828,1346.2697098051262,598.4432831885262,1,724.4749576869028,594.6561712924599,1
305,308,10.266666666666667,10.29641580581665,10.196125984191895,1788009110101297,1788009110473139456,417589,417590,1788009110471425792,1788009110479758592,0.20566523605150214,8.33272933959961,1.7137527465820312,1346.3246663133536,598.2236620998573,1,724.2241744861824,594.629567501932,1
306,309,10.3,10.329844951629639,10.229555130004883,1788009110134726,1788009110506569472,417593,417594,1788009110504757760,1788009110513091840,0.21736518380775283,8.333921432495117,1.8115043640136719,1346.3596552708127,598.1793430908594,1,723.911800814092,594.1652968462056,1
307,310,10.333333333333334,10.36327600479126,10.262986183166504,1788009110168157,1788009110540001280,417597,417598,1788009110538091264,1788009110546423808,0.22921316165951358,8.33272933959961,1.9099712371826172,1346.6036437141129,598.1608910591607,1,723.6396447424321,593.5711711471536,1
308,311,10.366666666666667,10.396704912185669,10.296415090560913,1788009110201586,1788009110573430784,417601,417602,1788009110571423488,1788009110579756288,0.24088698140200285,8.33272933959961,2.0072460174560547,1346.8426127579378,598.9745557198625,1,723.8621488655283,593.8844632753935,1
309,312,10.4,10.430135011672974,10.329845190048218,1788009110235016,1788009110606861824,417605,417606,1788009110604755712,1788009110613089536,0.25272493205549995,8.333921432495117,2.106189727783203,1346.9962632181046,599.2469797868062,1,724.2701169264794,594.9653767435234,1
310,313,10.433333333333334,10.463570833206177,10.363281011581421,1788009110268452,1788009110640298752,417609,417610,1788009110638088960,1788009110646421760,0.26520743919885553,8.33272933959961,2.209901809692383,1347.4129074211123,599.0455922712773,1,724.2881480117517,595.1259855102645,1
311,314,10.466666666666667,10.496992826461792,10.396703004837036,1788009110301874,1788009110673722112,417613,417614,1788009110671420928,1788009110679755008,0.27609784008010296,8.333921432495117,2.3009777069091797,1347.554201950052,596.940942057592,1,724.2995510923915,594.8860630593985,1
312,315,10.5,10.530422925949097,10.43013310432434,1788009110335304,1788009110707153664,417617,417618,1788009110704754432,1788009110713087232,0.287917370032331,8.332967758178711,2.3992061614990234,1348.6185166690293,596.0173446922641,1,723.3006486929653,594.1867671854891,1
313,316,10.533333333333333,10.563852787017822,10.463562965393066,1788009110368734,1788009110740584448,417621,417622,1788009110738086656,1788009110746419456,0.29974248927038627,8.33272933959961,2.4976730346679688,1349.5166701825915,596.8133708395724,1,721.1137937621024,592.819031499657,1
314,317,10.566666666666666,10.597282886505127,10.496993064880371,1788009110402164,1788009110774015744,417625,417626,1788009110771418880,1788009110779752704,0.31160062938063227,8.333921432495117,2.5968551635742188,1351.0537377475848,595.1141260606466,1,717.2965950800422,590.8211167101865,1
315,318,10.6,10.630712985992432,10.530423164367676,1788009110435594,1788009110807447040,417629,417630,1788009110804752128,1788009110813084928,0.3234048640915594,8.33272933959961,2.694845199584961,1353.1463301107374,591.4998864227844,1,712.3572633373518,588.6424278659988,1
316,319,10.633333333333333,10.664133787155151,10.563843965530396,1788009110469015,1788009110840868608,417633,417634,1788009110838084352,1788009110846417152,0.33413447782546496,8.33272933959961,2.784252166748047,1356.3463400604319,586.6127852865922,1,706.7356147899095,586.7004001183382,1
317,320,10.666666666666666,10.69756293296814,10.597273111343384,1788009110502444,1788009110874299136,417637,417638,1788009110871416576,1788009110879749632,0.3459128494177563,8.332967758178711,2.8824806213378906,1360.604054367339,578.8166228519594,1,699.7910083867556,583.7364041037116,1
318,321,10.7,10.730992794036865,10.63070297241211,1788009110535874,1788009110907730176,417641,417642,1788009110904748800,1788009110913081600,0.35776824034334764,8.33272933959961,2.9811859130859375,1366.721571858128,571.38896281562,1,693.474348799208,581.0580088038168,1
319,322,10.733333333333333,10.764421939849854,10.664132118225098,1788009110569303,1788009110941160192,417645,417646,1788009110938081024,1788009110946414848,0.3694750393362895,8.333921432495117,3.0791759490966797,1372.8718508954353,565.4657715684145,1,687.7538492052395,579.8008387036831,1
320,323,10.766666666666667,10.797843933105469,10.697554111480713,1788009110602725,1788009110974583040,417649,417650,1788009110971414272,1788009110979747072,0.38028612303290416,8.33272933959961,3.168821334838867,1377.4277577540352,563.056510295649,1,682.5966906610445,578.7085373987898,1
321,324,10.8,10.8312668800354,10.730977058410645,1788009110636148,1788009111008007168,417653,417654,1788009111004746752,1788009111013079296,0.3913018597997139,8.33272933959961,3.2606124877929688,1380.6030229701216,561.8201907712091,1,679.4062574761347,579.0448572822432,1
322,325,10.833333333333334,10.864696979522705,10.76440715789795,1788009110669578,1788009111041438720,417657,417658,1788009111038078720,1788009111046412800,0.4031755113717637,8.333921432495117,3.3600330352783203,1384.7691445094706,559.6469823134164,1,676.5503660905539,579.3944548294246,1
323,326,10.866666666666667,10.89812684059143,10.797837018966675,1788009110703008,1788009111074869760,417661,417662,1788009111071411968,1788009111079744768,0.414964234620887,8.33272933959961,3.457784652709961,1387.4083386750447,557.8578667652713,1,673.9979396980699,579.9270996282426,1
324,327,10.9,10.931556940078735,10.83126711845398,1788009110736438,1788009111108301056,417665,417666,1788009111104744448,1788009111113077248,0.4268383404864092,8.33272933959961,3.5567283630371094,1390.342153723573,556.557442143621,1,671.0850803490803,580.7536484380506,1
325,328,10.933333333333334,10.964986801147461,10.864696979522705,1788009110769868,1788009111141732096,417669,417670,1788009111138076416,1788009111146410496,0.4386496924617365,8.333921432495117,3.655672073364258,1392.9758566717057,556.7434698651778,1,668.319897349554,582.3305520694618,1
326,329,10.966666666666667,10.99841594696045,10.898126125335693,1788009110803297,1788009111175162368,417673,417674,1788009111171409920,1788009111179742464,0.45032904148783975,8.33272933959961,3.752470016479492,1394.9443223144294,557.5765801267783,1,665.5299213962328,584.0657085235771,1
327,330,11.0,11.031850814819336,10.93156099319458,1788009110836732,1788009111208598272,417677,417678,1788009111204741888,1788009111213074944,0.462790764212755,8.332967758178711,3.8564205169677734,1398.2387324398862,559.2888155522859,1,661.6105848737685,586.080978095526,1
328,331,11.033333333333333,11.065281867980957,10.964992046356201,1788009110870163,1788009111242030592,417681,417682,1788009111238074368,1788009111246407936,0.47473822738456256,8.333683013916016,3.956317901611328,1401.9846611661114,561.6629197099836,1,658.0497144671903,588.3584526271644,1
329,332,11.066666666666666,11.098711013793945,10.99842119216919,1788009110903592,1788009111275460608,417685,417686,1788009111271407616,1788009111279740416,0.4864091559370529,8.33272933959961,4.0531158447265625,1406.645096412481,564.2604072366217,1,654.0432279939578,591.3982369165537,1
330,333,11.1,11.13214898109436,11.031859159469604,1788009110937030,1788009111308899840,417689,417690,1788009111304739840,1788009111313073664,0.49918466599914174,8.333921432495117,4.160165786743164,1412.2140133626567,568.377375129654,1,651.1739943796406,594.9554317895039,1
331,334,11.133333333333333,11.16557788848877,11.065288066864014,1788009110970459,1788009111342329856,417693,417694,1788009111338073088,1788009111346405632,0.5108440629470672,8.33272933959961,4.0760040283203125,1417.3465709333454,573.2175976397199,1,648.9948875417265,598.6831550928888,1
332,335,11.166666666666666,11.199015855789185,11.098726034164429,1788009111003897,1788009111375768832,417697,417698,1788009111371405312,1788009111379738112,0.5236623748211731,8.33272933959961,3.9691925048828125,1421.7108115573012,578.9880367530292,1,647.7609850060333,602.7576496434588,1
333,336,11.2,11.232451915740967,11.132162094116211,1788009111037333,1788009111409206272,417701,417702,1788009111404737536,1788009111413071360,0.5362036904591618,8.333921432495117,3.8652420043945312,1424.8448086717488,585.3405083611951,1,646.6603733918438,607.3365695806451,1
334,337,11.233333333333333,11.265880823135376,11.16559100151062,1788009111070762,1788009111442636288,417705,417706,1788009111438070784,1788009111446403584,0.5478969957081545,8.33272933959961,3.767251968383789,1426.7198582827166,591.0739224232409,1,646.3926881150645,611.1773311911395,1
335,338,11.266666666666667,11.299318790435791,11.199028968811035,1788009111104200,1788009111476075520,417709,417710,1788009111471403008,1788009111479735808,0.5607278761694945,8.332967758178711,3.660440444946289,1427.6068324403188,596.3195650112207,1,646.8393981002664,614.3527072172922,1
336,339,11.3,11.33274793624878,11.232458114624023,1788009111137629,1788009111509505792,417713,417714,1788009111504735232,1788009111513069056,0.5724216850236018,8.333921432495117,3.563404083251953,1428.0854914569352,600.7915970469754,1,647.0246644207746,616.9793214244504,1
337,340,11.333333333333334,11.366184949874878,11.265895128250122,1788009111171066,1788009111542944000,417717,417718,1788009111538068480,1788009111546401280,0.5850929899856938,8.33272933959961,3.457307815551758,1428.5894704043021,603.8780507902388,1,647.4404867760918,618.4066328573398,1
338,341,11.366666666666667,11.399621963500977,11.29933214187622,1788009111204503,1788009111576382208,417721,417722,1788009111571400704,1788009111579733504,0.5978083602758147,8.332967758178711,3.351449966430664,1430.10129494677,606.8461136532552,1,647.3354527094775,619.3421088336995,1
339,342,11.4,11.433060884475708,11.332771062850952,1788009111237942,1788009111609821696,417725,417726,1788009111604732928,1788009111613066752,0.6106311151799508,8.333683013916016,3.2448768615722656,1431.1556330661977,609.0032709011501,1,647.1987475004371,620.1902349265462,1
340,343,11.433333333333334,11.466489791870117,11.366199970245361,1788009111271371,1788009111643251200,417729,417730,1788009111638066176,1788009111646398976,0.6222317596566523,8.33272933959961,3.1478404998779297,1432.3603470030716,610.040483958779,1,646.9287279903886,620.6081803441691,1
341,344,11.466666666666667,11.499926805496216,11.39963698387146,1788009111304808,1788009111676688896,417733,417734,1788009111671398400,1788009111679732224,0.6348161922471749,8.333921432495117,3.0434131622314453,1433.5147138572042,610.3812856026816,1,646.348133821605,620.5166605372617,1
342,345,11.5,11.533362865447998,11.433073043823242,1788009111338244,1788009111710126080,417737,417738,1788009111704731648,1788009111713064448,0.6473819742489271,8.33272933959961,2.9382705688476562,1433.7810401950728,610.3430267103477,1,646.3673819594983,620.2509836410815,1
343,346,11.533333333333333,11.566792964935303,11.466503143310547,1788009111371674,1788009111743557120,417741,417742,1788009111738063872,1788009111746396672,0.6592372178192326,8.332967758178711,2.8395652770996094,1433.5332867630805,610.6744016265714,1,646.1545443731266,619.9046171014884,1
344,347,11.566666666666666,11.600230932235718,11.499941110610962,1788009111405112,1788009111776996608,417745,417746,1788009111771396096,1788009111779730176,0.6720068659705335,8.333921432495117,2.733469009399414,1432.9852464484868,610.97423355126,1,646.188886423138,619.5394708817942,1
345,348,11.6,11.6336669921875,11.533377170562744,1788009111438548,1788009111810433792,417749,417750,1788009111804729344,1788009111813062144,0.6845779685264664,8.33272933959961,2.628326416015625,1432.8399702717445,611.4063280646587,1,646.4286579727005,619.2153074329644,1
346,349,11.633333333333333,11.667094945907593,11.566805124282837,1788009111471976,1788009111843863040,417753,417754,1788009111838061568,1788009111846394624,0.6962032559869532,8.332967758178711,2.5315284729003906,1432.6335670344674,611.534064155127,1,646.722557791416,619.0914480371372,1
347,350,11.666666666666666,11.700525999069214,11.600236177444458,1788009111505407,1788009111877295360,417757,417758,1788009111871393024,1788009111879726592,0.7082451221605539,8.333683013916016,2.4313926696777344,1432.7997559081793,611.6694927649816,1,646.8488428414369,619.1968816445452,1
348,351,11.7,11.733963012695312,11.633673191070557,1788009111538844,1788009111910733312,417761,417762,1788009111904726016,1788009111913059072,0.72089496723985,8.332967758178711,2.325773239135742,1432.7324920050369,611.750822049881,1,647.2803364569073,619.2060516458245,1
349,352,11.733333333333333,11.767400979995728,11.667111158370972,1788009111572282,1788009111944172032,417765,417766,1788009111938058496,1788009111946392320,0.7336003432985266,8.333921432495117,2.22015380859375,1432.728313384803,611.5574739579387,1,647.323088647978,619.3172360954756,1
350,353,11.766666666666667,11.80083179473877,11.700541973114014,1788009111605713,1788009111977604096,417769,417770,1788009111971391744,1788009111979724288,0.7455507868383405,8.33272933959961,2.1202564239501953,1431.9475845315976,611.3114019610404,1,647.5483975157744,619.1126565820327,1
351,354,11.8,11.834266901016235,11.73397707939148,1788009111639148,1788009112011040512,417773,417774,1788009112004723712,1788009112013056768,0.7580326743154703,8.332967758178711,2.016305923461914,1432.8523494261924,611.2859915545188,1,647.5582039708042,618.6293775644468,1
352,355,11.833333333333334,11.867705821990967,11.767416000366211,1788009111672587,1788009112044480512,417777,417778,1788009112038056192,1788009112046389760,0.7708988956914802,8.333683013916016,1.9092559814453125,1432.0431085390164,611.0025062650795,1,647.3595407667017,618.0345037679767,1
353,356,11.866666666666667,11.901131868362427,11.800842046737671,1788009111706013,1788009112077907712,417781,417782,1788009112071389440,1788009112079722240,0.7822603719599428,8.33272933959961,1.8143653869628906,1432.125614201831,610.8793074674387,1,647.1776579719105,617.4962380853941,1
354,357,11.9,11.934569835662842,11.834280014038086,1788009111739451,1788009112111346944,417785,417786,1788009112104721664,1788009112113054464,0.7950845469371406,8.332967758178711,1.7075538635253906,1432.1020401299531,610.7084922111482,1,646.9604971706472,616.8819839054468,1
355,358,11.933333333333334,11.96799898147583,11.867709159851074,1788009111772880,1788009112144777216,417789,417790,1788009112138053888,1788009112146387456,0.8067746180694627,8.333683013916016,1.6102790832519531,1431.8035902527868,610.3029657463043,1,646.8669579446531,616.2409273763813,1
356,359,11.966666666666667,12.001438856124878,11.901149034500122,1788009111806320,1788009112178218240,417793,417794,1788009112171387136,1788009112179719936,0.8197711015736767,8.33272933959961,1.5017986297607422,1431.997498115654,610.0037986700199,1,647.2438713895019,615.6709336645018,1
357,360,12.0,12.034868001937866,11.93457818031311,1788009111839749,1788009112211648256,417797,417798,1788009112204719360,1788009112213052160,0.8315307582260372,8.33272933959961,1.40380859375,1432.4534005691855,609.792943445563,1,647.4149176439699,615.1650112345656,1
358,361,12.033333333333333,12.068296909332275,11.96800708770752,1788009111873178,1788009112245078272,417801,417802,1788009112238051584,1788009112246385408,0.8431653029696172,8.333683013916016,1.3070106506347656,1432.6376797769049,609.5477440692198,1,647.8024154481809,614.4781396128094,1
359,362,12.066666666666666,12.10173487663269,12.001445055007935,1788009111906616,1788009112278517760,417805,417806,1788009112271384832,1788009112279717632,0.8559983977568596,8.332967758178711,1.199960708618164,1432.5789213123855,609.2528533572846,1,648.3697008088811,613.6490180576964,1
360,363,12.1,12.135164022445679,12.034874200820923,1788009111940045,1788009112311947776,417809,417810,1788009112304717056,1788009112313050624,0.8676546318017967,8.333683013916016,1.1029243469238281,1432.8208353240568,608.9745870905048,1,648.3131883364354,612.8505962093001,1
361,364,12.133333333333333,12.168593883514404,12.068304061889648,1788009111973475,1788009112345378560,417813,417814,1788009112338050304,1788009112346383104,0.8794563662374821,8.33272933959961,1.0044574737548828,1433.0158189973106,608.6983743776673,1,648.7918848168097,611.7294026192017,1
362,365,12.166666666666666,12.202029943466187,12.10174012184143,1788009112006911,1788009112378816000,417817,417818,1788009112371382528,1788009112379715328,0.8920774799004321,8.332967758178711,0.8993148803710938,1433.198680324487,608.4009899163619,1,648.57966690793,610.7447806997855,1
363,366,12.2,12.235459804534912,12.135169982910156,1788009112040341,1788009112412247296,417821,417822,1788009112404714752,1788009112413048576,0.9038450534988842,8.333683013916016,0.8013248443603516,1433.5033076701538,608.0806838018096,1,648.5715498844036,610.0795406012126,1
364,367,12.233333333333333,12.268895864486694,12.168606042861938,1788009112073777,1788009112445684480,417825,417826,1788009112438048000,1788009112446380800,0.9164234620886982,8.33272933959961,0.6964206695556641,1433.4005259986002,607.6688500390964,1,648.4324041989512,609.7402878216948,1
365,368,12.266666666666667,12.30233383178711,12.202044010162354,1788009112107215,1788009112479123712,417829,417830,1788009112471380224,1788009112479713024,0.9292703862660944,8.33272933959961,0.5893707275390625,1433.641355382441,607.3877515054203,1,648.4673478156477,609.4592453380005,1
366,369,12.3,12.335762977600098,12.235473155975342,1788009112140644,1788009112512553984,417833,417834,1788009112504712704,1788009112513046272,0.9409223550952681,8.333683013916016,0.49233436584472656,1433.883923746969,607.1363108588747,1,648.3537418186656,609.1684422359074,1
367,370,12.333333333333334,12.369192838668823,12.268903017044067,1788009112174074,1788009112545985024,417837,417838,1788009112538045696,1788009112546378496,0.9527624388429515,8.332967758178711,0.3936290740966797,1434.1128866417762,606.8365183674894,1,648.290507566177,609.0271297457384,1
368,371,12.366666666666667,12.402630805969238,12.302340984344482,1788009112207512,1788009112579424256,417841,417842,1788009112571377920,1788009112579710720,0.9656080114449214,8.33272933959961,0.2865791320800781,1434.1160284876535,606.6546892306799,1,647.9420981362694,608.9904881063866,1
369,372,12.4,12.436059951782227,12.33577013015747,1788009112240941,1788009112612854272,417845,417846,1788009112604710400,1788009112613043968,0.9772272129083939,8.333683013916016,0.18978118896484375,1434.1700282771349,606.4588153451533,1,647.6986190393459,608.9775190381243,1
370,373,12.433333333333334,12.469496965408325,12.36920714378357,1788009112274378,1788009112646292480,417849,417850,1788009112638043392,1788009112646376448,0.9899287574032216,8.332967758178711,0.08392333984375,1434.2250468380753,606.2736281559608,1,647.9916332036718,608.882279025011,1
371,374,12.466666666666667,12.502925872802734,12.402636051177979,1788009112307807,1788009112679722496,417854,417855,1788009112679708416,1788009112688042496,0.001687884422829352,8.333921432495117,0.014066696166992188,1434.4251422198777,606.2762721766803,1,647.8541151292293,608.726032334853,1
372,375,12.5,12.536362886428833,12.436073064804077,1788009112341244,1788009112713160704,417858,417859,1788009112713041664,1788009112721374464,0.014277539341917025,8.33272933959961,0.11897087097167969,1434.4948941260097,606.2281769370778,1,647.780231395221,608.5416091745676,1
373,376,12.533333333333333,12.569791793823242,12.469501972198486,1788009112374673,1788009112746590976,417862,417863,1788009112746374144,1788009112754707712,0.026005607369685872,8.333683013916016,0.2167224884033203,1434.8631148929194,606.133802694124,1,647.6664316963256,608.1974107392733,1
374,377,12.566666666666666,12.603229999542236,12.50294017791748,1788009112408111,1788009112780029952,417866,417867,1788009112779707136,1788009112788040192,0.03873995021601671,8.332967758178711,0.3228187561035156,1435.3549844624213,605.9012800099932,1,647.7803050559563,607.9529823864258,1
375,378,12.6,12.636658906936646,12.53636908531189,1788009112441540,1788009112813459968,417870,417871,1788009112813039616,1788009112821372160,0.05044349070100143,8.33272933959961,0.4203319549560547,1435.812465075421,605.2218257869638,1,647.8759719698106,607.4246162191321,1
376,379,12.633333333333333,12.670097827911377,12.569808006286621,1788009112474979,1788009112846899456,417874,417875,1788009112846371584,1788009112854705664,0.06333857817193535,8.333921432495117,0.5278587341308594,1435.9925383694635,604.3953985469312,1,647.9026495759524,606.8240435242694,1
377,380,12.666666666666666,12.703526973724365,12.60323715209961,1788009112508408,1788009112880329728,417878,417879,1788009112879704064,1788009112888036608,0.07507868383404864,8.33272933959961,0.6256103515625,1436.587050743478,604.0793016171176,1,647.9196954286169,605.9014231553309,1
378,381,12.7,12.73696494102478,12.636675119400024,1788009112541846,1788009112913768192,417882,417883,1788009112913036032,1788009112921369088,0.08786586935996109,8.332967758178711,0.7321834564208984,1437.3634250285268,603.4259359198752,1,648.0047914593302,604.6193712094112,1
379,382,12.733333333333333,12.770392894744873,12.670103073120117,1788009112575274,1788009112947198720,417886,417887,1788009112946369536,1788009112954702336,0.09951074361248605,8.332967758178711,0.8292198181152344,1438.1362565594338,602.5253645991277,1,647.5673192051368,603.4618627668408,1
380,383,12.766666666666667,12.803821802139282,12.703531980514526,1788009112608703,1788009112980628224,417890,417891,1788009112979701760,1788009112988034560,0.11118741058655222,8.33272933959961,0.9264945983886719,1438.5939919503737,601.663846260703,1,647.4465914006416,602.1880888164836,1
381,384,12.8,12.83725094795227,12.736961126327515,1788009112642132,1788009113014058240,417894,417895,1788009113013033984,1788009113021367808,0.1229294807609784,8.333921432495117,1.024484634399414,1439.0943862792574,600.2529344412775,1,647.226210418969,600.2347948489196,1
382,385,12.833333333333334,12.87068796157837,12.770398139953613,1788009112675569,1788009113047496192,417898,417899,1788009113046367232,1788009113054699776,0.13547925608011446,8.33272933959961,1.1289119720458984,1438.613132440778,597.4481530491227,1,647.2113519895508,597.4754627923362,1
383,386,12.866666666666667,12.904119968414307,12.80383014678955,1788009112709001,1788009113080929280,417902,417903,1788009113079699456,1788009113088032256,0.14758226037195996,8.33272933959961,1.2297630310058594,1436.6539782905322,594.0151046302694,1,648.9988431486624,593.7832052761745,1
384,387,12.9,12.937548875808716,12.83725905418396,1788009112742430,1788009113114359040,417906,417907,1788009113113031680,1788009113121365504,0.15929051637820055,8.333921432495117,1.3275146484375,1432.5198525811065,590.8438941702385,1,654.0320523896664,589.1010110764093,1
385,388,12.933333333333334,12.970985889434814,12.870696067810059,1788009112775867,1788009113147797248,417910,417911,1788009113146364928,1788009113154697728,0.17190271816881258,8.33272933959961,1.4324188232421875,1425.9216313624363,588.0040767218333,1,659.5686048820196,585.0579545334763,1
386,389,12.966666666666667,13.00441598892212,12.904126167297363,1788009112809297,1788009113181228288,417914,417915,1788009113179697152,1788009113188029952,0.18374821173104436,8.33272933959961,1.5311241149902344,1419.9403687644226,585.8763913956959,1,663.747596313682,582.441339425991,1
387,390,13.0,13.037845849990845,12.937556028366089,1788009112842727,1788009113214659328,417918,417919,1788009113213029376,1788009113221363200,0.19559433557430983,8.333921432495117,1.6300678253173828,1414.0657531974055,583.7638481128495,1,670.8315510544273,580.4272353956926,1
388,391,13.033333333333333,13.07127594947815,12.970986127853394,1788009112876157,1788009113248090624,417922,417923,1788009113246362624,1788009113254695424,0.20738197424892704,8.33272933959961,1.728057861328125,1407.1344504663268,581.7115851011666,1,674.8446972279725,578.3494292044512,1
389,392,13.066666666666666,13.104703903198242,13.004414081573486,1788009112909585,1788009113281519872,417926,417927,1788009113279694848,1788009113288027648,0.2190209149952791,8.332967758178711,1.825094223022461,1400.3128404965025,579.2647327937132,1,678.4824670239886,575.9139680420581,1
390,393,13.1,13.138139963150024,13.037850141525269,1788009112943021,1788009113314957056,417930,417931,1788009113313027072,1788009113321361152,0.2315834644542984,8.333921432495117,1.9299983978271484,1394.0613143682053,577.1197733906279,1,682.3963051609893,573.08564697524,1
391,394,13.133333333333333,13.171571016311646,13.07128119468689,1788009112976452,1788009113348389120,417934,417935,1788009113346360320,1788009113354693120,0.2434620886981402,8.33272933959961,2.0287036895751953,1389.0726896553124,575.2871380655187,1,687.0557271348472,569.8083523953327,1
392,395,13.166666666666666,13.205000877380371,13.104711055755615,1788009113009882,1788009113381819904,417938,417939,1788009113379692544,1788009113388026368,0.25527106279502215,8.333921432495117,2.127408981323242,1382.313992575695,573.542257611255,1,692.5021881275585,566.5228062366566,1
393,396,13.2,13.238436937332153,13.138147115707397,1788009113043318,1788009113415257088,417942,417943,1788009113413025792,1788009113421358592,0.26778254649499283,8.33272933959961,2.2313594818115234,1375.6008332267836,572.8935764432297,1,699.1100735941441,564.4597218949665,1
394,397,13.233333333333333,13.271867990493774,13.171578168869019,1788009113076749,1788009113448689408,417946,417947,1788009113446358272,1788009113454690816,0.2797711015736767,8.33272933959961,2.331256866455078,1368.6619809985607,572.8964758530389,1,706.6376521747388,565.4563905049991,1
395,398,13.266666666666667,13.305296897888184,13.205007076263428,1788009113110178,1788009113482119680,417950,417951,1788009113479690240,1788009113488024320,0.2914890573594622,8.333921432495117,2.4292469024658203,1363.4305302384419,570.3692566416211,1,711.7262970651075,566.8130303605541,1
396,399,13.3,13.338734865188599,13.238445043563843,1788009113143616,1788009113515558656,417954,417955,1788009113513023488,1788009113521356288,0.3042346208869814,8.33272933959961,2.535104751586914,1357.1780294303608,569.1695007426135,1,717.1116018917102,567.8867270346888,1
397,400,13.333333333333334,13.372161865234375,13.27187204360962,1788009113177043,1788009113548986880,417958,417959,1788009113546355712,1788009113554688768,0.31575634459672114,8.332967758178711,2.6311874389648438,1351.5586459641659,574.4963752328334,1,721.4064278948264,571.4516605605288,1
398,401,13.366666666666667,13.40559983253479,13.305310010910034,1788009113210481,1788009113582426368,417962,417963,1788009113579688192,1788009113588022016,0.32856529824059505,8.333921432495117,2.7382373809814453,1346.6580349168798,576.1809912313972,1,724.7427123906015,574.615728064441,1
399,402,13.4,13.439029932022095,13.338740110397339,1788009113243911,1788009113615857408,417966,417967,1788009113613021440,1788009113621353984,0.340343347639485,8.33272933959961,2.835988998413086,1344.7837031995423,574.8808288529938,1,727.7017898889007,577.6877505679893,1
400,403,13.433333333333334,13.472466945648193,13.372177124023438,1788009113277348,1788009113649295360,417970,417971,1788009113646353408,1788009113654686464,0.353037109095591,8.332967758178711,2.9418468475341797,1341.2306905349003,575.3761472809596,1,729.4900851859461,578.8572858762211,1
401,404,13.466666666666667,13.505896806716919,13.405606985092163,1788009113310778,1788009113682726400,417974,417975,1788009113679685888,1788009113688019456,0.3648509469588602,8.333683013916016,3.0405521392822266,1339.41511388965,576.6891010249695,1,731.1388939692229,579.9923839719419,1
402,405,13.5,13.539335012435913,13.439045190811157,1788009113344216,1788009113716165888,417978,417979,1788009113713019136,1788009113721351936,0.37762517882689556,8.33272933959961,3.146648406982422,1337.9992064992307,577.8860319287802,1,732.7027409548738,581.578418753248,1
403,406,13.533333333333333,13.572770833969116,13.47248101234436,1788009113377652,1788009113749602816,417982,417983,1788009113746351360,1788009113754684160,0.3902034276558611,8.332967758178711,3.2515525817871094,1337.2257348935539,579.0527833914675,1,733.3634695250305,582.049416516561,1
404,407,13.566666666666666,13.606200933456421,13.505911111831665,1788009113411082,1788009113783034112,417986,417987,1788009113779684608,1788009113788017152,0.40197424892703865,8.33272933959961,3.3495426177978516,1336.7954460922315,579.1083512520651,1,734.0079402547887,582.8501218927616,1
405,408,13.6,13.639638900756836,13.53934907913208,1788009113444520,1788009113816473344,417990,417991,1788009113813016832,1788009113821349632,0.4147925608011445,8.33272933959961,3.4563541412353516,1336.8404537520462,579.918472524434,1,734.7880214048674,583.6397181696763,1
406,409,13.633333333333333,13.673066854476929,13.572777032852173,1788009113477948,1788009113849902080,417994,417995,1788009113846349056,1788009113854682880,0.42634816192247177,8.333921432495117,3.553152084350586,1336.8637089032497,579.8386597282897,1,735.2661520809017,584.0828831340968,1
407,410,13.666666666666666,13.706496000289917,13.606206178665161,1788009113511377,1788009113883332352,417998,417999,1788009113879681280,1788009113888014080,0.43814020028612305,8.33272933959961,3.6509037017822266,1337.3220731362808,578.9379232966149,1,734.2050866004741,583.4787907808492,1
408,411,13.7,13.739933967590332,13.639644145965576,1788009113544815,1788009113916771328,418002,418003,1788009113913013504,1788009113921346304,0.4509742210523304,8.332967758178711,3.757953643798828,1337.9825447446983,578.1941791346133,1,733.1887770478909,583.048324764471,1
409,412,13.733333333333333,13.773362874984741,13.673073053359985,1788009113578244,1788009113950201600,418006,418007,1788009113946345728,1788009113954679552,0.46266521714253017,8.333683013916016,3.8557052612304688,1338.1293968709954,578.2648581817691,1,732.5098303964202,582.9502156673921,1
410,413,13.766666666666667,13.80679988861084,13.706510066986084,1788009113611681,1788009113983639808,418010,418011,1788009113979679232,1788009113988011776,0.47530758226037195,8.33272933959961,3.9606094360351562,1338.3982716543442,578.2040446282531,1,732.0556188401844,582.7090324277711,1
411,414,13.8,13.840230941772461,13.739941120147705,1788009113645112,1788009114017071872,418014,418015,1788009114013011200,1788009114021345024,0.4872550421971106,8.333921432495117,4.0607452392578125,1338.3720387706053,578.0485865836749,1,731.7517199099166,582.5166105374228,1
412,415,13.833333333333334,13.873667001724243,13.773377180099487,1788009113678548,1788009114050509312,418018,418019,1788009114046344448,1788009114054677248,0.4997997138769671,8.33272933959961,4.164695739746094,1338.7458804139383,578.6003504895555,1,731.4354336171965,581.9881280359177,1
413,416,13.866666666666667,13.907096862792969,13.806807041168213,1788009113711978,1788009114083940096,418022,418023,1788009114079676672,1788009114088009472,0.5116305685102,8.332967758178711,4.06956672668457,1338.9692770720258,579.3996843748024,1,731.3424224696763,582.2437139335262,1
414,417,13.9,13.940534830093384,13.840245008468628,1788009113745416,1788009114117379072,418026,418027,1788009114113008896,1788009114121342720,0.5244035017451508,8.333683013916016,3.963470458984375,1339.1551105425906,580.4279333301951,1,731.4166474996097,582.2625955778265,1
415,418,13.933333333333334,13.973963022232056,13.8736732006073,1788009113778844,1788009114150808320,418030,418031,1788009114146342400,1788009114154674944,0.5359656652360515,8.33272933959961,3.8666725158691406,1339.6781072348776,582.3754687349784,1,731.2674330842726,581.4756564642348,1
416,419,13.966666666666667,14.007398843765259,13.907109022140503,1788009113812280,1788009114184245248,418034,418035,1788009114179674368,1788009114188007424,0.5485393837086207,8.332967758178711,3.7620067596435547,1339.5514580332201,582.5784677548345,1,731.3135276486778,581.3970499716714,1
417,420,14.0,14.04082989692688,13.940540075302124,1788009113845711,1788009114217677056,418038,418039,1788009114213006848,1788009114221340416,0.5604222692681811,8.333683013916016,3.663301467895508,1339.5053416263693,581.237943451226,1,731.5221874415402,580.8823520116714,1
418,421,14.033333333333333,14.074266910552979,13.973977088928223,1788009113879148,1788009114251115008,418042,418043,1788009114246340096,1788009114254672640,0.5730472103004292,8.33272933959961,3.5576820373535156,1339.3885507321527,581.4969553829894,1,732.0144712350935,581.4626802224461,1
419,422,14.066666666666666,14.107697010040283,14.007407188415527,1788009113912578,1788009114284545792,418046,418047,1788009114279672064,1788009114288004864,0.5848927038626609,8.33272933959961,3.4589767456054688,1339.3375534387558,581.3422458880025,1,732.2952875430466,581.6846121549437,1
420,423,14.1,14.141126871109009,14.040837049484253,1788009113946008,1788009114317976832,418050,418051,1788009114313004544,1788009114321338112,0.5966699090232878,8.333683013916016,3.361225128173828,1338.9549634313662,578.1027146609063,1,732.6339014588737,582.1633830782109,1
421,424,14.133333333333333,14.174556016921997,14.074266195297241,1788009113979437,1788009114351407360,418054,418055,1788009114346337536,1788009114354670592,0.608394609596292,8.332967758178711,3.263235092163086,1338.7579208206241,576.6279007610341,1,733.0079563242975,582.4492364179617,1
422,425,14.166666666666666,14.207992792129517,14.10770297050476,1788009114012874,1788009114384845312,418058,418059,1788009114379670016,1788009114388002560,0.6210872675250357,8.33272933959961,3.157377243041992,1337.997517024382,581.4999184021702,1,732.9229263260988,582.025103494498,1
423,426,14.2,14.241421937942505,14.141132116317749,1788009114046303,1788009114418275328,418062,418063,1788009114413003264,1788009114421335808,0.6327038626609442,8.33272933959961,3.060579299926758,1337.908179810524,581.3505517209883,1,732.9411359755186,582.0805232682224,1
424,427,14.233333333333333,14.274850845336914,14.174561023712158,1788009114079732,1788009114451705344,418066,418067,1788009114446335232,1788009114454668288,0.6444450802552144,8.332967758178711,2.962827682495117,1337.9612448165233,581.737604541591,1,733.0293613197707,582.2769928337043,1
425,428,14.266666666666667,14.308287858963013,14.207998037338257,1788009114113169,1788009114485143808,418070,418071,1788009114479667712,1788009114488001280,0.6571207873204783,8.333683013916016,2.8574466705322266,1338.4041002564263,581.3721533224277,1,733.0262840896532,582.2857051343468,1
426,429,14.3,14.34171986579895,14.241430044174194,1788009114146601,1788009114518576896,418074,418075,1788009114513000960,1788009114521333760,0.6691559370529327,8.33272933959961,2.756834030151367,1338.7155365613758,580.0434464384966,1,732.688496378538,581.5225763176433,1
427,430,14.333333333333334,14.375147819519043,14.274857997894287,1788009114180029,1788009114552005888,418078,418079,1788009114546333184,1788009114554665984,0.6807530542759864,8.332967758178711,2.6602745056152344,1339.2940485653437,580.1050107483197,1,732.2527024467568,580.790888446681,1
428,431,14.366666666666667,14.408585786819458,14.308295965194702,1788009114213467,1788009114585444864,418082,418083,1788009114579665408,1788009114587999232,0.6935114722206328,8.333683013916016,2.554178237915039,1339.5320984120453,579.8425405645397,1,731.9010606753835,580.6799176611777,1
429,432,14.4,14.442015886306763,14.341726064682007,1788009114246897,1788009114618876160,418086,418087,1788009114612998400,1788009114621331456,0.7053589310749335,8.332967758178711,2.4552345275878906,1339.1798194881137,579.2700181866716,1,731.5055784543422,580.6594474870699,1
430,433,14.433333333333334,14.475452899932861,14.375163078308105,1788009114280334,1788009114652314368,418090,418091,1788009114646330880,1788009114654663680,0.7180829756795422,8.33272933959961,2.3491382598876953,1339.5445804562678,580.0313298243266,1,731.3125972565371,580.2485085070618,1
431,434,14.466666666666667,14.50888180732727,14.408591985702515,1788009114313763,1788009114685744640,418094,418095,1788009114679663104,1788009114687996928,0.72973050294673,8.333683013916016,2.252340316772461,1339.2759104813053,579.4698635746322,1,731.0479582298306,579.9893834025157,1
432,435,14.5,14.542310953140259,14.442021131515503,1788009114347192,1788009114719174656,418098,418099,1788009114712996352,1788009114721329152,0.7414380132185059,8.332967758178711,2.1545886993408203,1339.4343169300116,580.3671602313647,1,730.5986499418323,579.7332147839484,1
433,436,14.533333333333333,14.575740814208984,14.475450992584229,1788009114380622,1788009114752605696,418102,418103,1788009114746328576,1788009114754661376,0.7533047210300429,8.33272933959961,2.055644989013672,1338.847944881753,579.8833743830048,1,730.0882597956767,580.1874191435074,1
434,437,14.566666666666666,14.609176874160767,14.50888705253601,1788009114414058,1788009114786042880,418106,418107,1788009114779660800,1788009114787994624,0.7658131883850665,8.333921432495117,1.9516944885253906,1338.5709384378265,579.6082758616556,1,729.4673357604163,580.8141305929347,1
435,438,14.6,14.642615795135498,14.542325973510742,1788009114447497,1788009114819483136,418110,418111,1788009114812994048,1788009114821326848,0.7787187777173757,8.332967758178711,1.8439292907714844,1338.175084622622,580.099827724653,1,728.9105254909646,581.1988867646527,1
436,439,14.633333333333333,14.676044940948486,14.57575511932373,1788009114480926,1788009114852914688,418114,418115,1788009114846326272,1788009114854660096,0.7905532986210448,8.333683013916016,1.745462417602539,1337.2340902952706,580.8454011499897,1,727.9829691461044,580.4054701563704,1
437,440,14.666666666666666,14.709481954574585,14.609192132949829,1788009114514363,1788009114886352384,418118,418119,1788009114879658496,1788009114887991552,0.8032960430316729,8.332967758178711,1.6391277313232422,1337.9740980828483,580.9682618863906,1,726.4577389805272,580.1391285059748,1
438,441,14.7,14.74291181564331,14.642621994018555,1788009114547793,1788009114919782656,418122,418123,1788009114912990720,1788009114921323520,0.8150786838340487,8.33272933959961,1.5408992767333984,1341.0486811026947,579.8668158531209,1,724.1841993624085,579.7704203430995,1
439,442,14.733333333333333,14.77634882926941,14.676059007644653,1788009114581230,1788009114953220352,418126,418127,1788009114946322944,1788009114954656768,0.8276355313975111,8.333921432495117,1.436471939086914,1343.5588265329773,580.2266185463843,1,721.7850728804381,579.7430731602611,1
440,443,14.766666666666667,14.809785842895508,14.709496021270752,1788009114614667,1788009114986658560,418130,418131,1788009114979656192,1788009114987989248,0.8403193041686933,8.332967758178711,1.3306140899658203,1345.9147883453854,579.2262444501371,1,720.053233117947,581.2217680920032,1
441,444,14.8,14.843214988708496,14.74292516708374,1788009114648096,1788009115020088832,418134,418135,1788009115012988672,1788009115021321216,0.8521030042918455,8.33272933959961,1.2323856353759766,1347.2844387529387,578.4808533549445,1,718.0431875984218,582.1876452160228,1
442,445,14.833333333333334,14.876652002334595,14.776362180709839,1788009114681533,1788009115053527296,418138,418139,1788009115046321920,1788009115054654720,0.8647210300429184,8.33272933959961,1.1272430419921875,1348.2060230623138,577.9302463612535,1,715.9041993248464,582.4395279372935,1
443,446,14.866666666666667,14.910080909729004,14.809791088104248,1788009114714962,1788009115086957568,418142,418143,1788009115079653888,1788009115087986688,0.876480686695279,8.33272933959961,1.0292530059814453,1348.5582704146125,577.3086710826643,1,714.5956185174043,582.6100911820009,1
444,447,14.9,14.943511962890625,14.84322214126587,1788009114748393,1788009115120389376,418146,418147,1788009115112986368,1788009115121319936,0.8883389597757052,8.333683013916016,0.9305477142333984,1348.8571627959764,576.2719738994178,1,714.769660279755,583.8091376011727,1
445,448,14.933333333333334,14.976948022842407,14.876658201217651,1788009114781829,1788009115153826816,418150,418151,1788009115146319360,1788009115154652416,0.900918428657263,8.332967758178711,0.8256435394287109,1348.8239379983722,577.3862399941413,1,714.7027602056695,583.9299753969788,1
446,449,14.966666666666667,15.01037883758545,14.910089015960693,1788009114815260,1788009115187258624,418154,418155,1788009115179651840,1788009115187984384,0.9129041487839771,8.33272933959961,0.7257461547851562,1347.9856316972346,577.8254300398727,1,715.2640427407613,584.9878204340757,1
447,450,15.0,15.043808937072754,14.943519115447998,1788009114848690,1788009115220689664,418158,418159,1788009115212983808,1788009115221317888,0.9246459733943642,8.333921432495117,0.6279945373535156,1347.239117889056,577.5718887147535,1,716.1024415069037,586.2055239063011,1
448,451,15.033333333333333,15.077237844467163,14.976948022842407,1788009114882119,1788009115254119936,418162,418163,1788009115246317056,1788009115254650112,0.9363680581385369,8.332967758178711,0.530242919921875,1346.606434071698,577.9122680424914,1,715.8648517528197,586.5076951157602,1
449,452,15.066666666666666,15.110674858093262,15.010385036468506,1788009114915556,1788009115287558144,418166,418167,1788009115279649536,1788009115287982336,0.9490987124463519,8.33272933959961,0.4241466522216797,1346.2435442919507,578.8409668293974,1,715.8117244637344,586.8065682386024,1
450,453,15.1,15.14410400390625,15.043814182281494,1788009114948985,1788009115320988416,418170,418171,1788009115312981504,1788009115321315584,0.9607495351165785,8.333921432495117,0.32711029052734375,1345.6018729559567,579.1554311715198,1,715.8374069751185,587.2183643072475,1
451,454,15.133333333333333,15.177531957626343,15.077242136001587,1788009114982413,1788009115354417664,418174,418175,1788009115346315008,1788009115354647552,0.9723891273247497,8.33272933959961,0.2300739288330078,1344.3433912188384,579.2200931630967,1,715.4571489081612,587.3134256664432,1
452,455,15.166666666666666,15.210963010787964,15.110673189163208,1788009115015844,1788009115387849472,418178,418179,1788009115379647232,1788009115387980032,0.984349070100143,8.33272933959961,0.1304149627685547,1344.2932239246743,579.48555895254,1,716.0183010553792,588.1986336502703,1
453,456,15.2,15.244400978088379,15.144111156463623,1788009115049282,1788009115421288704,418182,418183,1788009115412979456,1788009115421313280,0.9970533543126877,8.333921432495117,0.024557113647460938,1344.134477214831,581.4731145599144,1,716.0217566939151,588.4847204639377,1
454,457,15.233333333333333,15.277829885482788,15.177540063858032,1788009115082711,1788009115454718720,418187,418188,1788009115454645504,1788009115462979328,0.008811328851380347,8.333921432495117,0.07343292236328125,1344.098942139403,581.5496222646148,1,716.4607965938155,588.888262948796,1
455,458,15.266666666666667,15.311263799667358,15.210973978042603,1788009115116145,1788009115488153856,418191,418192,1788009115487978752,1788009115496311552,0.021030042918454936,8.33272933959961,0.17523765563964844,1344.2577707119121,581.578202858626,1,716.4395949722381,589.203628464356,1
456,459,15.3,15.344689846038818,15.244400024414062,1788009115149571,1788009115521581056,418195,418196,1788009115521310976,1788009115529643776,0.03238912732474964,8.33272933959961,0.26988983154296875,1343.9182088415487,581.5399291669933,1,716.4323641951584,589.360005303221,1
457,460,15.333333333333334,15.378118991851807,15.27782917022705,1788009115183000,1788009115555011328,418199,418200,1788009115554643200,1788009115562977024,0.04417107709912745,8.333921432495117,0.3681182861328125,1344.2407851379203,581.7819025614643,1,716.5981334633077,589.2058197825367,1
458,461,15.366666666666667,15.411539793014526,15.31124997138977,1788009115216421,1788009115588432896,418203,418204,1788009115587976448,1788009115596309248,0.05476394849785408,8.33272933959961,0.4563331604003906,1344.2894440098921,581.5807599576567,1,716.5384519039027,589.2678484873182,1
459,462,15.4,15.44497799873352,15.344688177108765,1788009115249859,1788009115621871616,418207,418208,1788009115621308928,1788009115629641472,0.06755364806866952,8.33272933959961,0.5629062652587891,1344.8703202268896,581.444832105453,1,715.4913453199854,588.8204627872726,1
460,463,15.433333333333334,15.478405952453613,15.378116130828857,1788009115283287,1788009115655300352,418211,418212,1788009115654640896,1788009115662974720,0.07913031039908454,8.333921432495117,0.6594657897949219,1346.0926515313922,580.574293292967,1,713.6357064976603,588.0312373459947,1
461,464,15.466666666666667,15.51183795928955,15.411548137664795,1788009115316719,1788009115688733696,418215,418216,1788009115687974144,1788009115696306944,0.09113018597997138,8.33272933959961,0.7593631744384766,1348.8480043030036,578.1839057132524,1,710.847550294215,586.8401717138513,1
462,465,15.5,15.545267820358276,15.44497799873352,1788009115350149,1788009115722164736,418219,418220,1788009115721306368,1788009115729639168,0.10300134473977855,8.332967758178711,0.858306884765625,1353.176019954587,576.3099640211077,1,707.6447936019821,585.9658376848183,1
463,466,15.533333333333333,15.578703880310059,15.478414058685303,1788009115383585,1788009115755601920,418223,418224,1788009115754638592,1788009115762972416,0.11558047719860388,8.333683013916016,0.9632110595703125,1357.9109221952103,572.7647144377926,1,703.4596978583407,585.2275983602273,1
464,467,15.566666666666666,15.61213493347168,15.511845111846924,1788009115417016,1788009115789033984,418227,418228,1788009115787972096,1788009115796304640,0.12743919885550786,8.33272933959961,1.0619163513183594,1362.2824142740772,570.9439076788708,1,699.2854391470213,584.7058407316242,1
465,468,15.6,15.645563840866089,15.545274019241333,1788009115450445,1788009115822464000,418231,418232,1788009115821304064,1788009115829637120,0.13919487282195073,8.332967758178711,1.1599063873291016,1365.2144996433412,570.7160410184246,1,695.6216735580276,584.3119206829227,1
466,469,15.633333333333333,15.678992986679077,15.578703165054321,1788009115483874,1788009115855894272,418235,418236,1788009115854636544,1788009115862969088,0.1509585121602289,8.33272933959961,1.2578964233398438,1366.759168329949,571.104584180399,1,692.4870919481766,584.1734951871764,1
467,470,15.666666666666666,15.71242880821228,15.612138986587524,1788009115517310,1788009115889331456,418239,418240,1788009115887968512,1788009115896301568,0.16354324625904837,8.332967758178711,1.3628005981445312,1368.8950164465427,570.0683590296086,1,689.6166351846241,584.0963831009636,1
468,471,15.7,15.745858907699585,15.645569086074829,1788009115550740,1788009115922762752,418243,418244,1788009115921300992,1788009115929634560,0.17540195685758425,8.333683013916016,1.4617443084716797,1370.831831997548,569.4582682870748,1,687.2517883559119,584.0139779484967,1
469,472,15.733333333333333,15.77928900718689,15.678999185562134,1788009115584170,1788009115956193792,418247,418248,1788009115954634240,1788009115962967040,0.1871530758226037,8.33272933959961,1.5594959259033203,1373.4384069544037,570.3579069893016,1,685.2864472819904,583.9414996650986,1
470,473,15.766666666666667,15.812719821929932,15.712430000305176,1788009115617601,1788009115989625600,418251,418252,1788009115987966208,1788009115996299264,0.19913593316357187,8.332967758178711,1.659393310546875,1374.6441937647687,571.225880136308,1,683.1863910951993,584.3572427568613,1
471,474,15.8,15.84615683555603,15.745867013931274,1788009115651038,1788009116023063808,418255,418256,1788009116021298688,1788009116029632256,0.2118212507867483,8.333683013916016,1.7652511596679688,1376.3276290677468,571.9178454950594,1,681.400998111262,585.1932856824623,1
472,475,15.833333333333334,15.879583835601807,15.77929401397705,1788009115684465,1788009116056492032,418259,418260,1788009116054631936,1788009116062964736,0.22323319027181687,8.33272933959961,1.8601417541503906,1378.4073640901295,572.6711888007833,1,680.2496910829751,585.8810872440002,1
473,476,15.866666666666667,15.91301679611206,15.812726974487305,1788009115717898,1788009116089925888,418263,418264,1788009116087964160,1788009116096297984,0.23541696466885997,8.333921432495117,1.9619464874267578,1379.6089789819828,573.5863293590896,1,679.3665408028687,586.4861989091539,1
474,477,15.9,15.946451902389526,15.84616208076477,1788009115751333,1788009116123362048,418267,418268,1788009116121297408,1788009116129630208,0.24778254649499284,8.33272933959961,2.0647048950195312,1379.946023613969,574.261557080435,1,679.3621334480811,586.4569521567795,1
475,478,15.933333333333334,15.979880809783936,15.87959098815918,1788009115784762,1788009116156792064,418271,418272,1788009116154629376,1788009116162962432,0.259534777259592,8.332967758178711,2.1626949310302734,1379.9970718874479,574.950965737704,1,679.7307518838875,586.5288519844835,1
476,479,15.966666666666667,16.01331090927124,15.913021087646484,1788009115818192,1788009116190223616,418275,418276,1788009116187961856,1788009116196295680,0.27140609354884854,8.333921432495117,2.2618770599365234,1379.6696606523142,575.3000562784284,1,680.2550743661941,586.2014718855847,1
477,480,16.0,16.046741008758545,15.946451187133789,1788009115851622,1788009116223654912,418279,418280,1788009116221295104,1788009116229627904,0.2832045779685265,8.33272933959961,2.3598670959472656,1379.489858912164,575.0496898571826,1,681.2573652455496,585.8963809659957,1
478,481,16.033333333333335,16.08017086982727,15.979881048202515,1788009115885052,1788009116257085952,418283,418284,1788009116254627328,1788009116262960128,0.2950702411948156,8.332967758178711,2.458810806274414,1378.9140452697181,575.1931042271104,1,681.7932123846304,585.392184308528,1
479,482,16.066666666666666,16.113600969314575,16.01331114768982,1788009115918482,1788009116290516992,418287,418288,1788009116287959552,1788009116296293376,0.30688905418550094,8.333683013916016,2.557516098022461,1378.2312445800078,575.1803713038444,1,683.227299801059,584.5117095705978,1
480,483,16.1,16.147037982940674,16.046748161315918,1788009115951919,1788009116323954944,418291,418292,1788009116321292800,1788009116329625600,0.3194849785407725,8.33272933959961,2.662181854248047,1377.3196023409123,575.0656526129588,1,684.5177688272556,583.3947587137359,1
481,484,16.133333333333333,16.180466890335083,16.080177068710327,1788009115985348,1788009116357385216,418295,418296,1788009116354625024,1788009116362957824,0.3312446351931331,8.33272933959961,2.760171890258789,1376.8984429009727,574.9795913109808,1,686.3221749853927,582.3869841754504,1
482,485,16.166666666666668,16.213895797729492,16.113605976104736,1788009116018777,1788009116390815232,418299,418300,1788009116387957248,1788009116396291072,0.34293643073754077,8.333683013916016,2.8579235076904297,1375.6252425904147,574.815216331837,1,687.9637925853542,581.2917995454749,1
483,486,16.2,16.247325897216797,16.14703607559204,1788009116052207,1788009116424246528,418303,418304,1788009116421290496,1788009116429623296,0.3547537981745873,8.332967758178711,2.9561519622802734,1373.9105050030835,574.7549238281418,1,689.3785585120878,580.3565119079148,1
484,487,16.233333333333334,16.280754804611206,16.18046498298645,1788009116085636,1788009116457676544,418307,418308,1788009116454622720,1788009116462955520,0.36649499284692416,8.33272933959961,3.053903579711914,1372.7325412718774,574.7263913345478,1,691.0893404057273,579.646271922435,1
485,488,16.266666666666666,16.3141930103302,16.213903188705444,1788009116119074,1788009116491116032,418311,418312,1788009116487955200,1788009116496288768,0.3792985066086857,8.333683013916016,3.1609535217285156,1371.2932803024296,574.6743217671745,1,692.4761741800341,578.6022958288149,1
486,489,16.3,16.347622871398926,16.24733304977417,1788009116152504,1788009116524546816,418315,418316,1788009116521288192,1788009116529621248,0.3910617721953592,8.332967758178711,3.2587051391601562,1370.2112975231496,574.3711860772142,1,693.8317836377191,578.1174435620552,1
487,490,16.333333333333332,16.381059885025024,16.28077006340027,1788009116185941,1788009116557985024,418319,418320,1788009116554620416,1788009116562954240,0.40373061738284605,8.333683013916016,3.36456298828125,1369.557411223495,573.7478241856218,1,695.1140178225146,577.5454666590027,1
488,491,16.366666666666667,16.41448998451233,16.314200162887573,1788009116219371,1788009116591416320,418323,418324,1788009116587953920,1788009116596286464,0.4155364806866953,8.33272933959961,3.462553024291992,1368.5403581511318,573.5231297955804,1,696.7405007547839,577.0427513373438,1
489,492,16.4,16.44791889190674,16.347629070281982,1788009116252800,1788009116624846336,418327,418328,1788009116621285888,1788009116629618944,0.42728391176218133,8.332967758178711,3.5605430603027344,1368.5670948651618,572.0777966312291,1,698.2753182349817,576.5720788990762,1
490,493,16.433333333333334,16.48135495185852,16.381065130233765,1788009116286236,1788009116658284032,418331,418332,1788009116654618368,1788009116662951936,0.4398638210219145,8.333683013916016,3.6656856536865234,1365.9476866816085,573.5008927084887,1,700.2341578895509,576.0703481395875,1
491,494,16.466666666666665,16.514784812927246,16.41449499130249,1788009116319666,1788009116691715072,418335,418336,1788009116687951616,1788009116696284416,0.45164520743919884,8.33272933959961,3.763437271118164,1364.3548588237077,574.4185665854228,1,702.3849999510013,575.8243718858554,1
492,495,16.5,16.54822301864624,16.447933197021484,1788009116353104,1788009116725154304,418339,418340,1788009116721283584,1788009116729616384,0.46452074391988557,8.33272933959961,3.870725631713867,1363.101971084407,573.9769811107132,1,704.1734749392901,575.7055675302925,1
493,496,16.533333333333335,16.58165192604065,16.481362104415894,1788009116386533,1788009116758584320,418343,418344,1788009116754616064,1788009116762949632,0.4761686788350403,8.333683013916016,3.9682388305664062,1361.2729783670895,576.2872806978767,1,706.4438732251149,575.6357359664522,1
494,497,16.566666666666666,16.615089893341064,16.51480007171631,1788009116419971,1788009116792023296,418347,418348,1788009116787949056,1788009116796282112,0.48891304969814886,8.332967758178711,4.0740966796875,1359.872313273468,577.155438919777,1,708.1762692699044,575.8098267549678,1
495,498,16.6,16.648526906967163,16.548237085342407,1788009116453408,1788009116825460992,418351,418352,1788009116821281536,1788009116829614080,0.5015736766809729,8.33272933959961,4.153251647949219,1359.1537486555676,577.9840104440883,1,709.9379819456185,576.339771361825,1
496,499,16.633333333333333,16.681955814361572,16.581665992736816,1788009116486837,1788009116858890752,418355,418356,1788009116854613760,1788009116862946560,0.5132761087267526,8.33272933959961,4.05573844909668,1358.6432716797335,578.5472903970673,1,711.9565371996235,577.0493856446991,1
497,500,16.666666666666668,16.715385913848877,16.61509609222412,1788009116520267,1788009116892321536,418359,418360,1788009116887945984,1788009116896278528,0.5251216022889843,8.33272933959961,3.957033157348633,1358.2020727169138,580.1005331345442,1,713.7247160229269,577.1232856762547,1
498,501,16.7,16.748822927474976,16.64853310585022,1788009116553704,1788009116925759744,418363,418364,1788009116921278208,1788009116929612032,0.5377639182926132,8.333683013916016,3.8521289825439453,1358.2875243083445,580.0752331922047,1,714.8370897120201,577.6816325199292,1
499,502,16.733333333333334,16.78225088119507,16.681961059570312,1788009116587132,1788009116959188992,418367,418368,1788009116954611200,1788009116962944256,0.549340505278819,8.332967758178711,3.755331039428711,1357.9035966773486,581.3719829316759,1,717.5909065835157,578.9446317017687,1
500,503,16.766666666666666,16.815687894821167,16.71539807319641,1788009116620569,1788009116992626944,418371,418372,1788009116987943680,1788009116996276480,0.5620314735336195,8.33272933959961,3.649473190307617,1357.1257189631028,582.3583704854582,1,720.1753075234985,580.5328842151455,1
501,504,16.8,16.849116802215576,16.74882698059082,1788009116653998,1788009117026056704,418375,418376,1788009117021275648,1788009117029609728,0.5736804462880847,8.333921432495117,3.5529136657714844,1356.322314996224,583.4177941468107,1,722.5568299881941,581.9830187669314,1
502,505,16.833333333333332,16.882548809051514,16.782258987426758,1788009116687430,1788009117059490048,418379,418380,1788009117054609152,1788009117062941952,0.5857343137535407,8.332967758178711,3.4520626068115234,1355.7918626507917,584.4996809209695,1,725.1744100855683,583.3435689039064,1
503,506,16.866666666666667,16.915984869003296,16.81569504737854,1788009116720866,1788009117092927232,418383,418384,1788009117087941376,1788009117096274176,0.5983404864091559,8.33272933959961,3.3469200134277344,1355.6351223460852,586.2613884388539,1,727.2329390988536,584.7688358956306,1
504,507,16.9,16.949415922164917,16.84912610054016,1788009116754297,1788009117126359552,418387,418388,1788009117121273600,1788009117129607424,0.6102703475897583,8.333921432495117,3.247976303100586,1355.285034008896,586.9696631092521,1,729.0810522385775,585.5337137701197,1
505,508,16.933333333333334,16.982844829559326,16.88255500793457,1788009116787726,1788009117159789312,418391,418392,1788009117154606848,1788009117162939648,0.6219456366237482,8.33272933959961,3.1502246856689453,1355.3075220058433,587.9120314940205,1,730.7232583959335,586.5049800335884,1
506,509,16.966666666666665,17.016273975372314,16.91598415374756,1788009116821155,1788009117193219584,418395,418396,1788009117187939072,1788009117196272896,0.6336327745036333,8.333683013916016,3.0531883239746094,1355.317386353749,589.3138896837037,1,731.6694387023624,587.8612395850987,1
507,510,17.0,17.049704790115356,16.9494149684906,1788009116854586,1788009117226651648,418399,418400,1788009117221272320,1788009117229605120,0.6455609281565621,8.332967758178711,2.9535293579101562,1355.242499203149,590.4251776506085,1,732.9125327636791,588.4347455348238,1
508,511,17.033333333333335,17.08313298225403,16.982843160629272,1788009116888014,1788009117260081152,418403,418404,1788009117254604544,1788009117262937344,0.6572246065808297,8.33272933959961,2.8562545776367188,1355.4014348613139,592.1922652018378,1,733.9586624606783,588.8684327176204,1
509,512,17.066666666666666,17.116562843322754,17.016273021697998,1788009116921444,1788009117293512192,418407,418408,1788009117287937024,1788009117296270592,0.6689935343594439,8.333683013916016,2.758502960205078,1355.8092796177777,593.529370964695,1,734.5209408825385,589.5461143142094,1
510,513,17.1,17.149991989135742,17.049702167510986,1788009116954873,1788009117326942464,418411,418412,1788009117321270016,1788009117329603072,0.6807244427913365,8.332967758178711,2.660512924194336,1355.3850325071053,592.9542890281112,1,734.8648952229402,589.7822499310657,1
511,514,17.133333333333333,17.183422803878784,17.08313298225403,1788009116988304,1788009117360374784,418415,418416,1788009117354602240,1788009117362935040,0.6927324749642346,8.33272933959961,2.5603771209716797,1354.7211013429373,592.2549900171117,1,735.2438508481602,590.399305487184,1
512,515,17.166666666666668,17.216851949691772,17.116562128067017,1788009117021733,1788009117393804800,418419,418420,1788009117387934464,1788009117396268288,0.7043913603204119,8.333921432495117,2.4635791778564453,1354.7769033032853,592.732736088078,1,735.3061898296442,590.9510587310449,1
513,516,17.2,17.250274896621704,17.14998507499695,1788009117055156,1788009117427228672,418423,418424,1788009117421267712,1788009117429600768,0.715344339217762,8.332967758178711,2.3720264434814453,1355.342537186832,593.5355378204993,1,734.9787631746068,591.1769108768913,1
514,517,17.233333333333334,17.283703804016113,17.183413982391357,1788009117088585,1788009117460658432,418427,418428,1788009117454600192,1788009117462932736,0.7270672389127325,8.33272933959961,2.2742748260498047,1355.341275560516,593.3871034995328,1,734.1504481654539,590.7451278051967,1
515,518,17.266666666666666,17.317134857177734,17.21684503555298,1788009117122016,1788009117494090752,418431,418432,1788009117487932160,1788009117496266240,0.7389786868831355,8.333921432495117,2.1753311157226562,1355.31451834516,592.4631436485435,1,732.9528694227015,590.0225773211724,1
516,519,17.3,17.35056495666504,17.250275135040283,1788009117155446,1788009117527522048,418435,418436,1788009117521265408,1788009117529598208,0.7508440629470673,8.33272933959961,2.0761489868164062,1355.2610396744305,591.4158253414759,1,731.1717461768025,589.5987184681659,1
517,520,17.333333333333332,17.383991956710815,17.28370213508606,1788009117188873,1788009117560950272,418439,418440,1788009117554597888,1788009117562931456,0.7622589689305945,8.333683013916016,1.9812583923339844,1355.8097475049858,591.4062379352185,1,729.6256401528244,589.0722102286321,1
518,521,17.366666666666667,17.417423009872437,17.31713318824768,1788009117222304,1788009117594382592,418443,418444,1788009117587930880,1788009117596263936,0.7742267746273355,8.332967758178711,1.8813610076904297,1355.763775167768,590.3819141814498,1,727.8548994111344,588.5739878224733,1
519,522,17.4,17.45085096359253,17.350561141967773,1788009117255732,1788009117627811584,418447,418448,1788009117621263360,1788009117629595904,0.7858655221745351,8.33272933959961,1.7843246459960938,1355.8119869218422,589.3265833455209,1,725.8799672605719,587.5909477266694,1
520,523,17.433333333333334,17.484280824661255,17.3839910030365,1788009117289162,1788009117661242368,418451,418452,1788009117654595328,1788009117662929408,0.7975969103132599,8.333921432495117,1.6868114471435547,1356.2188202779614,588.6086797876873,1,724.0717615200455,586.4319176192428,1
521,524,17.466666666666665,17.517711877822876,17.41742205619812,1788009117322593,1788009117694674688,418455,418456,1788009117687928576,1788009117696261632,0.8095619581700094,8.332967758178711,1.5869140625,1355.9671469541686,585.2897785482133,1,722.3481514735927,585.073571492414,1
522,525,17.5,17.55113983154297,17.450850009918213,1788009117356021,1788009117728103936,418459,418460,1788009117721261056,1788009117729593856,0.8212017167381974,8.33272933959961,1.489877700805664,1356.2362039598615,582.645418598673,1,720.467399580651,583.4034995569727,1
523,526,17.533333333333335,17.58457088470459,17.484281063079834,1788009117389452,1788009117761536000,418463,418464,1788009117754593024,1788009117762927104,0.8330996996137892,8.333921432495117,1.3909339904785156,1357.373419463489,580.1233539173511,1,718.3670664644499,581.4345675410573,1
524,527,17.566666666666666,17.617999792099,17.517709970474243,1788009117422881,1788009117794966272,418467,418468,1788009117787926528,1788009117796259072,0.8448354792560802,8.33272933959961,1.2929439544677734,1359.5476444568692,577.3802381364134,1,715.6263246563254,579.4858392676842,1
525,528,17.6,17.65143585205078,17.551146030426025,1788009117456317,1788009117828403456,418471,418472,1788009117821258752,1788009117829591552,0.8574248927038627,8.33272933959961,1.188039779663086,1361.4090159372363,576.3832771146783,1,712.6702166411368,577.5358003452984,1
526,529,17.633333333333333,17.684866905212402,17.584577083587646,1788009117489748,1788009117861835776,418475,418476,1788009117854590976,1788009117862923776,0.8694171840576808,8.332967758178711,1.0881423950195312,1362.8545700062962,575.3877944448174,1,709.7006092731651,575.6852275988664,1
527,530,17.666666666666668,17.71829581260681,17.618005990982056,1788009117523177,1788009117895265536,418479,418480,1788009117887923200,1788009117896256000,0.8811444921316166,8.33272933959961,0.9903907775878906,1364.656396351586,571.4998822575578,1,706.6476348859774,573.9712263159412,1
528,531,17.7,17.75173282623291,17.651443004608154,1788009117556614,1788009117928703744,418483,418484,1788009117921255424,1788009117929589248,0.8937491059934201,8.333921432495117,0.8854866027832031,1363.630728241731,574.3077349339037,1,703.9537679243067,572.5759183204466,1
529,532,17.733333333333334,17.785161018371582,17.684871196746826,1788009117590042,1788009117962133248,418487,418488,1788009117954588672,1788009117962921472,0.9054077253218884,8.33272933959961,0.7882118225097656,1363.0043840182884,575.8585494114144,1,703.5700319167033,572.2405717694849,1
530,533,17.766666666666666,17.818590879440308,17.71830105781555,1788009117623472,1788009117995564288,418491,418492,1788009117987920896,1788009117996253696,0.9172532188841201,8.33272933959961,0.6895065307617188,1361.9549720850318,576.4883918325625,1,703.4513693464435,571.5613355705092,1
531,534,17.8,17.852022886276245,17.75173306465149,1788009117656904,1788009118028997376,418495,418496,1788009118021253120,1788009118029586944,0.9292518952939494,8.333921432495117,0.5896091461181641,1360.6235113254993,576.2640128343398,1,704.6474757287967,571.7096067548943,1
532,535,17.833333333333332,17.885458946228027,17.78516912460327,1788009117690340,1788009118062434560,418499,418500,1788009118054586368,1788009118062919168,0.941859799713877,8.33272933959961,0.484466552734375,1359.9273092479398,576.6490110834516,1,706.3598575694666,571.9171674331405,1
533,536,17.866666666666667,17.918888807296753,17.818598985671997,1788009117723770,1788009118095865600,418503,418504,1788009118087918848,1788009118096251392,0.9536766809728183,8.33272933959961,0.3859996795654297,1359.2999718165438,577.0776084030148,1,707.0909600834444,571.9512190177128,1
534,537,17.9,17.95231795310974,17.852028131484985,1788009117757199,1788009118129295360,418507,418508,1788009118121250816,1788009118129584896,0.9652696323844944,8.333921432495117,0.2894401550292969,1359.6827048152809,576.394311004726,1,706.9529696259733,572.013223991111,1
535,538,17.933333333333334,17.985747814178467,17.88545799255371,1788009117790629,1788009118162726144,418511,418512,1788009118154584064,1788009118162916864,0.977110157367668,8.33272933959961,0.19073486328125,1360.7804613341095,571.8466851663006,1,707.8523368094977,572.6210927927328,1
536,539,17.966666666666665,18.01917791366577,17.918888092041016,1788009117824059,1788009118196156928,418515,418516,1788009118187916288,1788009118196250112,0.988814189672436,8.333921432495117,0.09322166442871094,1360.4631172737784,572.5246386545048,1,708.3791568082498,572.9954205300292,1
537,540,18.0,18.052615880966187,17.95232605934143,1788009117857497,1788009118229596160,418520,418521,1788009118229582336,1788009118237915392,0.0016594661096964321,8.332967758178711,0.013828277587890625,1359.9514051600202,574.0321686710718,1,709.0084924181658,572.9561271504795,1
538,541,18.033333333333335,18.086044788360596,17.98575496673584,1788009117890926,1788009118263025920,418524,418525,1788009118262914560,1788009118271248640,0.013360034329852668,8.333921432495117,0.11134147644042969,1359.362294615369,576.0402204194148,1,709.5718144382106,573.1161055082815,1
539,542,18.066666666666666,18.1194748878479,18.019185066223145,1788009117924356,1788009118296457216,418528,418529,1788009118296248064,1788009118304580608,0.025121602288984263,8.33272933959961,0.20933151245117188,1359.7448657708346,576.0492940319483,1,709.9570529658633,573.7394452981036,1
540,543,18.1,18.152910947799683,18.052621126174927,1788009117957792,1788009118329894656,418532,418533,1788009118329580032,1788009118337913088,0.03773854825326886,8.332967758178711,0.31447410583496094,1360.4553773997604,576.4020674687039,1,710.2454324725811,573.7751264139143,1
541,544,18.133333333333333,18.186340808868408,18.086050987243652,1788009117991222,1788009118363325696,418536,418537,1788009118362912512,1788009118371246080,0.049579447273559535,8.333683013916016,0.4131793975830078,1360.8531433230607,576.3102065150271,1,710.4317180742881,573.4536251508861,1
542,545,18.166666666666668,18.219769954681396,18.11948013305664,1788009118024651,1788009118396755968,418540,418541,1788009118396245760,1788009118404578560,0.06123032904148784,8.33272933959961,0.5102157592773438,1361.066355321353,576.1472810758588,1,711.2069093110123,574.4465460315571,1
543,546,18.2,18.253208875656128,18.152919054031372,1788009118058090,1788009118430195968,418544,418545,1788009118429577728,1788009118437910784,0.0741895796972905,8.332967758178711,0.6182193756103516,1361.070719597591,575.1464679199721,1,711.6389645667141,574.1098783059703,1
544,547,18.233333333333334,18.286638021469116,18.18634819984436,1788009118091519,1788009118463626240,418548,418549,1788009118462910208,1788009118471243776,0.08591291411569492,8.333683013916016,0.7159709930419922,1361.3029661505054,575.0967300635126,1,711.8938327995071,574.5219276616762,1
545,548,18.266666666666666,18.320066928863525,18.21977710723877,1788009118124948,1788009118497056256,418552,418553,1788009118496243456,1788009118504576256,0.09753934191702432,8.33272933959961,0.8127689361572266,1361.0850825823968,575.9552706825124,1,711.9139597398305,574.430349699143,1
546,549,18.3,18.35350489616394,18.253215074539185,1788009118158386,1788009118530495488,418556,418557,1788009118529575680,1788009118537908224,0.11038626609442061,8.33272933959961,0.9198188781738281,1360.69166531886,576.0017085215569,1,711.9053829582081,574.2924427575376,1
547,550,18.333333333333332,18.386934995651245,18.28664517402649,1788009118191816,1788009118563926784,418560,418561,1788009118562907904,1788009118571241728,0.12224638095783029,8.333683013916016,1.0187625885009766,1360.62396843687,575.6907327990638,1,711.8609184796738,573.8989933337099,1
548,551,18.366666666666667,18.420363903045654,18.3200740814209,1788009118225245,1788009118597356544,418564,418565,1788009118596240896,1788009118604573952,0.13387313667706216,8.332967758178711,1.115560531616211,1360.6311132873298,575.8235259625133,1,711.8706760272821,573.4688150316275,1
549,552,18.4,18.45379900932312,18.353509187698364,1788009118258680,1788009118630792960,418568,418569,1788009118629573376,1788009118637906944,0.14633518338387594,8.333683013916016,1.2195110321044922,1360.829092401445,575.8210598549904,1,712.4942748008546,574.4492420918526,1
550,553,18.433333333333334,18.487228870391846,18.38693904876709,1788009118292110,1788009118664223744,418572,418573,1788009118662906624,1788009118671239424,0.15805436337625178,8.33272933959961,1.3170242309570312,1361.3324813197512,574.9681778429414,1,712.556112500635,574.7983362019863,1
551,554,18.466666666666665,18.520665884017944,18.42037606239319,1788009118325547,1788009118697661952,418576,418577,1788009118696238848,1788009118704571648,0.1707819518754828,8.332967758178711,1.4231204986572266,1361.5844973412302,573.6788429243759,1,712.7266006144997,574.7624328680141,1
552,555,18.5,18.554097890853882,18.453808069229126,1788009118358979,1788009118731094784,418580,418581,1788009118729571072,1788009118737904896,0.18284030440006865,8.333683013916016,1.523733139038086,1362.2228730834697,572.4573465585936,1,712.1695674296956,574.5726361721311,1
553,556,18.533333333333335,18.58752679824829,18.487236976623535,1788009118392408,1788009118764525056,418584,418585,1788009118762904320,1788009118771237120,0.19447782546494993,8.33272933959961,1.6205310821533203,1362.3408691482903,573.5289933015437,1,711.6438801472716,573.9072231511693,1
554,557,18.566666666666666,18.62095594406128,18.520666122436523,1788009118425837,1788009118797955328,418588,418589,1788009118796236544,1788009118804569344,0.20626609442060087,8.33272933959961,1.718759536743164,1362.3261752399776,574.5473455563434,1,713.1430255021155,574.9561715072183,1
555,558,18.6,18.654392957687378,18.554103136062622,1788009118459274,1788009118831393536,418592,418593,1788009118829568768,1788009118837902592,0.2189448990101276,8.333683013916016,1.8246173858642578,1361.6106425092873,574.5611049002939,1,715.5621946012076,576.353876589239,1
556,559,18.633333333333333,18.687822818756104,18.587532997131348,1788009118492704,1788009118864824576,418596,418597,1788009118862900992,1788009118871234048,0.2308374581557037,8.332967758178711,1.9235610961914062,1360.4355814140752,574.2629917101017,1,718.7597876791837,578.8242084161889,1
557,560,18.666666666666668,18.721261978149414,18.620972156524658,1788009118526143,1788009118898264832,418600,418601,1788009118896233216,1788009118904567040,0.2437775361904217,8.333683013916016,2.031564712524414,1359.4692000339223,574.0684056689024,1,720.6427686222726,579.871142159574,1
558,561,18.7,18.7546808719635,18.654391050338745,1788009118559562,1788009118931684608,418604,418605,1788009118929566720,1788009118937899264,0.2541917024320458,8.33272933959961,2.1181106567382812,1359.0112638634957,573.0245317551983,1,721.2941053121959,580.5645474975232,1
559,562,18.733333333333334,18.7881178855896,18.687828063964844,1788009118592999,1788009118965122816,418608,418609,1788009118962898688,1788009118971231488,0.2669241773962804,8.33272933959961,2.2242069244384766,1359.439921686533,570.8012725171855,1,720.915669622866,580.2845783349646,1
560,563,18.766666666666666,18.82154893875122,18.721259117126465,1788009118626430,1788009118998555136,418612,418613,1788009118996231168,1788009119004564736,0.2788808147851462,8.333683013916016,2.3241043090820312,1360.1556294931568,568.7007329429663,1,720.0092166351258,579.691787204411,1
561,564,18.8,18.854978799819946,18.75468897819519,1788009118659860,1788009119031986176,418616,418617,1788009119029564160,1788009119037897216,0.29066407255872506,8.332967758178711,2.4220943450927734,1361.0067068214287,567.0937091835995,1,719.2331228663523,579.0145462459465,1
562,565,18.833333333333332,18.88840889930725,18.788119077682495,1788009118693290,1788009119065417472,418620,418621,1788009119062896384,1788009119071229184,0.3025464949928469,8.33272933959961,2.521038055419922,1362.8281800639668,566.0968247631503,1,719.1603420122829,579.5689026169783,1
563,566,18.866666666666667,18.92183780670166,18.821547985076904,1788009118726719,1788009119098847744,418624,418625,1788009119096228864,1788009119104562432,0.3142415746409567,8.333683013916016,2.6187896728515625,1363.32118504453,565.3590356475472,1,719.5529099286973,579.7666446236447,1
564,567,18.9,18.955267906188965,18.85497808456421,1788009118760149,1788009119132279040,418628,418629,1788009119129561856,1788009119137894912,0.32605647907069896,8.332967758178711,2.7170181274414062,1364.2294869006087,566.0226488662804,1,719.8136424429747,579.6246146081219,1
565,568,18.933333333333334,18.988696813583374,18.888406991958618,1788009118793578,1788009119165709056,418632,418633,1788009119162894336,1788009119171226880,0.33779685264663806,8.33272933959961,2.814769744873047,1365.7684876061628,565.3216930591799,1,719.6867927508131,579.3141235969457,1
566,569,18.966666666666665,19.022125005722046,18.92183518409729,1788009118827006,1788009119199138048,418636,418637,1788009119196226304,1788009119204560384,0.34939207552567586,8.333921432495117,2.911806106567383,1366.3142496916212,565.4936745552932,1,719.9642299736713,579.9583434079157,1
567,570,19.0,19.055555820465088,18.955265998840332,1788009118860437,1788009119232570112,418640,418641,1788009119229559552,1788009119237892608,0.36127721667477325,8.332967758178711,3.0105113983154297,1366.8986965442448,565.8909719186429,1,720.5870817442753,581.2028735886166,1
568,571,19.033333333333335,19.088985919952393,18.988696098327637,1788009118893867,1788009119266001408,418644,418645,1788009119262892032,1788009119271225600,0.3731189563426217,8.333683013916016,3.109455108642578,1366.7629302854382,566.5037182725417,1,720.6875372511618,581.4814003756608,1
569,572,19.066666666666666,19.1224148273468,19.022125005722046,1788009118927296,1788009119299431680,418648,418649,1788009119296225024,1788009119304558080,0.3847958570570227,8.332967758178711,3.206491470336914,1367.1615165109206,567.102628255493,1,720.7434501870849,581.686351469232,1
570,573,19.1,19.15584397315979,19.055554151535034,1788009118960725,1788009119332861952,418652,418653,1788009119329557504,1788009119337890048,0.3965665236051502,8.33272933959961,3.3044815063476562,1367.463527516316,567.5330413875802,1,720.2933509339593,581.5087907063997,1
571,574,19.133333333333333,19.189273834228516,19.08898401260376,1788009118994155,1788009119366292736,418656,418657,1788009119362889728,1788009119371223552,0.40833667105338445,8.333683013916016,3.4029483795166016,1368.0497571999197,567.97202062374,1,720.0424600872577,582.2530789820961,1
572,575,19.166666666666668,19.222702980041504,19.122413158416748,1788009119027584,1788009119399722752,418660,418661,1788009119396222720,1788009119404555776,0.420016594661097,8.332967758178711,3.4999847412109375,1368.6534677484603,568.4530486329467,1,719.844476407306,582.6836809121432,1
573,576,19.2,19.25613284111023,19.155843019485474,1788009119061014,1788009119433153280,418664,418665,1788009119429555200,1788009119437888000,0.43181688125894135,8.33272933959961,3.5982131958007812,1368.6473293896854,569.1842032924018,1,719.6355396777298,583.0832079993073,1
574,577,19.233333333333334,19.28956389427185,19.189274072647095,1788009119094445,1788009119466585344,418668,418669,1788009119462887168,1788009119471221248,0.44374195394078103,8.333921432495117,3.698110580444336,1368.4847166959632,569.6865079524268,1,719.5883389842979,583.3329162331839,1
575,578,19.266666666666666,19.322991847991943,19.222702026367188,1788009119127873,1788009119500014080,418672,418673,1788009119496220672,1788009119504553472,0.4552373322651712,8.332967758178711,3.793478012084961,1368.2101024625372,570.1424595190674,1,718.8648563032815,582.6221200899812,1
576,579,19.3,19.35642099380493,19.256131172180176,1788009119161302,1788009119533444096,418676,418677,1788009119529552896,1788009119537885696,0.46698140200286126,8.33272933959961,3.8912296295166016,1368.253538608927,570.4098287410757,1,718.8624574494269,582.3696162544059,1
577,580,19.333333333333332,19.389850854873657,19.2895610332489,1788009119194732,1788009119566875136,418680,418681,1788009119562885120,1788009119571218944,0.4787870118724074,8.333921432495117,3.99017333984375,1368.7561766915135,570.9131802713617,1,718.9057499237701,582.2269619770763,1
578,581,19.366666666666667,19.423280954360962,19.322991132736206,1788009119228162,1788009119600306432,418684,418685,1788009119596218368,1788009119604551168,0.49061516452074394,8.33272933959961,4.088163375854492,1368.4453084041256,570.9571406974356,1,719.1030388187279,582.8175849861929,1
579,582,19.4,19.45670986175537,19.356420040130615,1788009119261591,1788009119633736704,418688,418689,1788009119629550592,1788009119637883392,0.5023462088698141,8.33272933959961,4.146814346313477,1368.2710236174905,571.2985578760415,1,719.4502664187435,583.5513321343267,1
580,583,19.433333333333334,19.490140914916992,19.389851093292236,1788009119295022,1788009119667168768,418692,418693,1788009119662883840,1788009119671216640,0.5142342136133444,8.332967758178711,4.047870635986328,1369.2786710592902,571.3811181847618,1,718.9796034307045,583.6644012816021,1
581,584,19.466666666666665,19.523571014404297,19.42328119277954,1788009119328452,1788009119700600064,418696,418697,1788009119696216064,1788009119704548864,0.5261230329041487,8.33272933959961,3.948688507080078,1370.7516586817496,572.2208953871399,1,718.0394635540353,584.2500146532848,1
582,585,19.5,19.55700182914734,19.456712007522583,1788009119361883,1788009119734032128,418700,418701,1788009119729548544,1788009119737882112,0.5380213995536991,8.333683013916016,3.8499832153320312,1370.9248208941058,574.574260334686,1,717.1055724238852,585.2672746122091,1
583,586,19.533333333333335,19.59043002128601,19.490140199661255,1788009119395311,1788009119767461376,418704,418705,1788009119762881536,1788009119771214592,0.5495980086406683,8.332967758178711,3.753185272216797,1369.9674128497795,577.766345415355,1,717.0641647253764,586.4437560282336,1
584,587,19.566666666666666,19.623859882354736,19.52357006072998,1788009119428741,1788009119800892416,418708,418709,1788009119796213760,1788009119804546560,0.5614592274678112,8.33272933959961,3.6542415618896484,1368.6843120260926,579.2121280683831,1,717.7242675688001,586.8996238303524,1
585,588,19.6,19.65728998184204,19.557000160217285,1788009119462171,1788009119834323712,418712,418713,1788009119829545984,1788009119837879808,0.5732799313402946,8.333921432495117,3.5562515258789062,1367.0919855589168,580.9319932988253,1,718.3650617729729,586.9119966766858,1
586,589,19.633333333333333,19.69071888923645,19.590429067611694,1788009119495600,1788009119867753728,418716,418717,1788009119862878208,1788009119871211008,0.5850929899856938,8.33272933959961,3.457307815551758,1365.3435024291257,582.9885491380726,1,718.5367315891665,586.5143465005053,1
587,590,19.666666666666668,19.724140882492065,19.62385106086731,1788009119529022,1788009119901176832,418720,418721,1788009119896210432,1788009119904544256,0.595937634100987,8.333921432495117,3.3674240112304688,1364.5006570530145,584.1748638715856,1,718.810863915141,586.2141203798473,1
588,591,19.7,19.757569789886475,19.65727996826172,1788009119562451,1788009119934606848,418724,418725,1788009119929543680,1788009119937876736,0.6075934880260937,8.332967758178711,3.2699108123779297,1363.8379158369512,584.0995366554666,1,719.983678046792,586.8528431587482,1
589,592,19.733333333333334,19.791000843048096,19.69071102142334,1788009119595882,1788009119968038912,418728,418729,1788009119962876160,1788009119971208704,0.6195994277539342,8.33272933959961,3.1697750091552734,1363.3695201394276,582.7217443445272,1,720.7733193141945,587.420143964302,1
590,593,19.766666666666666,19.82442283630371,19.724133014678955,1788009119629304,1788009120001462016,418732,418733,1788009119996208128,1788009120004542208,0.6304105278214848,8.333921432495117,3.080129623413086,1363.3776629750043,582.8629527313992,1,721.1508227241004,587.9357753739156,1
591,594,19.8,19.857852935791016,19.75756311416626,1788009119662734,1788009120034893312,418736,418737,1788009120029541376,1788009120037874176,0.6422603719599428,8.33272933959961,2.980947494506836,1363.1801884246697,583.702161397471,1,721.8748875965547,589.0538480340925,1
592,595,19.833333333333332,19.89128279685974,19.790992975234985,1788009119696164,1788009120068324352,418740,418741,1788009120062873856,1788009120071206656,0.6541058655221745,8.33272933959961,2.882242202758789,1362.4084603411652,584.520827385425,1,722.7512319444436,589.8364326776494,1
593,596,19.866666666666667,19.92471194267273,19.824422121047974,1788009119729593,1788009120101754368,418744,418745,1788009120096205824,1788009120104539904,0.6657702760692319,8.333921432495117,2.7854442596435547,1360.9967937382107,585.6864143732416,1,723.55974736483,591.4299220368516,1
594,597,19.9,19.958141803741455,19.8578519821167,1788009119763023,1788009120135185664,418748,418749,1788009120129539328,1788009120137871872,0.6776251788268955,8.33272933959961,2.6862621307373047,1360.7497790055195,586.488041608116,1,723.8534186629913,593.1447642980474,1
595,598,19.933333333333334,19.991562843322754,19.891273021697998,1788009119796444,1788009120168608256,418752,418753,1788009120162871552,1788009120171204352,0.6884406294706724,8.33272933959961,2.596139907836914,1360.7228542064486,587.7067885362444,1,724.4562264753002,593.6697828854519,1
596,599,19.966666666666665,20.024991989135742,19.924702167510986,1788009119829873,1788009120202038272,418756,418757,1788009120196203776,1788009120204537600,0.7001001287369475,8.333921432495117,2.4993419647216797,1360.9353084182096,588.9656027293092,1,725.4852003865749,594.4277435410013,1
597,600,20.0,20.058421850204468,19.958132028579712,1788009119863303,1788009120235469312,418760,418761,1788009120229537024,1788009120237869824,0.711931330472103,8.33272933959961,2.4003982543945312,1361.149061628446,589.5837997049027,1,725.8879643473086,595.2799884862089,1
598,601,20.033333333333335,20.09185290336609,19.991563081741333,1788009119896734,1788009120268901632,418764,418765,1788009120262868992,1788009120271202048,0.7239277846127435,8.332967758178711,2.3005008697509766,1360.9230501006734,590.1922737304794,1,726.2553008968894,594.8708311189154,1
599,602,20.066666666666666,20.125289916992188,20.02500009536743,1788009119930171,1788009120302339840,418768,418769,1788009120296202496,1788009120304535296,0.7365168378587165,8.332967758178711,2.195596694946289,1361.3750572123777,590.307920721536,1,726.6745970301499,594.4048533273556,1
600,603,20.1,20.158720016479492,20.058430194854736,1788009119963601,1788009120335770880,418772,418773,1788009120329534720,1788009120337867520,0.7483834048640916,8.33272933959961,2.0966529846191406,1362.228053246322,590.359903699893,1,726.4355236947129,593.938826506027,1
601,604,20.133333333333333,20.1921489238739,20.091859102249146,1788009119997030,1788009120369200640,418776,418777,1788009120362866944,1788009120371200768,0.7600057216421113,8.333921432495117,2.000093460083008,1362.9629965024697,590.2271391808227,1,725.862257267011,593.8783183699173,1
602,605,20.166666666666668,20.225584983825684,20.125295162200928,1788009120030466,1788009120402638080,418780,418781,1788009120396200192,1788009120404532992,0.7725894134477825,8.33272933959961,1.8949508666992188,1363.4019095566998,590.4824117708607,1,725.829683674537,594.2443449271084,1
603,606,20.2,20.259023904800415,20.15873408317566,1788009120063905,1788009120436078080,418784,418785,1788009120429532416,1788009120437865216,0.78552217453505,8.33272933959961,1.7871856689453125,1363.5209075246166,590.6156550668508,1,725.768232453022,594.4954755181783,1
604,607,20.233333333333334,20.292451858520508,20.192162036895752,1788009120097333,1788009120469507328,418788,418789,1788009120462864640,1788009120471198464,0.7970533543126878,8.333921432495117,1.6913414001464844,1363.8096049597675,590.3725830926868,1,725.4201011290966,594.6018245849372,1
605,608,20.266666666666666,20.32588791847229,20.225598096847534,1788009120130769,1788009120502944512,418792,418793,1788009120496197888,1788009120504530688,0.8096423462088698,8.33272933959961,1.5861988067626953,1364.0107622997666,590.58949271015,1,724.6411694189867,594.3524348399936,1
606,609,20.3,20.359318017959595,20.25902819633484,1788009120164199,1788009120536375552,418796,418797,1788009120529530112,1788009120537862912,0.8214929472690338,8.332967758178711,1.4874935150146484,1364.2116879972782,590.5710828524907,1,724.2160680918528,593.625689857118,1
607,610,20.333333333333332,20.39275598526001,20.292466163635254,1788009120197637,1788009120569814528,418800,418801,1788009120562862336,1788009120571196416,0.8341868116149335,8.333921432495117,1.3818740844726562,1364.4097621084027,590.3671414067892,1,723.748794266133,593.1178208979493,1
608,611,20.366666666666667,20.42619299888611,20.325903177261353,1788009120231074,1788009120603252736,418804,418805,1788009120596195584,1788009120604528384,0.84689556509299,8.33272933959961,1.275777816772461,1364.2757993583873,590.1813812699523,1,723.5156947214298,592.9932268623782,1
609,612,20.4,20.459622859954834,20.359333038330078,1788009120264504,1788009120636683776,418808,418809,1788009120629527808,1788009120637860864,0.8587451002832537,8.332967758178711,1.177072525024414,1363.8072100157665,590.1035437182578,1,722.967574041456,592.1137299244042,1
610,613,20.433333333333334,20.493052005767822,20.392762184143066,1788009120297933,1788009120670114048,418812,418813,1788009120662860032,1788009120671193856,0.8704297076157235,8.333683013916016,1.0797977447509766,1363.9191782137132,590.3156595332279,1,722.6969168159194,591.6233779656266,1
611,614,20.466666666666665,20.526489973068237,20.42620015144348,1788009120331371,1788009120703553536,418816,418817,1788009120696193536,1788009120704526080,0.8832618025751073,8.33272933959961,0.972747802734375,1363.3539320365821,590.7644211935409,1,722.6419003295417,591.1138950992814,1
612,615,20.5,20.559919834136963,20.459630012512207,1788009120364801,1788009120736984064,418820,418821,1788009120729525504,1788009120737859584,0.8949506508367902,8.333921432495117,0.8754730224609375,1362.4871813558134,590.7111367110627,1,723.2508458790842,590.5468600443103,1
613,616,20.533333333333335,20.593353986740112,20.493064165115356,1788009120398235,1788009120770418944,418824,418825,1788009120762858752,1788009120771191552,0.9072675250357654,8.33272933959961,0.7727146148681641,1361.4372298338417,590.038012702101,1,724.0067630722735,589.6608316124106,1
614,617,20.566666666666666,20.626784801483154,20.5264949798584,1788009120431666,1788009120803850496,418828,418829,1788009120796191232,1788009120804524032,0.919170243204578,8.33272933959961,0.6735324859619141,1360.5174027259045,589.2223550771766,1,724.1892103555655,588.5717493884486,1
615,618,20.6,20.66021490097046,20.559925079345703,1788009120465096,1788009120837281536,418832,418833,1788009120829523200,1788009120837857280,0.9309111715062223,8.333921432495117,0.5757808685302734,1359.3394202558804,588.163616582608,1,724.2814557570281,587.1740649595772,1
616,619,20.633333333333333,20.693651914596558,20.5933620929718,1788009120498533,1788009120870719744,418836,418837,1788009120862855680,1788009120871188480,0.9437482117310444,8.33272933959961,0.4687309265136719,1357.272813929747,587.2273865724567,1,725.2770623927565,586.1820270449408,1
617,620,20.666666666666668,20.727082014083862,20.626792192459106,1788009120531963,1788009120904151040,418840,418841,1788009120896187904,1788009120904520704,0.9556235873079454,8.332967758178711,0.36978721618652344,1355.174103424428,585.9424317250867,1,726.8316410601058,585.8445767170932,1
618,621,20.7,20.760511875152588,20.660222053527832,1788009120565393,1788009120937582336,418844,418845,1788009120929521152,1788009120937853696,0.9674105865522175,8.33272933959961,0.2715587615966797,1353.6241479882603,585.3657067559157,1,728.0859895595041,586.6610653842653,1
619,622,20.733333333333334,20.793941020965576,20.69365119934082,1788009120598822,1788009120971012352,418848,418849,1788009120962853376,1788009120971186176,0.9791416309012876,8.33272933959961,0.17380714416503906,1352.2673692430992,584.7083172613585,1,728.7496732014816,586.0828395218763,1
620,623,20.766666666666666,20.8273708820343,20.727081060409546,1788009120632252,1788009121004443392,418852,418853,1788009120996185600,1788009121004519424,0.9908739808324989,8.333921432495117,0.07605552673339844,1350.8760636012644,584.1234200615742,1,729.2725715129143,585.3199370511488,1
621,624,20.8,20.860800981521606,20.76051115989685,1788009120665682,1788009121037874688,418857,418858,1788009121037851648,1788009121046184192,0.0027753934191702434,8.33272933959961,0.023126602172851562,1349.966133647866,583.9550930416772,1,729.7143114139747,585.1520898516982,1
622,625,20.833333333333332,20.8942289352417,20.793939113616943,1788009120699110,1788009121071303936,418861,418862,1788009121071183872,1788009121079517696,0.014390341591806374,8.333683013916016,0.11992454528808594,1349.0587553983198,584.7075434165358,1,729.6059392394586,584.5240535952805,1
623,626,20.866666666666667,20.927665948867798,20.827376127243042,1788009120732547,1788009121104741888,418865,418866,1788009121104516864,1788009121112849920,0.026980630024891993,8.332967758178711,0.22482872009277344,1347.9608684554055,585.302828783118,1,729.5937908868476,585.0691679145682,1
624,627,20.9,20.96109700202942,20.860807180404663,1788009120765978,1788009121138173696,418869,418870,1788009121137849344,1788009121146182144,0.03894134477825465,8.33272933959961,0.32448768615722656,1347.4258661132387,585.1838922132486,1,729.5770202437284,586.092884895867,1
625,628,20.933333333333334,20.994526863098145,20.89423704147339,1788009120799408,1788009121171604992,418873,418874,1788009121171181568,1788009121179515392,0.05078102649196086,8.333683013916016,0.42319297790527344,1347.4859412612132,585.0204071025149,1,729.6708151824083,587.189324529832,1
626,629,20.966666666666665,21.027963876724243,20.927674055099487,1788009120832845,1788009121205043200,418877,418878,1788009121204514816,1788009121212847616,0.06340304998426369,8.332967758178711,0.5283355712890625,1346.9373069307185,584.0018428140066,1,729.4642855256641,587.3686763834727,1
627,630,21.0,21.061393976211548,20.961104154586792,1788009120866275,1788009121238474496,418881,418882,1788009121237847040,1788009121246179840,0.07527896995708154,8.33272933959961,0.6272792816162109,1346.8948831379012,584.7015321770907,1,729.0716251337377,587.4263636523124,1
628,631,21.033333333333335,21.094823837280273,20.994534015655518,1788009120899705,1788009121271905536,418885,418886,1788009121271179264,1788009121279513088,0.08714060935488485,8.333921432495117,0.7262229919433594,1346.2142166279918,586.6501448600674,1,728.8883793785183,587.8815669631365,1
629,632,21.066666666666666,21.128259897232056,21.0279700756073,1788009120933141,1788009121305342720,418889,418890,1788009121304512512,1788009121312845568,0.0996251895510858,8.332967758178711,0.8301734924316406,1346.2392898285602,586.158634028418,1,728.8904103167646,588.4234619277477,1
630,633,21.1,21.161688804626465,21.06139898300171,1788009120966570,1788009121338772480,418893,418894,1788009121337844736,1788009121346178560,0.11131773187618012,8.333683013916016,0.9276866912841797,1345.7422267714746,587.164006732694,1,728.926230035028,588.4832927917457,1
631,634,21.133333333333333,21.19511890411377,21.094829082489014,1788009121000000,1788009121372205312,418897,418898,1788009121371178240,1788009121379510784,0.1232618025751073,8.33272933959961,1.0271072387695312,1345.4474890296797,587.4646083345413,1,729.0367978941176,589.2931208043948,1
632,635,21.166666666666668,21.22854781150818,21.128257989883423,1788009121033429,1788009121405634816,418901,418902,1788009121404510208,1788009121412843008,0.13496423462088697,8.33272933959961,1.1246204376220703,1345.4527350278397,587.5482151700952,1,729.0035128653676,590.0818929256158,1
633,636,21.2,21.2619788646698,21.161689043045044,1788009121066860,1788009121439066624,418905,418906,1788009121437842688,1788009121446176256,0.1468787549350575,8.333683013916016,1.2240409851074219,1345.2228903370296,587.2373871186024,1,728.7042502376994,589.8808732561693,1
634,637,21.233333333333334,21.295408010482788,21.195118188858032,1788009121100289,1788009121472496384,418909,418910,1788009121471175680,1788009121479508736,0.1585076249606592,8.332967758178711,1.3208389282226562,1346.0445741285912,588.5715368762312,1,728.4359597833115,589.9252448110565,1
635,638,21.266666666666666,21.328844785690308,21.22855496406555,1788009121133726,1788009121505934592,418913,418914,1788009121504507904,1788009121512840704,0.1711874105865522,8.33272933959961,1.4264583587646484,1346.474844859406,590.5904860837212,1,728.3762585518223,590.4583692653795,1
636,639,21.3,21.362274885177612,21.261985063552856,1788009121167156,1788009121539365888,418917,418918,1788009121537840384,1788009121546173952,0.18304056760313556,8.333683013916016,1.5254020690917969,1346.770706778316,590.8387704590172,1,728.2766864667444,590.7625016939319,1
637,640,21.333333333333332,21.39570379257202,21.295413970947266,1788009121200585,1788009121572795904,418921,418922,1788009121571173376,1788009121579506432,0.1947011530428314,8.332967758178711,1.6224384307861328,1346.7556258353986,591.2624064929684,1,728.0421810641171,591.1805624756074,1
638,641,21.366666666666667,21.42914080619812,21.328850984573364,1788009121234022,1788009121606234112,418925,418926,1788009121604505856,1788009121612838400,0.20741058655221745,8.33272933959961,1.7282962799072266,1346.7295509920468,591.4194287425455,1,728.1418040285024,592.1981073392981,1
639,642,21.4,21.46256995201111,21.362280130386353,1788009121267451,1788009121639664128,418929,418930,1788009121637837824,1788009121646171904,0.21913889286225147,8.333921432495117,1.8262863159179688,1347.5238075593593,591.3009949258703,1,728.1175058784428,592.656148439205,1
640,643,21.433333333333334,21.496006965637207,21.39571714401245,1788009121300888,1788009121673102080,418933,418934,1788009121671171072,1788009121679503872,0.2317310443490701,8.33272933959961,1.9309520721435547,1348.5273396182542,590.4970221202684,1,727.8610465803831,592.3311554934032,1
641,644,21.466666666666665,21.529436826705933,21.429147005081177,1788009121334318,1788009121706532864,418937,418938,1788009121704503552,1788009121712836352,0.24354792560801145,8.33272933959961,2.0294189453125,1349.4427804588577,589.8043267670521,1,726.9270923810793,591.601001751774,1
642,645,21.5,21.562874794006348,21.462584972381592,1788009121367756,1788009121739972096,418941,418942,1788009121737835520,1788009121746169600,0.2563581747961665,8.333921432495117,2.1364688873291016,1350.4948368776286,589.091078811136,1,725.784283050856,590.5999196733836,1
643,646,21.533333333333335,21.596303939819336,21.49601411819458,1788009121401185,1788009121773403648,418945,418946,1788009121771169024,1788009121779501568,0.26818311874105866,8.33272933959961,2.2346973419189453,1351.3672464204112,587.8654174980361,1,724.4100562748192,589.1384010259976,1
644,647,21.566666666666666,21.629740953445435,21.52945113182068,1788009121434622,1788009121806841600,418949,418950,1788009121804501248,1788009121812835072,0.28082622875779595,8.333683013916016,2.3403167724609375,1352.4623298201082,587.5815496927547,1,722.8170985208436,587.0132036783184,1
645,648,21.6,21.663172960281372,21.562883138656616,1788009121468054,1788009121840274432,418953,418954,1788009121837834240,1788009121846167296,0.29280993390747045,8.332967758178711,2.4399757385253906,1352.7571787784032,586.1887220149923,1,721.8342590235643,585.7581054174384,1
646,649,21.633333333333333,21.69660782814026,21.596318006515503,1788009121501489,1788009121873710080,418957,418958,1788009121871165696,1788009121879498496,0.30535050071530756,8.33272933959961,2.544403076171875,1353.058641687928,584.4103201293354,1,721.117427955419,585.7218019286105,1
647,650,21.666666666666668,21.730037927627563,21.629748106002808,1788009121534919,1788009121907141120,418961,418962,1788009121904497920,1788009121912831744,0.31717923043913604,8.333921432495117,2.6433467864990234,1353.026486083739,581.9741975945279,1,720.3780752466143,586.1618381397082,1
648,651,21.7,21.76347279548645,21.663182973861694,1788009121568354,1788009121940577280,418965,418966,1788009121937831168,1788009121946163968,0.32955650929899855,8.33272933959961,2.746105194091797,1352.9276790894273,581.3567605329538,1,720.0607539767077,585.7245954616942,1
649,652,21.733333333333334,21.79690194129944,21.696612119674683,1788009121601783,1788009121974007296,418969,418970,1788009121971163392,1788009121979497216,0.341248498025977,8.333683013916016,2.8438568115234375,1353.2722651155088,581.7175548547924,1,720.1989621360494,586.1874214801164,1
650,653,21.766666666666666,21.83033299446106,21.730043172836304,1788009121635214,1788009122007439616,418973,418974,1788009122004496640,1788009122012829440,0.35318016651884065,8.332967758178711,2.9430389404296875,1353.1053321346972,584.0767926470162,1,720.7976569232408,586.2858021853422,1
651,654,21.8,21.863765001296997,21.76347517967224,1788009121668646,1788009122040872704,418977,418978,1788009122037828864,1788009122046161664,0.36529327610872675,8.33272933959961,3.0438899993896484,1352.8463578519159,587.892520793085,1,720.9071763924337,586.4294401388015,1
652,655,21.833333333333332,21.897193908691406,21.79690408706665,1788009121702075,1788009122074302976,418981,418982,1788009122071161088,1788009122079494912,0.37699899871263054,8.333921432495117,3.1418800354003906,1352.5094238059717,588.6830812135232,1,720.9003854003931,587.0595270586233,1
653,656,21.866666666666667,21.930622816085815,21.83033299446106,1788009121735504,1788009122107732480,418985,418986,1788009122104494336,1788009122112827392,0.3886011845154645,8.332967758178711,3.238201141357422,1352.055542952938,589.5831262449028,1,721.1399281041956,587.6699910286733,1
654,657,21.9,21.96405291557312,21.863763093948364,1788009121768934,1788009122141163264,418989,418990,1788009122137826560,1788009122146159360,0.4004291845493562,8.33272933959961,3.336668014526367,1351.7059668447973,590.6915587695808,1,721.378151436992,588.0841217932689,1
655,658,21.933333333333334,21.997483015060425,21.89719319343567,1788009121802364,1788009122174594048,418993,418994,1788009122171158784,1788009122179492608,0.4122157059075955,8.333921432495117,3.435373306274414,1351.3687757711575,589.8418164541812,1,720.7547876380289,587.2271897627794,1
656,659,21.966666666666665,22.030918836593628,21.930629014968872,1788009121835800,1788009122208031232,418997,418998,1788009122204492032,1788009122212824832,0.42472103004291845,8.33272933959961,3.5390853881835938,1351.427134767417,590.4858783511717,1,720.2116758174232,587.0932292193171,1
657,660,22.0,22.064347982406616,21.96405816078186,1788009121869229,1788009122241461504,419001,419002,1788009122237824512,1788009122246157056,0.43648068669527895,8.33272933959961,3.637075424194336,1351.4370111361059,592.6594341351828,1,720.3572827168805,587.9726686799004,1
658,661,22.033333333333335,22.097776889801025,21.99748706817627,1788009121902658,1788009122274891264,419005,419006,1788009122271156480,1788009122279490560,0.44814761836647116,8.333921432495117,3.7348270416259766,1351.8913378866096,593.9321437912236,1,720.3092282414912,588.4879844531007,1
659,662,22.066666666666666,22.13121485710144,22.030925035476685,1788009121936096,1788009122308330496,419009,419010,1788009122304489728,1788009122312822528,0.4609155937052933,8.33272933959961,3.8406848907470703,1352.7756668593706,594.2900432783059,1,720.2186063442489,588.6164783085981,1
660,663,22.1,22.164644956588745,22.06435513496399,1788009121969526,1788009122341761792,419013,419014,1788009122337821952,1788009122346155008,0.47280478384023344,8.332967758178711,3.9398670196533203,1353.2819962014769,593.963501088722,1,719.9408946265213,588.2480281181513,1
661,664,22.133333333333333,22.198081970214844,22.097792148590088,1788009122002963,1788009122375200000,419017,419018,1788009122371154432,1788009122379488256,0.4854527249320555,8.333921432495117,4.045724868774414,1353.870608929491,593.368774019926,1,719.6609764636698,587.9225780689675,1
662,665,22.166666666666668,22.23151183128357,22.131222009658813,1788009122036393,1788009122408631040,419021,419022,1788009122404487680,1788009122412820224,0.49725321888412016,8.33272933959961,4.143476486206055,1354.5446271436895,593.4796340391594,1,719.5116887673316,587.896307031744,1
663,666,22.2,22.264948844909668,22.164659023284912,1788009122069830,1788009122442069248,419025,419026,1788009122437819648,1788009122446153728,0.5099127449578029,8.333921432495117,4.084348678588867,1355.2309059782501,592.4338683652471,1,719.3593984463251,587.9921022412201,1
664,667,22.233333333333334,22.298378944396973,22.198089122772217,1788009122103260,1788009122475500544,419029,419030,1788009122471152896,1788009122479485696,0.5217453505007154,8.33272933959961,3.985166549682617,1355.6696731964378,591.518658667001,1,719.1101673375927,587.6466974261366,1
665,668,22.266666666666666,22.331806898117065,22.23151707649231,1788009122136688,1788009122508929536,419033,419034,1788009122504485376,1788009122512818176,0.5333333333333333,8.33272933959961,3.8886070251464844,1355.909670663043,592.4788690901628,1,718.8072045120846,587.1823758516756,1
666,669,22.3,22.365243911743164,22.264954090118408,1788009122170125,1788009122542367744,419037,419038,1788009122537817600,1788009122546151424,0.5459876984694607,8.333921432495117,3.783702850341797,1356.6026093951227,592.0046764464231,1,718.0323450305045,586.1772711881408,1
667,670,22.333333333333332,22.39867401123047,22.298384189605713,1788009122203555,1788009122575799040,419041,419042,1788009122571150848,1788009122579483392,0.5578254649499285,8.33272933959961,3.684520721435547,1357.2446797835155,589.8615446609939,1,716.8080497368078,584.4396770130598,1
668,671,22.366666666666667,22.432111978530884,22.331822156906128,1788009122236993,1788009122609238272,419045,419046,1788009122604483072,1788009122612815872,0.5706437768240343,8.33272933959961,3.577709197998047,1357.0259878790823,587.1803524837502,1,715.8707369537733,582.8047488436492,1
669,672,22.4,22.46554183959961,22.365252017974854,1788009122270423,1788009122642669056,419049,419050,1788009122637815296,1788009122646149120,0.5824059505077958,8.333921432495117,3.480195999145508,1357.052039023176,584.0666022936549,1,714.1970569255927,580.5028114208834,1
670,673,22.433333333333334,22.498970985412598,22.398681163787842,1788009122303852,1788009122676099072,419053,419054,1788009122671148544,1788009122679481344,0.5941058655221745,8.33272933959961,3.3822059631347656,1356.9334871613326,580.7846807112687,1,712.8397802537819,578.9035067256225,1
671,674,22.466666666666665,22.532399892807007,22.43211007118225,1788009122337281,1788009122709529088,419057,419058,1788009122704480768,1788009122712813568,0.6058481874624474,8.332967758178711,3.284454345703125,1357.2406345918462,576.8133512601289,1,711.6747842132836,577.4118661860949,1
672,675,22.5,22.565836906433105,22.46554708480835,1788009122370718,1788009122742967296,419061,419062,1788009122737812992,1788009122746146560,0.6184985981575786,8.333683013916016,3.179311752319336,1358.0304286087805,574.4115930044014,1,711.086871558386,576.0884073961777,1
673,676,22.533333333333335,22.59926700592041,22.498977184295654,1788009122404148,1788009122776398592,419065,419066,1788009122771146240,1788009122779479040,0.6303290414878397,8.33272933959961,3.0803680419921875,1358.7129939466552,572.5733850927711,1,710.680071417922,574.2956670875152,1
674,677,22.566666666666666,22.63269591331482,22.532406091690063,1788009122437577,1788009122809828864,419069,419070,1788009122804478464,1788009122812812288,0.6419968530968387,8.333921432495117,2.983570098876953,1358.6799081625759,571.3905719747065,1,709.5810847473036,572.3072193565242,1
675,678,22.6,22.666133880615234,22.56584405899048,1788009122471015,1788009122843267840,419073,419074,1788009122837811712,1788009122846144512,0.6547925608011445,8.33272933959961,2.8765201568603516,1358.4742917280169,571.7565085380847,1,707.7315285436578,570.8631825065518,1
676,679,22.633333333333333,22.699570894241333,22.599281072616577,1788009122504452,1788009122876705792,419077,419078,1788009122871142912,1788009122879475712,0.6675917713370146,8.332967758178711,2.769947052001953,1358.154725149581,571.4639174051586,1,705.1840560104717,569.7261630478201,1
677,680,22.666666666666668,22.733000993728638,22.632711172103882,1788009122537882,1788009122910136832,419081,419082,1788009122904475136,1788009122912808960,0.6793786118899124,8.333683013916016,2.671957015991211,1358.0716685851435,569.5626949616982,1,703.3170556137225,568.7404119706015,1
678,681,22.7,22.766430854797363,22.666141033172607,1788009122571312,1788009122943567872,419085,419086,1788009122937808640,1788009122946141184,0.6911874105865522,8.33272933959961,2.573251724243164,1358.8172335816873,564.6653073269537,1,701.3048553432859,567.4088106207616,1
679,682,22.733333333333334,22.799867868423462,22.699578046798706,1788009122604749,1788009122977006336,419089,419090,1788009122971140608,1788009122979473664,0.7039283568424366,8.332967758178711,2.4671554565429688,1359.9003731909247,559.9828937487842,1,699.9617401720773,567.0477772181064,1
680,683,22.766666666666666,22.833295822143555,22.7330060005188,1788009122638177,1788009123010435328,419093,419094,1788009123004473088,1788009123012806656,0.7154545974709619,8.333683013916016,2.3713111877441406,1361.7609438276413,556.6234593869208,1,698.965543996853,566.1075638922955,1
681,684,22.8,22.866726875305176,22.76643705368042,1788009122671608,1788009123043867648,419097,419098,1788009123037806336,1788009123046138880,0.7274105865522175,8.33272933959961,2.271413803100586,1361.9173831362125,555.5457930337886,1,698.6519454164448,566.2589684970109,1
682,685,22.833333333333332,22.90016198158264,22.799872159957886,1788009122705043,1788009123077303808,419101,419102,1788009123071138304,1788009123079472384,0.739808324989272,8.333921432495117,2.168416976928711,1361.992640947869,555.4340498467345,1,698.4464750908701,566.1483727815202,1
683,686,22.866666666666667,22.933591842651367,22.83330202102661,1788009122738473,1788009123110734848,419105,419106,1788009123104471808,1788009123112804352,0.7516452074391988,8.33272933959961,2.0694732666015625,1362.172435386361,555.6521539919403,1,697.9921477837772,565.906633568182,1
684,687,22.9,22.967028856277466,22.86673903465271,1788009122771910,1788009123144173056,419109,419110,1788009123137803776,1788009123146136832,0.7643558124231067,8.332967758178711,1.9636154174804688,1362.3321703738106,556.3060785069842,1,697.8279689452544,565.8962941989059,1
685,688,22.933333333333334,23.00045895576477,22.900169134140015,1788009122805340,1788009123177604352,419113,419114,1788009123171136256,1788009123179470080,0.7761407523959376,8.333921432495117,1.8656253814697266,1362.288323881423,556.433001542953,1,697.7968507247583,565.8626620657706,1
686,689,22.966666666666665,23.033896923065186,22.93360710144043,1788009122838778,1788009123211043584,419117,419118,1788009123204469504,1788009123212802048,0.7889556509298998,8.33272933959961,1.758575439453125,1362.7854848480229,555.9750261896411,1,698.3464752491313,566.3477600200877,1
687,690,23.0,23.067333936691284,22.96704411506653,1788009122872215,1788009123244481536,419121,419122,1788009123237801472,1788009123246134528,0.8016365769219764,8.332967758178711,1.6529560089111328,1362.9670094572482,556.2859298600551,1,698.5764244830835,566.5332843717392,1
688,691,23.033333333333335,23.10076379776001,23.000473976135254,1788009122905645,1788009123277912320,419125,419126,1788009123271133952,1788009123279467520,0.81338330377067,8.333683013916016,1.5552043914794922,1362.8533136209523,556.8326122777544,1,698.7563304734473,567.125402177188,1
689,692,23.066666666666666,23.13420081138611,23.033910989761353,1788009122939082,1788009123311350528,419129,419130,1788009123304467200,1788009123312800000,0.8260658082975679,8.33272933959961,1.4493465423583984,1363.5196735244228,557.0119689395195,1,699.2451525464705,567.5519728552672,1
690,693,23.1,23.167639017105103,23.067349195480347,1788009122972520,1788009123344789760,419133,419134,1788009123337799424,1788009123346131968,0.8389127324749642,8.33272933959961,1.3422966003417969,1363.962428650076,557.4461793443522,1,699.3359166160685,568.0641830629779,1
691,694,23.133333333333333,23.201066970825195,23.10077714920044,1788009123005948,1788009123378218496,419137,419138,1788009123371131648,1788009123379465216,0.8503747782800252,8.333683013916016,1.2469291687011719,1364.573663248014,557.602170920551,1,699.5248360736357,568.6664210498544,1
692,695,23.166666666666668,23.234503984451294,23.134214162826538,1788009123039385,1788009123411656448,419141,419142,1788009123404464640,1788009123412797696,0.8630368229807445,8.332967758178711,1.1413097381591797,1365.1445472431128,557.7493204370811,1,698.9767642134514,568.3934719430603,1
693,696,23.2,23.267931938171387,23.16764211654663,1788009123072813,1788009123445085184,419145,419146,1788009123437797120,1788009123446130944,0.8745243884994993,8.333921432495117,1.0457038879394531,1365.895005510426,558.4442075726924,1,698.6656604999679,568.2865752985629,1
694,697,23.233333333333334,23.301370859146118,23.201081037521362,1788009123106252,1788009123478525440,419149,419150,1788009123471130368,1788009123479463168,0.8874678111587982,8.33272933959961,0.9377002716064453,1366.6579593383756,559.1596166091044,1,698.9696688904183,568.9698280053469,1
695,698,23.266666666666666,23.334800958633423,23.234511137008667,1788009123139682,1788009123511956736,419153,419154,1788009123504462592,1788009123512795392,0.8993447970015164,8.332967758178711,0.8387565612792969,1367.4732447166002,559.47224954509,1,699.5799173705716,569.7563062250796,1
696,699,23.3,23.36823081970215,23.267940998077393,1788009123173112,1788009123545387776,419157,419158,1788009123537794816,1788009123546128384,0.9111117468673113,8.333683013916016,0.7407665252685547,1369.52072707589,559.8404414826471,1,699.0789500184345,570.4786303528301,1
697,700,23.333333333333332,23.40166687965393,23.301377058029175,1788009123206548,1788009123578824960,419161,419162,1788009123571128064,1788009123579460864,0.9236909871244635,8.33272933959961,0.6358623504638672,1370.539978706269,561.1710992621825,1,700.0319461335564,572.4703770015955,1
698,701,23.366666666666667,23.435096979141235,23.33480715751648,1788009123239978,1788009123612256000,419165,419166,1788009123604460288,1788009123612793088,0.9355383250836886,8.332967758178711,0.5371570587158203,1370.1187037510115,564.32548367265,1,702.7765992652676,576.4253237395935,1
699,702,23.4,23.46853494644165,23.368245124816895,1788009123273416,1788009123645695232,419169,419170,1788009123637792512,1788009123646126336,0.9482748755507238,8.333683013916016,0.431060791015625,1369.375724313082,568.4729552925049,1,705.9453705625942,580.9079403512561,1
700,703,23.433333333333334,23.501961946487427,23.40167212486267,1788009123306843,1788009123679123456,419173,419174,1788009123671126016,1788009123679458560,0.9597711015736767,8.33272933959961,0.3352165222167969,1369.2997159831837,572.8068055454354,1,708.6737302743419,584.9386847187059,1
701,704,23.466666666666665,23.535398960113525,23.43510913848877,1788009123340280,1788009123712561664,419177,419178,1788009123704457984,1788009123712790784,0.9725035765379113,8.33272933959961,0.22912025451660156,1367.988227845277,576.8995868996095,1,710.0895637009585,586.6017296750166,1
702,705,23.5,23.56883692741394,23.468547105789185,1788009123373718,1788009123746000640,419181,419182,1788009123737790464,1788009123746124032,0.9852091320020598,8.333683013916016,0.12326240539550781,1366.2011766075811,579.5452896108073,1,711.7317448595722,587.2862376559309,1
703,706,23.533333333333335,23.60226798057556,23.501978158950806,1788009123407149,1788009123779432704,419185,419186,1788009123771123456,1788009123779456256,0.9971674630196561,8.332967758178711,0.023603439331054688,1364.7347719134264,579.0048871495633,1,713.587245520535,587.0111752249015,1
704,707,23.566666666666666,23.635703802108765,23.53541398048401,1788009123440585,1788009123812869888,419190,419191,1788009123812788480,1788009123821122304,0.009755399799742525,8.333921432495117,0.08130073547363281,1363.5272057466998,577.7100746616121,1,715.1304023283378,588.440048003429,1
705,708,23.6,23.66913390159607,23.568844079971313,1788009123474015,1788009123846301184,419194,419195,1788009123846121728,1788009123854454528,0.021516452074391988,8.33272933959961,0.179290771484375,1360.148758471125,577.4007431238618,1,715.7480011402529,587.020906409199,1
706,709,23.633333333333333,23.702570915222168,23.602281093597412,1788009123507452,1788009123879739392,419198,419199,1788009123879452928,1788009123887786752,0.03435846087827207,8.333921432495117,0.28634071350097656,1358.6953775313598,577.3731256062739,1,715.4386300126819,584.8001158597357,1
707,710,23.666666666666668,23.73600697517395,23.635717153549194,1788009123540888,1788009123913176320,419202,419203,1788009123912786176,1788009123921118976,0.046809728183118744,8.33272933959961,0.39005279541015625,1358.7212352352926,573.6861433666647,1,715.8502087564941,582.9173805475843,1
708,711,23.7,23.769438982009888,23.669149160385132,1788009123574320,1788009123946609152,419206,419207,1788009123946118656,1788009123954451200,0.05888412017167382,8.33272933959961,0.4906654357910156,1358.9907222991596,570.1028075747349,1,715.9254091642937,580.8629666703744,1
709,712,23.733333333333334,23.802873849868774,23.70258402824402,1788009123607755,1788009123980045568,419210,419211,1788009123979450624,1788009123987784704,0.0713774853382921,8.333921432495117,0.5948543548583984,1359.5990370820148,566.3422508060704,1,716.55573367186,579.5528050932949,1
710,713,23.766666666666666,23.836310863494873,23.736021041870117,1788009123641192,1788009124013484032,419214,419215,1788009124012784128,1788009124021116672,0.08400572246065809,8.33272933959961,0.6999969482421875,1359.2383947954067,567.7250096621417,1,717.2541522191509,578.0679919238015,1
711,714,23.8,23.869746923446655,23.7694571018219,1788009123674628,1788009124046921216,419218,419219,1788009124046116352,1788009124054449152,0.09659513590844063,8.33272933959961,0.804901123046875,1358.9071055050827,566.626553457342,1,717.4313713254304,577.3493263017665,1
712,715,23.833333333333332,23.903178930282593,23.802889108657837,1788009123708060,1788009124080354304,419222,419223,1788009124079449344,1788009124087782400,0.10858058424651655,8.332967758178711,0.9047985076904297,1358.861700430211,566.0679238639959,1,717.620285413719,577.1608324204863,1
713,716,23.866666666666667,23.93661594390869,23.836326122283936,1788009123741497,1788009124113792512,419226,419227,1788009124112781824,1788009124121114368,0.12128755364806867,8.33272933959961,1.0106563568115234,1358.9460861838256,565.6816150708935,1,717.6057678974393,576.7340202404889,1
714,717,23.9,23.970045804977417,23.86975598335266,1788009123774927,1788009124147223296,419230,419231,1788009124146113792,1788009124154447872,0.13311400371906737,8.333921432495117,1.1093616485595703,1358.6668547708468,565.6596541652876,1,717.6428528861038,576.712810448083,1
715,718,23.933333333333334,24.003480911254883,23.903191089630127,1788009123808362,1788009124180659456,419234,419235,1788009124179447296,1788009124187780096,0.1454893994449372,8.332967758178711,1.2123584747314453,1358.2542338076046,565.7094304589178,1,717.5190821369226,576.4698992125308,1
716,719,23.966666666666665,24.036911964416504,23.936622142791748,1788009123841793,1788009124214091520,419238,419239,1788009124212779520,1788009124221112320,0.15745350500715308,8.33272933959961,1.3120174407958984,1358.1746226959883,564.568739877892,1,717.4963349445962,576.3741156329786,1
717,720,24.0,24.070348978042603,23.970059156417847,1788009123875230,1788009124247529728,419242,419243,1788009124246111744,1788009124254445568,0.17016163638964382,8.333921432495117,1.4181137084960938,1357.6910594795725,563.6682018420233,1,717.309207536845,576.3342309362733,1
718,721,24.033333333333335,24.1037859916687,24.003496170043945,1788009123908667,1788009124280967936,419246,419247,1788009124279444992,1788009124287777536,0.18277539341917023,8.33272933959961,1.5230178833007812,1357.6911508231851,563.9868310298477,1,716.5526703845918,575.823604183086,1
719,722,24.066666666666666,24.137215852737427,24.03692603111267,1788009123942097,1788009124314398720,419250,419251,1788009124312777216,1788009124321110016,0.19459227467811158,8.33272933959961,1.6214847564697266,1358.1019747149962,564.5889650347438,1,715.6886428475567,576.1835421635894,1
720,723,24.1,24.170652866363525,24.07036304473877,1788009123975534,1788009124347836928,419254,419255,1788009124346109440,1788009124354443264,0.20729509369188956,8.333921432495117,1.7275810241699219,1358.5377853931595,565.2120865739638,1,714.8199299263028,576.8358476126439,1
721,724,24.133333333333333,24.204082012176514,24.103792190551758,1788009124008963,1788009124381267200,419258,419259,1788009124379442688,1788009124387775488,0.21896995708154507,8.33272933959961,1.8246173858642578,1359.374335687181,565.2155814414377,1,712.9490893808501,577.2965953714125,1
722,725,24.166666666666668,24.237518787384033,24.137228965759277,1788009124042400,1788009124414705152,419262,419263,1788009124412774912,1788009124421107712,0.23164520743919886,8.33272933959961,1.93023681640625,1360.4044731391025,565.0654905555075,1,710.3440194396551,577.9755046433356,1
723,726,24.2,24.270955801010132,24.170665979385376,1788009124075837,1788009124448143360,419266,419267,1788009124446107136,1788009124454440960,0.2443141181519096,8.333921432495117,2.0360946655273438,1361.5423100590967,566.0609535887563,1,707.218291464863,578.9152830599332,1
724,727,24.233333333333334,24.30439281463623,24.204102993011475,1788009124109274,1788009124481581568,419270,419271,1788009124479440384,1788009124487773184,0.2569384835479256,8.33272933959961,2.1409988403320312,1363.2200036432682,566.1883570772022,1,704.6236792822637,580.8464610123578,1
725,728,24.266666666666666,24.33782196044922,24.237532138824463,1788009124142703,1788009124515011840,419274,419275,1788009124512772608,1788009124521106432,0.2686883135459877,8.333921432495117,2.239227294921875,1365.2190280347436,566.3526592093873,1,702.6348328041317,582.5036404820489,1
726,729,24.3,24.37126588821411,24.270976066589355,1788009124176147,1788009124548457216,419278,419279,1788009124546105856,1788009124554438656,0.2821745350500715,8.33272933959961,2.3512840270996094,1366.713790449358,567.2614725778833,1,701.2161742633048,584.3345380084413,1
727,730,24.333333333333332,24.404696941375732,24.304407119750977,1788009124209578,1788009124581889280,419282,419283,1788009124579438336,1788009124587770880,0.29416309012875536,8.33272933959961,2.451181411743164,1368.3631716229686,567.7309800538505,1,700.1138569733882,585.1542425139172,1
728,731,24.366666666666667,24.43812584877014,24.337836027145386,1788009124243007,1788009124615319296,419286,419287,1788009124612770304,1788009124621104128,0.30585037905878987,8.333921432495117,2.5489330291748047,1369.2082402227431,569.0543160033316,1,699.2211180568121,585.7810393216838,1
729,732,24.4,24.471565008163452,24.371275186538696,1788009124276446,1788009124648759040,419290,419291,1788009124646103552,1788009124654436352,0.3186838340486409,8.33272933959961,2.655506134033203,1370.5666760442823,570.0225227362978,1,699.95049147853,587.794314385077,1
730,733,24.433333333333334,24.505000829696655,24.4047110080719,1788009124309882,1788009124682195968,419294,419295,1788009124679436032,1788009124687768576,0.33121602288984264,8.33272933959961,2.7599334716796875,1370.7425712263876,572.5596752982382,1,699.6091210272252,589.6872004960579,1
731,734,24.466666666666665,24.53843092918396,24.438141107559204,1788009124343312,1788009124715626752,419298,419299,1788009124712768000,1788009124721102080,0.343012444571592,8.333921432495117,2.8586387634277344,1372.3439682471203,573.6087711336513,1,699.1068766225078,591.2219027965507,1
732,735,24.5,24.571866989135742,24.471577167510986,1788009124376748,1788009124749063936,419302,419303,1788009124746101504,1788009124754434048,0.3555364806866953,8.33272933959961,2.9625892639160156,1373.217431616298,576.2164688245265,1,698.8169171154422,593.1170856221698,1
733,736,24.533333333333335,24.605294942855835,24.50500512123108,1788009124410176,1788009124782492928,419306,419307,1788009124779433472,1788009124787766528,0.3671425710280106,8.332967758178711,3.05938720703125,1372.5556553250858,580.0950990059214,1,699.5497532718337,594.8003432222217,1
734,737,24.566666666666666,24.638725996017456,24.5384361743927,1788009124443607,1788009124815925248,419310,419311,1788009124812765952,1788009124821099776,0.37908739808324987,8.333921432495117,3.1592845916748047,1372.058058471378,583.8571099446891,1,700.5275415510986,595.9464577222702,1
735,738,24.6,24.67215585708618,24.571866035461426,1788009124477037,1788009124849356032,419314,419315,1788009124846099200,1788009124854431744,0.39084406294706725,8.33272933959961,3.2567977905273438,1372.0381977296813,587.2480287628147,1,702.3117352600468,596.2403924171812,1
736,739,24.633333333333333,24.705585956573486,24.60529613494873,1788009124510467,1788009124882787328,419318,419319,1788009124879430400,1788009124887764224,0.40280360463453013,8.333921432495117,3.35693359375,1372.7810809966877,590.1789863297986,1,703.4997267766392,596.7518008097077,1
737,740,24.666666666666668,24.739014863967896,24.63872504234314,1788009124543896,1788009124916217344,419322,419323,1788009124912763648,1788009124921096448,0.41447782546494993,8.33272933959961,3.4537315368652344,1373.134874493364,592.2071666939135,1,704.1307717838549,597.2026955580853,1
738,741,24.7,24.7724449634552,24.672155141830444,1788009124577326,1788009124949648640,419326,419327,1788009124946095616,1788009124954428672,0.4263683442533833,8.332967758178711,3.5529136657714844,1373.3221860661426,592.8025605251211,1,704.4024719109894,597.9189705076101,1
739,742,24.733333333333334,24.805874824523926,24.70558500289917,1788009124610756,1788009124983079680,419330,419331,1788009124979428096,1788009124987761920,0.4381633528822772,8.333921432495117,3.6516189575195312,1373.776698387746,592.4293311732898,1,704.4616766088618,598.5161278044413,1
740,743,24.766666666666666,24.839303970336914,24.739014148712158,1788009124644185,1788009125016509696,419334,419335,1788009125012761344,1788009125021094144,0.4498426323319027,8.33272933959961,3.7484169006347656,1373.9877125381654,592.2246761152694,1,704.4759004476805,599.3243330189458,1
741,744,24.8,24.872732877731323,24.772443056106567,1788009124677614,1788009125049939968,419338,419339,1788009125046093568,1788009125054426368,0.46158908185745756,8.332967758178711,3.846406936645508,1374.3594735683646,591.6770506959783,1,704.3123278541836,600.0100439474334,1
742,745,24.833333333333332,24.906161785125732,24.805871963500977,1788009124711043,1788009125083369728,419342,419343,1788009125079425792,1788009125087759616,0.4732505578760657,8.333683013916016,3.943920135498047,1374.8395642860617,590.6260367537126,1,703.8529546828396,599.7419775211692,1
743,746,24.866666666666667,24.939592838287354,24.839303016662598,1788009124744474,1788009125116802048,419346,419347,1788009125112759040,1788009125121091840,0.4851788268955651,8.33272933959961,4.042863845825195,1375.3718677484126,590.1488949140739,1,703.5351690302348,599.789505489032,1
744,747,24.9,24.973022937774658,24.872733116149902,1788009124777904,1788009125150233344,419350,419351,1788009125146091264,1788009125154425088,0.49701044199685307,8.333921432495117,4.142045974731445,1375.8926570499652,589.394475903995,1,703.332963712031,599.1314646650587,1
745,748,24.933333333333334,25.006451845169067,24.90616202354431,1788009124811333,1788009125183663104,419354,419355,1788009125179424512,1788009125187757312,0.5086695278969957,8.33272933959961,4.094123840332031,1375.9861448267466,589.0952412341354,1,703.2476120559011,598.507833830855,1
746,749,24.966666666666665,25.039881944656372,24.939592123031616,1788009124844763,1788009125217094400,419358,419359,1788009125212756736,1788009125221089536,0.5205573517209808,8.332967758178711,3.995180130004883,1375.9708719141745,588.925717347535,1,703.2820235095382,598.3477714601636,1
747,750,25.0,25.073311805725098,24.973021984100342,1788009124878193,1788009125250525696,419362,419363,1788009125246088960,1788009125254422784,0.5323701902446002,8.333921432495117,3.8971900939941406,1375.9964383384672,588.2204071348685,1,703.334376344405,598.1984802823577,1
748,751,25.033333333333335,25.106741905212402,25.006452083587646,1788009124911623,1788009125283956992,419366,419367,1788009125279422208,1788009125287755008,0.544206008583691,8.33272933959961,3.7980079650878906,1375.5733452377376,588.1920612906168,1,703.9973479040724,597.7380541493658,1
749,752,25.066666666666666,25.140172004699707,25.03988218307495,1788009124945053,1788009125317388032,419370,419371,1788009125312754432,1788009125321087488,0.5560642041715544,8.332967758178711,3.6993026733398438,1375.2886624300972,588.4735327881925,1,704.1942912255442,597.4808516550407,1
750,753,25.1,25.173606872558594,25.073317050933838,1788009124978488,1788009125350824192,419374,419375,1788009125346086656,1788009125354420480,0.5684614064198661,8.333683013916016,3.5963058471679688,1375.011977451384,588.2069701888548,1,704.2813254565981,597.3123659636051,1
751,754,25.133333333333333,25.2070369720459,25.106747150421143,1788009125011918,1788009125384255232,419378,419379,1788009125379420160,1788009125387752704,0.5802575107296137,8.33272933959961,3.497600555419922,1374.5965502929425,587.9954060663044,1,704.3170711169835,597.2882839235065,1
752,755,25.166666666666668,25.240466833114624,25.140177011489868,1788009125045348,1788009125417686272,419382,419383,1788009125412752128,1788009125421085184,0.592114674830477,8.332967758178711,3.398895263671875,1374.508657363582,587.5298474333293,1,704.1324812992405,596.818220498089,1
753,756,25.2,25.273897886276245,25.17360806465149,1788009125078779,1788009125451118592,419386,419387,1788009125446084608,1788009125454418176,0.6040796475367626,8.333683013916016,3.2994747161865234,1374.7627797606867,586.6097737164296,1,704.0510783215693,596.6896300101315,1
754,757,25.233333333333334,25.30732798576355,25.207038164138794,1788009125112209,1788009125484549888,419390,419391,1788009125479417856,1788009125487750656,0.6158798283261803,8.33272933959961,3.2007694244384766,1374.918303182864,585.5808511403284,1,703.8099590321729,596.4427660633999,1
755,758,25.266666666666666,25.340755939483643,25.240466117858887,1788009125145637,1788009125517978624,419394,419395,1788009125512749824,1788009125521082624,0.6274964234620887,8.33272933959961,3.103971481323242,1374.8040988818962,583.9704299515759,1,703.1206240976999,595.8837790535031,1
756,759,25.3,25.374185800552368,25.273895978927612,1788009125179067,1788009125551409920,419398,419399,1788009125546083328,1788009125554415872,0.6392560801144492,8.33272933959961,3.0059814453125,1374.6113219219267,581.8509168600052,1,702.8455440163511,595.3829580487684,1
757,760,25.333333333333332,25.407614946365356,25.3073251247406,1788009125212496,1788009125584840192,419402,419403,1788009125579415296,1788009125587748352,0.6510257217247003,8.332967758178711,2.907991409301758,1374.6584666882577,579.4213113239108,1,702.8336666424068,594.8780556329561,1
758,761,25.366666666666667,25.441044807434082,25.340754985809326,1788009125245926,1788009125618271232,419406,419407,1788009125612747776,1788009125621081344,0.6627853750643703,8.333683013916016,2.810239791870117,1374.9659120892059,576.9912492277009,1,702.9078983479551,594.6708725116284,1
759,762,25.4,25.474480867385864,25.37419104576111,1788009125279362,1788009125651708416,419410,419411,1788009125646081024,1788009125654413824,0.6753361945636623,8.33272933959961,2.7053356170654297,1374.9484021197582,574.9338347390102,1,702.425633499118,593.8373623855924,1
760,763,25.433333333333334,25.507910013198853,25.407620191574097,1788009125312791,1788009125685138688,419414,419415,1788009125679412992,1788009125687746048,0.6871048038682728,8.332967758178711,2.6073455810546875,1373.8853093339258,573.8668059069979,1,703.0447309951448,593.2521252059148,1
761,764,25.466666666666665,25.541348934173584,25.441059112548828,1788009125346230,1788009125718578688,419418,419419,1788009125712745472,1788009125721079040,0.6999771127767923,8.333683013916016,2.500295639038086,1372.9204532657484,574.3647168188313,1,704.9222271745416,593.6345558326941,1
762,765,25.5,25.57477879524231,25.474488973617554,1788009125379660,1788009125752009984,419422,419423,1788009125746078720,1788009125754411520,0.711788268955651,8.33272933959961,2.401590347290039,1371.2247150997734,574.9217440699778,1,707.6609666316144,597.5086023874322,1
763,766,25.533333333333335,25.608207941055298,25.507918119430542,1788009125413089,1788009125785440256,419426,419427,1788009125779410944,1788009125787743488,0.7235765379113018,8.33272933959961,2.3033618927001953,1370.9683792658293,575.5041265858936,1,709.001518525542,598.7912295835247,1
764,767,25.566666666666666,25.641644954681396,25.54135513305664,1788009125446526,1788009125818878464,419430,419431,1788009125812743168,1788009125821076992,0.7361961435028895,8.333683013916016,2.198457717895508,1371.0892834430297,575.9275457513271,1,710.6760738674393,599.173605221823,1
765,768,25.6,25.675074815750122,25.574784994125366,1788009125479956,1788009125852309248,419434,419435,1788009125846076160,1788009125854409216,0.7479900432033418,8.332967758178711,2.0999908447265625,1370.6536181151325,577.446055091966,1,711.7579235014302,600.6759533833042,1
766,769,25.633333333333333,25.708505868911743,25.608216047286987,1788009125513387,1788009125885741056,419438,419439,1788009125879407616,1788009125887741440,0.75997024660983,8.333683013916016,2.0003318786621094,1370.5074841057947,578.9313271671483,1,711.4451970856268,600.318311121139,1
767,770,25.666666666666668,25.741940021514893,25.641650199890137,1788009125546821,1788009125919176192,419442,419443,1788009125912740864,1788009125921073664,0.772274678111588,8.33272933959961,1.897573471069336,1370.017805672772,580.341387756928,1,711.7004818897534,601.065828247293,1
768,771,25.7,25.775369882583618,25.675080060958862,1788009125580251,1788009125952606720,419446,419447,1788009125946073088,1788009125954405888,0.7840915593705293,8.33272933959961,1.7991065979003906,1369.304382901872,580.5467995832274,1,712.2205438990181,602.3307440817321,1
769,772,25.733333333333334,25.808798789978027,25.70850896835327,1788009125613680,1788009125986036480,419450,419451,1788009125979405312,1788009125987739136,0.7957029238427648,8.333683013916016,1.7025470733642578,1368.7698090909319,581.0255059884369,1,712.4197227058969,602.5198962374773,1
770,773,25.766666666666666,25.842230796813965,25.74194097518921,1788009125647112,1788009126019469824,419454,419455,1788009126012738560,1788009126021071360,0.8077880461217133,8.332967758178711,1.6016960144042969,1368.4240749072742,582.1997760226915,1,711.9686326706069,602.5641822042338,1
771,774,25.8,25.87566089630127,25.775371074676514,1788009125680542,1788009126052901120,419458,419459,1788009126046070784,1788009126054403584,0.8196852646638054,8.33272933959961,1.5025138854980469,1368.3884488478066,583.1989623024447,1,711.3432149599025,603.5732968798021,1
772,775,25.833333333333332,25.909088850021362,25.808799028396606,1788009125713970,1788009126086330112,419462,419463,1788009126079403264,1788009126087736832,0.831206728843623,8.333683013916016,1.4066696166992188,1368.3159675268557,583.5777917006767,1,710.7522268875556,602.9874703271566,1
773,776,25.866666666666667,25.942526817321777,25.84223699569702,1788009125747408,1788009126119769088,419466,419467,1788009126112736256,1788009126121069312,0.8439815742038854,8.332967758178711,1.3000965118408203,1368.2662507638815,583.6726972790204,1,710.5605067840931,603.654321403402,1
774,777,25.9,25.975955963134766,25.87566614151001,1788009125780837,1788009126153199104,419470,419471,1788009126146068480,1788009126154401280,0.8557367668097282,8.33272933959961,1.2021064758300781,1368.1859000921459,584.151134482778,1,710.3524393759109,603.2441055125433,1
775,778,25.933333333333334,26.009384870529175,25.90909504890442,1788009125814266,1788009126186629376,419474,419475,1788009126179401984,1788009126187734528,0.8673533619456366,8.33272933959961,1.1053085327148438,1367.9737959779793,583.868069704842,1,710.0734556518162,602.2244651096617,1
776,779,25.966666666666665,26.042814016342163,25.942524194717407,1788009125847695,1788009126220059904,419478,419479,1788009126212733952,1788009126221066752,0.8791702432045779,8.33272933959961,1.0068416595458984,1367.4927687603613,583.8595943972934,1,709.8701132672197,601.8169123447747,1
777,780,26.0,26.076244831085205,25.97595500946045,1788009125881126,1788009126253491968,419482,419483,1788009126246066432,1788009126254400000,0.8910282085026034,8.333683013916016,0.9081363677978516,1367.0090925145182,584.0336390025335,1,709.7798774372537,601.4616807151374,1
778,781,26.033333333333335,26.109673976898193,26.009384155273438,1788009125914555,1788009126286921984,419486,419487,1788009126279399424,1788009126287732480,0.902749563674859,8.332967758178711,0.8103847503662109,1367.4705648096165,584.1766631476454,1,709.6076260394829,601.4786310600172,1
779,782,26.066666666666666,26.14310383796692,26.042814016342163,1788009125947985,1788009126320353024,419490,419491,1788009126312731648,1788009126321064448,0.914620886981402,8.33272933959961,0.7114410400390625,1368.0778860963921,582.2730539555979,1,709.038184962006,600.3589362370784,1
780,783,26.1,26.176532983779907,26.07624316215515,1788009125981414,1788009126353783296,419494,419495,1788009126346064128,1788009126354397696,0.9262745322423757,8.333683013916016,0.6144046783447266,1368.3036338920424,580.6658986190776,1,707.8711677050421,597.8910689445382,1
781,784,26.133333333333333,26.20996880531311,26.109678983688354,1788009126014850,1788009126387220480,419498,419499,1788009126379397120,1788009126387730176,0.9388286458184315,8.332967758178711,0.5097389221191406,1369.5055341747125,577.9659194342751,1,707.1888916728732,595.4095658906165,1
782,785,26.166666666666668,26.243400812149048,26.143110990524292,1788009126048282,1788009126420653312,419502,419503,1788009126412729600,1788009126421062144,0.9509298998569384,8.33272933959961,0.4088878631591797,1371.7686927227983,573.3580414537873,1,706.5024109177234,593.224617765625,1
783,786,26.2,26.276830911636353,26.176541090011597,1788009126081712,1788009126454084608,419506,419507,1788009126446061568,1788009126454395648,0.9626948934344157,8.333921432495117,0.3108978271484375,1373.5678097360799,569.5091920151914,1,706.0075038481134,591.8279513973642,1
784,787,26.233333333333334,26.31025981903076,26.209969997406006,1788009126115141,1788009126487514624,419510,419511,1788009126479394816,1788009126487727872,0.974421332722955,8.332967758178711,0.21314620971679688,1374.3940930287065,566.8670162963108,1,705.2460406617827,590.3375424127237,1
785,788,26.266666666666666,26.34368896484375,26.243399143218994,1788009126148570,1788009126520945152,419514,419515,1788009126512727296,1788009126521060096,0.98620886981402,8.33272933959961,0.11491775512695312,1375.4280307731638,566.736249822792,1,704.0125951299451,586.5908696444004,1
786,789,26.3,26.37712597846985,26.276836156845093,1788009126182007,1788009126554383360,419518,419519,1788009126546059264,1788009126554393344,0.9987984551566299,8.333921432495117,0.010013580322265625,1377.0329133906307,566.8800700793638,1,701.0570876906103,583.35652021592,1
787,790,26.333333333333332,26.410554885864258,26.310265064239502,1788009126215436,1788009126587813120,419523,419524,1788009126587725312,1788009126596059392,0.010527821484766128,8.333921432495117,0.087738037109375,1376.0274416503917,568.1434090893802,1,700.4318999076208,582.2861554410665,1
788,791,26.366666666666667,26.443991899490356,26.3437020778656,1788009126248873,1788009126621251328,419527,419528,1788009126621058816,1788009126629391616,0.023118079597150298,8.332967758178711,0.1926422119140625,1375.370106877874,569.6448786674317,1,701.1847461682535,582.6831286623876,1
789,792,26.4,26.47742199897766,26.377132177352905,1788009126282303,1788009126654682624,419531,419532,1788009126654391040,1788009126662723840,0.034992846924177395,8.33272933959961,0.29158592224121094,1376.2827438856827,570.6796841755761,1,701.1206578901683,583.9869772396336,1
790,793,26.433333333333334,26.510851860046387,26.41056203842163,1788009126315733,1788009126688113408,419535,419536,1788009126687723264,1788009126696057088,0.04683164068087541,8.333921432495117,0.3902912139892578,1376.86568025699,572.0048976523439,1,701.5060442710098,586.299903983901,1
791,794,26.466666666666665,26.54428195953369,26.443992137908936,1788009126349163,1788009126721544704,419539,419540,1788009126721056512,1788009126729389312,0.05859799713876967,8.33272933959961,0.48828125,1376.2459491190918,574.001332694052,1,704.0078453634499,588.8392846278156,1
792,795,26.5,26.577719926834106,26.47743010520935,1788009126382601,1788009126754984192,419543,419544,1788009126754388736,1788009126762721536,0.07144492131616595,8.33272933959961,0.5953311920166016,1376.0412600113323,576.0988386198469,1,705.6905057183756,591.194566760568,1
793,796,26.533333333333335,26.611149787902832,26.510859966278076,1788009126416031,1788009126788415232,419547,419548,1788009126787720960,1788009126796054784,0.08330710914032327,8.333921432495117,0.69427490234375,1375.9743116956383,577.9974458527832,1,706.9276412470333,593.8328863019299,1
794,797,26.566666666666666,26.64458680152893,26.544296979904175,1788009126449468,1788009126821853440,419551,419552,1788009126821054208,1788009126829387008,0.09590844062947067,8.33272933959961,0.7991790771484375,1376.289770101746,578.5314442045378,1,708.7044266926246,595.4431949726064,1
795,798,26.6,26.678014993667603,26.577725172042847,1788009126482896,1788009126855282432,419555,419556,1788009126854386432,1788009126862719232,0.10755057079911877,8.332967758178711,0.8962154388427734,1375.410006055053,579.3226794696485,1,709.786252030031,596.2028072090069,1
796,799,26.633333333333333,26.711444854736328,26.611155033111572,1788009126516326,1788009126888713472,419559,419560,1788009126887718656,1788009126896051456,0.11939914163090129,8.33272933959961,0.9949207305908203,1375.3450625390558,579.4491377714028,1,709.7556438516631,596.3871037435395,1
797,800,26.666666666666668,26.74487280845642,26.644582986831665,1788009126549754,1788009126922142464,419563,419564,1788009126921051136,1788009126929383680,0.13098712446351932,8.33272933959961,1.0914802551269531,1375.3755483336508,579.6091249251806,1,709.3526352636371,596.3481137127687,1
798,801,26.7,26.778308868408203,26.678019046783447,1788009126583190,1788009126955579648,419567,419568,1788009126954383104,1788009126962717184,0.14358460878272064,8.333921432495117,1.1966228485107422,1375.2040923069148,579.7073190063481,1,709.2360791900247,595.5531930842587,1
799,802,26.733333333333334,26.81174087524414,26.711451053619385,1788009126616622,1788009126989012992,419571,419572,1788009126987716352,1788009126996049152,0.1555937052932761,8.33272933959961,1.2965202331542969,1375.526870974272,579.687365133632,1,709.1393368371038,594.5727154016691,1
800,803,26.766666666666666,26.845170974731445,26.74488115310669,1788009126650052,1788009127022444032,419575,419576,1788009127021048576,1788009127029381632,0.16746301965608995,8.332967758178711,1.3954639434814453,1375.5697728790046,579.9293844775867,1,708.617040390092,593.933378317371,1
801,804,26.8,26.878599882125854,26.7783100605011,1788009126683481,1788009127055874048,419579,419580,1788009127054380800,1788009127062714880,0.17917322271491917,8.333921432495117,1.493215560913086,1376.2551638637974,579.5169092434247,1,707.7940334327932,593.4373237289269,1
802,805,26.833333333333332,26.91203784942627,26.811748027801514,1788009126716919,1788009127089313280,419583,419584,1788009127087714304,1788009127096046848,0.1919027181688126,8.33272933959961,1.5990734100341797,1376.4663938050799,579.4991107440856,1,707.8009052530364,593.0565025826421,1
803,806,26.866666666666667,26.945467948913574,26.84517812728882,1788009126750349,1788009127122744320,419587,419588,1788009127121046272,1788009127129379328,0.20377099367686188,8.332967758178711,1.6980171203613281,1376.1560852576768,579.5156945326505,1,707.9350374504576,592.9239627276194,1
804,807,26.9,26.978904008865356,26.8786141872406,1788009126783785,1788009127156181504,419591,419592,1788009127154378752,1788009127162712320,0.21634147737025805,8.333683013916016,1.8029212951660156,1375.8998419001327,579.7228422408072,1,707.9767684709323,592.3743998859638,1
805,808,26.933333333333334,27.012332916259766,26.91204309463501,1788009126817214,1788009127189611520,419595,419596,1788009127187712000,1788009127196044800,0.22795422031473533,8.33272933959961,1.8994808197021484,1375.5567752944219,579.8487830311165,1,707.774313210739,592.1119813833357,1
806,809,26.966666666666665,27.045769929885864,26.94548010826111,1788009126850651,1788009127223049216,419599,419600,1788009127221043968,1788009127229378048,0.24059505077957374,8.333921432495117,2.0051002502441406,1375.0301596865627,579.5846048183308,1,707.5366927166618,591.9051501279458,1
807,810,27.0,27.07919979095459,26.978909969329834,1788009126884081,1788009127256480000,419603,419604,1788009127254377472,1788009127262710016,0.2523319027181688,8.33272933959961,2.1026134490966797,1374.6427462167198,579.5449629958614,1,707.2126980172433,591.5346096679443,1
808,811,27.033333333333335,27.112637996673584,27.012348175048828,1788009126917519,1788009127289919488,419607,419608,1788009127287709696,1788009127296042496,0.2651788268955651,8.33272933959961,2.2096633911132812,1374.3471482619025,579.6141460871912,1,706.9042171728508,591.2272140134331,1
809,812,27.066666666666666,27.14606785774231,27.045778036117554,1788009126950949,1788009127323350272,419611,419612,1788009127321041920,1788009127329375744,0.2769846946073523,8.333921432495117,2.308368682861328,1374.2489367576081,579.7313035289507,1,706.5625498216341,591.0909475667903,1
810,813,27.1,27.179505825042725,27.07921600341797,1788009126984387,1788009127356789248,419615,419616,1788009127354375168,1788009127362707968,0.28972818311874105,8.33272933959961,2.414226531982422,1374.3144918806029,579.747798527531,1,705.9135970739896,590.921159291793,1
811,814,27.133333333333333,27.212942838668823,27.112653017044067,1788009127017824,1788009127390227200,419619,419620,1788009127387707136,1788009127396040192,0.3024233927498498,8.332967758178711,2.5200843811035156,1374.3364286547971,579.7293651353733,1,705.4487277040646,590.4123330783498,1
812,815,27.166666666666668,27.24637198448181,27.146082162857056,1788009127051253,1788009127423657728,419623,419624,1788009127421039616,1788009127429373184,0.314155747553928,8.333683013916016,2.618074417114258,1374.3881841753937,579.6492845274438,1,705.0970897135809,590.0499048956059,1
813,816,27.2,27.27980089187622,27.179511070251465,1788009127084682,1788009127457087744,419627,419628,1788009127454372864,1788009127462705664,0.3258082975679542,8.33272933959961,2.714872360229492,1374.8266915016202,579.5555228703611,1,704.8617967614987,589.593240508376,1
814,817,27.233333333333334,27.313235998153687,27.21294617652893,1788009127118117,1788009127490524160,419631,419632,1788009127487705088,1788009127496037888,0.3383021945008727,8.332967758178711,2.819061279296875,1374.99813647474,579.194889759931,1,704.2626352819376,589.2520999367348,1
815,818,27.266666666666666,27.34666681289673,27.246376991271973,1788009127151548,1788009127523955968,419635,419636,1788009127521037312,1788009127529371136,0.3502317331349774,8.333683013916016,2.918720245361328,1374.5792174581502,579.0328473428968,1,704.2693426144945,589.1178114024144,1
816,819,27.3,27.38010287284851,27.279813051223755,1788009127184984,1788009127557393152,419639,419640,1788009127554370560,1788009127562703360,0.3627181688125894,8.33272933959961,3.022432327270508,1374.2306401677265,578.7181356105141,1,704.2646477793999,588.6886388026765,1
817,820,27.333333333333332,27.413541793823242,27.313251972198486,1788009127218423,1788009127590833152,419643,419644,1788009127587702784,1788009127596035584,0.37567954220314737,8.33272933959961,3.1304359436035156,1374.4938259405524,578.2079011235587,1,704.2553992142415,588.5444845531782,1
818,821,27.366666666666667,27.446971893310547,27.34668207168579,1788009127251853,1788009127624264448,419647,419648,1788009127621035008,1788009127629368832,0.3875092979344281,8.333683013916016,3.229379653930664,1375.2793635054795,577.4110263885792,1,704.7433590664803,588.8903326415647,1
819,822,27.4,27.480408906936646,27.38011908531189,1788009127285290,1788009127657702656,419651,419652,1788009127654368256,1788009127662701056,0.40016022431403964,8.332967758178711,3.334522247314453,1375.1220106012352,576.8562516862304,1,704.7656882301646,588.5531960812814,1
820,823,27.433333333333334,27.513837814331055,27.4135479927063,1788009127318719,1788009127691132672,419655,419656,1788009127687700480,1788009127696034304,0.4118437991703619,8.333921432495117,3.4322738647460938,1374.305669965663,576.2504508526155,1,705.7057472037797,589.4829505299504,1
821,824,27.466666666666665,27.54726791381836,27.446978092193604,1788009127352149,1788009127724563968,419659,419660,1788009127721033728,1788009127729366528,0.4236623748211731,8.33272933959961,3.530263900756836,1372.8790291975192,576.7434171989332,1,707.0042510485359,589.8922197927795,1
822,825,27.5,27.58070182800293,27.480412006378174,1788009127385583,1788009127757999104,419663,419664,1788009127754365952,1788009127762699008,0.43601041458041256,8.332967758178711,3.633260726928711,1370.8998022241815,576.9461067926462,1,708.2264295305017,589.6410223184066,1
823,826,27.533333333333335,27.61413288116455,27.513843059539795,1788009127419014,1788009127791431168,419667,419668,1788009127787698176,1788009127796032000,0.4479315672026091,8.333683013916016,3.732919692993164,1367.9336643723536,577.8487091534676,1,709.9510080819334,590.6001265149147,1
824,827,27.566666666666666,27.647562980651855,27.5472731590271,1788009127452444,1788009127824862208,419671,419672,1788009127821031680,1788009127829364224,0.45971387696709587,8.33272933959961,3.8306713104248047,1365.625743117963,579.5146157674569,1,711.2215288197908,591.3201332427441,1
825,828,27.6,27.680999994277954,27.5807101726532,1788009127485881,1788009127858300416,419675,419676,1788009127854363648,1788009127862696704,0.4724328345397843,8.332967758178711,3.936767578125,1364.266942678226,580.5538207277101,1,712.2451790404372,591.7807123503744,1
826,829,27.633333333333333,27.71443796157837,27.614148139953613,1788009127519319,1788009127891739648,419679,419680,1788009127887696128,1788009127896028672,0.4852646638054363,8.33272933959961,4.0435791015625,1362.8531878658978,581.8506322884105,1,714.0730707858024,592.3627940926049,1
827,830,27.666666666666668,27.747867822647095,27.64757800102234,1788009127552749,1788009127925170688,419683,419684,1788009127921028096,1788009127929361152,0.49712454579268117,8.332967758178711,4.142522811889648,1361.7567477821008,583.4232641822975,1,714.9065646277943,591.7031095541254,1
828,831,27.7,27.7812979221344,27.681008100509644,1788009127586179,1788009127958601984,419687,419688,1788009127954360576,1788009127962694144,0.5089546260799909,8.333683013916016,4.092216491699219,1361.5830262286581,584.0259444210815,1,715.5646855586194,591.3021412217331,1
829,832,27.733333333333334,27.814732789993286,27.71444296836853,1788009127619614,1788009127992037888,419691,419692,1788009127987693824,1788009127996026624,0.5213447782546495,8.33272933959961,3.988504409790039,1361.3970475878357,584.1899874359182,1,716.2518060899624,591.1142862650798,1
830,833,27.766666666666666,27.848161935806274,27.74787211418152,1788009127653043,1788009128025468416,419695,419696,1788009128021025792,1788009128029358592,0.5331330472103004,8.33272933959961,3.8902759552001953,1360.8618154357694,584.2174517085666,1,716.5210072169164,591.1412957303403,1
831,834,27.8,27.881598949432373,27.781309127807617,1788009127686480,1788009128058906624,419699,419700,1788009128054358272,1788009128062691840,0.5457744464152887,8.333683013916016,3.785371780395508,1360.5556348545413,585.7462681542486,1,716.5368919822506,591.1529542712424,1
832,835,27.833333333333332,27.915030002593994,27.81474018096924,1788009127719911,1788009128092338688,419703,419704,1788009128087691264,1788009128096024320,0.557695058796601,8.332967758178711,3.6857128143310547,1359.8543765664429,587.1329358283332,1,716.9556501060438,591.8637889597203,1
833,836,27.866666666666667,27.948467016220093,27.848177194595337,1788009127753348,1788009128125776640,419707,419708,1788009128121023744,1788009128129356288,0.570414878397711,8.33272933959961,3.5796165466308594,1358.7325459339545,587.4919491632675,1,717.7599358222432,592.0631754824225,1
834,837,27.9,27.98189687728882,27.881607055664062,1788009127786778,1788009128159207680,419711,419712,1788009128154355968,1788009128162689792,0.5821651313154431,8.333683013916016,3.4821033477783203,1357.8398982379083,587.9479270467273,1,719.0371590395671,592.5957575919065,1
835,838,27.933333333333334,28.015333890914917,27.91504406929016,1788009127820215,1788009128192645888,419715,419716,1788009128187688960,1788009128196022016,0.5948327658722211,8.332967758178711,3.3762454986572266,1357.0295679949863,589.3998831751724,1,720.1204120038724,593.0610282428361,1
836,839,27.966666666666665,28.048770904541016,27.94848108291626,1788009127853652,1788009128226084096,419719,419720,1788009128221021440,1788009128229354240,0.6075536480686695,8.33272933959961,3.2701492309570312,1357.0203330900385,590.9205837103378,1,720.9938015956097,593.4464171224865,1
837,840,28.0,28.082199811935425,27.98190999031067,1788009127887081,1788009128259514112,419723,419724,1788009128254353408,1788009128262687488,0.6192247174939207,8.333921432495117,3.173351287841797,1356.4806969582824,591.3223074909627,1,721.368198300089,594.4606780935991,1
838,841,28.033333333333335,28.11563801765442,28.015348196029663,1788009127920519,1788009128292953600,419727,419728,1788009128287686912,1788009128296019712,0.6320276959171411,8.332967758178711,3.0663013458251953,1356.7100828841992,592.3191365028744,1,721.5522346144255,594.7831205310333,1
839,842,28.066666666666666,28.149073839187622,28.048784017562866,1788009127953955,1788009128326390528,419731,419732,1788009128321019136,1788009128329352960,0.644532814556274,8.333683013916016,2.962350845336914,1356.487177571085,592.9536380268834,1,721.6993560665292,594.7910896584455,1
840,843,28.1,28.18250298500061,28.082213163375854,1788009127987384,1788009128359820800,419735,419736,1788009128354352384,1788009128362685184,0.6562517882689557,8.33272933959961,2.864360809326172,1356.6676927259355,593.360978308468,1,721.6980116390266,595.2452214041159,1
841,844,28.133333333333333,28.215940952301025,28.11565113067627,1788009128020822,1788009128393260032,419739,419740,1788009128387684608,1788009128396017408,0.6690987124463519,8.33272933959961,2.7573108673095703,1356.9920010020478,593.8514629118021,1,721.165584993199,594.6814163734916,1
842,845,28.166666666666668,28.249369859695435,28.14908003807068,1788009128054251,1788009128426689536,419743,419744,1788009128421016832,1788009128429350656,0.680694627224352,8.333683013916016,2.660989761352539,1356.8951553606921,594.4534828615258,1,720.7472040223929,593.8645319927374,1
843,846,28.2,28.28280782699585,28.182518005371094,1788009128087689,1788009128460128256,419747,419748,1788009128454350080,1788009128462682880,0.6934279419759092,8.332967758178711,2.554655075073242,1356.582188532309,593.8067053749149,1,720.2617832515402,592.920060073788,1
844,847,28.233333333333334,28.316237926483154,28.2159481048584,1788009128121119,1788009128493559040,419751,419752,1788009128487682304,1788009128496015104,0.7052646638054363,8.33272933959961,2.4559497833251953,1356.8165161398656,593.6736508749477,1,719.8555668455416,592.7927935533595,1
845,848,28.266666666666666,28.349673986434937,28.24938416481018,1788009128154555,1788009128526996480,419755,419756,1788009128521014784,1788009128529348352,0.7177719288207358,8.333683013916016,2.351999282836914,1357.1461112343136,593.6385335680844,1,719.5439291072406,593.0383813253161,1
846,849,28.3,28.38310480117798,28.282814979553223,1788009128187986,1788009128560428032,419759,419760,1788009128554347776,1788009128562680832,0.7296786930273812,8.332967758178711,2.2525787353515625,1357.2243177107312,593.7704946181648,1,719.5595233039953,594.0778722207102,1
847,850,28.333333333333332,28.416541814804077,28.31625199317932,1788009128221423,1788009128593866240,419763,419764,1788009128587680000,1788009128596012800,0.7424034334763948,8.33272933959961,2.146482467651367,1357.3268429286911,593.366950693776,1,719.7019698584179,594.9923849625224,1
848,851,28.366666666666667,28.449971914291382,28.349682092666626,1788009128254853,1788009128627297280,419767,419768,1788009128621012224,1788009128629346048,0.7541696466885996,8.333921432495117,2.0487308502197266,1356.977943555843,593.8787015524782,1,719.4987117161062,594.9455404964261,1
849,852,28.4,28.483399868011475,28.38311004638672,1788009128288281,1788009128660726528,419771,419772,1788009128654345472,1788009128662678272,0.7657796852646638,8.33272933959961,1.9516944885253906,1357.0280513076698,593.9990716015988,1,719.2740761875092,594.2479976967408,1
850,853,28.433333333333334,28.516835927963257,28.4165461063385,1788009128321717,1788009128694163968,419775,419776,1788009128687677952,1788009128696011520,0.7783086342049551,8.333683013916016,1.8475055694580078,1357.0525228381557,594.6699025083141,1,719.1892457537516,594.4000445885749,1
851,854,28.466666666666665,28.550266981124878,28.449977159500122,1788009128355148,1788009128727596288,419779,419780,1788009128721010944,1788009128729344000,0.7902778175159509,8.332967758178711,1.7476081848144531,1357.0654045613094,593.3740946644247,1,718.9655559720392,594.4690307076157,1
852,855,28.5,28.58369779586792,28.483407974243164,1788009128388579,1788009128761028096,419783,419784,1788009128754343168,1788009128762675968,0.8022317596566524,8.33272933959961,1.64794921875,1357.143384658591,593.5871877525806,1,718.8858217324424,594.1856850415625,1
853,856,28.533333333333335,28.617132902145386,28.51684308052063,1788009128422014,1788009128794464256,419787,419788,1788009128787675648,1788009128796009216,0.8146134920180809,8.333683013916016,1.544952392578125,1357.35569095461,594.261857023041,1,718.5760540844599,593.7875127439677,1
854,857,28.566666666666666,28.650563955307007,28.55027413368225,1788009128455445,1788009128827896320,419791,419792,1788009128821008640,1788009128829341696,0.8265571800520729,8.332967758178711,1.4452934265136719,1357.3535852373202,594.2752882029657,1,718.2285383029207,593.1550364474706,1
855,858,28.6,28.68400001525879,28.583710193634033,1788009128488881,1788009128861333248,419795,419796,1788009128854341120,1788009128862672896,0.8392376809935329,8.331775665283203,1.3394355773925781,1357.1555793503337,594.2908422798218,1,718.0367693894825,593.1585392376504,1
856,859,28.633333333333333,28.717437982559204,28.61714816093445,1788009128522319,1788009128894772480,419799,419800,1788009128887672064,1788009128896006144,0.8519811185810328,8.333921432495117,1.2335777282714844,1357.2852339711617,594.1520112267399,1,718.052269108924,594.5598383678586,1
857,860,28.666666666666668,28.750874996185303,28.650585174560547,1788009128555756,1788009128928210944,419803,419804,1788009128921005568,1788009128929338112,0.8647210300429184,8.33272933959961,1.1272430419921875,1357.4968698605803,593.7643779610921,1,717.395830281372,594.5602274669715,1
858,861,28.7,28.784302949905396,28.68401312828064,1788009128589184,1788009128961640192,419807,419808,1788009128954337792,1788009128962671616,0.8762373405046633,8.333683013916016,1.0313987731933594,1358.138030118213,592.8176303754974,1,715.7683076586701,593.8092316673137,1
859,862,28.733333333333334,28.817739963531494,28.71745014190674,1788009128622621,1788009128995078400,419811,419812,1788009128987670784,1788009128996003840,0.8889302165889388,8.332967758178711,0.9255409240722656,1359.398105207448,591.5010265838911,1,713.7719505999476,593.1243644072541,1
860,863,28.766666666666666,28.851171016693115,28.75088119506836,1788009128656052,1788009129028510208,419815,419816,1788009129021003264,1788009129029336064,0.9009155937052933,8.33272933959961,0.8256435394287109,1360.8208695438702,590.1915253436983,1,711.5037210283575,592.3908485859007,1
861,864,28.8,28.88460898399353,28.784319162368774,1788009128689490,1788009129061949440,419819,419820,1788009129054335232,1788009129062669312,0.9136318123301388,8.333921432495117,0.7197856903076172,1361.8817799175981,588.7754532919122,1,709.771664356726,592.2702198842276,1
862,865,28.833333333333332,28.91803789138794,28.817748069763184,1788009128722919,1788009129095379712,419823,419824,1788009129087668736,1788009129096001536,0.9253526365483105,8.332967758178711,0.6220340728759766,1363.104193974816,587.1735449201683,1,707.9826256340987,591.8549246452064,1
863,866,28.866666666666667,28.951464891433716,28.85117506980896,1788009128756346,1788009129128807424,419827,419828,1788009129121000960,1788009129129333760,0.9368526466380543,8.33272933959961,0.5261898040771484,1364.503899168709,585.5197612123609,1,706.9956743108208,591.4377792736443,1
864,867,28.9,28.984905004501343,28.884615182876587,1788009128789786,1788009129162248960,419831,419832,1788009129154333184,1788009129162667008,0.9498211986840223,8.333921432495117,0.4181861877441406,1366.4124933498817,583.5327212523772,1,705.7219352044045,591.0349861618256,1
865,868,28.933333333333334,29.018332958221436,28.91804313659668,1788009128823214,1788009129195677952,419835,419836,1788009129187666432,1788009129195999232,0.9614592274678112,8.33272933959961,0.3211498260498047,1367.4260781374924,582.0639516782556,1,704.3772758626466,591.0297250574516,1
866,869,28.966666666666665,29.05176281929016,28.951472997665405,1788009128856644,1788009129229108992,419839,419840,1788009129220998656,1788009129229331456,0.973304721030043,8.33272933959961,0.2224445343017578,1368.6111851569128,580.638085853811,1,702.9182870810714,591.0171986063187,1
867,870,29.0,29.08519196510315,28.984902143478394,1788009128890073,1788009129262539264,419843,419844,1788009129254330880,1788009129262664704,0.984952081247318,8.333921432495117,0.12540817260742188,1369.2111195374619,579.5863994270939,1,701.2188244585839,590.7491708758255,1
868,871,29.033333333333335,29.11862087249756,29.018331050872803,1788009128923502,1788009129295969536,419847,419848,1788009129287664128,1788009129295996928,0.9967095851216022,8.33272933959961,0.027418136596679688,1370.7202752937137,578.2523881229898,1,698.9710329608206,590.7454296554832,1
869,872,29.066666666666666,29.15205192565918,29.051762104034424,1788009128956933,1788009129329401856,419852,419853,1788009129329330176,1788009129337662976,0.008583690987124463,8.33272933959961,0.07152557373046875,1373.590950468051,576.2744388533647,1,697.047059005004,590.9989445092564,1
870,873,29.1,29.18548083305359,29.085191011428833,1788009128990362,1788009129362831872,419856,419857,1788009129362662656,1788009129370995200,0.020314735336194562,8.33272933959961,0.16927719116210938,1374.1737606939741,576.6884628733142,1,694.8426406180371,591.1940957495756,1
871,874,29.133333333333333,29.218912839889526,29.11862301826477,1788009129023794,1788009129396265216,419860,419861,1788009129395994624,1788009129404328704,0.0324703189815477,8.333921432495117,0.27060508728027344,1375.1130483745037,576.527463319179,1,692.6828154766425,591.5283968874422,1
872,875,29.166666666666668,29.25234079360962,29.152050971984863,1788009129057222,1788009129429694464,419864,419865,1788009129429327872,1788009129437660672,0.04397711015736767,8.33272933959961,0.36644935607910156,1376.1460809318514,576.9492720625661,1,691.0681030654299,591.9976236224898,1
873,876,29.2,29.285770893096924,29.185481071472168,1788009129090652,1788009129463125504,419868,419869,1788009129462660096,1788009129470993152,0.05584961803667993,8.332967758178711,0.46539306640625,1376.9816217591654,576.9948597544405,1,690.0390998262336,592.3659051034889,1
874,877,29.233333333333334,29.319199800491333,29.218909978866577,1788009129124081,1788009129496555264,419872,419873,1788009129495992320,1788009129504326400,0.06754398512373051,8.333921432495117,0.5629062652587891,1377.9789534929973,576.6814565795967,1,689.4164398543588,592.5710598249325,1
875,878,29.266666666666666,29.35263681411743,29.252346992492676,1788009129157518,1788009129529993472,419876,419877,1788009129529325824,1788009129537658368,0.08014306151645208,8.33272933959961,0.6678104400634766,1379.253188536787,576.444533834174,1,689.2540936714495,592.7721405316378,1
876,879,29.3,29.38606595993042,29.285776138305664,1788009129190947,1788009129563423744,419880,419881,1788009129562657792,1788009129570990848,0.09190008869560241,8.332967758178711,0.7658004760742188,1379.6329476635551,576.2873663740395,1,689.1401612591426,592.9488703111659,1
877,880,29.333333333333332,29.419495820999146,29.31920599937439,1788009129224377,1788009129596854272,419884,419885,1788009129595990272,1788009129604323840,0.10367912113062883,8.333683013916016,0.8640289306640625,1379.7911871088231,576.2627988195342,1,689.1362964054046,592.8778232932536,1
878,881,29.366666666666667,29.45293378829956,29.352643966674805,1788009129257815,1788009129630293248,419888,419889,1788009129629323520,1788009129637656320,0.11636623748211732,8.33272933959961,0.9696483612060547,1379.6736637304732,576.7252727213138,1,689.5695201635945,592.7824979935252,1
879,882,29.4,29.486363887786865,29.38607406616211,1788009129291245,1788009129663724032,419892,419893,1788009129662655488,1788009129670988544,0.12820806271637436,8.332967758178711,1.0683536529541016,1379.1155890081018,577.1215882522567,1,690.3194659968796,592.1329537939952,1
880,883,29.433333333333334,29.51979899406433,29.419509172439575,1788009129324680,1788009129697160192,419896,419897,1788009129695987968,1788009129704321536,0.140670595639984,8.333683013916016,1.1723041534423828,1378.9219251071231,577.296072591954,1,692.229808018247,591.0463150122764,1
881,884,29.466666666666665,29.553228855133057,29.4529390335083,1788009129358110,1788009129730591232,419900,419901,1788009129729320960,1788009129737654016,0.15244199021487226,8.332967758178711,1.270294189453125,1377.9947767082333,577.1270779405828,1,694.9398788773524,589.7335155333714,1
882,885,29.5,29.58666682243347,29.486377000808716,1788009129391548,1788009129764030464,419904,419905,1788009129762653440,1788009129770987264,0.16524102417393793,8.333921432495117,1.377105712890625,1374.9240007278788,576.1695348557863,1,698.0083677452506,588.6516736468835,1
883,886,29.533333333333335,29.62009596824646,29.519806146621704,1788009129424977,1788009129797460480,419908,419909,1788009129795986688,1788009129804319488,0.17688125894134477,8.33272933959961,1.4739036560058594,1372.0122538352045,575.0417512334217,1,700.7374524297569,587.8188475110402,1
884,887,29.566666666666666,29.65353298187256,29.553243160247803,1788009129458414,1788009129830898688,419912,419913,1788009129829318656,1788009129837651712,0.18960830877514234,8.332967758178711,1.5799999237060547,1368.9203257559307,574.0046699449722,1,703.2402604864467,586.9773177260256,1
885,888,29.6,29.686962842941284,29.58667302131653,1788009129491844,1788009129864329472,419916,419917,1788009129862650112,1788009129870983936,0.20152200034330836,8.333683013916016,1.6794204711914062,1365.791704228519,573.482710199106,1,704.8885049574646,585.7091356080925,1
886,889,29.633333333333333,29.720393896102905,29.62010407447815,1788009129525275,1788009129897761792,419920,419921,1788009129895983104,1788009129904316160,0.2134416754885411,8.332967758178711,1.7786026000976562,1363.8777832982328,573.4219195624121,1,705.5421342033571,585.369641036529,1
887,890,29.666666666666668,29.753822803497314,29.65353298187256,1788009129558704,1788009129931191808,419924,419925,1788009129929315584,1788009129937648384,0.2251788268955651,8.33272933959961,1.8763542175292969,1360.5366911536444,573.1696766926152,1,705.931018111966,584.5052307932433,1
888,891,29.7,29.787259817123413,29.686969995498657,1788009129592141,1788009129964630016,419928,419929,1788009129962648832,1788009129970981632,0.23776824034334765,8.33272933959961,1.9812583923339844,1358.3698688193895,573.4615074911165,1,707.0999768279228,583.5422597753435,1
889,892,29.733333333333334,29.820683002471924,29.720393180847168,1788009129625564,1788009129998054400,419932,419933,1788009129995981056,1788009130004313856,0.24883408200051502,8.332967758178711,2.073526382446289,1356.910099973732,574.1938133429832,1,708.5533850658809,583.2629943156769,1
890,893,29.766666666666666,29.854120016098022,29.753830194473267,1788009129659001,1788009130031492608,419936,419937,1788009130029313280,1788009130037647104,0.26151513417634603,8.333683013916016,2.179384231567383,1354.7330608215443,575.0262183759403,1,710.0299162221597,583.3762621630602,1
891,894,29.8,29.887550830841064,29.78726100921631,1788009129692432,1788009130064924672,419940,419941,1788009130062646528,1788009130070979328,0.2733905579399142,8.33272933959961,2.2780895233154297,1354.4150159245373,573.8188927130703,1,711.8922665784778,583.4557082310054,1
892,895,29.833333333333332,29.920979022979736,29.82068920135498,1788009129725860,1788009130098354176,419944,419945,1788009130095978752,1788009130104311808,0.2850562215673371,8.332967758178711,2.375364303588867,1353.5817226616055,574.4000379202114,1,713.2269629275504,583.6096764052588,1
893,896,29.866666666666667,29.95440697669983,29.854117155075073,1788009129759288,1788009130131782912,419948,419949,1788009130129310976,1788009130137644800,0.29661841277107054,8.333683013916016,2.471923828125,1352.0363012761998,575.814272987143,1,714.1979290410708,583.8657928426846,1
894,897,29.9,29.987836837768555,29.8875470161438,1788009129792718,1788009130165213696,419952,419953,1788009130162644480,1788009130170977024,0.30835479256080117,8.33272933959961,2.569437026977539,1349.757281142712,576.3911641487098,1,714.9624897058015,584.4408370985614,1
895,898,29.933333333333334,30.02126693725586,29.920977115631104,1788009129826148,1788009130198644992,419956,419957,1788009130195976448,1788009130204309248,0.3202575107296137,8.33272933959961,2.668619155883789,1348.1702436776238,577.6277526987428,1,716.4237813245815,585.1350987799167,1
896,899,29.966666666666665,30.05469584465027,29.954406023025513,1788009129859577,1788009130232075264,419960,419961,1788009130229308928,1788009130237642496,0.3319505635978715,8.333683013916016,2.7663707733154297,1346.405960903158,578.6147387906767,1,717.8378826850269,585.3934494438915,1
897,900,30.0,30.088133811950684,29.987843990325928,1788009129893015,1788009130265514496,419964,419965,1788009130262641920,1788009130270974976,0.34471116706245886,8.332967758178711,2.872467041015625,1344.732165295109,578.8826202123635,1,719.3279999563724,585.4260016145474,1
898,901,30.033333333333335,30.12156391143799,30.021274089813232,1788009129926445,1788009130298945792,419968,419969,1788009130295974144,1788009130304306944,0.3565951359084406,8.33272933959961,2.9714107513427734,1342.4583686705441,579.2645820746612,1,721.1937085913445,585.9550532859905,1
899,902,30.066666666666666,30.154992818832397,30.05470299720764,1788009129959874,1788009130332375808,419972,419973,1788009130329306368,1788009130337640192,0.3683021027034759,8.333921432495117,3.0694007873535156,1342.4095287948483,578.0022979178909,1,722.8637431134619,586.534763125158,1
900,903,30.1,30.188430786132812,30.088140964508057,1788009129993312,1788009130365815040,419976,419977,1788009130362639616,1788009130370972672,0.38104775256788076,8.332967758178711,3.1752586364746094,1343.2035951924806,579.2041062528164,1,724.4340737254283,587.139642625583,1
901,904,30.133333333333333,30.221858978271484,30.12156915664673,1788009130026740,1788009130399244288,419980,419981,1788009130395972096,1788009130404305664,0.3926589231561481,8.333683013916016,3.2722949981689453,1343.645476649885,580.8028027590873,1,725.6696764650194,588.0647442043457,1
902,905,30.166666666666668,30.255287885665894,30.154998064041138,1788009130060169,1788009130432674304,419984,419985,1788009130429305344,1788009130437638144,0.40432045779685266,8.33272933959961,3.3690929412841797,1343.1307682511654,581.9566865774799,1,726.6736695647344,589.6950446415848,1
903,906,30.2,30.288718938827515,30.18842911720276,1788009130093600,1788009130466106624,419988,419989,1788009130462637312,1788009130470970112,0.4163376251788269,8.33272933959961,3.469228744506836,1342.9544095032102,583.5126765731037,1,727.9475600249543,590.9799854372715,1
904,907,30.233333333333334,30.322155952453613,30.221866130828857,1788009130127037,1788009130499544832,419992,419993,1788009130495969792,1788009130504303360,0.4289923899982835,8.333683013916016,3.5750865936279297,1343.3131702782212,584.8119825197749,1,729.5258618693663,592.3969863656175,1
905,908,30.266666666666666,30.35558581352234,30.255295991897583,1788009130160467,1788009130532975616,419996,419997,1788009130529302784,1788009130537635840,0.4407599210323024,8.332967758178711,3.6728382110595703,1343.478019107616,585.0348532559104,1,730.194143244516,593.6076220976196,1
906,909,30.3,30.389014959335327,30.28872513771057,1788009130193896,1788009130566405888,420000,420001,1788009130562635264,1788009130570967808,0.4525035765379113,8.33272933959961,3.770589828491211,1343.8077156763927,585.4276300866921,1,731.194803999721,594.3170367807785,1
907,910,30.333333333333332,30.422444820404053,30.322154998779297,1788009130227326,1788009130599836416,420004,420005,1788009130595967488,1788009130604301312,0.46423871373805575,8.333683013916016,3.8688182830810547,1344.863891308909,586.513675496951,1,732.0536808768679,595.1904049991432,1
908,911,30.366666666666667,30.455874919891357,30.3555850982666,1788009130260756,1788009130633267456,420008,420009,1788009130629300480,1788009130637633536,0.4760378816056765,8.332967758178711,3.966808319091797,1345.0996039509341,588.1232523853386,1,732.9353367019409,595.2092561150477,1
909,912,30.4,30.489311933517456,30.3890221118927,1788009130294193,1788009130666705408,420012,420013,1788009130662632960,1788009130670965760,0.48872675250357656,8.33272933959961,4.072427749633789,1345.0899618140895,589.9568340504709,1,733.7214115320581,595.3646738427287,1
910,913,30.433333333333334,30.52273988723755,30.422450065612793,1788009130327621,1788009130700134400,420016,420017,1788009130695964928,1788009130704299008,0.5002717780002861,8.333921432495117,4.164695739746094,1343.665669115589,591.5197741560612,1,735.0030275550791,596.2478350503674,1
911,914,30.466666666666665,30.556169986724854,30.455880165100098,1788009130361051,1788009130733565440,420020,420021,1788009130729298432,1788009130737631232,0.5120597407799491,8.332967758178711,4.065990447998047,1342.145389450192,593.0613425485222,1,736.8332741871219,597.0816445374318,1
912,915,30.5,30.58960795402527,30.489318132400513,1788009130394489,1788009130767004416,420024,420025,1788009130762630656,1788009130770963456,0.524892703862661,8.33272933959961,3.9589405059814453,1340.808328293604,595.1066308766624,1,738.8212862763804,597.6717729056736,1
913,916,30.533333333333335,30.623037815093994,30.52274799346924,1788009130427919,1788009130800435456,420028,420029,1788009130795963648,1788009130804296704,0.5366370060942462,8.332967758178711,3.8611888885498047,1339.6336314104838,596.8577146820966,1,740.3869340540241,598.5446496098946,1
914,917,30.566666666666666,30.6564679145813,30.556178092956543,1788009130461349,1788009130833866752,420032,420033,1788009130829296128,1788009130837628928,0.5485264663805436,8.33272933959961,3.7620067596435547,1339.047814618083,598.32814516679,1,741.614399580546,599.4571839650562,1
915,918,30.6,30.68990397453308,30.589614152908325,1788009130494785,1788009130867304192,420036,420037,1788009130862627328,1788009130870961152,0.5611786582749249,8.333921432495117,3.657102584838867,1338.5012812882164,599.8728950464595,1,742.0375223461756,600.9000015658312,1
916,919,30.633333333333333,30.723333835601807,30.62304401397705,1788009130528215,1788009130900735232,420040,420041,1788009130895960576,1788009130904293376,0.5729899856938484,8.33272933959961,3.5581588745117188,1338.234260311499,601.5053861795474,1,741.7666620900009,601.9141234501708,1
917,920,30.666666666666668,30.756762981414795,30.65647315979004,1788009130561644,1788009130934165504,420044,420045,1788009130929292800,1788009130937625600,0.5847496423462089,8.33272933959961,3.4601688385009766,1338.0500519527927,602.5559457116236,1,741.7218459880711,602.0563657601849,1
918,921,30.7,30.79020094871521,30.689911127090454,1788009130595082,1788009130967604736,420048,420049,1788009130962625024,1788009130970958848,0.5975110856815906,8.333921432495117,3.354310989379883,1338.273969941203,603.2938918666724,1,740.7111269648575,602.6168987112617,1
919,922,30.733333333333334,30.823628902435303,30.723339080810547,1788009130628510,1788009131001033472,420052,420053,1788009130995958272,1788009131004291072,0.6090701001430615,8.33272933959961,3.2575130462646484,1338.7243450337737,603.9537945227918,1,739.832511187088,602.7404298054627,1
920,923,30.766666666666666,30.857059001922607,30.75676918029785,1788009130661940,1788009131034464768,420056,420057,1788009131029290752,1788009131037624320,0.6208731475653716,8.333683013916016,3.1595230102539062,1338.6994013432109,604.168312997386,1,739.0651577602762,602.442147717742,1
921,924,30.8,30.890488862991333,30.790199041366577,1788009130695370,1788009131067895552,420060,420061,1788009131062623744,1788009131070956800,0.6326571485794398,8.332967758178711,3.061056137084961,1339.38220024802,605.403795000645,1,738.618489554969,602.6100308042736,1
922,925,30.833333333333332,30.923926830291748,30.823637008666992,1788009130728808,1788009131101334784,420064,420065,1788009131095955968,1788009131104288768,0.6454935622317597,8.33272933959961,2.9540061950683594,1339.6654466935875,607.505492205502,1,738.504248893047,602.8895064198551,1
923,926,30.866666666666667,30.957356929779053,30.857067108154297,1788009130762238,1788009131134766080,420068,420069,1788009131129288192,1788009131137622016,0.6573022457445287,8.333921432495117,2.856016159057617,1340.1340826577464,609.2231164288428,1,738.8876188829674,603.5880868621266,1
924,927,30.9,30.990785837173462,30.890496015548706,1788009130795667,1788009131168196096,420072,420073,1788009131162621440,1788009131170954496,0.6689937340848616,8.332967758178711,2.7582645416259766,1340.8442192418847,611.7577910848265,1,739.9602063559382,604.3290841859152,1
925,928,30.933333333333334,31.024215936660767,30.92392611503601,1788009130829097,1788009131201627392,420076,420077,1788009131195953920,1788009131204286464,0.6808869814020029,8.33272933959961,2.6590824127197266,1341.116819769181,612.4916011174417,1,741.07412288651,605.036452964385,1
926,929,30.966666666666665,31.057645797729492,30.957355976104736,1788009130862527,1788009131235058432,420080,420081,1788009131229285888,1788009131237619968,0.6926619939922758,8.333921432495117,2.561330795288086,1342.244214662667,612.5626072417571,1,741.5774849212825,605.4535522740355,1
927,930,31.0,31.09107494354248,30.990785121917725,1788009130895956,1788009131268488704,420084,420085,1788009131262619136,1788009131270951936,0.7043776824034335,8.33272933959961,2.4633407592773438,1343.5711588005017,611.0291595732649,1,740.1788787014365,604.1401920816678,1
928,931,31.033333333333335,31.12450385093689,31.024214029312134,1788009130929385,1788009131301918720,420088,420089,1788009131295951616,1788009131304284416,0.7161087267525036,8.33272933959961,2.365589141845703,1345.2597367027506,608.9059946285405,1,738.3802760804806,602.4180090569942,1
929,932,31.066666666666666,31.157933950424194,31.05764412879944,1788009130962815,1788009131335350272,420092,420093,1788009131329283840,1788009131337617664,0.7279359176083536,8.333921432495117,2.2673606872558594,1347.521793547151,606.2178940510731,1,736.4409131209335,600.4446191123604,1
930,933,31.1,31.191361904144287,31.09107208251953,1788009130996243,1788009131368779520,420096,420097,1788009131362617088,1788009131370949632,0.7395422031473534,8.33272933959961,2.1703243255615234,1350.2987185755655,602.9883667652299,1,734.8458993646175,598.2221795567718,1
931,934,31.133333333333333,31.224782943725586,31.12449312210083,1788009131029664,1788009131402201344,420100,420101,1788009131395949312,1788009131404282112,0.7503004291845493,8.33272933959961,2.080678939819336,1353.7638949401723,598.9453363706438,1,733.2242334635266,596.6233443095626,1
932,935,31.166666666666668,31.258221864700317,31.15793204307556,1788009131063103,1788009131435641600,420104,420105,1788009131429282304,1788009131437615360,0.7631255185831592,8.332967758178711,1.973867416381836,1356.8710150991133,594.1857907806261,1,730.9728401605039,594.6831424115661,1
933,936,31.2,31.29165291786194,31.191363096237183,1788009131096534,1788009131469073664,420108,420109,1788009131462614784,1788009131470947584,0.7751359084406295,8.33272933959961,1.8737316131591797,1360.4923741863572,588.6275060006013,1,727.2462297937291,592.0771100497016,1
934,937,31.233333333333334,31.325081825256348,31.224792003631592,1788009131129963,1788009131502503936,420112,420113,1788009131495947008,1788009131504280832,0.7867830067229294,8.333921432495117,1.7769336700439453,1364.5806876670333,582.0946688322822,1,722.3486170226755,589.3107423454186,1
935,938,31.266666666666666,31.358511924743652,31.258222103118896,1788009131163393,1788009131535935232,420116,420117,1788009131529280256,1788009131537612800,0.7986552217453505,8.33272933959961,1.6777515411376953,1367.555925644709,575.4056709569127,1,716.0906033397412,585.8315117442735,1
936,939,31.3,31.39194893836975,31.291659116744995,1788009131196830,1788009131569373440,420120,420121,1788009131562612480,1788009131570945280,0.8113590844062947,8.33272933959961,1.5718936920166016,1371.7508157413554,570.9520549342463,1,709.722452236246,582.2355619551439,1
937,940,31.333333333333332,31.42537784576416,31.325088024139404,1788009131230259,1788009131602802944,420124,420125,1788009131595944704,1788009131604278528,0.8229437848662566,8.333921432495117,1.4755725860595703,1374.8103960703986,567.5775033942234,1,703.4091491108301,579.5784883108411,1
938,941,31.366666666666667,31.45880889892578,31.358519077301025,1788009131263690,1788009131636234752,420128,420129,1788009131629277952,1788009131637610752,0.8348783977110157,8.33272933959961,1.3759136199951172,1376.6920245178014,564.4186011685713,1,698.3712447638494,578.0120709616209,1
939,942,31.4,31.49223780632019,31.391947984695435,1788009131297119,1788009131669664256,420132,420133,1788009131662610176,1788009131670942976,0.8465522174535051,8.33272933959961,1.2786388397216797,1377.7811103087242,562.1387066806401,1,695.193426158439,576.2797366270464,1
940,943,31.433333333333334,31.525659799575806,31.42536997795105,1788009131330541,1788009131703087616,420136,420137,1788009131695942400,1788009131704276224,0.8573594621656415,8.333921432495117,1.1887550354003906,1378.0905191992683,560.3196731395353,1,693.2043801541812,574.5644748785026,1
941,944,31.466666666666665,31.55908989906311,31.458800077438354,1788009131363971,1788009131736518912,420140,420141,1788009131729275648,1788009131737608448,0.869241773962804,8.33272933959961,1.0895729064941406,1378.9430944978421,559.0371109086933,1,692.5277098762244,573.4118889546944,1
942,945,31.5,31.592517852783203,31.492228031158447,1788009131397399,1788009131769947904,420144,420145,1788009131762607872,1788009131770940672,0.8808617779176562,8.332967758178711,0.9927749633789062,1379.443024101268,559.0563723593052,1,693.0198271652222,573.2196605964193,1
943,946,31.533333333333335,31.625947952270508,31.525658130645752,1788009131430829,1788009131803379200,420148,420149,1788009131795940096,1788009131804274176,0.8926333857817194,8.333921432495117,0.8947849273681641,1380.494688091882,557.7616278257746,1,695.1907619288489,574.4978594289182,1
944,947,31.566666666666666,31.659377813339233,31.559087991714478,1788009131464259,1788009131836809984,420152,420153,1788009131829273344,1788009131837606144,0.9044635193133047,8.33272933959961,0.7960796356201172,1381.6654851591202,556.4079175488126,1,696.1650236701357,575.317303099502,1
945,948,31.6,31.692808866500854,31.5925190448761,1788009131497690,1788009131870242048,420156,420157,1788009131862604544,1788009131870938624,0.9164354169646689,8.333921432495117,0.6964206695556641,1381.5797499313148,558.0332149319116,1,696.2875362529958,574.9617729895191,1
946,949,31.633333333333333,31.726229906082153,31.625940084457397,1788009131531111,1788009131903664384,420160,420161,1788009131895937792,1788009131904270592,0.9272389127324749,8.33272933959961,0.6062984466552734,1381.9933207332233,559.4808772177578,1,697.2987783265794,575.4855827782408,1
947,950,31.666666666666668,31.759660005569458,31.659370183944702,1788009131564541,1788009131937095936,420164,420165,1788009131929270016,1788009131937603072,0.9391433721495809,8.332967758178711,0.5071163177490234,1382.8115244165979,559.0796984257278,1,698.156555275302,575.1723990864181,1
948,951,31.7,31.793081998825073,31.692792177200317,1788009131597963,1788009131970519040,420168,420169,1788009131962602496,1788009131970936320,0.949935631526248,8.333921432495117,0.4172325134277344,1384.0199476041062,559.369954464642,1,699.5606324607099,575.8240332683379,1
949,952,31.733333333333334,31.82650399208069,31.726214170455933,1788009131631385,1788009132003941888,420172,420173,1788009131995935744,1788009132004268288,0.960829756795422,8.33272933959961,0.32639503479003906,1383.9951847477728,559.2503551685492,1,700.4149285931768,575.7261218841845,1
950,953,31.766666666666666,31.859935998916626,31.75964617729187,1788009131664817,1788009132037375232,420176,420177,1788009132029267712,1788009132037600768,0.9729335355211582,8.332967758178711,0.22554397583007812,1384.2448261292004,557.9517372041865,1,700.9621961358525,576.2371559305185,1
951,954,31.8,31.893362998962402,31.793073177337646,1788009131698244,1788009132070803456,420180,420181,1788009132062601216,1788009132070933760,0.984349070100143,8.33272933959961,0.1304149627685547,1383.4856920085394,559.831339007816,1,701.3680666108489,576.6840547811681,1
952,955,31.833333333333332,31.926783800125122,31.826493978500366,1788009131731665,1788009132104225280,420184,420185,1788009132095933440,1788009132104266240,0.9951072961373391,8.33272933959961,0.04076957702636719,1383.0856730573366,562.1411819595933,1,701.4593995125475,576.7157603781021,1
953,956,31.866666666666667,31.960214853286743,31.859925031661987,1788009131765096,1788009132137657600,420189,420190,1788009132137599488,1788009132145932288,0.006981402002861231,8.33272933959961,0.05817413330078125,1382.4577216854682,564.5395241904049,1,701.6524026809724,576.3844770085835,1
954,957,31.9,31.993645906448364,31.89335608482361,1788009131798527,1788009132171089920,420193,420194,1788009132170931456,1788009132179264512,0.018998025807559153,8.332967758178711,0.1583099365234375,1383.7485202457442,566.1985400886792,1,701.7649643814714,576.6789620556309,1
955,958,31.933333333333334,32.02707481384277,31.926784992218018,1788009131831956,1788009132204519680,420197,420198,1788009132204263936,1788009132212597504,0.03069748812725296,8.333683013916016,0.25582313537597656,1384.7520188033832,568.705077356024,1,701.5561589285429,576.4461865810513,1
956,959,31.966666666666665,32.06050491333008,31.960215091705322,1788009131865386,1788009132237950976,420201,420202,1788009132237597184,1788009132245929984,0.04246065808297568,8.33272933959961,0.35381317138671875,1385.5589794466678,570.169386060084,1,701.6109650222654,576.5816675987774,1
957,960,32.0,32.09392690658569,31.993637084960938,1788009131898808,1788009132271374080,420205,420206,1788009132270929408,1788009132279261952,0.05336194563662375,8.33272933959961,0.44465065002441406,1385.8555025460787,570.0767783750523,1,701.6695024000876,577.162856134243,1
958,961,32.03333333333333,32.1273558139801,32.02706599235535,1788009131932237,1788009132304804352,420209,420210,1788009132304261632,1788009132312595456,0.06511415002574812,8.333683013916016,0.5426406860351562,1385.9700957644595,570.0234843657742,1,701.2575914108451,577.3632379951963,1
959,962,32.06666666666667,32.16077899932861,32.06048917770386,1788009131965660,1788009132338228736,420213,420214,1788009132337594624,1788009132345927680,0.07607793768418643,8.332967758178711,0.6339550018310547,1386.4262377602863,568.0042569498247,1,700.7827814201169,577.3299294103888,1
960,963,32.1,32.194206953048706,32.09391713142395,1788009131999088,1788009132371657728,420217,420218,1788009132370927104,1788009132379259904,0.0876967095851216,8.33272933959961,0.7307529449462891,1384.9387561163026,569.1476301006662,1,700.3898687116883,577.9366490206892,1
961,964,32.13333333333333,32.22762894630432,32.127339124679565,1788009132032510,1788009132405080832,420221,420222,1788009132404259328,1788009132412593152,0.0985581049379184,8.333683013916016,0.8213520050048828,1384.1912882452466,569.0173209373764,1,699.7423779377002,577.8378742651247,1
962,965,32.166666666666664,32.26105880737305,32.16076898574829,1788009132065940,1788009132438511872,420225,420226,1788009132437592576,1788009132445925376,0.1103258848101628,8.332967758178711,0.919342041015625,1383.6756600831077,568.794981046427,1,699.7283344480261,579.1322374968329,1
963,966,32.2,32.29448890686035,32.194199085235596,1788009132099370,1788009132471943168,420229,420230,1788009132470924800,1788009132479258624,0.12218916289981117,8.333683013916016,1.0182857513427734,1383.6212913976929,568.8302749137013,1,699.4118205409648,579.2611776720951,1
964,967,32.233333333333334,32.327919006347656,32.2276291847229,1788009132132800,1788009132505374208,420233,420234,1788009132504258048,1788009132512590848,0.13393419170243204,8.33272933959961,1.116037368774414,1383.7511850798037,568.4452871028782,1,699.5431018556847,579.3892661502275,1
965,968,32.266666666666666,32.3613498210907,32.26105999946594,1788009132166231,1788009132538806272,420237,420238,1788009132537590272,1788009132545923328,0.14591857171468628,8.332967758178711,1.2159347534179688,1385.7996035246783,565.4545966944783,1,699.4467263568035,579.52744066105,1
966,969,32.3,32.39477801322937,32.294488191604614,1788009132199659,1788009132572235520,420241,420242,1788009132570922496,1788009132579256320,0.15754992275562169,8.333683013916016,1.3129711151123047,1385.365205808483,566.5174383359882,1,699.4942534277188,579.7859050891875,1
967,970,32.333333333333336,32.42820692062378,32.32791709899902,1788009132233088,1788009132605665792,420245,420246,1788009132604255744,1788009132612588544,0.1692083202197362,8.332967758178711,1.4100074768066406,1383.6328906628205,569.1265219733878,1,699.531363629048,580.4494016727208,1
968,971,32.36666666666667,32.46163582801819,32.36134600639343,1788009132266517,1788009132639095808,420249,420250,1788009132637587968,1788009132645920768,0.18094420600858369,8.33272933959961,1.5077590942382812,1383.1568770807576,569.709398469897,1,699.4279470172062,580.7298538246603,1
969,972,32.4,32.49506592750549,32.39477610588074,1788009132299947,1788009132672527104,420253,420254,1788009132670920448,1788009132679254016,0.19279624649539395,8.333683013916016,1.6067028045654297,1383.4875462087025,569.6491044034043,1,699.7054102840187,580.8519655117187,1
970,973,32.43333333333333,32.52849578857422,32.42820596694946,1788009132333377,1788009132705957888,420257,420258,1788009132704253440,1788009132712586496,0.20454350376241023,8.332967758178711,1.7044544219970703,1383.2974875746781,569.730341402056,1,699.9595445927977,580.9478769312441,1
971,974,32.46666666666667,32.561927795410156,32.4616379737854,1788009132366809,1788009132739390976,420261,420262,1788009132737585664,1788009132745918464,0.21665236051502146,8.33272933959961,1.8053054809570312,1383.296724741165,569.4581279712293,1,700.0366565825036,581.3224170525718,1
972,975,32.5,32.595356941223145,32.49506711959839,1788009132400238,1788009132772820992,420265,420266,1788009132770917888,1788009132779251712,0.22835073666142183,8.333921432495117,1.9030570983886719,1383.8295577027604,568.8038258442597,1,699.7552616745705,581.3393478408095,1
973,976,32.53333333333333,32.62878489494324,32.52849507331848,1788009132433666,1788009132806249472,420269,420270,1788009132804251136,1788009132812584192,0.23979285285113444,8.332967758178711,1.9981861114501953,1384.2141689661385,568.4628368007844,1,699.3269268295304,580.6033336573388,1
974,977,32.56666666666667,32.662216901779175,32.56192708015442,1788009132467098,1788009132839682048,420273,420274,1788009132837583616,1788009132845916160,0.25184549356223174,8.33272933959961,2.098560333251953,1384.2584471658931,568.0992982599566,1,698.7205022511024,579.960337106689,1
975,978,32.6,32.69565296173096,32.5953631401062,1788009132500534,1788009132873119488,420277,420278,1788009132870915584,1788009132879248640,0.26448456410403137,8.332967758178711,2.2039413452148438,1384.1113167360377,567.766963380987,1,698.0067822455203,579.4837483302548,1
976,979,32.63333333333333,32.729081869125366,32.62879204750061,1788009132533963,1788009132906549760,420281,420282,1788009132904248064,1788009132912580608,0.27622317596566526,8.33272933959961,2.3016929626464844,1384.7954921949383,567.9119729616245,1,697.6204354017293,579.2852761402578,1
977,980,32.666666666666664,32.762511014938354,32.6622211933136,1788009132567392,1788009132939980032,420285,420286,1788009132937580032,1788009132945914112,0.2879702474610213,8.333921432495117,2.399921417236328,1385.9456429460863,569.9328740776805,1,697.6733887242804,580.3769875053376,1
978,981,32.7,32.795939922332764,32.69565010070801,1788009132600821,1788009132973410048,420289,420290,1788009132970913536,1788009132979246336,0.29961946725415584,8.332967758178711,2.4967193603515625,1388.0293966080183,571.2445251466579,1,697.6405369362072,581.8667244644298,1
979,982,32.733333333333334,32.82937788963318,32.72908806800842,1788009132634259,1788009133006849280,420293,420294,1788009133004245760,1788009133012578560,0.31244635193133047,8.33272933959961,2.6035308837890625,1390.3483087903767,571.8200576358103,1,695.2722550947523,584.0561706303866,1
980,983,32.766666666666666,32.8628089427948,32.762519121170044,1788009132667690,1788009133040281600,420297,420298,1788009133037577984,1788009133045911808,0.3244171077099127,8.333921432495117,2.7036666870117188,1392.9996646007087,572.20438521312,1,690.6322539964696,586.4403526906839,1
981,984,32.8,32.89623785018921,32.79594802856445,1788009132701119,1788009133073711360,420301,420302,1788009133070911232,1788009133079243776,0.3360515021459227,8.33272933959961,2.8002262115478516,1398.1538713105579,570.8401597619559,1,684.2570454917809,588.8889044605396,1
982,985,32.833333333333336,32.92967391014099,32.829384088516235,1788009132734555,1788009133107148544,420305,420306,1788009133104243456,1788009133112577280,0.34860101848143277,8.333683013916016,2.905130386352539,1402.6935896075695,568.7963844170503,1,679.1886114219985,591.0496087656279,1
983,986,32.86666666666667,32.963104009628296,32.86281418800354,1788009132767985,1788009133140579584,420309,420310,1788009133137576704,1788009133145909504,0.3603902606506252,8.332967758178711,3.0031204223632812,1406.0158935382674,566.8811817194094,1,674.8810215973465,592.267237845344,1
984,987,32.9,32.99654197692871,32.896252155303955,1788009132801423,1788009133174018560,420313,420314,1788009133170908928,1788009133179241728,0.37319027181688125,8.33272933959961,3.1096935272216797,1409.129635542875,565.1028169782735,1,671.8434897650764,593.4892102279838,1
985,988,32.93333333333333,33.02997088432312,32.929681062698364,1788009132834852,1788009133207448832,420317,420318,1788009133204241152,1788009133212574976,0.3848948648262051,8.333921432495117,3.207683563232422,1413.1673618231116,564.2502693356759,1,670.7309649448574,594.7720973791957,1
986,989,32.96666666666667,33.06339883804321,32.96310901641846,1788009132868280,1788009133240877824,420321,420322,1788009133237574400,1788009133245907200,0.39644073130954766,8.332967758178711,3.30352783203125,1417.2404169766612,563.2735635839362,1,669.6076431022411,594.383703750426,1
987,990,33.0,33.09683799743652,32.99654817581177,1788009132901719,1788009133274318336,420325,420326,1788009133270906624,1788009133279239424,0.4094134477825465,8.33272933959961,3.411531448364258,1422.3031134192488,563.6662701253467,1,667.5487307775587,593.9007057907196,1
988,991,33.03333333333333,33.13026690483093,33.02997708320618,1788009132935148,1788009133307748352,420329,420330,1788009133304238848,1788009133312572672,0.42111285939064513,8.333921432495117,3.509521484375,1428.1599484183855,565.3384539684787,1,663.9447104229769,594.0729037946996,1
989,992,33.06666666666667,33.163697957992554,33.0634081363678,1788009132968579,1788009133341180672,420333,420334,1788009133337572096,1788009133345904896,0.4330472103004292,8.33272933959961,3.6084651947021484,1436.1750399473515,568.4031660373477,1,660.3396454595184,594.9162312924531,1
990,993,33.1,33.19712686538696,33.09683704376221,1788009133002008,1788009133374610688,420337,420338,1788009133370904320,1788009133379237120,0.44477825464949927,8.33272933959961,3.706216812133789,1446.7888979837248,573.1620696925961,1,654.1813901474256,596.9973216552538,1
991,994,33.13333333333333,33.230562925338745,33.13027310371399,1788009133035444,1788009133408047872,420341,420342,1788009133404236544,1788009133412570368,0.4573308539550851,8.333921432495117,3.811359405517578,1456.163191453762,579.529408751815,1,647.145883808821,600.9820127486073,1
992,995,33.166666666666664,33.263993978500366,33.16370415687561,1788009133068875,1788009133441480192,420345,420346,1788009133437569792,1788009133445902592,0.4692703862660944,8.33272933959961,3.9103031158447266,1462.9536152437195,586.1931798485227,1,643.1127807265874,604.9759930350415,1
993,996,33.2,33.297422885894775,33.19713306427002,1788009133102304,1788009133474909952,420349,420350,1788009133470902272,1788009133479234816,0.4809728183118741,8.33272933959961,4.007816314697266,1466.7743689031627,591.1950208777604,1,640.0627069930506,608.2742843558983,1
994,997,33.233333333333334,33.330851793289185,33.23056197166443,1788009133135733,1788009133508340224,420353,420354,1788009133504234240,1788009133512568320,0.4926619939922758,8.333921432495117,4.105806350708008,1470.0471405288204,595.5032840033657,1,638.3855867754846,611.3941530377758,1
995,998,33.266666666666666,33.36428093910217,33.26399111747742,1788009133169162,1788009133541770496,420357,420358,1788009133537567488,1788009133545900288,0.5043776824034335,8.33272933959961,4.129886627197266,1471.1576204074859,599.3279366164426,1,637.3190328605876,615.188849787482,1
996,999,33.3,33.3977108001709,33.29742097854614,1788009133202592,1788009133575201536,420361,420362,1788009133570899712,1788009133579233536,0.516177943069661,8.333921432495117,4.032135009765625,1470.9957402863574,602.9460694139118,1,637.1890466348282,618.5231647387371,1
997,1000,33.333333333333336,33.431147813797,33.33085799217224,1788009133236029,1788009133608639744,420365,420366,1788009133604232960,1788009133612566016,0.528826070784813,8.332967758178711,3.9262771606445312,1469.2889847955084,605.7668400169706,1,637.5813388178227,620.4422295386931,1
998,1001,33.36666666666667,33.46457886695862,33.36428904533386,1788009133269460,1788009133642072064,420369,420370,1788009133637565440,1788009133645897984,0.540829756795422,8.33272933959961,3.826141357421875,1468.0653419650628,608.240843289868,1,637.4227567732679,621.8363756777596,1
999,1002,33.4,33.498008012771606,33.39771819114685,1788009133302889,1788009133675502336,420373,420374,1788009133670897408,1788009133679231488,0.5525389786868832,8.333921432495117,3.729104995727539,1466.3601145316793,609.8245781145422,1,637.93029946603,622.3127512992536,1
1000,1003,33.43333333333333,33.531436920166016,33.43114709854126,1788009133336318,1788009133708932096,420377,420378,1788009133704230912,1788009133712563456,0.564206008583691,8.33272933959961,3.6313533782958984,1465.3843740012069,610.9957782675405,1,637.8105720327511,622.1811592607056,1
1001,1004,33.46666666666667,33.56485986709595,33.46457004547119,1788009133369741,1788009133742356224,420381,420382,1788009133737563136,1788009133745895936,0.5752217453505007,8.33272933959961,3.539562225341797,1465.4301835880592,611.6996956042595,1,638.1993234245165,621.6211849303205,1
1002,1005,33.5,33.598296880722046,33.49800705909729,1788009133403178,1788009133775794432,420385,420386,1788009133770895360,1788009133779229184,0.5878701187240738,8.333921432495117,3.4346580505371094,1465.226655787119,611.7840568847722,1,638.5761821736559,620.2486607326223,1
1003,1006,33.53333333333333,33.631725788116455,33.5314359664917,1788009133436607,1788009133809224448,420389,420390,1788009133804228608,1788009133812561152,0.5995422031473534,8.33272933959961,3.3369064331054688,1465.3733776359356,611.7157640978442,1,638.9016889629963,618.9502468433292,1
1004,1007,33.56666666666667,33.66515588760376,33.564866065979004,1788009133470037,1788009133842655744,420393,420394,1788009133837560576,1788009133845893632,0.6114274269691854,8.332967758178711,3.2379627227783203,1465.548866310343,611.5679771019552,1,638.7676485674881,618.1121040781422,1
1005,1008,33.6,33.698585987091064,33.59829616546631,1788009133503467,1788009133876087040,420397,420398,1788009133870893056,1788009133879225856,0.6233190271816881,8.33272933959961,3.1387805938720703,1465.7619988750519,610.8326721446552,1,638.0839655073141,617.694364194992,1
1006,1009,33.63333333333333,33.73202300071716,33.63173317909241,1788009133536904,1788009133909525248,420401,420402,1788009133904225280,1788009133912558080,0.6360228898426323,8.33272933959961,3.0329227447509766,1466.1125998249495,610.4885182513435,1,637.9046139105839,617.4635345552965,1
1007,1010,33.666666666666664,33.765453815460205,33.66516399383545,1788009133570335,1788009133942957056,420405,420406,1788009133937557504,1788009133945891328,0.6479187526820197,8.333921432495117,2.9342174530029297,1466.0581216637365,610.189021843054,1,637.8999777663003,617.3450060717453,1
1008,1011,33.7,33.79888296127319,33.69859313964844,1788009133603764,1788009133976387584,420409,420410,1788009133970890752,1788009133979223552,0.6596566523605151,8.33272933959961,2.835988998413086,1465.8510732076302,610.0624461188804,1,638.0808320718675,617.1612631484131,1
1009,1012,33.733333333333334,33.832319021224976,33.73202919960022,1788009133637200,1788009134009824256,420413,420414,1788009134004222976,1788009134012555776,0.6721982203656548,8.332967758178711,2.7315616607666016,1465.6501390189915,609.9309364083051,1,638.2064464611847,616.8340519295651,1
1010,1013,33.766666666666666,33.865747928619385,33.76545810699463,1788009133670629,1788009134043253760,420417,420418,1788009134037555200,1788009134045889024,0.6837648405092261,8.333921432495117,2.635478973388672,1465.6213394705123,609.7641014075751,1,638.5032322579182,616.4559394820549,1
1011,1014,33.8,33.899176836013794,33.79888701438904,1788009133704058,1788009134076683264,420421,420422,1788009134070888448,1788009134079221248,0.6954220314735337,8.33272933959961,2.537965774536133,1465.548312697666,609.5149032300848,1,638.427057678848,616.213611011622,1
1012,1015,33.833333333333336,33.93261480331421,33.83232498168945,1788009133737496,1788009134110122496,420425,420426,1788009134104220672,1788009134112553472,0.7082486910245772,8.332967758178711,2.431154251098633,1465.0627024900907,609.2082646580515,1,638.735703980526,615.6553066668574,1
1013,1016,33.86666666666667,33.9660439491272,33.86575412750244,1788009133770925,1788009134143552512,420429,420430,1788009134137552896,1788009134145886720,0.7199176059964525,8.333683013916016,2.334117889404297,1464.269005042309,608.816053285012,1,639.4530433453149,614.0051529763473,1
1014,1017,33.9,33.99948191642761,33.899192094802856,1788009133804363,1788009134176992000,420433,420434,1788009134170886400,1788009134179218944,0.7327324749642347,8.33272933959961,2.2270679473876953,1461.7087866902275,607.0775615627309,1,640.5467906526089,611.4935030768814,1
1015,1018,33.93333333333333,34.03291201591492,33.93262219429016,1788009133837793,1788009134210423296,420437,420438,1788009134204218368,1788009134212552192,0.7445286797310828,8.333921432495117,2.129077911376953,1456.8621179467755,603.6345565933452,1,642.8455319334739,608.0903036647114,1
1016,1019,33.96666666666667,34.066340923309326,33.96605110168457,1788009133871222,1788009134243853312,420441,420442,1788009134237551616,1788009134245884416,0.7562517882689557,8.33272933959961,2.031087875366211,1450.075243369865,598.0092403866662,1,645.3164084205981,603.6565501040837,1
1017,1020,34.0,34.09977889060974,33.999489068984985,1788009133904660,1788009134277292800,420445,420446,1788009134270884096,1788009134279216640,0.769098712446352,8.33272933959961,1.9240379333496094,1445.1363216496354,589.5543984809281,1,650.234296969165,596.5377743461069,1
1018,1021,34.03333333333333,34.133206844329834,34.03291702270508,1788009133938088,1788009134310721536,420449,420450,1788009134304216064,1788009134312550144,0.7806036332427406,8.333921432495117,1.8284320831298828,1439.6178928333413,579.0175976193977,1,655.9886697731988,588.4903124214693,1
1019,1022,34.06666666666667,34.166637897491455,34.0663480758667,1788009133971519,1788009134344153600,420453,420454,1788009134337549568,1788009134345882112,0.7925608011444921,8.33272933959961,1.7285346984863281,1431.7564715253152,566.8272292394045,1,664.0970823396483,578.6071284091586,1
1020,1023,34.1,34.20006799697876,34.099778175354004,1788009134004949,1788009134377584896,420457,420458,1788009134370881536,1788009134379214592,0.8044405024176704,8.332967758178711,1.6295909881591797,1423.4002294311374,555.5198371094799,1,676.3609342589348,569.8293000053035,1
1021,1024,34.13333333333333,34.23350286483765,34.13321304321289,1788009134038384,1788009134411021056,420461,420462,1788009134404214016,1788009134412547584,0.8168163872518167,8.333683013916016,1.5265941619873047,1413.8941559605355,546.9141952765972,1,686.4533346917528,564.6599646793328,1
1022,1025,34.166666666666664,34.26693391799927,34.16664409637451,1788009134071815,1788009134444453376,420465,420466,1788009134437547264,1788009134445880064,0.8288125894134478,8.33272933959961,1.4264583587646484,1404.6505257485219,540.626609212283,1,694.943958355175,561.7120351952913,1
1023,1026,34.2,34.30036282539368,34.20007300376892,1788009134105244,1788009134477883648,420469,420470,1788009134470879232,1788009134479212288,0.8405481960458928,8.332967758178711,1.3287067413330078,1395.3907811103632,538.5841393338989,1,700.5355725205159,559.8947478746235,1
1024,1027,34.233333333333334,34.33379888534546,34.2335090637207,1788009134138680,1788009134511320576,420473,420474,1788009134504211712,1788009134512545280,0.8530354179779138,8.333683013916016,1.2247562408447266,1386.7244318141936,536.9345613982521,1,704.7928271828953,558.3808776303113,1
1025,1028,34.266666666666666,34.36722993850708,34.266940116882324,1788009134172111,1788009134544752640,420477,420478,1788009134537544960,1788009134545877760,0.8649785407725322,8.33272933959961,1.1250972747802734,1378.6591454527893,537.5917171415188,1,709.5044974194095,560.1276028553658,1
1026,1029,34.3,34.400659799575806,34.30036997795105,1788009134205541,1788009134578183680,420481,420482,1788009134570877184,1788009134579211008,0.8767272207123444,8.333921432495117,1.0273456573486328,1371.6416065708204,538.8675833099411,1,713.7778024779059,561.847185450333,1
1027,1030,34.333333333333336,34.434096813201904,34.33380699157715,1788009134238978,1788009134611621888,420485,420486,1788009134604210432,1788009134612543232,0.8894420600858369,8.33272933959961,0.9212493896484375,1365.7625818403947,543.5374191366917,1,716.1723189141974,564.1353913191161,1
1028,1031,34.36666666666667,34.467533826828,34.36724400520325,1788009134272415,1788009134645060096,420489,420490,1788009134637542400,1788009134645875456,0.9021487224972103,8.332967758178711,0.8153915405273438,1361.9854550955047,549.4004478738016,1,718.1776434215169,566.1930513421639,1
1029,1032,34.4,34.50096392631531,34.40067410469055,1788009134305845,1788009134678491392,420493,420494,1788009134670874880,1788009134679208704,0.913917894435703,8.333921432495117,0.7174015045166016,1359.7840404187418,553.510270792932,1,719.974950221851,569.8489793299055,1
1030,1033,34.43333333333333,34.534398794174194,34.43410897254944,1788009134339280,1788009134711927296,420497,420498,1788009134704208128,1788009134712540928,0.9263519313304721,8.33272933959961,0.6136894226074219,1358.1280979393373,559.0163651414762,1,721.6796548137802,573.4122338066667,1
1031,1034,34.46666666666667,34.56783580780029,34.46754598617554,1788009134372717,1788009134745365504,420501,420502,1788009134737540352,1788009134745873152,0.939057537695631,8.332967758178711,0.5078315734863281,1355.9694822873698,563.2581282138491,1,723.1103858144944,576.1221170988018,1
1032,1035,34.5,34.601266860961914,34.50097703933716,1788009134406148,1788009134778797312,420505,420506,1788009134770872576,1788009134779206400,0.9509355152486124,8.333683013916016,0.4088878631591797,1354.9458956322396,564.5748488978471,1,724.4362828555765,577.8188097705747,1
1033,1036,34.53333333333333,34.63470387458801,34.53441405296326,1788009134439585,1788009134812235520,420509,420510,1788009134804205824,1788009134812538624,0.9636337625178827,8.33272933959961,0.30303001403808594,1354.305740746295,565.669533979301,1,725.1898955532895,579.5593798932961,1
1034,1037,34.56666666666667,34.66813397407532,34.56784415245056,1788009134473015,1788009134845666816,420513,420514,1788009134837538048,1788009134845870848,0.9755085691396527,8.332967758178711,0.2040863037109375,1353.920013578987,566.3373494923012,1,724.857458306105,580.5329045675288,1
1035,1038,34.6,34.70156288146973,34.60127305984497,1788009134506444,1788009134879097088,420517,420518,1788009134870870272,1788009134879203072,0.9872675250357654,8.33272933959961,0.10609626770019531,1354.440483452881,566.507485706055,1,724.0828026707624,580.7935552089284,1
1036,1039,34.63333333333333,34.73500084877014,34.634711027145386,1788009134539882,1788009134912536064,420522,420523,1788009134912535552,1788009134920869120,8.582708702866625e-05,8.333683013916016,0.0007152557373046875,1355.245511284572,567.1893595534826,1,723.0782919427231,580.1187791433488,1
1037,1040,34.666666666666664,34.76842999458313,34.668140172958374,1788009134573311,1788009134945966592,420526,420527,1788009134945868544,1788009134954201344,0.011759320191124717,8.332967758178711,0.09799003601074219,1356.296842376461,567.2092834436479,1,723.0321002268424,581.391607863484,1
1038,1041,34.7,34.80185794830322,34.70156812667847,1788009134606739,1788009134979395584,420530,420531,1788009134979200768,1788009134987533568,0.023376251788268954,8.33272933959961,0.19478797912597656,1357.7720405268865,567.0030033966199,1,722.9706134468638,581.9841051704874,1
1039,1042,34.733333333333334,34.835289001464844,34.73499917984009,1788009134640170,1788009135012827904,420534,420535,1788009135012532992,1788009135020866816,0.03538835645830353,8.333921432495117,0.2949237823486328,1358.2263091909722,567.672405234422,1,722.6790295881268,581.7741046851315,1
1040,1043,34.766666666666666,34.86872482299805,34.76843500137329,1788009134673606,1788009135046264832,420538,420539,1788009135045866240,1788009135054199296,0.04783840233469715,8.332967758178711,0.3986358642578125,1358.6767224827263,568.0014408057583,1,723.0144995339897,581.1533458319494,1
1041,1044,34.8,34.90215587615967,34.80186605453491,1788009134707037,1788009135079696896,420542,420543,1788009135079198720,1788009135087531264,0.059799713876967094,8.33272933959961,0.4982948303222656,1359.2694535229573,568.3893322653906,1,722.5546164223072,581.7840939895094,1
1042,1045,34.833333333333336,34.93558597564697,34.83529615402222,1788009134740467,1788009135113127936,420546,420547,1788009135112530688,1788009135120864512,0.0716635674438564,8.333921432495117,0.5972385406494141,1359.5125042387515,569.095368563932,1,722.3186526622939,581.7903545344261,1
1043,1046,34.86666666666667,34.96902298927307,34.868733167648315,1788009134773904,1788009135146566144,420550,420551,1788009135145863936,1788009135154196736,0.08426323319027182,8.33272933959961,0.7021427154541016,1359.8381784794028,569.4025077061268,1,722.1793355178021,581.6833664199461,1
1044,1047,34.9,35.002450942993164,34.90216112136841,1788009134807332,1788009135179994880,420554,420555,1788009135179196416,1788009135187528960,0.09582260371959943,8.33272933959961,0.7984638214111328,1359.4538667027368,569.8084613663952,1,722.2844567808945,581.6446880873226,1
1045,1048,34.93333333333333,35.03589081764221,34.935600996017456,1788009134840772,1788009135213435648,420558,420559,1788009135212529408,1788009135220862464,0.10875225315441618,8.332967758178711,0.9062290191650391,1358.9137841881002,569.9625828435337,1,722.7700596406788,581.6834432776737,1
1046,1049,34.96666666666667,35.069319009780884,34.96902918815613,1788009134874200,1788009135246864640,420562,420563,1788009135245861888,1788009135254194432,0.12034334763948498,8.33272933959961,1.0027885437011719,1358.609635850286,569.9123633285524,1,722.6760842164933,581.0868195006806,1
1047,1050,35.0,35.10274791717529,35.00245809555054,1788009134907629,1788009135280294400,420566,420567,1788009135279194112,1788009135287527680,0.13203066887909826,8.333683013916016,1.100301742553711,1358.9687410178128,569.8499604599613,1,722.7682260485133,581.1322866835754,1
1048,1051,35.03333333333333,35.136178970336914,35.03588914871216,1788009134941060,1788009135313726720,420570,420571,1788009135312527104,1788009135320860160,0.14394437927384052,8.332967758178711,1.199483871459961,1359.4272715205827,569.4844905697489,1,722.7057371434782,581.374213156649,1
1049,1052,35.06666666666667,35.16960692405701,35.06931710243225,1788009134974488,1788009135347155456,420574,420575,1788009135345859584,1788009135354192384,0.1555364806866953,8.33272933959961,1.2960433959960938,1359.413290381951,569.3790331965085,1,722.1657085695604,580.964764091388,1
1050,1053,35.1,35.20304489135742,35.102755069732666,1788009135007926,1788009135380594688,420578,420579,1788009135379191552,1788009135387525632,0.16835931912458876,8.333921432495117,1.4030933380126953,1359.9218233779204,569.5458299549244,1,721.7042315315093,580.4189686780428,1
1051,1054,35.13333333333333,35.23647499084473,35.13618516921997,1788009135041356,1788009135414025984,420582,420583,1788009135412525056,1788009135420857856,0.1801379073560127,8.332967758178711,1.5010833740234375,1360.480491956242,570.3439729306209,1,721.7643962652282,580.2611920273772,1
1052,1055,35.166666666666664,35.269903898239136,35.16961407661438,1788009135074785,1788009135447456000,420586,420587,1788009135445857280,1788009135454190080,0.19187410586552217,8.33272933959961,1.5988349914550781,1360.6415522321208,571.1121473865271,1,721.8873193552437,580.8262917370299,1
1053,1056,35.2,35.30333399772644,35.203044176101685,1788009135108215,1788009135480887296,420590,420591,1788009135479189504,1788009135487523328,0.20374767558289228,8.333921432495117,1.6980171203613281,1360.935586872963,571.7741202367608,1,721.3172617755379,580.1207843901668,1
1054,1057,35.233333333333334,35.33677101135254,35.23648118972778,1788009135141652,1788009135514325504,420594,420595,1788009135512522752,1788009135520855552,0.2163662374821173,8.33272933959961,1.8029212951660156,1361.030374047889,572.1617677377291,1,720.6962190242318,580.1139735951746,1
1055,1058,35.266666666666666,35.370200872421265,35.26991105079651,1788009135175082,1788009135547756544,420598,420599,1788009135545854976,1788009135554187776,0.22821173104434908,8.33272933959961,1.9016265869140625,1361.1857847955712,572.3889725810735,1,720.7551258803437,580.3512262672824,1
1056,1059,35.3,35.40363001823425,35.3033401966095,1788009135208511,1788009135581187072,420602,420603,1788009135579187200,1788009135587521024,0.23996567014733228,8.333921432495117,1.9998550415039062,1361.3464488132322,572.2258462536875,1,720.8463306551575,580.2950983125509,1
1057,1060,35.333333333333336,35.43705987930298,35.33677005767822,1788009135241941,1788009135614617856,420606,420607,1788009135612520448,1788009135620853248,0.2517024320457797,8.33272933959961,2.0973682403564453,1361.3829443450668,572.0863047034458,1,721.0165875619823,580.5761825258228,1
1058,1061,35.36666666666667,35.47049880027771,35.370208978652954,1788009135275380,1788009135648057856,420610,420611,1788009135645852672,1788009135654186496,0.26462594764697467,8.333921432495117,2.205371856689453,1361.2722505058236,572.1299366652435,1,721.1100099671526,581.0500373827705,1
1059,1062,35.4,35.50391983985901,35.40363001823425,1788009135308801,1788009135681480192,420614,420615,1788009135679185920,1788009135687518720,0.27532831678635805,8.332967758178711,2.294301986694336,1361.0945973455046,571.9898984957929,1,721.4137918072742,581.2833785594071,1
1060,1063,35.43333333333333,35.53735685348511,35.43706703186035,1788009135342238,1788009135714918656,420618,420619,1788009135712518144,1788009135720850944,0.288068669527897,8.33272933959961,2.4003982543945312,1360.8835858054852,571.9418502140699,1,721.5687694011497,580.9369461607126,1
1061,1064,35.46666666666667,35.570785999298096,35.47049617767334,1788009135375667,1788009135748348672,420622,420623,1788009135745850368,1788009135754184192,0.2997854384208268,8.333921432495117,2.4983882904052734,1361.1643608729835,572.5252654137264,1,721.0417786948351,582.1241723771113,1
1062,1065,35.5,35.60421586036682,35.503926038742065,1788009135409097,1788009135781779712,420626,420627,1788009135779183616,1788009135787516416,0.3115593705293276,8.33272933959961,2.596139907836914,1360.4380430794374,574.2424111550336,1,721.495795697709,584.0943076611901,1
1063,1066,35.53333333333333,35.63763880729675,35.537348985672,1788009135442520,1788009135815203840,420630,420631,1788009135812516096,1788009135820848640,0.32257510729613736,8.33272933959961,2.6879310607910156,1358.90886166547,575.807225265564,1,722.1753544488556,585.5877853096805,1
1064,1067,35.56666666666667,35.67106795310974,35.570778131484985,1788009135475949,1788009135848634368,420634,420635,1788009135845848064,1788009135854181888,0.3343155485624374,8.333921432495117,2.7861595153808594,1357.8013587202072,577.9065011794963,1,721.6798858453666,587.0177828839173,1
1065,1068,35.6,35.704495906829834,35.60420608520508,1788009135509377,1788009135882063104,420638,420639,1788009135879180544,1788009135887513088,0.3459513590844063,8.33272933959961,2.882719039916992,1356.5904544577397,577.5213851615968,1,720.8148103774779,587.9053313878659,1
1066,1069,35.63333333333333,35.737926959991455,35.6376371383667,1788009135542808,1788009135915495424,420642,420643,1788009135912512512,1788009135920846336,0.3579173222714919,8.333921432495117,2.9828548431396484,1356.076550703754,576.0403647948854,1,719.6753242877783,587.7677545871934,1
1067,1070,35.666666666666664,35.771363973617554,35.6710741519928,1788009135576245,1788009135948933632,420646,420647,1788009135945845760,1788009135954178560,0.3705579399141631,8.33272933959961,3.087759017944336,1355.3294556995618,573.8942084674974,1,718.9283402867075,587.5206681263094,1
1068,1071,35.7,35.80479383468628,35.70450401306152,1788009135609675,1788009135982364672,420650,420651,1788009135979178240,1788009135987511040,0.3824034334763948,8.33272933959961,3.186464309692383,1354.053059599401,572.3993420021374,1,719.1484661481497,586.885184248112,1
1069,1072,35.733333333333334,35.838223934173584,35.73793411254883,1788009135643105,1788009136015795968,420654,420655,1788009136012510208,1788009136020844288,0.3942497496781576,8.333921432495117,3.285646438598633,1353.1591460943632,572.3222687748207,1,718.9021606356091,585.0310122995544,1
1070,1073,35.766666666666666,35.87165284156799,35.77136301994324,1788009135676534,1788009136049225728,420658,420659,1788009136045843712,1788009136054176256,0.40589413447782546,8.33272933959961,3.3822059631347656,1351.2573995191958,572.5510969571724,1,719.8468815435723,583.7688065417539,1
1071,1074,35.8,35.9050829410553,35.80479311943054,1788009135709964,1788009136082657024,420662,420663,1788009136079175680,1788009136087508736,0.41778489885840175,8.332967758178711,3.4813880920410156,1349.0769757155188,572.4637823873003,1,720.7649143453781,582.6223929532703,1
1072,1075,35.833333333333336,35.9385199546814,35.83823013305664,1788009135743401,1788009136116095232,420666,420667,1788009136112508160,1788009136120841984,0.4304391360320412,8.333921432495117,3.5872459411621094,1347.4555651529308,570.431698816644,1,722.0023084704852,582.5948478072122,1
1073,1076,35.86666666666667,35.97195482254028,35.87166500091553,1788009135776836,1788009136149531392,420670,420671,1788009136145841408,1788009136154174208,0.4428326180257511,8.33272933959961,3.690004348754883,1347.6874814856355,569.6014106423734,1,723.1011558663529,582.6089479110107,1
1074,1077,35.9,36.00538492202759,35.90509510040283,1788009135810266,1788009136182962432,420674,420675,1788009136179173376,1788009136187506432,0.4546937140568224,8.332967758178711,3.7889480590820312,1347.606148576236,569.7223031443377,1,724.4266360327979,583.2100410475543,1
1075,1078,35.93333333333333,36.03881502151489,35.93852519989014,1788009135843696,1788009136216393472,420678,420679,1788009136212505856,1788009136220839424,0.4664988270298106,8.333683013916016,3.887653350830078,1350.0411260046358,570.4613891450406,1,724.8272496486048,582.2389285515911,1
1076,1079,35.96666666666667,36.07225179672241,35.971961975097656,1788009135877133,1788009136249831424,420682,420683,1788009136245839104,1788009136254171904,0.47911301859799715,8.33272933959961,3.992319107055664,1351.2236263922289,571.6445491884031,1,724.798403454944,582.5145186125022,1
1077,1080,36.0,36.1056809425354,36.005391120910645,1788009135910562,1788009136283261184,420686,420687,1788009136279171328,1788009136287505152,0.4907738520955514,8.333921432495117,4.090070724487305,1352.4878132541653,572.8481648673823,1,724.3782664917368,583.4594870309332,1
1078,1081,36.03333333333333,36.13911199569702,36.038822174072266,1788009135943993,1788009136316693248,420690,420691,1788009136312504576,1788009136320837376,0.502689556509299,8.33272933959961,4.143953323364258,1353.8794644667785,575.3112809874299,1,723.7996068469338,584.279110121804,1
1079,1082,36.06666666666667,36.17254090309143,36.072251081466675,1788009135977422,1788009136350123008,420694,420695,1788009136345836800,1788009136354169600,0.5143633762517883,8.33272933959961,4.04667854309082,1354.9874140514087,578.7913422325574,1,723.1882411952907,586.9254089709194,1
1080,1083,36.1,36.20597195625305,36.105682134628296,1788009136010853,1788009136383556096,420698,420699,1788009136379169024,1788009136387502848,0.5264196824488628,8.333921432495117,3.9467811584472656,1356.1160319373964,581.6982119547187,1,723.0551012507377,590.0623311267552,1
1081,1084,36.13333333333333,36.239408016204834,36.13911819458008,1788009136044289,1788009136416993024,420702,420703,1788009136412502272,1788009136420835072,0.5389127324749642,8.33272933959961,3.8421154022216797,1358.415470181674,582.6199083673591,1,722.7215301040081,592.4229738333512,1
1082,1085,36.166666666666664,36.27283692359924,36.17254710197449,1788009136077718,1788009136450422784,420706,420707,1788009136445834496,1788009136454167296,0.5506280220880662,8.332967758178711,3.7446022033691406,1359.2805154893347,586.1720014457048,1,722.0651939150995,594.8210310180551,1
1083,1086,36.2,36.30626702308655,36.20597720146179,1788009136111148,1788009136483853568,420710,420711,1788009136479166720,1788009136487500544,0.562380203118295,8.333921432495117,3.6470890045166016,1359.5215132897506,589.2629329438982,1,721.4273954995471,595.9889276710584,1
1084,1087,36.233333333333334,36.33968901634216,36.23939919471741,1788009136144570,1788009136517276672,420714,420715,1788009136512499968,1788009136520832768,0.5732474964234621,8.33272933959961,3.5560131072998047,1360.0997863618213,591.0281472583433,1,721.1941284064882,597.174026542562,1
1085,1088,36.266666666666666,36.37311887741089,36.27282905578613,1788009136178000,1788009136550707968,420718,420719,1788009136545832192,1788009136554165248,0.585133472575892,8.332967758178711,3.4570693969726562,1360.7641002182236,591.7536295020435,1,721.4179296762758,599.7673497360216,1
1086,1089,36.3,36.40654897689819,36.30625915527344,1788009136211430,1788009136584139264,420722,420723,1788009136579164416,1788009136587498240,0.5969559993133833,8.333683013916016,3.3588409423828125,1361.2767950779994,592.3001607238671,1,721.5451376477213,601.2818834455323,1
1087,1090,36.333333333333336,36.43997883796692,36.33968901634216,1788009136244860,1788009136617570304,420726,420727,1788009136612497920,1788009136620830464,0.608755364806867,8.33272933959961,3.2601356506347656,1362.3260442183662,592.7474332458725,1,721.2086344007055,600.6701693391518,1
1088,1091,36.36666666666667,36.4734148979187,36.373125076293945,1788009136278296,1788009136651007744,420730,420731,1788009136645829888,1788009136654162944,0.6213556121427141,8.332967758178711,3.155231475830078,1363.2521575694516,592.7196133651692,1,720.5385702063309,599.7028620579188,1
1089,1092,36.4,36.506844997406006,36.40655517578125,1788009136311726,1788009136684438784,420734,420735,1788009136679163136,1788009136687495936,0.63310443490701,8.33272933959961,3.057241439819336,1363.6498628444515,592.7434790772505,1,720.0679912796039,598.9744427809599,1
1090,1093,36.43333333333333,36.540282011032104,36.43999218940735,1788009136345163,1788009136717876992,420738,420739,1788009136712495360,1788009136720828416,0.6458184315184115,8.332967758178711,2.951383590698242,1363.721324545824,592.1666765083604,1,719.7515699039915,598.0251204922882,1
1091,1094,36.46666666666667,36.57371783256531,36.47342801094055,1788009136378599,1788009136751313920,420742,420743,1788009136745827584,1788009136754161664,0.6583035331140037,8.333921432495117,2.8476715087890625,1363.4977035682607,591.9940554204024,1,720.0303664749223,596.4685493246274,1
1092,1095,36.5,36.60714793205261,36.506858110427856,1788009136412029,1788009136784744960,420746,420747,1788009136779161088,1788009136787493632,0.6701287553648069,8.33272933959961,2.748727798461914,1362.6566178223075,591.2886930515474,1,720.0373553014504,596.6715723602542,1
1093,1096,36.53333333333333,36.64058494567871,36.540295124053955,1788009136445466,1788009136818182912,420750,420751,1788009136812493056,1788009136820826112,0.682813081170782,8.332967758178711,2.643108367919922,1362.2868843994313,589.925185048894,1,719.4547794027869,595.5774791042359,1
1094,1097,36.56666666666667,36.67401480674744,36.57372498512268,1788009136478896,1788009136851613952,420754,420755,1788009136845825536,1788009136854159104,0.6945986153229959,8.333683013916016,2.5451183319091797,1361.8841003919752,588.0155682847238,1,718.7171646084527,593.2357462868075,1
1095,1098,36.6,36.70745301246643,36.607163190841675,1788009136512334,1788009136885053696,420758,420759,1788009136879157504,1788009136887490560,0.7075620153929787,8.332967758178711,2.4368762969970703,1361.8378557016401,585.0431312545004,1,718.4074963975515,589.8162792691326,1
1096,1099,36.63333333333333,36.740882873535156,36.6405930519104,1788009136545764,1788009136918484736,420762,420763,1788009136912489984,1788009136920823808,0.7193248462308682,8.333921432495117,2.3391246795654297,1360.1986049109264,584.7315468146817,1,718.7167312961243,588.7934533554017,1
1097,1100,36.666666666666664,36.774312019348145,36.67402219772339,1788009136579193,1788009136951914752,420766,420767,1788009136945823232,1788009136954156032,0.7310443490701002,8.33272933959961,2.2411346435546875,1359.6922191019921,583.9854732462219,1,719.1983383786056,587.3018450440023,1
1098,1101,36.7,36.80774998664856,36.707460165023804,1788009136612631,1788009136985353984,420770,420771,1788009136979155200,1788009136987488256,0.7438699894137507,8.332967758178711,2.1343231201171875,1359.4790383986651,580.0821504630826,1,719.8512760475663,585.9149829301462,1
1099,1102,36.733333333333334,36.84117889404297,36.74088907241821,1788009136646060,1788009137018783744,420774,420775,1788009137012487680,1788009137020821248,0.7555072380843394,8.333683013916016,2.037525177001953,1358.3877884824883,579.4579959768813,1,720.4260407062783,584.6359489669632,1
1100,1103,36.766666666666666,36.87460684776306,36.774317026138306,1788009136679488,1788009137052212992,420778,420779,1788009137045820928,1788009137054153728,0.7670958512160229,8.33272933959961,1.9407272338867188,1357.3439761958275,578.4094629474256,1,721.4990494869204,583.718037286478,1
1101,1104,36.8,36.908036947250366,36.80774712562561,1788009136712918,1788009137085644544,420782,420783,1788009137079153152,1788009137087485952,0.7790048925638752,8.332967758178711,1.8415451049804688,1354.9189441849283,578.5986850296654,1,722.4005753560897,582.5931251789787,1
1102,1105,36.833333333333336,36.94146680831909,36.841176986694336,1788009136746348,1788009137119075584,420786,420787,1788009137112485376,1788009137120819200,0.7907821708531212,8.333683013916016,1.7435550689697266,1354.5308181151677,577.7640704097474,1,722.8270894762461,581.9147278548501,1
1103,1106,36.86666666666667,36.97489595413208,36.874606132507324,1788009136779777,1788009137152505600,420790,420791,1788009137145818624,1788009137154151424,0.802489270386266,8.33272933959961,1.645803451538086,1353.8842750201818,577.3209585465221,1,723.1858580956582,581.7866084433385,1
1104,1107,36.9,37.00833487510681,36.908045053482056,1788009136813216,1788009137185945856,420794,420795,1788009137179150848,1788009137187483648,0.8154506437768241,8.33272933959961,1.5377998352050781,1352.8884106912774,577.5348545371633,1,723.7042559222741,581.73163424416,1
1105,1108,36.93333333333333,37.041762828826904,36.94147300720215,1788009136846644,1788009137219374592,420798,420799,1788009137212483072,1788009137220816896,0.8269439835211992,8.333683013916016,1.4421939849853516,1352.791950487761,578.1384155489155,1,724.1077385709453,582.3022124261325,1
1106,1109,36.96666666666667,37.07519292831421,36.97490310668945,1788009136880074,1788009137252805888,420802,420803,1788009137245816320,1788009137254149120,0.8388028954822466,8.332967758178711,1.3432502746582031,1352.621843591154,579.585477399653,1,724.6119730871459,584.4493862084832,1
1107,1110,37.0,37.108622789382935,37.00833296775818,1788009136913504,1788009137286236928,420806,420807,1788009137279148544,1788009137287481344,0.8506723891273248,8.33272933959961,1.2443065643310547,1352.1744480426992,582.6683789485165,1,725.4226162217445,586.7677010933753,1
1108,1111,37.03333333333333,37.14205288887024,37.04176306724548,1788009136946934,1788009137319668224,420810,420811,1788009137312481792,1788009137320814592,0.8624320457796852,8.33272933959961,1.1463165283203125,1352.3547995311212,584.3337822360816,1,726.1153032855038,589.1285624288724,1
1109,1112,37.06666666666667,37.17548179626465,37.07519197463989,1788009136980363,1788009137353098496,420814,420815,1788009137345814016,1788009137354147072,0.8741666905095705,8.332967758178711,1.0485649108886719,1352.42677977405,585.3655297830287,1,726.4787021459726,590.7299674622589,1
1110,1113,37.1,37.20892000198364,37.10863018035889,1788009137013801,1788009137386537728,420818,420819,1788009137379146240,1788009137387480064,0.886937117354237,8.333683013916016,0.942230224609375,1353.0561613199711,586.7780147672881,1,726.7902888626265,592.6332275256522,1
1111,1114,37.13333333333333,37.24234986305237,37.14206004142761,1788009137047231,1788009137419968512,420822,420823,1788009137412479744,1788009137420812288,0.8987410586552217,8.33272933959961,0.8437633514404297,1353.395503264328,588.1178834287748,1,726.9439955491525,593.5501381254728,1
1112,1115,37.166666666666664,37.275779008865356,37.1754891872406,1788009137080660,1788009137453399040,420826,420827,1788009137445811712,1788009137454144512,0.9105293276108727,8.33272933959961,0.7455348968505859,1354.5704951229554,588.9534410087322,1,727.1609568052833,594.3907890715346,1
1113,1116,37.2,37.30920886993408,37.208919048309326,1788009137114090,1788009137486830080,420830,420831,1788009137479144192,1788009137487477760,0.9222692681810379,8.333683013916016,0.6477832794189453,1355.7326669407248,589.4974748992889,1,727.1961104055091,594.6484298462854,1
1114,1117,37.233333333333334,37.342636823654175,37.24234700202942,1788009137147518,1788009137520258560,420834,420835,1788009137512477184,1788009137520810240,0.9338216360046923,8.332967758178711,0.5514621734619141,1356.352998475886,589.5112028417769,1,726.6222222433842,593.8505643540329,1
1115,1118,37.266666666666666,37.37606692314148,37.275777101516724,1788009137180948,1788009137553689600,420838,420839,1788009137545809408,1788009137554142208,0.9456652360515021,8.33272933959961,0.4527568817138672,1357.0774784716973,589.7429112960382,1,726.5147519010983,594.4358513666965,1
1116,1119,37.3,37.409497022628784,37.30920720100403,1788009137214378,1788009137587120384,420842,420843,1788009137579141888,1788009137587475456,0.9573725467757624,8.333683013916016,0.3552436828613281,1357.2230223568358,589.9028314138502,1,726.1888489471529,594.2082814670048,1
1117,1120,37.333333333333336,37.44292688369751,37.342637062072754,1788009137247808,1788009137620551424,420846,420847,1788009137612474880,1788009137620807936,0.9692140425166662,8.332967758178711,0.25653839111328125,1357.5250291214138,590.1554474234194,1,726.0144931027041,595.2435203277197,1
1118,1121,37.36666666666667,37.47635579109192,37.37606596946716,1788009137281237,1788009137653981184,420850,420851,1788009137645807360,1788009137654139904,0.9809442060085837,8.33272933959961,0.15878677368164062,1357.4523027084824,590.0429510359039,1,725.8265679546286,595.4286240998968,1
1119,1122,37.4,37.50978684425354,37.409497022628784,1788009137314668,1788009137687413504,420854,420855,1788009137679139328,1788009137687473408,0.9928193391503362,8.333921432495117,0.05984306335449219,1357.4699700003337,589.7417153976396,1,725.7630214995858,595.0441309106609,1
1120,1123,37.43333333333333,37.54321599006653,37.44292616844177,1788009137348097,1788009137720843776,420859,420860,1788009137720805632,1788009137729139456,0.0045774446415288664,8.333683013916016,0.03814697265625,1357.9009589428533,589.4096381479678,1,725.5284581162443,594.5428923004266,1
1121,1124,37.46666666666667,37.57664489746094,37.47635507583618,1788009137381526,1788009137754273536,420863,420864,1788009137754138624,1788009137762471680,0.016194100311865182,8.332967758178711,0.13494491577148438,1357.7280936004709,588.3723245177515,1,725.2338539860605,593.6130567295606,1
1122,1125,37.5,37.61007595062256,37.5097861289978,1788009137414957,1788009137787705856,420867,420868,1788009137787471104,1788009137795803904,0.028183118741058655,8.33272933959961,0.23484230041503906,1357.6435253054551,587.1552291277197,1,724.955899149016,592.6947034669788,1
1123,1126,37.53333333333333,37.64350390434265,37.543214082717896,1788009137448385,1788009137821135104,420871,420872,1788009137820803072,1788009137829137152,0.03982262909455014,8.333921432495117,0.331878662109375,1357.8799759205149,585.3742722018021,1,724.3166954258288,591.6827798082321,1
1124,1127,37.56666666666667,37.67693281173706,37.576642990112305,1788009137481814,1788009137854565120,420875,420876,1788009137854136576,1788009137862468352,0.05145080982086648,8.331775665283203,0.4286766052246094,1357.8802931005507,583.7423716701159,1,723.8196137590676,591.652150843911,1
1125,1128,37.6,37.71035599708557,37.610066175460815,1788009137515237,1788009137887989504,420879,420880,1788009137887467520,1788009137895800576,0.06263053989871535,8.332967758178711,0.5218982696533203,1358.2813949299846,581.9920058344392,1,723.1219723955846,590.9366795923675,1
1126,1129,37.63333333333333,37.7437858581543,37.64349603652954,1788009137548667,1788009137921420544,420883,420884,1788009137920800000,1788009137929133824,0.0744671720783865,8.333921432495117,0.6206035614013672,1358.5300620000446,579.7081675724894,1,722.1782300644784,589.3144745610352,1
1127,1130,37.666666666666664,37.7772159576416,37.676926136016846,1788009137582097,1788009137954851840,420887,420888,1788009137954133248,1788009137962466048,0.08623748211731044,8.33272933959961,0.7185935974121094,1358.7287837504323,578.2992558996824,1,721.618283497656,587.3603930951807,1
1128,1131,37.7,37.81064701080322,37.71035718917847,1788009137615528,1788009137988284160,420891,420892,1788009137987465472,1788009137995799296,0.09824059505077957,8.333921432495117,0.8187294006347656,1358.3656385141383,576.6441102134863,1,721.2735649667455,586.6236079875036,1
1129,1132,37.733333333333334,37.844074964523315,37.74378514289856,1788009137648956,1788009138021713152,420895,420896,1788009138020798720,1788009138029131520,0.10975679542203147,8.33272933959961,0.9145736694335938,1358.3521226546966,574.7618190638362,1,721.647509844046,586.2706601980714,1
1130,1133,37.766666666666666,37.87749695777893,37.777207136154175,1788009137682378,1788009138055136512,420899,420900,1788009138054130944,1788009138062463744,0.12065808297567954,8.33272933959961,1.005411148071289,1357.7205810397268,573.4768277426532,1,722.0174617160784,586.5656229664951,1
1131,1134,37.8,37.910926818847656,37.8106369972229,1788009137715808,1788009138088567552,420903,420904,1788009138087463168,1788009138095796992,0.13251323129738235,8.333921432495117,1.1043548583984375,1356.6342694632815,573.5241234402847,1,722.6635362064196,586.7299614075122,1
1132,1135,37.833333333333336,37.94435501098633,37.84406518936157,1788009137749236,1788009138121996544,420907,420908,1788009138120796416,1788009138129129216,0.1440343347639485,8.33272933959961,1.2001991271972656,1355.6572522289357,574.8010367068722,1,723.644305548682,585.8652264179776,1
1133,1136,37.86666666666667,37.977784872055054,37.8774950504303,1788009137782666,1788009138155427584,420911,420912,1788009138154128896,1788009138162461440,0.15587982832618025,8.33272933959961,1.2989044189453125,1354.4620021278097,576.0271590008242,1,724.8509845286161,586.1408952133423,1
1134,1137,37.9,38.011215925216675,37.91092610359192,1788009137816097,1788009138188859904,420915,420916,1788009138187460864,1788009138195794944,0.16787297954512945,8.333921432495117,1.3990402221679688,1352.934653488099,577.2940066936719,1,726.5465252246308,587.1443346864553,1
1135,1138,37.93333333333333,38.044644832611084,37.94435501098633,1788009137849526,1788009138222289920,420919,420920,1788009138220794112,1788009138229126912,0.17951359084406296,8.33272933959961,1.4958381652832031,1351.9634522985261,578.7132373252311,1,727.887418640979,588.812369087047,1
1136,1139,37.96666666666667,38.07807397842407,37.977784156799316,1788009137882955,1788009138255720448,420923,420924,1788009138254126336,1788009138262459392,0.1912963863694887,8.332967758178711,1.5940666198730469,1350.8491554115626,580.8172419124215,1,729.0993792460558,590.4626518224479,1
1137,1140,38.0,38.11149883270264,38.01120901107788,1788009137916380,1788009138289146112,420927,420928,1788009138287458560,1788009138295792640,0.20248891431840937,8.333921432495117,1.6875267028808594,1350.4934393835442,583.5949428953882,1,729.4680776227183,590.1782840813835,1
1138,1141,38.03333333333333,38.14492678642273,38.044636964797974,1788009137949808,1788009138322575360,420931,420932,1788009138320792064,1788009138329124608,0.2140200286123033,8.33272933959961,1.7833709716796875,1350.3288821291242,585.0877925503376,1,730.1438388446115,590.172078231694,1
1139,1142,38.06666666666667,38.178356885910034,38.07806706428528,1788009137983238,1788009138356006656,420935,420936,1788009138354124032,1788009138362458112,0.22589043055356886,8.333921432495117,1.8825531005859375,1350.1364981372972,586.9904350658462,1,730.5321032004858,591.5210829953569,1
1140,1143,38.1,38.21178579330444,38.11149597167969,1788009138016667,1788009138389436672,420939,420940,1788009138387457280,1788009138395790080,0.23753934191702433,8.33272933959961,1.9793510437011719,1350.3890686105522,588.0038084288395,1,730.508255679736,591.7128959721325,1
1141,1144,38.13333333333333,38.245208978652954,38.1449191570282,1788009138050090,1788009138422862336,420943,420944,1788009138420789760,1788009138429122560,0.24872675250357654,8.33272933959961,2.072572708129883,1350.6724140598017,588.7850210355622,1,730.3604137942895,591.8390771507711,1
1142,1145,38.166666666666664,38.27863788604736,38.17834806442261,1788009138083519,1788009138456291840,420947,420948,1788009138454121728,1788009138462455808,0.2603919324846231,8.333921432495117,2.170085906982422,1350.2436634546352,587.856756084637,1,730.2248245887017,591.745915564845,1
1143,1146,38.2,38.31206798553467,38.21177816390991,1788009138116949,1788009138489722624,420951,420952,1788009138487455232,1788009138495787776,0.2721316165951359,8.33272933959961,2.267599105834961,1350.3748334043985,587.3110490540727,1,729.9593777014063,590.9632345188897,1
1144,1147,38.233333333333334,38.34549689292908,38.24520707130432,1788009138150378,1788009138523152384,420955,420956,1788009138520787200,1788009138529120256,0.2838259277273898,8.332967758178711,2.3651123046875,1350.5971526402186,590.3501556728838,1,729.659817926214,590.7827959285747,1
1145,1148,38.266666666666666,38.378933906555176,38.27864408493042,1788009138183815,1788009138556590592,420959,420960,1788009138554119680,1788009138562453504,0.29649549420683735,8.333921432495117,2.4709701538085938,1351.0120885956205,591.2537105146174,1,729.3828412161921,590.53095623388,1
1146,1149,38.3,38.412362813949585,38.31207299232483,1788009138217244,1788009138590020608,420963,420964,1788009138587452928,1788009138595785728,0.30815450643776826,8.33272933959961,2.567768096923828,1351.419079607207,591.0546095925481,1,729.4220012094095,590.5520495872756,1
1147,1150,38.333333333333336,38.44579195976257,38.34550213813782,1788009138250673,1788009138623450880,420967,420968,1788009138620784896,1788009138629117952,0.31993362135561215,8.332967758178711,2.665996551513672,1351.676792585582,589.2770218590983,1,729.3425262461124,589.9249686451541,1
1148,1151,38.36666666666667,38.4792218208313,38.37893199920654,1788009138284103,1788009138656881920,420971,420972,1788009138654117376,1788009138662450944,0.3317503003948046,8.333683013916016,2.7647018432617188,1351.9657486391338,589.5889093471275,1,729.223830001117,588.9616965237843,1
1149,1152,38.4,38.51265287399292,38.412363052368164,1788009138317534,1788009138690313984,420975,420976,1788009138687450624,1788009138695783424,0.3436337625178827,8.33272933959961,2.8634071350097656,1352.443667692079,589.6198688083302,1,729.4261081054182,589.6831923579305,1
1150,1153,38.43333333333333,38.546082973480225,38.44579315185547,1788009138350964,1788009138723745024,420979,420980,1788009138720782848,1788009138729115648,0.3554976967754857,8.332967758178711,2.962350845336914,1352.5302680967618,588.8552050684568,1,729.2757686343078,589.380521108291,1
1151,1154,38.46666666666667,38.57951879501343,38.47922897338867,1788009138384400,1788009138757181952,420983,420984,1788009138754115072,1788009138762448896,0.36799794014991133,8.333683013916016,3.0667781829833984,1352.8898506220821,587.9754524534158,1,728.7626413622103,588.9947351764811,1
1152,1155,38.5,38.61294889450073,38.51265907287598,1788009138417830,1788009138790612736,420987,420988,1788009138787448320,1788009138795781120,0.3797424892703863,8.33272933959961,3.1642913818359375,1353.335111299065,587.0858958823089,1,727.9207000470631,588.7908757070636,1
1153,1156,38.53333333333333,38.64637780189514,38.546087980270386,1788009138451259,1788009138824042496,420991,420992,1788009138820780544,1788009138829114368,0.39141753683307107,8.333921432495117,3.262042999267578,1354.4774504264235,584.836602135077,1,726.6619259528293,588.1075741986109,1
1154,1157,38.56666666666667,38.679807901382446,38.57951807975769,1788009138484689,1788009138857473792,420995,420996,1788009138854113792,1788009138862445568,0.403279345275568,8.331775665283203,3.3600330352783203,1355.5497861250858,582.067800252431,1,724.7214367227473,587.0402328075086,1
1155,1158,38.6,38.71322989463806,38.612940073013306,1788009138518111,1788009138890896896,420999,421000,1788009138887444992,1788009138895778048,0.4142370747618094,8.332967758178711,3.451824188232422,1355.8973468217491,578.7877901122946,1,722.3688496971637,586.4466509617339,1
1156,1159,38.63333333333333,38.74665284156799,38.64636301994324,1788009138551534,1788009138924320768,421003,421004,1788009138920777216,1788009138929111040,0.4251873891400126,8.333683013916016,3.543376922607422,1356.115807676635,575.8408247963349,1,721.1843981443764,586.343654098693,1
1157,1160,38.666666666666664,38.780080795288086,38.67979097366333,1788009138584962,1788009138957749760,421007,421008,1788009138954110720,1788009138962443264,0.4367381974248927,8.33272933959961,3.63922119140625,1357.008600472759,573.4302946017541,1,720.1311187243919,585.3405780277441,1
1158,1161,38.7,38.81351184844971,38.71322202682495,1788009138618393,1788009138991182080,421011,421012,1788009138987442688,1788009138995776768,0.44869117436704337,8.333921432495117,3.7393569946289062,1357.2129980988705,572.5185251381788,1,719.6253787783118,583.6142542056822,1
1159,1162,38.733333333333334,38.84693884849548,38.74664902687073,1788009138651820,1788009139024610304,421015,421016,1788009139020775936,1788009139029108736,0.46014306151645207,8.33272933959961,3.834247589111328,1357.6397950474216,571.1289851149365,1,718.6511849802127,582.2460747411388,1
1160,1163,38.766666666666666,38.88037896156311,38.780089139938354,1788009138685260,1788009139058051584,421019,421020,1788009139054108160,1788009139062441216,0.47323395610998253,8.332967758178711,3.9434432983398438,1358.3520805948788,570.6323603359929,1,718.6110894558476,582.2291108750491,1
1161,1164,38.8,38.91380190849304,38.813512086868286,1788009138718683,1788009139091475456,421023,421024,1788009139087440384,1788009139095774208,0.4841792069577159,8.333683013916016,4.034996032714844,1358.527891431975,569.4038893057236,1,719.0543113136423,583.6126305284595,1
1162,1165,38.833333333333336,38.94723081588745,38.846940994262695,1788009138752112,1788009139124905472,421027,421028,1788009139120773888,1788009139129106432,0.4958226037195994,8.33272933959961,4.131555557250977,1358.3635746529728,569.9616053846358,1,719.5082635043784,584.430983722901,1
1163,1166,38.86666666666667,38.98065996170044,38.880370140075684,1788009138785541,1788009139158335744,421031,421032,1788009139154105856,1788009139162438912,0.5075963491745586,8.332967758178711,4.103183746337891,1357.2998857276143,574.9935418234446,1,719.5609066101107,584.768442403874,1
1164,1167,38.9,39.01408886909485,38.91379904747009,1788009138818970,1788009139191765760,421035,421036,1788009139187438336,1788009139195771904,0.5192824855524404,8.333683013916016,4.006147384643555,1357.203765704513,577.6215479230801,1,719.7039530126928,585.8300791753588,1
1165,1168,38.93333333333333,39.04751801490784,38.94722819328308,1788009138852399,1788009139225196032,421039,421040,1788009139220771584,1788009139229104384,0.5309871244635194,8.33272933959961,3.9081573486328125,1356.7578367253477,579.1929938209255,1,719.431582237322,587.2080169360826,1
1166,1169,38.96666666666667,39.08094882965088,38.98065900802612,1788009138885830,1788009139258628096,421043,421044,1788009139254103552,1788009139262436352,0.5429756795422032,8.33272933959961,3.808259963989258,1356.5663904040885,580.5359216410833,1,719.2499657314688,587.3474996417983,1
1167,1170,39.0,39.114378929138184,39.01408910751343,1788009138919260,1788009139292059392,421047,421048,1788009139287436032,1788009139295769600,0.5547862905532986,8.333683013916016,3.7102699279785156,1356.583881796757,581.506932610615,1,719.0527254086285,587.4941924643624,1
1168,1171,39.03333333333333,39.147806882858276,39.04751706123352,1788009138952688,1788009139325488384,421051,421052,1788009139320769024,1788009139329102080,0.5663357271608824,8.332967758178711,3.613710403442383,1356.3729765944447,582.4298947162265,1,718.6124838035544,586.6301766052857,1
1169,1172,39.06666666666667,39.18124580383301,39.08095598220825,1788009138986127,1788009139358928384,421055,421056,1788009139354101504,1788009139362434048,0.5792846924177396,8.33272933959961,3.505706787109375,1356.4409216297267,582.6265960769339,1,718.1969718832179,586.5754613695111,1
1170,1173,39.1,39.214674949645996,39.11438512802124,1788009139019556,1788009139392358656,421059,421060,1788009139387433728,1788009139395767552,0.5909767122503862,8.333683013916016,3.408670425415039,1357.101851205648,582.8170432978146,1,718.2087465231577,587.4274190913862,1
1171,1174,39.13333333333333,39.24810481071472,39.147814989089966,1788009139052986,1788009139425789952,421063,421064,1788009139420766720,1788009139429099776,0.602786758604904,8.332967758178711,3.309965133666992,1357.22487525402,582.5382128204262,1,717.9685039828873,587.6886372618642,1
1172,1175,39.166666666666664,39.281533002853394,39.18124318122864,1788009139086414,1788009139459218944,421067,421068,1788009139454099200,1788009139462432768,0.614350288951193,8.333683013916016,3.2138824462890625,1358.0835816719066,582.836535142562,1,717.935732779905,588.3297284780255,1
1173,1176,39.2,39.31496286392212,39.21467304229736,1788009139119844,1788009139492649984,421071,421072,1788009139487432448,1788009139495765248,0.6261516452074392,8.33272933959961,3.1151771545410156,1358.716895949746,582.4130158757839,1,718.1688768818789,588.0406855009361,1
1174,1177,39.233333333333334,39.34839200973511,39.24810218811035,1788009139153273,1788009139526080256,421075,421076,1788009139520764672,1788009139529097472,0.6379216617550285,8.332967758178711,3.0171871185302734,1359.4814827080763,580.7640929725025,1,718.148486633395,586.9780657935897,1
1175,1178,39.266666666666666,39.38182187080383,39.28153204917908,1788009139186703,1788009139559511296,421079,421080,1788009139554096896,1788009139562430720,0.6497110488070035,8.333683013916016,2.9191970825195312,1360.6313815228689,579.7528003728515,1,717.8453111944079,585.9463032967174,1
1176,1179,39.3,39.41525983810425,39.31497001647949,1788009139220141,1788009139592950528,421083,421084,1788009139587429888,1788009139595762944,0.6624989270693257,8.332967758178711,2.8123855590820312,1361.590713593039,577.8107457995851,1,717.492946763256,583.9340206625335,1
1177,1180,39.333333333333336,39.44868993759155,39.3484001159668,1788009139253571,1788009139626381568,421087,421088,1788009139620762368,1788009139629095168,0.6743633762517882,8.33272933959961,2.713441848754883,1362.4724244616216,575.7115579409893,1,716.6704571114817,582.357808903995,1
1178,1181,39.36666666666667,39.48211884498596,39.381829023361206,1788009139287000,1788009139659811840,421091,421092,1788009139654094592,1788009139662428416,0.6860159066201293,8.333683013916016,2.6166439056396484,1362.8801464936414,575.111142139488,1,715.8305196132876,580.7498937503156,1
1179,1182,39.4,39.51555681228638,39.41526699066162,1788009139320438,1788009139693251072,421095,421096,1788009139687427840,1788009139695760640,0.6988355125747475,8.332967758178711,2.509593963623047,1363.1986368513685,570.4833569694973,1,715.1983659279913,578.37189889765,1
1180,1183,39.43333333333333,39.54898691177368,39.448697090148926,1788009139353868,1788009139726682368,421099,421100,1788009139720760064,1788009139729092864,0.7107296137339055,8.33272933959961,2.410411834716797,1363.5830857887606,565.9116024727567,1,714.7780363520875,575.9843987989407,1
1181,1184,39.46666666666667,39.582414865493774,39.48212504386902,1788009139387296,1788009139760111616,421103,421104,1788009139754092288,1788009139762426112,0.7222714919181805,8.333921432495117,2.3145675659179688,1364.3744471016753,560.6627912911016,1,714.67029242842,573.1254112585453,1
1182,1185,39.5,39.61584401130676,39.51555418968201,1788009139420725,1788009139793541632,421107,421108,1788009139787425536,1788009139795758592,0.733970415724872,8.332967758178711,2.216815948486328,1365.5419732325395,554.6090881399482,1,713.7789904828352,570.342276605851,1
1183,1186,39.53333333333333,39.64927387237549,39.54898405075073,1788009139454155,1788009139826972672,421111,421112,1788009139820757760,1788009139829091584,0.745751559192081,8.333683013916016,2.118825912475586,1366.686241802189,550.7900645315968,1,712.5123248480907,567.5032810051825,1
1184,1187,39.56666666666667,39.68270301818848,39.58241319656372,1788009139487584,1788009139860402688,421115,421116,1788009139854091264,1788009139862423040,0.7575115893092199,8.331775665283203,2.0203590393066406,1367.9202641213064,549.0527678674314,1,711.7008865336949,565.219104813989,1
1185,1188,39.6,39.71613383293152,39.61584401130676,1788009139521015,1788009139893834240,421119,421120,1788009139887422208,1788009139895755008,0.7694706723891274,8.33272933959961,1.920938491821289,1368.5969081286635,549.2463473292099,1,711.4614599081679,564.0479486650645,1
1186,1189,39.63333333333333,39.74956488609314,39.649275064468384,1788009139554446,1788009139927265792,421123,421124,1788009139920754432,1788009139929088256,0.7813188385066514,8.333921432495117,1.8224716186523438,1368.9369826925222,549.8776533640602,1,710.8250698346435,562.0887130452552,1
1187,1190,39.666666666666664,39.78299283981323,39.68270301818848,1788009139587874,1788009139960695040,421127,421128,1788009139954087680,1788009139962420736,0.7929100741037453,8.332967758178711,1.7256736755371094,1368.6863360166212,550.2609706680029,1,710.0246533513807,560.1805181134265,1
1188,1191,39.7,39.81642985343933,39.716140031814575,1788009139621311,1788009139994133504,421131,421132,1788009139987420160,1788009139995752704,0.8056652360515022,8.33272933959961,1.6193389892578125,1369.3368172430678,548.5491526213075,1,708.1819948939108,558.1403041567035,1
1189,1192,39.733333333333334,39.84986090660095,39.749571084976196,1788009139654742,1788009140027565568,421135,421136,1788009140020752128,1788009140029086208,0.8175368330710914,8.333921432495117,1.5206336975097656,1369.8445924149596,547.041071986812,1,706.7797890986541,557.368252218346,1
1190,1193,39.766666666666666,39.88329601287842,39.78300619125366,1788009139688177,1788009140061001728,421139,421140,1788009140054085376,1788009140062418176,0.8300143061516452,8.33272933959961,1.4164447784423828,1370.7952984382991,545.1986814698116,1,705.430824947436,556.3092228822372,1
1191,1194,39.8,39.916725873947144,39.81643605232239,1788009139721607,1788009140094432768,421143,421144,1788009140087417856,1788009140095751424,0.841763460548149,8.333683013916016,1.3186931610107422,1371.4702677567293,544.4676667303177,1,704.3683719062709,556.0355933814745,1
1192,1195,39.833333333333336,39.95015287399292,39.849863052368164,1788009139755034,1788009140127860736,421147,421148,1788009140120750848,1788009140129083904,0.8532230837458156,8.332967758178711,1.2230873107910156,1372.3984853682025,543.4687875477151,1,703.5439189615596,556.2562870831986,1
1193,1196,39.86666666666667,39.98359298706055,39.88330316543579,1788009139788474,1788009140161302016,421151,421152,1788009140154083328,1788009140162415872,0.8663233190271817,8.33272933959961,1.1138916015625,1372.5423717477092,544.4160317643091,1,702.9346055853347,556.1220317936785,1
1194,1197,39.9,40.017030000686646,39.91674017906189,1788009139821911,1788009140194740224,421155,421156,1788009140187415296,1788009140195749376,0.8789300529251896,8.333921432495117,1.0089874267578125,1371.8485705479297,545.460732928128,1,702.7769078907456,556.0813019920901,1
1195,1198,39.93333333333333,40.05046081542969,39.95017099380493,1788009139855342,1788009140228172288,421159,421160,1788009140220748544,1788009140229081600,0.8908757975451346,8.332967758178711,0.9093284606933594,1372.0688006475004,545.8727896789713,1,702.5109487700049,555.6954333200075,1
1196,1199,39.96666666666667,40.08388900756836,39.9835991859436,1788009139888770,1788009140261601792,421163,421164,1788009140254081024,1788009140262413824,0.9025464949928469,8.33272933959961,0.8120536804199219,1371.7447252517793,546.0900389982455,1,702.3543543799497,555.3888930265583,1
1197,1200,40.0,40.117326974868774,40.01703715324402,1788009139922208,1788009140295040768,421167,421168,1788009140287413248,1788009140295747072,0.9152624803318552,8.333921432495117,0.7061958312988281,1371.8278355956888,546.0178144688877,1,702.5872586753561,555.6681791494472,1
1198,1201,40.03333333333333,40.150755882263184,40.05046606063843,1788009139955637,1788009140328470784,421171,421172,1788009140320746496,1788009140329079040,0.9269814020028613,8.33272933959961,0.6084442138671875,1372.2258611780587,545.6835308952352,1,702.7453068291799,555.2410822220668,1
1199,1202,40.06666666666667,40.18418478965759,40.08389496803284,1788009139989066,1788009140361900800,421175,421176,1788009140354078720,1788009140362411520,0.9387124463519313,8.33272933959961,0.5106925964355469,1372.835730739712,544.8392291272446,1,702.7825870246351,555.0829235488676,1
1200,1203,40.1,40.21762180328369,40.117331981658936,1788009140022503,1788009140395339264,421179,421180,1788009140387410944,1788009140395744768,0.9513374338435131,8.333921432495117,0.4055500030517578,1373.462436575421,544.1056089012839,1,702.8602702639415,555.2829761061507,1
1201,1204,40.13333333333333,40.251051902770996,40.15076208114624,1788009140055933,1788009140428770560,421183,421184,1788009140420744192,1788009140429076992,0.9632331902718169,8.33272933959961,0.3063678741455078,1373.5328195218888,543.5583548240731,1,703.0219540763775,555.4077984602014,1
1202,1205,40.166666666666664,40.284480810165405,40.18419098854065,1788009140089362,1788009140462200320,421187,421188,1788009140454076416,1788009140462410240,0.9748240544715913,8.333683013916016,0.209808349609375,1374.2098077579906,543.0858983371212,1,703.3280965275947,555.5972477966375,1
1203,1206,40.2,40.3179190158844,40.217629194259644,1788009140122800,1788009140495639808,421191,421192,1788009140487409664,1788009140495742464,0.9876684501158766,8.332967758178711,0.10275840759277344,1374.93788288404,542.5167600261213,1,703.3000273938385,555.5863263691244,1
1204,1207,40.233333333333334,40.35134792327881,40.25105810165405,1788009140156229,1788009140529069568,421195,421196,1788009140520741888,1788009140529074688,0.9993991416309013,8.33272933959961,0.0050067901611328125,1376.677942525248,542.0171745014887,1,703.3665741811385,555.8754100054008,1
1205,1208,40.266666666666666,40.38477802276611,40.28448820114136,1788009140189659,1788009140562500864,421200,421201,1788009140562407936,1788009140570740736,0.011158798283261802,8.33272933959961,0.09298324584960938,1378.5745786298194,542.2257020672121,1,703.889046562278,556.7754708298022,1
1206,1209,40.3,40.418208837509155,40.3179190158844,1788009140223090,1788009140595933184,421204,421205,1788009140595740416,1788009140604072960,0.023147353361945636,8.33272933959961,0.19288063049316406,1378.1598450526546,544.4766319977941,1,704.9038518430405,557.6009707448621,1
1207,1210,40.333333333333336,40.45163679122925,40.35134696960449,1788009140256518,1788009140629362176,421208,421209,1788009140629072384,1788009140637406464,0.03475897582606208,8.333921432495117,0.28967857360839844,1376.1349215014116,548.0781925556976,1,706.5247125715205,559.3555129046065,1
1208,1211,40.36666666666667,40.48507380485535,40.38478398323059,1788009140289955,1788009140662800384,421212,421213,1788009140662405632,1788009140670738432,0.04735336194563662,8.33272933959961,0.39458274841308594,1372.900066556173,554.6410130495663,1,709.5621881326648,562.4023907912408,1
1209,1212,40.4,40.51850390434265,40.418214082717896,1788009140323385,1788009140696231680,421216,421217,1788009140695737856,1788009140704070912,0.0592543847100226,8.332967758178711,0.49376487731933594,1369.8015859994653,559.9104507973902,1,714.742625644923,569.3005017680397,1
1210,1213,40.43333333333333,40.551934003829956,40.4516441822052,1788009140356815,1788009140729662976,421220,421221,1788009140729070080,1788009140737403904,0.07112204611775476,8.333683013916016,0.5927085876464844,1368.7697489643574,561.2035596324906,1,718.3533840735539,573.6708163415727,1
1211,1214,40.46666666666667,40.585362911224365,40.48507308959961,1788009140390244,1788009140763092480,421224,421225,1788009140762403584,1788009140770736128,0.082689556509299,8.33272933959961,0.6890296936035156,1367.3866986523444,560.6874465345675,1,719.8500166801266,574.7158019737649,1
1212,1215,40.5,40.618793964385986,40.51850414276123,1788009140423675,1788009140796524288,421228,421229,1788009140795735552,1788009140804068608,0.09464679122199651,8.332967758178711,0.7886886596679688,1365.3409887184246,562.2622333004346,1,722.1041860009115,575.606239897709,1
1213,1216,40.53333333333333,40.65222191810608,40.55193209648132,1788009140457103,1788009140829953024,421232,421233,1788009140829068032,1788009140837401600,0.10619671568346971,8.333683013916016,0.885009765625,1362.996698972542,562.8817046163462,1,722.6519386075123,573.0418531459076,1
1214,1217,40.56666666666667,40.685652017593384,40.58536219596863,1788009140490533,1788009140863385344,421236,421237,1788009140862400000,1788009140870733056,0.11825126605819576,8.332967758178711,0.9853839874267578,1362.3728380813045,559.6830030931144,1,722.1844063811275,569.4820748146749,1
1215,1218,40.6,40.71907591819763,40.618786096572876,1788009140523957,1788009140896809984,421240,421241,1788009140895732480,1788009140904066048,0.12931281112319049,8.333683013916016,1.0776519775390625,1363.114056849654,555.7164064348101,1,721.3414853874574,566.9515212763949,1
1216,1219,40.63333333333333,40.75250291824341,40.65221309661865,1788009140557384,1788009140930237696,421244,421245,1788009140929065728,1788009140937398528,0.14065808297567955,8.33272933959961,1.1720657348632812,1363.6770483550501,551.2108145823939,1,721.0585821451514,565.643328516603,1
1217,1220,40.666666666666664,40.78593301773071,40.68564319610596,1788009140590814,1788009140963668480,421248,421249,1788009140962397696,1788009140970730752,0.15249921318417212,8.332967758178711,1.2707710266113281,1363.7249168569383,548.3177089130033,1,720.4005848611605,564.1158541866319,1
1218,1221,40.7,40.81936287879944,40.71907305717468,1788009140624244,1788009140997099520,421252,421253,1788009140995730176,1788009141004063744,0.16433026263088632,8.333683013916016,1.369476318359375,1363.0857807140744,547.2725865653632,1,720.0959372976625,563.7517389900096,1
1219,1222,40.733333333333334,40.85278582572937,40.752496004104614,1788009140657667,1788009141030523904,421256,421257,1788009141029063424,1788009141037396224,0.17525035765379113,8.33272933959961,1.4603137969970703,1361.9371144111547,546.3770444128943,1,719.626492157901,562.8216197379179,1
1220,1223,40.766666666666666,40.88621687889099,40.785927057266235,1788009140691098,1788009141063955712,421260,421261,1788009141062395648,1788009141070728192,0.18723891273247498,8.33272933959961,1.560211181640625,1361.3457125924679,546.9303038261023,1,719.6351338831947,562.6177249888498,1
1221,1224,40.8,40.919646978378296,40.81935715675354,1788009140724528,1788009141097386752,421264,421265,1788009141095728896,1788009141104061696,0.19896995708154505,8.33272933959961,1.6579627990722656,1361.2930483952684,547.9653123455794,1,719.8691569932785,562.7716821339778,1
1222,1225,40.833333333333336,40.953068017959595,40.85277819633484,1788009140757949,1788009141130809344,421268,421269,1788009141129060864,1788009141137393920,0.20980801693799891,8.332967758178711,1.7483234405517578,1362.2137102648476,548.2538822194466,1,719.8475385362078,563.1239366800335,1
1223,1226,40.86666666666667,40.98649787902832,40.886208057403564,1788009140791379,1788009141164240640,421272,421273,1788009141162393344,1788009141170727168,0.22165641539121728,8.333921432495117,1.8472671508789062,1361.7475957128756,548.3740063984742,1,719.9230477273197,563.534400958157,1
1224,1227,40.9,41.01992678642273,40.919636964797974,1788009140824808,1788009141197670656,421276,421277,1788009141195726592,1788009141204059392,0.2333047210300429,8.33272933959961,1.9440650939941406,1361.9738276172075,548.1558199981955,1,719.8234876831305,563.680429072073,1
1225,1228,40.93333333333333,41.05334687232971,40.953057050704956,1788009140858228,1788009141231091712,421280,421281,1788009141229058816,1788009141237391616,0.24397012961002545,8.332967758178711,2.0329952239990234,1362.2300669194685,549.2075220080443,1,720.1078973849164,564.0283271441415,1
1226,1229,40.96666666666667,41.08677697181702,40.98648715019226,1788009140891658,1788009141264523008,421284,421285,1788009141262391040,1788009141270724864,0.25582193740344455,8.333683013916016,2.131938934326172,1361.765300081004,549.9081286784685,1,720.2677307297038,564.5026646455545,1
1227,1230,41.0,41.12020683288574,41.019917011260986,1788009140925088,1788009141297953792,421288,421289,1788009141295724288,1788009141304057088,0.26755364806866955,8.33272933959961,2.229452133178711,1362.1871721198515,549.434257194087,1,720.5834867965223,565.2642923458321,1
1228,1231,41.03333333333333,41.15363097190857,41.05334115028381,1788009140958512,1788009141331378944,421292,421293,1788009141329056512,1788009141337389312,0.2787124463519313,8.33272933959961,2.3224353790283203,1362.4686722535607,549.5920345744403,1,719.723699160369,565.815254193158,1
1229,1232,41.06666666666667,41.18705987930298,41.08677005767822,1788009140991941,1788009141364808960,421296,421297,1788009141362388736,1788009141370722560,0.290410253475997,8.333683013916016,2.420186996459961,1364.1995466239885,550.0879382729776,1,718.3776378919538,566.6960475917272,1
1230,1233,41.1,41.22048878669739,41.12019896507263,1788009141025370,1788009141398239232,421300,421301,1788009141395721984,1788009141404054784,0.30208005493405055,8.332967758178711,2.517223358154297,1365.8952048246804,550.2760116545356,1,716.415077414686,567.7217857029699,1
1231,1234,41.13333333333333,41.25391888618469,41.15362906455994,1788009141058800,1788009141431670528,421304,421305,1788009141429054208,1788009141437387008,0.31396280400572246,8.33272933959961,2.6161670684814453,1368.4964129396628,550.2569219285737,1,713.4139476210506,568.3672434230305,1
1232,1235,41.166666666666664,41.287341833114624,41.18705201148987,1788009141092223,1788009141465094400,421308,421309,1788009141462386688,1788009141470720256,0.32491274246152085,8.333683013916016,2.7077198028564453,1372.087624800105,550.9784065294705,1,709.5036575876677,569.3383263911829,1
1233,1236,41.2,41.32077097892761,41.220481157302856,1788009141125652,1788009141498524672,421312,421313,1788009141495719680,1788009141504052736,0.33661411690652626,8.332967758178711,2.804994583129883,1375.7152116520012,552.1931543274736,1,706.2448592000637,570.8063748742195,1
1234,1237,41.233333333333334,41.354198932647705,41.25390911102295,1788009141159080,1788009141531953920,421316,421317,1788009141529051904,1788009141537385728,0.34820049207529896,8.333683013916016,2.901792526245117,1378.4303183916866,553.1466617656979,1,703.8893213182029,572.5873645530363,1
1235,1238,41.266666666666666,41.387632846832275,41.28734302520752,1788009141192514,1788009141565388800,421320,421321,1788009141562385408,1788009141570717952,0.3604577968526466,8.33272933959961,3.0035972595214844,1381.3892045250789,551.8476211676518,1,701.6061470077328,574.0926982911062,1
1236,1239,41.3,41.42105197906494,41.320762157440186,1788009141225933,1788009141598809344,421324,421325,1788009141595717376,1788009141604050432,0.37103373294040226,8.332967758178711,3.0918121337890625,1383.2157873057051,553.4775328590281,1,699.5201077651936,574.8948821222671,1
1237,1240,41.333333333333336,41.454489946365356,41.3542001247406,1788009141259371,1788009141632248320,421328,421329,1788009141629049856,1788009141637383424,0.38381873319219545,8.333683013916016,3.1986236572265625,1384.647121860335,556.1211065599211,1,698.1911846013811,575.2436816839655,1
1238,1241,41.36666666666667,41.48791980743408,41.387629985809326,1788009141292801,1788009141665679104,421332,421333,1788009141662383104,1788009141670715904,0.3955650929899857,8.33272933959961,3.2961368560791016,1385.844181906758,558.269916033931,1,696.6283672075737,574.7087080035392,1
1239,1242,41.4,41.5213508605957,41.42106103897095,1788009141326232,1788009141699111424,421336,421337,1788009141695715072,1788009141704047872,0.40758226037195994,8.33272933959961,3.396272659301758,1387.0566123710275,560.7274729581881,1,696.555261392323,576.1694506377727,1
1240,1243,41.43333333333333,41.554778814315796,41.45448899269104,1788009141359660,1788009141732540672,421340,421341,1788009141729047552,1788009141737381120,0.4191508840189964,8.333683013916016,3.493070602416992,1386.4673350776138,564.9213561583363,1,696.9968046746708,577.5123536670201,1
1241,1244,41.46666666666667,41.588207960128784,41.48791813850403,1788009141393089,1788009141765970944,421344,421345,1788009141762380544,1788009141770713600,0.43086034734342366,8.332967758178711,3.5903453826904297,1386.0131669890477,568.5519953283068,1,696.7758902411424,579.4287018159208,1
1242,1245,41.5,41.621644020080566,41.52135419845581,1788009141426525,1788009141799408128,421348,421349,1788009141795713024,1788009141804045568,0.4434620886981402,8.33272933959961,3.695249557495117,1386.2876297072305,571.7669376351661,1,698.3469449740471,582.5496479242934,1
1243,1246,41.53333333333333,41.65507388114929,41.554784059524536,1788009141459955,1788009141832839168,421352,421353,1788009141829045248,1788009141837379072,0.45525547862905535,8.333683013916016,3.793954849243164,1386.238424110553,574.8865142200274,1,699.2544276661188,585.2221313628451,1
1244,1247,41.56666666666667,41.6885039806366,41.58821415901184,1788009141493385,1788009141866270208,421356,421357,1788009141862377472,1788009141870710016,0.4671816881258941,8.33272933959961,3.8928985595703125,1385.166742246376,578.4518133130041,1,701.244402565469,588.3489766482833,1
1245,1248,41.6,41.721940994262695,41.62165117263794,1788009141526822,1788009141899708416,421360,421361,1788009141895709696,1788009141904043520,0.4798306345482634,8.333683013916016,3.9987564086914062,1383.6150523299168,581.0695546942014,1,702.4783664867645,590.1061583682475,1
1246,1249,41.63333333333333,41.75537085533142,41.655081033706665,1788009141560252,1788009141933139456,421364,421365,1788009141929042944,1788009141937375744,0.491631140739893,8.332967758178711,4.096746444702148,1382.7109006816545,583.5505716863308,1,703.0362934034081,591.3323843756763,1
1247,1250,41.666666666666664,41.788800954818726,41.68851113319397,1788009141593682,1788009141966570752,421368,421369,1788009141962375168,1788009141970707968,0.503519313304721,8.33272933959961,4.1370391845703125,1382.151061099532,584.5246256228379,1,704.26781060221,592.2705462889038,1
1248,1251,41.7,41.82223081588745,41.721940994262695,1788009141627112,1788009142000001536,421372,421373,1788009141995707392,1788009142004041216,0.5152624803318553,8.333921432495117,4.039764404296875,1382.0357469460519,584.6967001208251,1,704.3809375425761,592.2741873747358,1
1249,1252,41.733333333333334,41.855660915374756,41.75537109375,1788009141660542,1788009142033432576,421376,421377,1788009142029040640,1788009142037373440,0.5270521587365168,8.332967758178711,3.941059112548828,1382.3191356345333,584.7257000446983,1,704.3763455121181,592.9229309131345,1
1250,1253,41.766666666666666,41.889097929000854,41.7888081073761,1788009141693979,1788009142066870272,421380,421381,1788009142062372864,1788009142070705664,0.5397138769670958,8.33272933959961,3.835439682006836,1382.7463414707022,584.322750785481,1,704.078526920438,593.0538576885803,1
1251,1254,41.8,41.92252492904663,41.822235107421875,1788009141727406,1788009142100298240,421384,421385,1788009142095705088,1788009142104038912,0.5511371763696181,8.333921432495117,3.7407875061035156,1383.764157242797,583.5168120343008,1,703.339491971893,592.2648672702492,1
1252,1255,41.833333333333336,41.955962896347046,41.85567307472229,1788009141760844,1788009142133737216,421388,421389,1788009142129038336,1788009142137371136,0.5639198855507869,8.33272933959961,3.633737564086914,1384.8559842150846,582.6902528269952,1,703.2149610091924,592.06792144558,1
1253,1256,41.86666666666667,41.989391803741455,41.8891019821167,1788009141794273,1788009142167167232,421392,421393,1788009142162370560,1788009142170704384,0.5755564456142358,8.333683013916016,3.5371780395507812,1385.17838980376,582.072118124431,1,702.3362290005552,590.751727144921,1
1254,1257,41.9,42.02282381057739,41.92253398895264,1788009141827705,1788009142200600320,421396,421397,1788009142195703808,1788009142204036608,0.5876226717404366,8.332967758178711,3.4363269805908203,1385.3768614718347,581.8628319213732,1,702.0699362153383,590.3257738951069,1
1255,1258,41.93333333333333,42.05625295639038,41.955963134765625,1788009141861134,1788009142234030848,421400,421401,1788009142229036032,1788009142237368832,0.5993991416309012,8.33272933959961,3.3380985260009766,1385.5661022140976,581.5929794912888,1,701.7275338300716,589.8929631370305,1
1256,1259,41.96666666666667,42.089690923690796,41.98940110206604,1788009141894572,1788009142267469824,421404,421405,1788009142262368512,1788009142270702080,0.6121473937174572,8.333683013916016,3.232240676879883,1385.490815099441,581.4052768817821,1,701.3059299318797,589.2076377357808,1
1257,1260,42.0,42.12311887741089,42.02282905578613,1788009141928000,1788009142300899072,421408,421409,1788009142295701504,1788009142304034560,0.623730365368659,8.332967758178711,3.1354427337646484,1385.282737035654,581.3644205228231,1,701.3839701820027,589.1944026680485,1
1258,1261,42.03333333333333,42.15654897689819,42.05625915527344,1788009141961430,1788009142334330624,421412,421413,1788009142329033728,1788009142337366528,0.6356509298998569,8.33272933959961,3.036022186279297,1385.4212032706446,581.2766497154339,1,701.202003126544,588.8383827589498,1
1259,1262,42.06666666666667,42.18998599052429,42.089696168899536,1788009141994867,1788009142367768832,421416,421417,1788009142362365952,1788009142370699776,0.6482906594192533,8.333921432495117,2.9311180114746094,1385.2532010771608,581.3505206185421,1,701.1772594006381,589.0010396021602,1
1260,1263,42.1,42.223413944244385,42.12312412261963,1788009142028295,1788009142401197568,421420,421421,1788009142395699200,1788009142404032256,0.6598380589968813,8.332967758178711,2.8345584869384766,1385.1894928148674,581.2669880611918,1,700.9302542907768,588.6180431337369,1
1261,1264,42.13333333333333,42.25685095787048,42.15656113624573,1788009142061732,1788009142434635776,421424,421425,1788009142429031680,1788009142437364224,0.6725608011444921,8.33272933959961,2.7284622192382812,1384.9641740194052,580.923896887977,1,700.0353530927433,587.4110658071987,1
1262,1265,42.166666666666664,42.290282011032104,42.18999218940735,1788009142095163,1788009142468067840,421428,421429,1788009142462363648,1788009142470697728,0.6844514375625804,8.333921432495117,2.6297569274902344,1384.901650213189,580.6179053656648,1,699.8049164140347,586.7458811327248,1
1263,1266,42.2,42.323718786239624,42.22342896461487,1788009142128600,1788009142501505792,421432,421433,1788009142495696896,1788009142504029696,0.6971101573676681,8.33272933959961,2.5238990783691406,1384.7087015397435,580.6974396448682,1,699.655067367655,586.1123078739986,1
1264,1267,42.233333333333334,42.35714793205261,42.256858110427856,1788009142162029,1788009142534936064,421436,421437,1788009142529029376,1788009142537362176,0.7088698140200286,8.33272933959961,2.4259090423583984,1384.6077615058443,580.4921523464145,1,699.345963767377,585.1150058973693,1
1265,1268,42.266666666666666,42.390586853027344,42.29029703140259,1788009142195468,1788009142568376576,421440,421441,1788009142562362368,1788009142570695424,0.7217247002946983,8.332967758178711,2.318859100341797,1385.0877159386814,579.7456517328978,1,699.199555595213,583.9143682937018,1
1266,1269,42.3,42.42401599884033,42.323726177215576,1788009142228897,1788009142601806848,421444,421445,1788009142595694848,1788009142604027392,0.7335050071530759,8.33272933959961,2.220630645751953,1384.481969668002,578.7979997937932,1,699.3171053718086,583.3862975904382,1
1267,1270,42.333333333333336,42.45744585990906,42.3571560382843,1788009142262327,1788009142635237888,421448,421449,1788009142629026816,1788009142637360896,0.74527249320555,8.333921432495117,2.1228790283203125,1383.4338537975252,577.2490632891592,1,699.6201189210581,582.8069114337852,1
1268,1271,42.36666666666667,42.490882873535156,42.3905930519104,1788009142295764,1788009142668676096,421452,421453,1788009142662360064,1788009142670693120,0.7579468398615204,8.332967758178711,2.0170211791992188,1381.9928447177074,575.5247113202541,1,700.6577525163796,582.2947782272107,1
1269,1272,42.4,42.52431082725525,42.42402100563049,1788009142329192,1788009142702105088,421456,421457,1788009142695692544,1788009142704025344,0.7695565092989985,8.33272933959961,1.9202232360839844,1380.7985206033475,573.4207106936399,1,702.6378212879277,582.4609258048848,1
1270,1273,42.43333333333333,42.55773997306824,42.45745015144348,1788009142362621,1788009142735535360,421460,421461,1788009142729024768,1788009142737358592,0.7812330138749821,8.333921432495117,1.8231868743896484,1380.9036362763732,570.5197205480832,1,704.9254283122305,583.1385207762726,1
1271,1274,42.46666666666667,42.59116983413696,42.49088001251221,1788009142396051,1788009142768966400,421464,421465,1788009142762358016,1788009142770690560,0.7930758226037196,8.33272933959961,1.7242431640625,1381.463404823569,568.4760882039733,1,706.6976896001627,583.2441972332987,1
1272,1275,42.5,42.62460780143738,42.52431797981262,1788009142429489,1788009142802405888,421468,421469,1788009142795690240,1788009142804023040,0.8059227467811159,8.33272933959961,1.6171932220458984,1382.574519819375,566.2006432963899,1,708.2567679430863,582.8035441221544,1
1273,1276,42.53333333333333,42.65803790092468,42.55774807929993,1788009142462919,1788009142835836672,421472,421473,1788009142829022464,1788009142837356288,0.8176512659133172,8.333921432495117,1.5196800231933594,1382.3549837321243,564.9839365640822,1,709.5046641056103,581.5627561174388,1
1274,1277,42.56666666666667,42.69146680831909,42.591176986694336,1788009142496348,1788009142869266176,421476,421477,1788009142862354688,1788009142870687488,0.8294420600858369,8.33272933959961,1.421213150024414,1381.8276882270557,563.6479601173746,1,710.6271998365148,580.8024298969295,1
1275,1278,42.6,42.7248969078064,42.62460708618164,1788009142529778,1788009142902696960,421480,421481,1788009142895686912,1788009142904020736,0.8411672149907023,8.333921432495117,1.323699951171875,1380.9551394257956,563.2973009904347,1,711.6712787800848,581.6101349828742,1
1276,1279,42.63333333333333,42.75832796096802,42.65803813934326,1788009142563209,1788009142936129280,421484,421485,1788009142929020160,1788009142937352960,0.8531616595135908,8.33272933959961,1.2235641479492188,1381.1095318820758,562.8287409186371,1,712.4313573821146,580.6671183831296,1
1277,1280,42.666666666666664,42.79175591468811,42.691466093063354,1788009142596637,1788009142969558528,421488,421489,1788009142962352640,1788009142970685184,0.8647782546494993,8.33272933959961,1.1267662048339844,1381.261222970688,563.0304140567696,1,713.8528577064254,581.8339815668403,1
1278,1281,42.7,42.82518482208252,42.724895000457764,1788009142630066,1788009143002988288,421492,421493,1788009142995684608,1788009143004018432,0.8763839221856673,8.333921432495117,1.0302066802978516,1379.363572109173,564.8519169483468,1,715.5594197203259,583.8449663370225,1
1279,1282,42.733333333333334,42.858614921569824,42.75832509994507,1788009142663496,1788009143036419584,421496,421497,1788009143029017856,1788009143037350656,0.8882689556509299,8.33272933959961,0.9310245513916016,1377.603912803237,566.1577357839773,1,716.3503801684157,584.001354099622,1
1280,1283,42.766666666666666,42.892045974731445,42.79175615310669,1788009142696927,1788009143069851904,421500,421501,1788009143062350080,1788009143070682880,0.9002603645103144,8.332967758178711,0.8311271667480469,1377.0902532879286,567.5153590617496,1,717.0165009745398,585.3535580253869,1
1281,1284,42.8,42.92547297477722,42.825183153152466,1788009142730354,1788009143103280128,421504,421505,1788009143095682304,1788009143104016384,0.9116578458017451,8.333921432495117,0.736236572265625,1374.826484716701,570.6831385727613,1,717.4822763292249,585.4640063960394,1
1282,1285,42.833333333333336,42.958903789520264,42.85861396789551,1788009142763785,1788009143136712192,421508,421509,1788009143129015808,1788009143137348352,0.9236337625178827,8.33272933959961,0.6363391876220703,1373.6555152113801,572.5219197081392,1,718.2720710136273,585.6708477332768,1
1283,1286,42.86666666666667,42.99233388900757,42.89204406738281,1788009142797215,1788009143170143232,421512,421513,1788009143162347776,1788009143170680832,0.9354811021143887,8.332967758178711,0.5376338958740234,1372.5742008991651,573.8500659300076,1,718.9378818861821,585.7447319206631,1
1284,1287,42.9,43.02577090263367,42.92548108100891,1788009142830652,1788009143203581440,421516,421517,1788009143195681024,1788009143204013824,0.9480972818311874,8.33272933959961,0.4324913024902344,1371.626446708292,575.0891716612343,1,719.8114119943589,586.619921108488,1
1285,1288,42.93333333333333,43.05920100212097,42.958911180496216,1788009142864082,1788009143237012480,421520,421521,1788009143229013504,1788009143237346048,0.9599427753934192,8.33272933959961,0.3337860107421875,1371.5541488253289,575.4996854418649,1,720.1985133836017,586.9647550431633,1
1286,1289,42.96666666666667,43.09263801574707,42.992348194122314,1788009142897519,1788009143270450688,421524,421525,1788009143262345472,1788009143270679552,0.9725361178658275,8.333921432495117,0.2288818359375,1371.814251118872,576.0556271592461,1,720.0450511719306,586.8251475166776,1
1287,1290,43.0,43.12606692314148,43.025777101516724,1788009142930948,1788009143303880704,421528,421529,1788009143295678976,1788009143304011520,0.9842918454935622,8.33272933959961,0.1308917999267578,1372.4153476113756,576.3292395911244,1,720.129917826865,586.8106374187812,1
1288,1291,43.03333333333333,43.1594979763031,43.059208154678345,1788009142964379,1788009143337312768,421532,421533,1788009143329011200,1788009143337344000,0.9962517882689557,8.33272933959961,0.031232833862304688,1372.1905650789079,576.4125577005561,1,719.6142021061398,586.6131119775837,1
1289,1292,43.06666666666667,43.19293284416199,43.09264302253723,1788009142997814,1788009143370748672,421537,421538,1788009143370677248,1788009143379010048,0.008583690987124463,8.33272933959961,0.07152557373046875,1372.292847113507,576.3466942070603,1,719.2438021833675,587.110751675036,1
1290,1293,43.1,43.226361989974976,43.12607216835022,1788009143031243,1788009143404179200,421541,421542,1788009143404009216,1788009143412342272,0.020371377070756203,8.332967758178711,0.1697540283203125,1372.4894582442428,576.3210362136393,1,718.1246511441103,587.2957252329812,1
1291,1294,43.13333333333333,43.25979995727539,43.159510135650635,1788009143064681,1788009143437618176,421545,421546,1788009143437341696,1788009143445675264,0.033186473651084285,8.333683013916016,0.2765655517578125,1372.724949974091,576.4823399323731,1,717.1717550047586,587.5802343267106,1
1292,1295,43.166666666666664,43.293229818344116,43.19293999671936,1788009143098111,1788009143471049216,421549,421550,1788009143470674944,1788009143479007744,0.04492131616595136,8.33272933959961,0.3743171691894531,1373.1630646510066,576.7580808956969,1,716.6827797851464,587.7825108113487,1
1293,1296,43.2,43.326666831970215,43.22637701034546,1788009143131548,1788009143504487424,421553,421554,1788009143504007168,1788009143512339712,0.05765379113018598,8.33272933959961,0.48041343688964844,1372.9234969152908,577.1317394298501,1,716.0812470211788,588.5009232483403,1
1294,1297,43.233333333333334,43.360097885131836,43.25980806350708,1788009143164979,1788009143537919488,421557,421558,1788009143537339392,1788009143545673216,0.06960576758024832,8.333683013916016,0.5800724029541016,1372.8737729603622,577.4960109270464,1,715.4188132272809,589.6123133851781,1
1295,1298,43.266666666666666,43.393534898757935,43.29324507713318,1788009143198416,1788009143571357696,421561,421562,1788009143570672640,1788009143579005440,0.0822294068839232,8.332967758178711,0.6852149963378906,1373.1575459624728,577.8128444720633,1,714.7663916594072,590.8178903805158,1
1296,1299,43.3,43.426963806152344,43.32667398452759,1788009143231845,1788009143604787712,421565,421566,1788009143604004864,1788009143612338432,0.09392344223837043,8.333683013916016,0.7827281951904297,1373.4575023172183,577.5946823152791,1,714.1016608724129,591.4511992448611,1
1297,1300,43.333333333333336,43.46040081977844,43.36011099815369,1788009143265282,1788009143638225920,421569,421570,1788009143637338112,1788009143645670912,0.1065236051502146,8.33272933959961,0.8876323699951172,1373.6348046202668,577.902381670593,1,713.36116187485,591.6785874311151,1
1298,1301,43.36666666666667,43.49382781982422,43.39353799819946,1788009143298709,1788009143671653888,421573,421574,1788009143670670336,1788009143679003136,0.11805098566564619,8.332967758178711,0.9837150573730469,1374.0509804058577,576.4831889983412,1,713.0062371896399,591.4247476388732,1
1299,1302,43.4,43.52726697921753,43.42697715759277,1788009143332148,1788009143705094656,421577,421578,1788009143704002560,1788009143712336384,0.1310293528637638,8.333683013916016,1.0919570922851562,1376.401626404382,573.4747572042415,1,711.9366840623312,589.8036242734097,1
1300,1303,43.43333333333333,43.560696840286255,43.4604070186615,1788009143365578,1788009143738525696,421581,421582,1788009143737335808,1788009143745668608,0.14277539341917025,8.33272933959961,1.1897087097167969,1378.8787717715304,570.0193092303448,1,710.8417930219142,588.8428307959813,1
1301,1304,43.46666666666667,43.59412693977356,43.493837118148804,1788009143399008,1788009143771956992,421585,421586,1788009143770668032,1788009143779000832,0.15467811158798284,8.33272933959961,1.2888908386230469,1380.591773632464,566.819604254732,1,709.6402622280434,587.6587195773383,1
1302,1305,43.5,43.627564907073975,43.52727508544922,1788009143432446,1788009143805395968,421589,421590,1788009143804000256,1788009143812334080,0.1674772558219374,8.333683013916016,1.3957023620605469,1382.6917213873644,563.4438571669367,1,708.3585655636917,585.9518153278691,1
1303,1306,43.53333333333333,43.660993814468384,43.56070399284363,1788009143465875,1788009143838825984,421593,421594,1788009143837333504,1788009143845666304,0.17910789390861492,8.332967758178711,1.4925003051757812,1384.0923898998076,560.7249937829795,1,707.340121955904,584.3495574353933,1
1304,1307,43.56666666666667,43.69443082809448,43.59414100646973,1788009143499312,1788009143872263936,421597,421598,1788009143870664960,1788009143878998528,0.19188075756708817,8.333683013916016,1.5990734100341797,1385.2563436985224,558.5668923772259,1,705.2701736519876,581.8046716142469,1
1305,1308,43.6,43.72785997390747,43.627570152282715,1788009143532741,1788009143905693952,421601,421602,1788009143903998208,1788009143912330752,0.20351931330472103,8.33272933959961,1.695871353149414,1386.330034459214,556.2947443629665,1,701.84618509478,577.9997465652266,1
1306,1309,43.63333333333333,43.76130390167236,43.66101408004761,1788009143566185,1788009143939138816,421605,421606,1788009143937330176,1788009143945662976,0.21705293276108728,8.33272933959961,1.8086433410644531,1387.881093339152,553.6375731183664,1,698.3396378042466,574.5992389984104,1
1307,1310,43.666666666666664,43.79473400115967,43.69444417953491,1788009143599615,1788009143972569856,421609,421610,1788009143970662656,1788009143978996224,0.22887223207644333,8.333683013916016,1.9073486328125,1391.782587668802,551.2921679861345,1,695.1678089567117,572.703798729609,1
1308,1311,43.7,43.82816982269287,43.727880001068115,1788009143633051,1788009144006006784,421613,421614,1788009144003995648,1788009144012328704,0.24133787302223111,8.332967758178711,2.0110607147216797,1394.7599526054396,550.1537181035567,1,693.1899122867691,571.2427186897014,1
1309,1312,43.733333333333334,43.86160182952881,43.76131200790405,1788009143666483,1788009144039439616,421617,421618,1788009144037328128,1788009144045660672,0.2534191702432046,8.33272933959961,2.111673355102539,1396.2329629071855,549.7706012859211,1,691.6030180411328,570.4531191958038,1
1310,1313,43.766666666666666,43.89503788948059,43.794748067855835,1788009143699919,1788009144072876800,421621,421622,1788009144070660352,1788009144078993920,0.26594953367282714,8.333683013916016,2.216339111328125,1397.436087187991,549.811167453992,1,690.774224011919,570.77354389211,1
1311,1314,43.8,43.92847490310669,43.828185081481934,1788009143733356,1788009144106315008,421625,421626,1788009144103993344,1788009144112326400,0.27859002603645106,8.332967758178711,2.321481704711914,1397.9661756706996,551.1383877101563,1,691.230418502878,571.7761798007664,1
1312,1315,43.833333333333336,43.96191191673279,43.86162209510803,1788009143766793,1788009144139753216,421629,421630,1788009144137325824,1788009144145658368,0.2913304721030043,8.33272933959961,2.4275779724121094,1398.5594854308551,552.1229542832775,1,691.6538176160043,572.0834029594452,1
1313,1316,43.86666666666667,43.99534201622009,43.89505219459534,1788009143800223,1788009144173185280,421633,421634,1788009144170657792,1788009144178991872,0.3032756401087112,8.333921432495117,2.527475357055664,1398.4024950016033,553.6147132041484,1,692.1607694216767,572.2753223217578,1
1314,1317,43.9,44.02877879142761,43.928488969802856,1788009143833660,1788009144206622720,421637,421638,1788009144203991296,1788009144212323840,0.3158226037195994,8.33272933959961,2.631664276123047,1397.963240552183,555.0401040453074,1,692.5765932375427,572.6464453979376,1
1315,1318,43.93333333333333,44.062214851379395,43.96192502975464,1788009143867096,1788009144240059904,421641,421642,1788009144237323520,1788009144245657088,0.3283458259426675,8.333683013916016,2.736330032348633,1398.008335416282,556.5912205533283,1,692.8038612086607,572.7083423187015,1
1316,1319,43.96666666666667,44.09565186500549,43.99536204338074,1788009143900533,1788009144273497600,421645,421646,1788009144270656512,1788009144278989568,0.340934451088667,8.332967758178711,2.8409957885742188,1397.5385793485152,557.7660249203159,1,692.6451254795032,572.9563848778453,1
1317,1320,44.0,44.12908101081848,44.028791189193726,1788009143933962,1788009144306927872,421649,421650,1788009144303988992,1788009144312321536,0.3527038626609442,8.33272933959961,2.938985824584961,1397.0942417613476,558.9816760570147,1,692.9378464729241,573.5277662265289,1
1318,1321,44.03333333333333,44.1625189781189,44.06222915649414,1788009143967400,1788009144340367360,421653,421654,1788009144337321216,1788009144345655040,0.36550895462608,8.333683013916016,3.0460357666015625,1396.4494591906991,560.1087013395519,1,693.7919368703522,573.8683299728275,1
1319,1322,44.06666666666667,44.19595694541931,44.095667123794556,1788009144000838,1788009144373806592,421657,421658,1788009144370654464,1788009144378987264,0.37827243855683673,8.332967758178711,3.152132034301758,1396.3511082721525,561.117481301703,1,694.8005798481396,574.264933486508,1
1320,1323,44.1,44.22938585281372,44.129096031188965,1788009144034267,1788009144407236608,421661,421662,1788009144403986688,1788009144412319488,0.39001430615164523,8.33272933959961,3.2498836517333984,1396.407523283638,561.5273117599849,1,695.1315085220294,574.55595159074,1
1321,1324,44.13333333333333,44.26282286643982,44.16253304481506,1788009144067704,1788009144440674560,421665,421666,1788009144437318912,1788009144445652736,0.40266056358174795,8.333921432495117,3.355741500854492,1396.3300245685298,562.1401547986006,1,695.337118960755,574.94426418711,1
1322,1325,44.166666666666664,44.29625201225281,44.19596219062805,1788009144101133,1788009144474104576,421669,421670,1788009144470652160,1788009144478984960,0.4143229092157592,8.332967758178711,3.4525394439697266,1396.1793989446921,562.5196061484313,1,695.4713322719813,575.3642861738495,1
1323,1326,44.2,44.32968282699585,44.229393005371094,1788009144134564,1788009144507536640,421673,421674,1788009144503984384,1788009144512317184,0.42629470672389125,8.33272933959961,3.5521984100341797,1396.0264985664198,563.042512397279,1,695.8656033757461,575.7845750313315,1
1324,1327,44.233333333333334,44.36311101913452,44.262821197509766,1788009144167992,1788009144540966144,421677,421678,1788009144537316608,1788009144545650432,0.43790587898726935,8.333921432495117,3.649473190307617,1397.5795646135246,562.7502388158304,1,696.1302218684649,576.2754845367734,1
1325,1328,44.266666666666666,44.39654779434204,44.296257972717285,1788009144201429,1788009144574404096,421681,421682,1788009144570649856,1788009144578982656,0.45052932761087267,8.33272933959961,3.754138946533203,1397.9612070116114,562.8994504651212,1,696.2275662000177,576.7346746012392,1
1326,1329,44.3,44.429977893829346,44.32968807220459,1788009144234859,1788009144607835136,421685,421686,1788009144603982336,1788009144612314880,0.4623748211731044,8.33272933959961,3.85284423828125,1397.7821808607123,563.3653026083031,1,695.8751587477311,576.7883603448967,1
1327,1330,44.333333333333336,44.46340799331665,44.363118171691895,1788009144268289,1788009144641266432,421689,421690,1788009144637314304,1788009144645648128,0.4742096981833786,8.333921432495117,3.9520263671875,1397.354994168817,563.6422911650709,1,696.0545702717478,576.8328481258385,1
1328,1331,44.36666666666667,44.496845960617065,44.39655613899231,1788009144301727,1788009144674705408,421693,421694,1788009144670647552,1788009144678980352,0.4869814020028612,8.33272933959961,4.057884216308594,1397.191604901084,563.9917078668292,1,696.1364213967287,576.8106093662344,1
1329,1332,44.4,44.530274868011475,44.42998504638672,1788009144335156,1788009144708135680,421697,421698,1788009144703980032,1788009144712313600,0.4986553756365509,8.333683013916016,4.155635833740234,1397.337169367145,564.2775088927916,1,696.3639619904607,577.0158423147102,1
1330,1333,44.43333333333333,44.56371188163757,44.46342206001282,1788009144368593,1788009144741573888,421701,421702,1788009144737313024,1788009144745646080,0.5113158421790507,8.332967758178711,4.0721893310546875,1397.11594866673,564.5889803616316,1,696.7195160955123,577.2954826983599,1
1331,1334,44.46666666666667,44.59714198112488,44.49685215950012,1788009144402023,1788009144775004928,421705,421706,1788009144770645504,1788009144778978048,0.523175965665236,8.33272933959961,3.973245620727539,1396.8245885275871,564.8545151600987,1,697.056609521102,577.0654681002634,1
1332,1335,44.5,44.63057899475098,44.53028917312622,1788009144435460,1788009144808443136,421709,421710,1788009144803977472,1788009144812311296,0.5358317837219282,8.333921432495117,3.8683414459228516,1396.1692067533056,565.2561273971542,1,697.5611404991316,576.6873960386592,1
1333,1336,44.53333333333333,44.66400694847107,44.56371712684631,1788009144468888,1788009144841872128,421713,421714,1788009144837310720,1788009144845643520,0.5474105865522174,8.33272933959961,3.7713050842285156,1395.2584836309359,565.1648753743934,1,698.0414487338509,576.1716104606319,1
1334,1337,44.56666666666667,44.69744396209717,44.59715414047241,1788009144502325,1788009144875310336,421717,421718,1788009144870641920,1788009144878975744,0.5601773709054498,8.333921432495117,3.665447235107422,1394.7786170116483,564.6396242291682,1,698.2433017415985,575.876836530552,1
1335,1338,44.6,44.730873823165894,44.63058400154114,1788009144535755,1788009144908741120,421721,421722,1788009144903975168,1788009144912308224,0.5719435781522704,8.332967758178711,3.5669803619384766,1394.967480029378,563.6338893208778,1,699.1211597634111,575.4061535353752,1
1336,1339,44.63333333333333,44.764304876327515,44.66401505470276,1788009144569186,1788009144942173440,421725,421726,1788009144937307648,1788009144945640448,0.5839484978540772,8.33272933959961,3.4668445587158203,1394.893478734165,562.1402000321024,1,700.2031483650973,574.5313913532083,1
1337,1340,44.666666666666664,44.79774188995361,44.69745206832886,1788009144602623,1788009144975611648,421729,421730,1788009144970639616,1788009144978973696,0.5965956229437849,8.333921432495117,3.361940383911133,1394.6283246655103,560.1261726730222,1,701.122459560627,573.2634277021605,1
1338,1341,44.7,44.83117198944092,44.73088216781616,1788009144636053,1788009145009042944,421733,421734,1788009145003973120,1788009145012305664,0.6084406294706723,8.33272933959961,3.262758255004883,1393.7572293722938,557.64553888934,1,702.3475355801323,571.4622411237899,1
1339,1342,44.733333333333334,44.86460781097412,44.764317989349365,1788009144669489,1788009145042479872,421737,421738,1788009145037305344,1788009145045638144,0.6209728183118741,8.33272933959961,3.1583309173583984,1392.0714321734695,554.7100050910846,1,703.9422942089935,569.4719596922314,1
1340,1343,44.766666666666666,44.89803600311279,44.79774618148804,1788009144702917,1788009145075908864,421741,421742,1788009145070637568,1788009145078971392,0.6325275354026606,8.333921432495117,3.0624866485595703,1388.8973243372418,553.5793388844588,1,705.7484681829465,568.020231254924,1
1341,1344,44.8,44.93147397041321,44.83118414878845,1788009144736355,1788009145109347840,421745,421746,1788009145103970816,1788009145112303616,0.6452932761087268,8.33272933959961,2.9556751251220703,1384.8006943229936,554.6816366205741,1,708.2499103143335,568.25133856443,1
1342,1345,44.833333333333336,44.964903831481934,44.86461400985718,1788009144769785,1788009145142778368,421749,421750,1788009145137303040,1788009145145635840,0.6570815450643777,8.33272933959961,2.8574466705322266,1382.2416836114837,554.7499161388263,1,710.8112316429473,568.8449397352755,1
1343,1346,44.86666666666667,44.99833297729492,44.898043155670166,1788009144803214,1788009145176208384,421753,421754,1788009145170635264,1788009145178969088,0.6687455299671006,8.333921432495117,2.760648727416992,1379.540277380431,555.6694854229178,1,713.1155964645534,569.0587296691562,1
1344,1347,44.9,45.031763792037964,44.93147397041321,1788009144836645,1788009145209640192,421757,421758,1788009145203968512,1788009145212301312,0.6806580829756795,8.33272933959961,2.660989761352539,1377.0880098684327,557.662390457579,1,715.5350935545615,569.2864555728594,1
1345,1348,44.93333333333333,45.06520080566406,44.96491098403931,1788009144870082,1788009145243078400,421761,421762,1788009145237300736,1788009145245633536,0.6933707190066093,8.332967758178711,2.5551319122314453,1374.3875551929682,559.883249203802,1,718.0736054587269,569.6627922546364,1
1346,1349,44.96666666666667,45.09862995147705,44.998340129852295,1788009144903511,1788009145276508928,421765,421766,1788009145270632960,1788009145278966784,0.7050493491632098,8.333921432495117,2.4580955505371094,1372.5559952479502,561.4471658592653,1,719.9666804822637,570.3529570634588,1
1347,1350,45.0,45.132059812545776,45.03176999092102,1788009144936941,1788009145309939968,421769,421770,1788009145303966208,1788009145312299008,0.7168812589413448,8.33272933959961,2.359151840209961,1370.972945801203,562.3062774722279,1,721.2989587993989,571.1798473800311,1
1348,1351,45.03333333333333,45.16548991203308,45.065200090408325,1788009144970371,1788009145343371264,421773,421774,1788009145337298432,1788009145345632256,0.7286797310828208,8.333921432495117,2.2611618041992188,1367.4529226871264,566.2944778915943,1,722.3410594766377,571.4347659219908,1
1349,1352,45.06666666666667,45.198920011520386,45.09863018989563,1788009145003801,1788009145376802560,421777,421778,1788009145370631680,1788009145378964480,0.7405436337625179,8.33272933959961,2.1619796752929688,1365.5329090013486,568.034077596609,1,723.4605849489998,572.3399657155426,1
1350,1353,45.1,45.23234796524048,45.13205814361572,1788009145037229,1788009145410231296,421781,421782,1788009145403964160,1788009145412296704,0.7521316165951359,8.33272933959961,2.065420150756836,1364.1491286832945,571.4097085951278,1,724.8060882185625,572.5188832596751,1
1351,1354,45.13333333333333,45.26577687263489,45.16548705101013,1788009145070658,1788009145443661568,421785,421786,1788009145437296128,1788009145445629952,0.76378200543556,8.333921432495117,1.9686222076416016,1362.2799729987678,573.0877300274068,1,726.1152033343635,573.5782081884938,1
1352,1355,45.166666666666664,45.29920697212219,45.19891715049744,1788009145104088,1788009145477092864,421789,421790,1788009145470629376,1788009145478962176,0.775650929899857,8.33272933959961,1.8694400787353516,1361.3121744494204,574.3707064446605,1,727.1949637124043,575.1627902682262,1
1353,1356,45.2,45.33264493942261,45.23235511779785,1788009145137526,1788009145510532096,421793,421794,1788009145503961600,1788009145512294656,0.7885039054676547,8.332967758178711,1.76239013671875,1361.107241737307,577.1457650227485,1,727.956975279202,576.8166242774568,1
1354,1357,45.233333333333334,45.36607480049133,45.26578497886658,1788009145170956,1788009145543963136,421797,421798,1788009145537293824,1788009145545627904,0.8002574738950079,8.333921432495117,1.6646385192871094,1360.6416269750557,579.36890867277,1,728.7304157933544,578.4086238072986,1
1355,1358,45.266666666666666,45.39950394630432,45.299214124679565,1788009145204385,1788009145577393408,421801,421802,1788009145570627328,1788009145578959872,0.8120171673819743,8.33272933959961,1.5664100646972656,1360.3903878055555,580.5475791193928,1,728.9775466004979,577.9802995372927,1
1356,1359,45.3,45.43293380737305,45.33264398574829,1788009145237815,1788009145610824448,421805,421806,1788009145603959296,1788009145612292352,0.8238390890103288,8.332967758178711,1.4679431915283203,1360.801193017402,581.8197270560968,1,728.3675205981358,576.9173016721907,1
1357,1360,45.333333333333336,45.466370820999146,45.36608099937439,1788009145271252,1788009145644262656,421809,421810,1788009145637291776,1788009145645625344,0.8364707901813813,8.333683013916016,1.3628005981445312,1361.3501405024479,583.6751405217854,1,728.439071162092,576.9159442100234,1
1358,1361,45.36666666666667,45.49980092048645,45.399511098861694,1788009145304682,1788009145677693952,421813,421814,1788009145670625024,1788009145678957824,0.8483261802575107,8.33272933959961,1.2638568878173828,1361.4557326257136,584.9051443500547,1,728.6330276164817,577.6235680687523,1
1359,1362,45.4,45.53322982788086,45.4329400062561,1788009145338111,1788009145711123968,421817,421818,1788009145703956992,1788009145712291072,0.8599628093262767,8.333921432495117,1.1670589447021484,1362.0274248258063,585.4818369176037,1,728.6955761512215,577.9396298427589,1
1360,1363,45.43333333333333,45.56666588783264,45.466376066207886,1788009145371547,1788009145744561152,421821,421822,1788009145737290496,1788009145745623040,0.8725608011444921,8.33272933959961,1.0619163513183594,1362.2691431314965,585.774117447586,1,728.3319954544259,577.3126764219944,1
1361,1364,45.46666666666667,45.600095987319946,45.49980616569519,1788009145404977,1788009145777992192,421825,421826,1788009145770622720,1788009145778955520,0.8844062947067239,8.33272933959961,0.9632110595703125,1362.2470152874992,586.1169792164867,1,728.0468400323788,578.8280899196164,1
1362,1365,45.5,45.63353395462036,45.533244132995605,1788009145438415,1788009145811431424,421829,421830,1788009145803954944,1788009145812288768,0.8971248748390788,8.333921432495117,0.8573532104492188,1362.5120474976227,586.1721502497828,1,727.3744810773414,579.842760305003,1
1363,1366,45.53333333333333,45.66696286201477,45.566673040390015,1788009145471844,1788009145844861184,421833,421834,1788009145837288192,1788009145845620992,0.9088412017167382,8.33272933959961,0.7596015930175781,1362.9328288825245,586.2580731411572,1,727.0406079723632,580.4488981661017,1
1364,1367,45.56666666666667,45.70040202140808,45.600112199783325,1788009145505283,1788009145878301952,421837,421838,1788009145870619392,1788009145878952192,0.9219478698749678,8.332967758178711,0.6504058837890625,1363.368073040669,586.354503973926,1,726.209530448149,579.5706494733585,1
1365,1368,45.6,45.73383688926697,45.63354706764221,1788009145538718,1788009145911737856,421841,421842,1788009145903951616,1788009145912285440,0.9343136693940608,8.333683013916016,0.5474090576171875,1363.7271557196486,585.7660669874124,1,726.0768401980887,579.1952390184554,1
1366,1369,45.63333333333333,45.76726579666138,45.66697597503662,1788009145572147,1788009145945167872,421845,421846,1788009145937284608,1788009145945617664,0.9460101284655661,8.332967758178711,0.44989585876464844,1364.035050778778,585.6001019807056,1,725.9746788580078,579.8337855001936,1
1367,1370,45.666666666666664,45.80070400238037,45.700414180755615,1788009145605585,1788009145978607104,421849,421850,1788009145970617088,1788009145978950912,0.9587469603776284,8.333921432495117,0.3437995910644531,1364.040413510024,585.7138827604764,1,725.8738000362655,580.941682095119,1
1368,1371,45.7,45.83413290977478,45.733843088150024,1788009145639014,1788009146012037120,421853,421854,1788009146003950336,1788009146012283136,0.9704721030042919,8.33272933959961,0.2460479736328125,1364.023380830934,585.5482040407869,1,725.404787145827,580.9829837193801,1
1369,1372,45.733333333333334,45.86756992340088,45.76728010177612,1788009145672451,1788009146045475328,421857,421858,1788009146037282560,1788009146045615360,0.9831764470258362,8.332967758178711,0.14019012451171875,1364.129924174525,585.2392523546135,1,725.4755233191864,581.7044406537468,1
1370,1373,45.766666666666666,45.9010009765625,45.800711154937744,1788009145705882,1788009146078907136,421861,421862,1788009146070614784,1788009146078948608,0.9950220289523374,8.333683013916016,0.041484832763671875,1363.8890496766799,585.1256517372775,1,725.1702975982331,581.5247431922959,1
1371,1374,45.8,45.9344367980957,45.83414697647095,1788009145739318,1788009146112343552,421866,421867,1788009146112280832,1788009146120613632,0.007525035765379113,8.33272933959961,0.06270408630371094,1363.4963647242032,585.1612044282716,1,724.7482997533255,580.9755280622688,1
1372,1375,45.833333333333336,45.96786689758301,45.86757707595825,1788009145772748,1788009146145774336,421870,421871,1788009146145613312,1788009146153946880,0.01933970361045946,8.333683013916016,0.16117095947265625,1363.518586427373,585.0400381870004,1,724.1947248930601,581.7414346684545,1
1373,1376,45.86666666666667,46.0012948513031,45.901005029678345,1788009145806176,1788009146179203584,421874,421875,1788009146178946304,1788009146187279104,0.030871791937283625,8.332967758178711,0.25725364685058594,1363.5173196575095,584.9496235163444,1,722.8828805151784,581.6725817515099,1
1374,1377,45.9,46.034732818603516,45.93444299697876,1788009145839614,1788009146212642816,421878,421879,1788009146212278528,1788009146220611328,0.043719599427753934,8.33272933959961,0.3643035888671875,1363.6972940248093,584.130221495095,1,720.9227352417143,580.5845976847077,1
1375,1378,45.93333333333333,46.068161964416504,45.96787214279175,1788009145873043,1788009146246073344,421882,421883,1788009146245610752,1788009146253944576,0.05549992847947361,8.333921432495117,0.46253204345703125,1364.5820843509441,582.8008921726927,1,718.4485613894898,579.5372446118413,1
1376,1379,45.96666666666667,46.101600885391235,46.00131106376648,1788009145906482,1788009146279513344,421886,421887,1788009146278944000,1788009146287277056,0.06832422534405311,8.332967758178711,0.5693435668945312,1366.077546474723,581.1456905793475,1,715.8377741839702,579.0043667837482,1
1377,1380,46.0,46.135029792785645,46.03473997116089,1788009145939911,1788009146312943104,421890,421891,1788009146312276480,1788009146320609024,0.08002861230329042,8.33272933959961,0.6668567657470703,1367.9516493663916,579.3478117145708,1,712.6733535666601,578.0070687518379,1
1378,1381,46.03333333333333,46.16846585273743,46.06817603111267,1788009145973347,1788009146346380544,421894,421895,1788009146345609728,1788009146353942272,0.0925035765379113,8.33272933959961,0.7708072662353516,1370.0757598106593,577.3074537782913,1,709.2073166843459,576.8385802262136,1
1379,1382,46.06666666666667,46.20189595222473,46.101606130599976,1788009146006777,1788009146379811840,421898,421899,1788009146378941696,1788009146387274496,0.10440629470672388,8.33272933959961,0.8699893951416016,1372.3656484342055,575.3481128180651,1,706.0300154234756,575.8866522882931,1
1380,1383,46.1,46.23532795906067,46.13503813743591,1788009146040209,1788009146413244928,421902,421903,1788009146412274176,1788009146420607744,0.11649596612690966,8.333683013916016,0.9708404541015625,1374.4895692395792,572.7590041132062,1,703.1984925400664,575.1791755042428,1
1381,1384,46.13333333333333,46.268762826919556,46.1684730052948,1788009146073644,1788009146446681088,421906,421907,1788009146445607168,1788009146453940224,0.12886612686332294,8.332967758178711,1.0738372802734375,1376.1877563904764,570.6757150566535,1,700.7020678231372,574.7690147002423,1
1382,1385,46.166666666666664,46.30219292640686,46.201903104782104,1788009146107074,1788009146480112128,421910,421911,1788009146478939648,1788009146487272192,0.14071530758226036,8.33272933959961,1.1725425720214844,1377.8394246010641,569.4280200673745,1,698.0546014771685,574.2794304443729,1
1383,1386,46.2,46.33562994003296,46.2353401184082,1788009146140511,1788009146513550336,421914,421915,1788009146512271872,1788009146520605440,0.15340161354923615,8.333683013916016,1.2784004211425781,1378.439893644952,568.2309665962983,1,695.8303322980669,574.1623194349556,1
1384,1387,46.233333333333334,46.369059801101685,46.26876997947693,1788009146173941,1788009146546981376,421918,421919,1788009146545604864,1788009146553937920,0.16517410088409487,8.332967758178711,1.3763904571533203,1379.5318565673228,567.1231129986915,1,693.6256728735498,574.4860548298667,1
1385,1388,46.266666666666666,46.40248894691467,46.30219912528992,1788009146207370,1788009146580411648,421922,421923,1788009146578937344,1788009146587270144,0.1769384835479256,8.33272933959961,1.4743804931640625,1381.1636191130879,566.4384051915181,1,691.7800991740628,574.9719261323762,1
1386,1389,46.3,46.435925006866455,46.3356351852417,1788009146240806,1788009146613848832,421926,421927,1788009146612269312,1788009146620603392,0.18952939493634674,8.333921432495117,1.5795230865478516,1381.898285898729,565.2823070131633,1,689.7635610285462,575.5656714857959,1
1387,1390,46.333333333333336,46.46935486793518,46.369065046310425,1788009146274236,1788009146647279616,421930,421931,1788009146645602816,1788009146653935360,0.20125894134477826,8.33272933959961,1.6770362854003906,1382.7084345587537,564.1528961710858,1,687.3610901356003,576.1227517255359,1
1388,1391,46.36666666666667,46.5027859210968,46.402496099472046,1788009146307667,1788009146680711936,421934,421935,1788009146678935040,1788009146687267840,0.21324749642346208,8.33272933959961,1.7769336700439453,1383.4512863102586,563.785362310904,1,685.3266396790907,576.8246511472072,1
1389,1392,46.4,46.536221981048584,46.43593215942383,1788009146341103,1788009146714149120,421938,421939,1788009146712267264,1788009146720601088,0.22583321413245602,8.333921432495117,1.8820762634277344,1384.0525794334885,563.4956495538355,1,684.0952853611325,577.6154217202901,1
1390,1393,46.43333333333333,46.56965088844299,46.46936106681824,1788009146374532,1788009146747579392,421942,421943,1788009146745600512,1788009146753933312,0.2374821173104435,8.33272933959961,1.9788742065429688,1384.2553969345336,563.6716988691838,1,682.5724116107463,578.3075787092581,1
1391,1394,46.46666666666667,46.60308289527893,46.502793073654175,1788009146407964,1788009146781012224,421946,421947,1788009146778932736,1788009146787266560,0.24952795102134234,8.333683013916016,2.079486846923828,1385.2189227442911,563.9996182325608,1,681.5079603311594,578.7327086230254,1
1392,1395,46.5,46.63651895523071,46.53622913360596,1788009146441400,1788009146814449664,421950,421951,1788009146812265984,1788009146820598784,0.2620525879087866,8.332967758178711,2.183675765991211,1385.9623988610135,563.9477137405408,1,680.8820424444488,579.1831185658782,1
1393,1396,46.53333333333333,46.66994881629944,46.56965899467468,1788009146474830,1788009146847880704,421954,421955,1788009146845598208,1788009146853931008,0.2739055793991416,8.33272933959961,2.282381057739258,1386.6604333088912,564.0903059784215,1,680.4405711826787,579.5021336389497,1
1394,1397,46.56666666666667,46.70338487625122,46.603095054626465,1788009146508266,1788009146881317888,421958,421959,1788009146878929408,1788009146887263232,0.2865970533543127,8.333921432495117,2.388477325439453,1388.3411758062866,564.2512451483918,1,680.220401194296,579.8519019188452,1
1395,1398,46.6,46.73681402206421,46.63652420043945,1788009146541695,1788009146914747904,421962,421963,1788009146912262656,1788009146920595456,0.2982546494992847,8.33272933959961,2.4852752685546875,1389.8320214772652,564.6646249243116,1,679.7601994842753,580.1996065988034,1
1396,1399,46.63333333333333,46.770243883132935,46.66995406150818,1788009146575125,1788009146948178944,421966,421967,1788009146945595136,1788009146953927680,0.31010014306151645,8.33272933959961,2.5839805603027344,1391.2557886882767,565.0446401891128,1,679.351940417666,580.7687489549087,1
1397,1400,46.666666666666664,46.80367398262024,46.70338416099548,1788009146608555,1788009146981610240,421970,421971,1788009146978928128,1788009146987261184,0.32187920231180794,8.332967758178711,2.682209014892578,1392.2516991324044,565.4531151723991,1,678.8516375999682,581.3668624978898,1
1398,1401,46.7,46.83710479736328,46.736814975738525,1788009146641986,1788009147015042560,421974,421975,1788009147012260352,1788009147020593152,0.33387696709585124,8.33272933959961,2.782106399536133,1392.3674792194554,566.1194138823203,1,678.9199764106186,581.7378790249962,1
1399,1402,46.733333333333334,46.87053298950195,46.7702431678772,1788009146675414,1788009147048471808,421978,421979,1788009147045592576,1788009147053926400,0.345472750679445,8.333921432495117,2.8791427612304688,1392.4089446682337,566.7026616381883,1,679.7583589626751,581.9154103253807,1
1400,1403,46.766666666666666,46.9039568901062,46.803667068481445,1788009146708838,1788009147081896192,421982,421983,1788009147078925824,1788009147087258880,0.3564704872535836,8.332967758178711,2.970457077026367,1391.6847739190064,567.4850739863235,1,680.9918672612728,581.3844784308477,1
1401,1404,46.8,46.93738579750061,46.837095975875854,1788009146742267,1788009147115326208,421986,421987,1788009147112258304,1788009147120590848,0.36818311874105863,8.33272933959961,3.0679702758789062,1390.7963783519085,567.684863138033,1,683.2007800471968,580.5163522864956,1
1402,1405,46.833333333333336,46.9708149433136,46.87052512168884,1788009146775696,1788009147148755968,421990,421991,1788009147145590272,1788009147153924352,0.3798598197682735,8.333921432495117,3.165721893310547,1388.7537270023554,567.8987585183293,1,685.6955009030892,579.6171631297351,1
1403,1406,46.86666666666667,47.00424385070801,46.90395402908325,1788009146809125,1788009147182185984,421994,421995,1788009147178923520,1788009147187256320,0.3915021459227468,8.33272933959961,3.2622814178466797,1386.1318451389957,568.2874771757765,1,688.6097081460107,578.702438996851,1
1404,1407,46.9,47.03767490386963,46.93738508224487,1788009146842556,1788009147215618304,421998,421999,1788009147212256000,1788009147220588800,0.403519313304721,8.33272933959961,3.362417221069336,1383.4424169568251,568.6270311608545,1,691.3580974109477,578.0049431346097,1
1405,1408,46.93333333333333,47.07110381126404,46.97081398963928,1788009146875985,1788009147249048576,422002,422003,1788009147245587968,1788009147253922048,0.4152195680160206,8.333921432495117,3.460407257080078,1380.9400863994483,568.7537958478601,1,694.2204428098808,577.2354013189049,1
1406,1409,46.96666666666667,47.10453200340271,47.004242181777954,1788009146909413,1788009147282477824,422006,422007,1788009147278921472,1788009147287254016,0.42680972818311874,8.33272933959961,3.556489944458008,1377.6326684726182,568.5488272943891,1,696.4607432368927,576.245517544884,1
1407,1410,47.0,47.13796281814575,47.037672996520996,1788009146942844,1788009147315909888,422010,422011,1788009147312253440,1788009147320586496,0.4387857285914566,8.332967758178711,3.6563873291015625,1375.0023841168634,568.4086734652661,1,698.6950149056722,575.3978328311628,1
1408,1411,47.03333333333333,47.17138600349426,47.07109618186951,1788009146976267,1788009147349334016,422014,422015,1788009147345585920,1788009147353919744,0.4497496781576312,8.333921432495117,3.748178482055664,1372.40387211915,568.8021206583442,1,701.5355044268404,574.796285503277,1
1409,1412,47.06666666666667,47.20482087135315,47.104531049728394,1788009147009702,1788009147382770176,422018,422019,1788009147378919168,1788009147387251968,0.4621459227467811,8.33272933959961,3.8509368896484375,1370.6910691823134,569.9292182232524,1,704.4037728589377,574.6172349737515,1
1410,1413,47.1,47.23825192451477,47.137962102890015,1788009147043133,1788009147416202240,422022,422023,1788009147412251136,1788009147420585216,0.4740952653411529,8.333921432495117,3.9510726928710938,1368.3802241154708,571.3367399809732,1,707.5981786186703,574.3253847035323,1
1411,1414,47.13333333333333,47.271681785583496,47.17139196395874,1788009147076563,1788009147449633024,422026,422027,1788009147445584640,1788009147453917184,0.48586552217453505,8.33272933959961,4.048585891723633,1366.3590187107066,572.0579202739029,1,710.5247226218066,574.126609238776,1
1412,1415,47.166666666666664,47.3051118850708,47.204822063446045,1788009147109993,1788009147483064064,422030,422031,1788009147478916864,1788009147487249664,0.4977110157367668,8.33272933959961,4.14729118347168,1364.1439566954407,573.1671617325189,1,712.6624422541963,573.93423874427,1
1413,1416,47.2,47.33854293823242,47.238253116607666,1788009147143424,1788009147516496384,422034,422035,1788009147512249088,1788009147520582912,0.5096552710627951,8.333921432495117,4.086494445800781,1361.9011314731927,574.3567052124993,1,715.1160896411221,574.1297306290246,1
1414,1417,47.233333333333334,47.3719699382782,47.27168011665344,1788009147176851,1788009147549924608,422038,422039,1788009147545582336,1788009147553915136,0.5211158798283262,8.33272933959961,3.9904117584228516,1360.9453316760125,576.2878237929805,1,717.1052192923058,574.457695820827,1
1415,1418,47.266666666666666,47.40539884567261,47.30510902404785,1788009147210280,1788009147583354880,422042,422043,1788009147578914560,1788009147587247360,0.5328755364806866,8.33272933959961,3.8924217224121094,1360.0540396361955,577.2661777321027,1,718.4971519668784,574.4365558497009,1
1416,1419,47.3,47.43882989883423,47.33854007720947,1788009147243711,1788009147616786944,422046,422047,1788009147612246784,1788009147620580608,0.5447861536260907,8.333921432495117,3.7937164306640625,1358.7905343123232,578.02749545542,1,719.9921387723923,574.1546604343804,1
1417,1420,47.333333333333336,47.47225880622864,47.37196898460388,1788009147277140,1788009147650216704,422050,422051,1788009147645580032,1788009147653912832,0.5564520743919885,8.33272933959961,3.695964813232422,1357.4568048090405,579.4360071514767,1,721.7157747296959,575.1550842519933,1
1418,1421,47.36666666666667,47.50568985939026,47.4054000377655,1788009147310571,1788009147683649024,422054,422055,1788009147678912256,1788009147687245056,0.5684529770249779,8.332967758178711,3.596067428588867,1356.8265924475743,580.3061852242244,1,723.1519244140636,575.3579843138549,1
1419,1422,47.4,47.53912091255188,47.438831090927124,1788009147344002,1788009147717081344,422058,422059,1788009147712244480,1788009147720578304,0.5803913715168507,8.333683013916016,3.496885299682617,1355.900787127533,580.965971604938,1,724.4784198387715,576.5340144275059,1
1420,1423,47.43333333333333,47.57254886627197,47.47225904464722,1788009147377430,1788009147750510336,422062,422063,1788009147745577728,1788009147753910528,0.5919599427753934,8.33272933959961,3.400087356567383,1354.7951119980225,580.5301495840336,1,725.8625143896415,578.7296557526333,1
1421,1424,47.46666666666667,47.60597896575928,47.50568914413452,1788009147410860,1788009147783941632,422066,422067,1788009147778909952,1788009147787243008,0.6038453835369517,8.332967758178711,3.3011436462402344,1354.1079751754773,579.4730070358485,1,727.1768647021693,581.148901705278,1
1422,1425,47.5,47.639415979385376,47.53912615776062,1788009147444297,1788009147817379840,422070,422071,1788009147812243200,1788009147820576000,0.6164520743919886,8.33272933959961,3.1960010528564453,1354.5197536021176,581.6979940642681,1,728.52746210415,583.5056655378297,1
1423,1426,47.53333333333333,47.67284297943115,47.5725531578064,1788009147477724,1788009147850808064,422074,422075,1788009147845575680,1788009147853908224,0.6279542203147354,8.33272933959961,3.100156784057617,1353.2764712129579,581.8986534744855,1,729.8724446275935,585.5201508487997,1
1424,1427,47.56666666666667,47.70627284049988,47.60598301887512,1788009147511154,1788009147884238848,422078,422079,1788009147878906624,1788009147887240448,0.6398409337987069,8.333683013916016,3.0014514923095703,1352.296845483646,581.7728067101679,1,731.3029007105166,586.8780180403721,1
1425,1428,47.6,47.73970699310303,47.63941717147827,1788009147544588,1788009147917674240,422082,422083,1788009147912240128,1788009147920572672,0.6521602288984263,8.33272933959961,2.8984546661376953,1351.9759867185642,582.5219649115215,1,732.6107877305071,587.4625410636497,1
1426,1429,47.63333333333333,47.773133993148804,47.67284417152405,1788009147578015,1788009147951102464,422086,422087,1788009147945572096,1788009147953905152,0.6636719979399731,8.332967758178711,2.802610397338867,1351.4269465459247,583.0402730716903,1,734.0493283002511,587.9139043767088,1
1427,1430,47.666666666666664,47.80656290054321,47.70627307891846,1788009147611444,1788009147984532480,422090,422091,1788009147978904576,1788009147987238144,0.6753447387995651,8.333683013916016,2.7055740356445312,1350.5339650574422,583.820905927028,1,735.5481809781987,588.2172254564247,1
1428,1431,47.7,47.83999300003052,47.73970317840576,1788009147644874,1788009148017963776,422094,422095,1788009148012237824,1788009148020570624,0.6871816881258941,8.33272933959961,2.606630325317383,1349.566822199945,584.7311452469779,1,737.2608889877495,588.7195213140154,1
1429,1432,47.733333333333334,47.87342286109924,47.77313303947449,1788009147678304,1788009148051394816,422098,422099,1788009148045569792,1788009148053903872,0.6989271921041339,8.333921432495117,2.5091171264648438,1348.2095248367073,586.2820422946246,1,739.1546818281287,589.5773091688108,1
1430,1433,47.766666666666666,47.90685200691223,47.806562185287476,1788009147711733,1788009148084825088,422102,422103,1788009148078903296,1788009148087235840,0.7106723891273248,8.33272933959961,2.410888671875,1347.353798859375,588.1082000774069,1,740.9008368138135,590.4058220425593,1
1431,1434,47.8,47.94028186798096,47.8399920463562,1788009147745163,1788009148118256128,422106,422107,1788009148112235264,1788009148120568320,0.7225258218648966,8.332967758178711,2.312183380126953,1345.9424441806568,589.7776088544756,1,742.5653740590212,591.6189856814989,1
1432,1435,47.833333333333336,47.97370982170105,47.873420000076294,1788009147778591,1788009148151685120,422110,422111,1788009148145567744,1788009148153901568,0.7340294664568732,8.333921432495117,2.2165775299072266,1344.6072134446533,590.8466060900333,1,744.2318159531828,592.6524755265307,1
1433,1436,47.86666666666667,48.007147789001465,47.90685796737671,1788009147812029,1788009148185124096,422114,422115,1788009148178900992,1788009148187233792,0.7468383404864092,8.33272933959961,2.109527587890625,1343.6127809797326,591.4633055665906,1,745.3578836077407,593.2247552397075,1
1434,1437,47.9,48.040578842163086,47.94028902053833,1788009147845460,1788009148218556160,422118,422119,1788009148212232960,1788009148220566016,0.7588051844010185,8.332967758178711,2.009868621826172,1342.9523490608367,591.7518274983577,1,746.0363754058762,593.276014146149,1
1435,1438,47.93333333333333,48.074007987976074,47.97371816635132,1788009147878889,1788009148251985920,422122,422123,1788009148245565440,1788009148253899008,0.7704411512273274,8.333683013916016,1.9130706787109375,1343.0544286479844,592.2759789319622,1,746.5436724806428,593.4200391203498,1
1436,1439,47.96666666666667,48.10744500160217,48.00715517997742,1788009147912326,1788009148285423872,422126,422127,1788009148278898688,1788009148287231488,0.7830901287553648,8.33272933959961,1.8074512481689453,1342.519926307851,592.6464520663093,1,746.7260856257567,593.4609016684881,1
1437,1440,48.0,48.1408748626709,48.04058504104614,1788009147945756,1788009148318855168,422130,422131,1788009148312230912,1788009148320563456,0.794964234620887,8.33272933959961,1.7085075378417969,1342.2275555569408,592.562823767987,1,746.6961714396707,593.9225232377995,1
1438,1441,48.03333333333333,48.17430281639099,48.074012994766235,1788009147979184,1788009148352283904,422134,422135,1788009148345563136,1788009148353896960,0.8064599187503576,8.333683013916016,1.6129016876220703,1342.9008304348797,592.246621910132,1,746.3610793673155,594.0413924449646,1
1439,1442,48.06666666666667,48.207741022109985,48.10745120048523,1788009148012622,1788009148385723392,422138,422139,1788009148378896128,1788009148387229184,0.8192898629509885,8.332967758178711,1.5058517456054688,1343.7571687613213,592.1332287368023,1,745.7668088547128,593.8160319433618,1
1440,1443,48.1,48.24117088317871,48.140881061553955,1788009148046052,1788009148419154432,422142,422143,1788009148412228608,1788009148420561408,0.8311587982832618,8.33272933959961,1.4069080352783203,1344.8591724033013,591.4145667956195,1,744.7519882671415,593.5017768434835,1
1441,1444,48.13333333333333,48.274598836898804,48.17430901527405,1788009148079480,1788009148452583424,422146,422147,1788009148445561856,1788009148453894656,0.8426609442060086,8.33272933959961,1.3110637664794922,1346.1700757473263,590.4639769492112,1,743.4831183698036,592.9128334639374,1
1442,1445,48.166666666666664,48.30802083015442,48.20773100852966,1788009148112902,1788009148486006784,422150,422151,1788009148478894080,1788009148487226880,0.8535664215616149,8.332967758178711,1.2202262878417969,1347.6132881436483,589.9016019989839,1,741.9365409011642,592.3524384450706,1
1443,1446,48.2,48.341450929641724,48.24116110801697,1788009148146332,1788009148519437824,422154,422155,1788009148512226304,1788009148520560128,0.8653373004520226,8.333683013916016,1.1222362518310547,1349.1367284347916,589.3887996846339,1,739.576350657831,591.566131060946,1
1444,1447,48.233333333333334,48.37488293647766,48.274593114852905,1788009148179764,1788009148552870912,422158,422159,1788009148545559552,1788009148553892352,0.8774248927038627,8.33272933959961,1.0213851928710938,1350.7650777685967,588.7003879367861,1,737.3232944518031,590.4105438129764,1
1445,1448,48.266666666666666,48.40831184387207,48.308022022247314,1788009148213193,1788009148586301184,422162,422163,1788009148578891776,1788009148587224832,0.8891591084661383,8.332967758178711,0.9236335754394531,1352.25612624031,587.8719237299732,1,734.6653957853616,589.2887637133654,1
1446,1449,48.3,48.441741943359375,48.34145212173462,1788009148246623,1788009148619732480,422166,422167,1788009148612224000,1788009148620557824,0.9009555415689191,8.333683013916016,0.8254051208496094,1353.6439792771203,587.2743625780327,1,732.2146186434891,588.6559907339813,1
1447,1450,48.333333333333336,48.4751718044281,48.374881982803345,1788009148280053,1788009148653163520,422170,422171,1788009148645557504,1788009148653890048,0.9127896995708155,8.33272933959961,0.7266998291015625,1355.154839330057,586.6295437357498,1,730.0583716846,587.8331632263398,1
1448,1451,48.36666666666667,48.508593797683716,48.40830397605896,1788009148313475,1788009148686586368,422174,422175,1788009148678889472,1788009148687222272,0.9236909871244635,8.33272933959961,0.6358623504638672,1356.4981378354878,585.531952602533,1,728.2753006208762,586.5523822350879,1
1449,1452,48.4,48.54202198982239,48.44173216819763,1788009148346903,1788009148720015872,422178,422179,1788009148712221952,1788009148720555520,0.9352291583223665,8.333683013916016,0.5397796630859375,1357.7127194503896,584.4711810492093,1,726.2477158341089,585.1444167849228,1
1450,1453,48.43333333333333,48.57545185089111,48.47516202926636,1788009148380333,1788009148753446912,422182,422183,1788009148745554944,1788009148753888000,0.9470687533976138,8.332967758178711,0.4410743713378906,1359.0141660697968,583.0854124767086,1,723.8015918247332,583.6159752787192,1
1451,1454,48.46666666666667,48.60888195037842,48.50859212875366,1788009148413763,1788009148786878208,422186,422187,1788009148778887168,1788009148787219968,0.9589699570815451,8.33272933959961,0.3418922424316406,1359.7458051128701,581.5233648849453,1,721.371084925043,582.1885130370101,1
1452,1455,48.5,48.642311811447144,48.54202198982239,1788009148447193,1788009148820309248,422190,422191,1788009148812219648,1788009148820553216,0.9707043542942152,8.333683013916016,0.244140625,1360.2237881648448,579.6833148166282,1,718.6472755187668,580.9025116421606,1
1453,1456,48.53333333333333,48.67574095726013,48.575451135635376,1788009148480622,1788009148853739264,422194,422195,1788009148845552640,1788009148853885696,0.9824325484249378,8.332967758178711,0.14638900756835938,1360.5755073389291,578.1974783830905,1,716.0976334569914,580.0849839859644,1
1454,1457,48.56666666666667,48.70917987823486,48.60889005661011,1788009148514061,1788009148887179264,422198,422199,1788009148878884096,1788009148887217664,0.9953939463294615,8.333683013916016,0.03838539123535156,1360.5003439091645,576.5954799161915,1,713.3855720661159,579.0565948888782,1
1455,1458,48.6,48.74260878562927,48.64231896400452,1788009148547490,1788009148920609280,422203,422204,1788009148920550144,1788009148928882944,0.00709585121602289,8.33272933959961,0.0591278076171875,1360.8076074362543,574.435853332674,1,710.8960701066712,577.7709520332578,1
1456,1459,48.63333333333333,48.77603793144226,48.675748109817505,1788009148580919,1788009148954039552,422207,422208,1788009148953882112,1788009148962216192,0.018881418967243598,8.333921432495117,0.15735626220703125,1361.3957971458608,572.2494065093346,1,710.1278712378911,577.4507972119325,1
1457,1460,48.666666666666664,48.809467792510986,48.70917797088623,1788009148614349,1788009148987470848,422211,422212,1788009148987215616,1788009148995548160,0.030643776824034335,8.33272933959961,0.25534629821777344,1361.3289978063103,568.7046043295476,1,709.9216821353841,576.9875485670683,1
1458,1461,48.7,48.84289598464966,48.7426061630249,1788009148647777,1788009149020900352,422215,422216,1788009149020547840,1788009149028880640,0.04228898426323319,8.33272933959961,0.3523826599121094,1359.799160376508,567.4246533185807,1,710.0840868931643,576.5978151945942,1
1459,1462,48.733333333333334,48.87632489204407,48.77603507041931,1788009148681206,1788009149054330112,422219,422220,1788009149053880064,1788009149062213888,0.054012301530539264,8.333921432495117,0.45013427734375,1358.460275070653,567.060334491417,1,711.3214404889137,577.0723955397357,1
1460,1463,48.766666666666666,48.90976285934448,48.80947303771973,1788009148714644,1788009149087769344,422223,422224,1788009149087213312,1788009149095546112,0.0667238912732475,8.33272933959961,0.5559921264648438,1357.6748171937677,565.3479863318425,1,711.483863567903,576.4130993768421,1
1461,1464,48.8,48.94319295883179,48.84290313720703,1788009148748074,1788009149121200640,422227,422228,1788009149120545280,1788009149128879360,0.0786153626090688,8.333921432495117,0.6551742553710938,1357.7557513639454,564.2779068999689,1,711.3519032608422,575.2587968587405,1
1462,1465,48.833333333333336,48.97662281990051,48.87633299827576,1788009148781504,1788009149154631680,422231,422232,1788009149153878784,1788009149162211584,0.09035506852450574,8.332967758178711,0.7529258728027344,1356.552100336326,563.0945752373226,1,710.1703099433929,575.0456718493049,1
1463,1466,48.86666666666667,49.01004481315613,48.90975499153137,1788009148814926,1788009149188054784,422235,422236,1788009149187211008,1788009149195543808,0.10125894134477825,8.33272933959961,0.8437633514404297,1357.150847856748,564.6730538902392,1,708.6886154301956,574.6288353594846,1
1464,1467,48.9,49.04348301887512,48.943193197250366,1788009148848364,1788009149221494272,422239,422240,1788009149220543232,1788009149228877056,0.11411815190959805,8.333921432495117,0.9510517120361328,1358.929675245402,563.9867345767202,1,706.657063861937,573.8306484277557,1
1465,1468,48.93333333333333,49.076910972595215,48.97662115097046,1788009148881792,1788009149254923008,422243,422244,1788009149253876480,1788009149262209280,0.1256080114449213,8.33272933959961,1.0466575622558594,1360.0835813073234,562.2890889093975,1,704.4253592156807,573.4683111047101,1
1466,1469,48.96666666666667,49.11034083366394,49.010051012039185,1788009148915222,1788009149288354048,422247,422248,1788009149287208704,1788009149295541504,0.1374535050071531,8.33272933959961,1.1453628540039062,1360.8012699917444,560.7876706125982,1,702.5390125271881,573.4742804729123,1
1467,1470,49.0,49.143770933151245,49.04348111152649,1788009148948652,1788009149321785088,422251,422252,1788009149320540928,1788009149328874752,0.14927764268345015,8.333921432495117,1.2440681457519531,1362.1399981633501,559.9443685143999,1,701.0426411158518,573.4769636456593,1
1468,1471,49.03333333333333,49.177207946777344,49.07691812515259,1788009148982089,1788009149355223040,422255,422256,1788009149353874176,1788009149362206976,0.16185979971387696,8.33272933959961,1.348733901977539,1363.0220175546392,560.6000570687131,1,701.1567327293656,573.6177828507944,1
1469,1472,49.06666666666667,49.21063780784607,49.11034798622131,1788009149015519,1788009149388653568,422259,422260,1788009149387206656,1788009149395539200,0.1736480686695279,8.33272933959961,1.4469623565673828,1364.3087420201418,560.0085283939795,1,702.2465502861883,573.7903143710346,1
1470,1473,49.1,49.24407196044922,49.14378213882446,1788009149048953,1788009149422088960,422263,422264,1788009149420538624,1788009149428872704,0.18601058503790588,8.333921432495117,1.5501976013183594,1365.0306102046786,559.032027604709,1,703.4165998746405,573.0023654017019,1
1471,1474,49.13333333333333,49.27750301361084,49.177213191986084,1788009149082384,1788009149455521024,422267,422268,1788009149453871872,1788009149462204672,0.19791130185979972,8.33272933959961,1.6491413116455078,1365.6862771946817,558.9969444270987,1,704.6825034748081,573.2226043749354,1
1472,1475,49.166666666666664,49.31093502044678,49.21064519882202,1788009149115816,1788009149488954368,422271,422272,1788009149487204096,1788009149495537920,0.21001287369475038,8.333921432495117,1.7502307891845703,1365.9757727997508,558.7252073601846,1,705.864834212729,573.7541068459994,1
1473,1476,49.2,49.344362020492554,49.2440721988678,1788009149149243,1788009149522382592,422275,422276,1788009149520537344,1788009149528870144,0.22143061516452076,8.33272933959961,1.8451213836669922,1366.5459674135257,558.6501434661694,1,706.4149058357829,573.8835152179656,1
1474,1477,49.233333333333334,49.37779092788696,49.27750110626221,1788009149182672,1788009149555812352,422279,422280,1788009149553869824,1788009149562202368,0.23313304721030043,8.33272933959961,1.9426345825195312,1367.3499629754538,559.0653385518531,1,707.7008766745769,574.5691642793294,1
1475,1478,49.266666666666666,49.4112229347229,49.310933113098145,1788009149216104,1788009149589245440,422283,422284,1788009149587201792,1788009149595535872,0.24522958088971536,8.333921432495117,2.0437240600585938,1367.9383781201016,560.2163289969155,1,710.067005875479,576.0264420907986,1
1476,1479,49.3,49.444652795791626,49.34436297416687,1788009149249534,1788009149622676480,422287,422288,1788009149620535040,1788009149628867840,0.256967095851216,8.33272933959961,2.141237258911133,1368.702661822856,559.7547123937051,1,712.0132978137156,575.9733393404244,1
1477,1480,49.333333333333336,49.47809100151062,49.377801179885864,1788009149282972,1788009149656115712,422291,422292,1788009149653867520,1788009149662200320,0.2698140200286123,8.33272933959961,2.2482872009277344,1368.0285125039154,561.8525832472309,1,713.7543778099312,577.2101374840512,1
1478,1481,49.36666666666667,49.51151990890503,49.41123008728027,1788009149316401,1788009149689545984,422295,422296,1788009149687199488,1788009149695533568,0.28156200829638106,8.333921432495117,2.346515655517578,1367.472566018781,563.1737875316295,1,715.5425515959006,578.2079165711165,1
1479,1482,49.4,49.54494881629944,49.44465899467468,1788009149349830,1788009149722976256,422299,422300,1788009149720532992,1788009149728865536,0.29321888412017166,8.33272933959961,2.4433135986328125,1365.9058603478297,564.1543658446722,1,718.5747532298917,579.5710489071375,1
1480,1483,49.43333333333333,49.57837891578674,49.47808909416199,1788009149383260,1788009149756407552,422303,422304,1788009149753864960,1788009149762198016,0.305112872306944,8.332967758178711,2.5424957275390625,1365.8217017349277,564.4493896218506,1,719.9698951201907,580.7322612875406,1
1481,1484,49.46666666666667,49.61180782318115,49.5115180015564,1788009149416689,1788009149789837312,422307,422308,1788009149787197440,1788009149795531264,0.316778715491346,8.333921432495117,2.6400089263916016,1363.6763488572528,563.6837151204371,1,722.3214550882255,580.3140408675284,1
1482,1485,49.5,49.64523696899414,49.544947147369385,1788009149450118,1788009149823267584,422311,422312,1788009149820530688,1788009149828863488,0.3284692417739628,8.33272933959961,2.7370452880859375,1362.232162470309,562.8572290639546,1,723.9647012881505,580.0979241644665,1
1483,1486,49.53333333333333,49.67866587638855,49.578376054763794,1788009149483547,1788009149856697856,422315,422316,1788009149853862656,1788009149862195712,0.3402191639724185,8.332967758178711,2.8350353240966797,1361.3738894197115,560.6342293880386,1,724.8360843681317,580.005939514688,1
1484,1487,49.56666666666667,49.71209692955017,49.611807107925415,1788009149516978,1788009149890129920,422319,422320,1788009149887195136,1788009149895527936,0.35218884120171673,8.33272933959961,2.934694290161133,1360.2259955281897,560.1467307193686,1,725.7337261389958,579.4266702676001,1
1485,1488,49.6,49.74553394317627,49.645244121551514,1788009149550415,1788009149923567872,422323,422324,1788009149920527104,1788009149928860160,0.3648822637406655,8.332967758178711,3.0405521392822266,1359.3500666809134,560.4423754738207,1,726.8213023010169,578.5448523440718,1
1486,1489,49.63333333333333,49.77896189689636,49.678672075271606,1788009149583843,1788009149956996864,422327,422328,1788009149953859584,1788009149962193408,0.3764554427120584,8.333921432495117,3.137350082397461,1357.8682415201895,559.0344747505553,1,727.6220743362571,576.907974471492,1
1487,1490,49.666666666666664,49.8123939037323,49.712104082107544,1788009149617275,1788009149990430464,422331,422332,1788009149987192832,1788009149995525632,0.3885264663805436,8.33272933959961,3.237485885620117,1357.0344576480995,559.2896871880839,1,728.6733592771576,576.6016860815593,1
1488,1491,49.7,49.84582281112671,49.74553298950195,1788009149650704,1788009150023860224,422335,422336,1788009150020525056,1788009150028857856,0.40024605876798947,8.332967758178711,3.335237503051758,1356.1236291415332,559.4774184173199,1,729.7891649406736,575.6416964567105,1
1489,1492,49.733333333333334,49.87925887107849,49.778969049453735,1788009149684140,1788009150057297152,422339,422340,1788009150053857280,1788009150062191104,0.41277107054986556,8.333683013916016,3.4399032592773438,1355.5468539205808,559.7759909663621,1,731.0621426786556,574.6949183662624,1
1490,1493,49.766666666666666,49.912688970565796,49.81239914894104,1788009149717570,1788009150090728448,422343,422344,1788009150087190528,1788009150095523328,0.4245779685264664,8.33272933959961,3.537893295288086,1354.3453172491236,558.8717730142147,1,731.6459011491944,573.3013658813195,1
1491,1494,49.8,49.946117877960205,49.84582805633545,1788009149750999,1788009150124158720,422347,422348,1788009150120522752,1788009150128856576,0.43627521098555283,8.333921432495117,3.635883331298828,1353.423610887515,558.2912736034986,1,732.1271668387558,571.7877623198533,1
1492,1495,49.833333333333336,49.97954797744751,49.879258155822754,1788009149784429,1788009150157590016,422351,422352,1788009150153856000,1788009150162188800,0.4480972818311874,8.33272933959961,3.7338733673095703,1352.835882714739,558.3729808937961,1,732.5736552751141,570.902820034675,1
1493,1496,49.86666666666667,50.01297879219055,49.912688970565796,1788009149817860,1788009150191021824,422355,422356,1788009150187188224,1788009150195521024,0.46007267317101086,8.332967758178711,3.833770751953125,1352.5083987621358,558.4247786113013,1,732.7992032288306,570.4898490498084,1
1494,1497,49.9,50.04640078544617,49.94611096382141,1788009149851282,1788009150224445184,422359,422360,1788009150220520448,1788009150228854528,0.47091975396938923,8.333921432495117,3.9246082305908203,1352.424413609897,558.6632909507275,1,732.5511072412712,569.5665916373543,1
1495,1498,49.93333333333333,50.079837799072266,49.97954797744751,1788009149884719,1788009150257883392,422363,422364,1788009150253853696,1788009150262186496,0.48357653791130184,8.33272933959961,4.029512405395508,1352.242034147986,559.4136676974301,1,732.2938076148482,569.5841368256544,1
1496,1499,49.96666666666667,50.11326599121094,50.01297616958618,1788009149918147,1788009150291312128,422367,422368,1788009150287185920,1788009150295518976,0.4951789648364854,8.332967758178711,4.126310348510742,1351.8457378658766,559.4631540220407,1,731.7996369902584,569.4654060453759,1
1497,1500,50.0,50.146697998046875,50.04640817642212,1788009149951579,1788009150324744960,422371,422372,1788009150320518144,1788009150328851968,0.5071808662813984,8.333683013916016,4.106998443603516,1351.374270957705,558.1113634594535,1,731.2557666880969,569.488112313867,1
1498,1501,50.03333333333333,50.180126905441284,50.07983708381653,1788009149985008,1788009150358174464,422375,422376,1788009150353851648,1788009150362184192,0.5187982832618026,8.33272933959961,4.009723663330078,1350.5123369517557,557.3516049854018,1,730.7048513116888,569.4869767891823,1
1499,1502,50.06666666666667,50.21355485916138,50.11326503753662,1788009150018436,1788009150391604992,422379,422380,1788009150387183616,1788009150395516672,0.5305713713484592,8.332967758178711,3.911733627319336,1350.4676681274525,556.7434181838723,1,730.2908620908643,569.4499487046544,1
1500,1503,50.1,50.246985912323,50.14669609069824,1788009150051867,1788009150425036544,422383,422384,1788009150420516096,1788009150428849664,0.5424557990501803,8.333683013916016,3.813028335571289,1349.9174207609037,555.6070191845505,1,729.9885922280703,569.1355466960833,1
1501,1504,50.13333333333333,50.28041386604309,50.180124044418335,1788009150085295,1788009150458465536,422387,422388,1788009150453849344,1788009150462182144,0.5539914163090128,8.33272933959961,3.7164688110351562,1349.8891611105673,555.9350237374649,1,729.4837358624407,568.3798607211079,1
1502,1505,50.166666666666664,50.31385278701782,50.213562965393066,1788009150118734,1788009150491905280,422391,422392,1788009150487181312,1788009150495514112,0.56689556509299,8.33272933959961,3.6089420318603516,1350.5931989346432,555.1079694363564,1,729.3629027533211,568.9542165188832,1
1503,1506,50.2,50.34728193283081,50.246992111206055,1788009150152163,1788009150525335296,422395,422396,1788009150520513792,1788009150528847360,0.5785603936602391,8.333683013916016,3.512144088745117,1350.7898224893931,553.2217182889862,1,728.9763405738931,569.2258106375897,1
1504,1507,50.233333333333334,50.380711793899536,50.28042197227478,1788009150185593,1788009150558766336,422399,422400,1788009150553846784,1788009150562179840,0.5903693742668307,8.332967758178711,3.4134387969970703,1351.367302768593,553.3865308512251,1,728.7464380951541,567.8100974562474,1
1505,1508,50.266666666666666,50.41414189338684,50.313852071762085,1788009150219023,1788009150592197632,422403,422404,1788009150587179264,1788009150595512832,0.602191451622132,8.333683013916016,3.3152103424072266,1352.1229346375603,552.6949183307428,1,729.1932762658209,568.5275207929157,1
1506,1509,50.3,50.44757080078125,50.347280979156494,1788009150252452,1788009150625627648,422407,422408,1788009150620512512,1788009150628845312,0.6138769670958513,8.33272933959961,3.217458724975586,1352.7187752088405,550.2110332187772,1,728.2194182477689,567.7488206569776,1
1507,1510,50.333333333333336,50.48100781440735,50.38071799278259,1788009150285889,1788009150659065856,422411,422412,1788009150653844480,1788009150662177536,0.6265915138336529,8.332967758178711,3.111600875854492,1353.133423728128,550.4773672332915,1,728.5636412708691,562.3316480976189,1
1508,1511,50.36666666666667,50.51443696022034,50.41414713859558,1788009150319318,1788009150692496384,422415,422416,1788009150687176960,1788009150695510528,0.6382960462321908,8.333683013916016,3.0143260955810547,1354.0593256767465,549.259191056705,1,730.1217127325384,560.8554391353962,1
1509,1512,50.4,50.547865867614746,50.44757604598999,1788009150352747,1788009150725926400,422419,422420,1788009150720510208,1788009150728843008,0.6499856938483548,8.33272933959961,2.916574478149414,1354.075849748972,547.433372582952,1,729.8727769714452,562.9869239459819,1
1510,1513,50.43333333333333,50.58130383491516,50.481014013290405,1788009150386185,1788009150759365632,422423,422424,1788009150753842432,1788009150762174976,0.6628326180257511,8.33272933959961,2.8095245361328125,1353.6728215179442,547.5599572796499,1,729.4131022754748,563.2722163024557,1
1511,1514,50.46666666666667,50.614733934402466,50.51444411277771,1788009150419615,1788009150792796672,422427,422428,1788009150787174656,1788009150795508480,0.6746009040453167,8.333683013916016,2.711772918701172,1353.7816192389148,548.9188144629913,1,729.4361660051921,565.73452439537,1
1512,1515,50.5,50.64816379547119,50.547873973846436,1788009150453045,1788009150826227712,422431,422432,1788009150820507648,1788009150828840704,0.6864181282366743,8.332967758178711,2.613067626953125,1353.9472449911118,550.4096520754481,1,727.8694669488465,566.923631759462,1
1513,1516,50.53333333333333,50.68159294128418,50.581303119659424,1788009150486474,1788009150859657984,422435,422436,1788009150853840128,1788009150862172928,0.6981974248927039,8.33272933959961,2.5148391723632812,1353.7021169032926,550.0378714680814,1,727.0571904189973,566.0044646631931,1
1514,1517,50.56666666666667,50.71502184867859,50.61473202705383,1788009150519903,1788009150893088000,422439,422440,1788009150887172352,1788009150895505152,0.709928469241774,8.33272933959961,2.4170875549316406,1353.329768451143,550.3206929988081,1,726.9375776774162,565.4998622812491,1
1515,1518,50.6,50.74845290184021,50.648163080215454,1788009150553334,1788009150926520320,422443,422444,1788009150920504576,1788009150928837376,0.7219456366237482,8.33272933959961,2.3169517517089844,1353.7271710799942,552.9596420981146,1,726.2990824207366,565.7287397554381,1
1516,1519,50.63333333333333,50.7818808555603,50.68159103393555,1788009150586762,1788009150959949312,422447,422448,1788009150953836800,1788009150962170624,0.7334496767179722,8.333683013916016,2.221345901489258,1353.969118594377,554.2862976344161,1,726.0632600819911,566.1332315885161,1
1517,1520,50.666666666666664,50.81531095504761,50.71502113342285,1788009150620192,1788009150993380608,422451,422452,1788009150987170048,1788009150995502848,0.7453005636462476,8.332967758178711,2.1224021911621094,1353.9235635033447,555.942127896611,1,725.7480291339415,566.7236871478049,1
1518,1521,50.7,50.84874892234802,50.74845910072327,1788009150653630,1788009151026819840,422455,422456,1788009151020502272,1788009151028835072,0.7581688125894135,8.33272933959961,2.0151138305664062,1354.8551231905465,558.5434963799574,1,725.2269361902465,567.6188524297056,1
1519,1522,50.733333333333334,50.88217782974243,50.781888008117676,1788009150687059,1788009151060249856,422459,422460,1788009151053834752,1788009151062168320,0.7697831435601076,8.333683013916016,1.9185543060302734,1355.352746634259,561.652845277975,1,725.3173837084529,569.9827073088805,1
1520,1523,50.766666666666666,50.915607929229736,50.81531810760498,1788009150720489,1788009151093681152,422463,422464,1788009151087167744,1788009151095500800,0.7816371491516695,8.332967758178711,1.819610595703125,1355.8250011555238,562.9652717639809,1,725.5840149770571,572.0287728678009,1
1521,1524,50.8,50.94903492927551,50.84874510765076,1788009150753916,1788009151127109120,422467,422468,1788009151120499968,1788009151128832768,0.7931330472103004,8.33272933959961,1.7237663269042969,1356.2240618059864,565.2236157728411,1,725.9925689916514,574.0165341662522,1
1522,1525,50.833333333333336,50.98246693611145,50.882177114486694,1788009150787348,1788009151160542208,422471,422472,1788009151153832192,1788009151162166016,0.8051494779001573,8.333921432495117,1.6238689422607422,1356.5076963415024,566.5748069022003,1,727.1679510656488,577.0990712924632,1
1523,1526,50.86666666666667,51.015896797180176,50.91560697555542,1788009150820778,1788009151193973248,422475,422476,1788009151187165440,1788009151195498240,0.8169957081545064,8.33272933959961,1.5249252319335938,1356.2990333351822,568.1175201241693,1,728.9361628609752,579.953409765251,1
1524,1527,50.9,51.04932689666748,50.949037075042725,1788009150854208,1788009151227404544,422479,422480,1788009151220497920,1788009151228831488,0.8287749613778108,8.333683013916016,1.4269351959228516,1356.995880522162,569.3914072348288,1,730.4101151901427,581.6876049933218,1
1525,1528,50.93333333333333,51.08274793624878,50.98245811462402,1788009150887629,1788009151260826624,422483,422484,1788009151253830912,1788009151262163968,0.8395181825984951,8.332967758178711,1.337289810180664,1357.0317538180761,571.3511358350522,1,731.6595821040155,583.1922593971221,1
1526,1529,50.96666666666667,51.11617684364319,51.01588702201843,1788009150921058,1788009151294256640,422487,422488,1788009151287163136,1788009151295495936,0.8512732474964234,8.33272933959961,1.2392997741699219,1357.1819771319977,572.7374040396478,1,731.924607559796,584.5477129604822,1
1527,1530,51.0,51.14960694313049,51.04931712150574,1788009150954488,1788009151327687936,422491,422492,1788009151320495616,1788009151328829184,0.8630485781312582,8.333683013916016,1.1413097381591797,1357.0047810075885,574.0541752972516,1,731.8592400424203,585.0140149137668,1
1528,1531,51.03333333333333,51.18303680419922,51.08274698257446,1788009150987918,1788009151361118976,422495,422496,1788009151353828608,1788009151362161664,0.874881977625819,8.332967758178711,1.0426044464111328,1357.1796820062846,574.2996177526269,1,731.9193606999555,585.5423419520848,1
1529,1532,51.06666666666667,51.21646690368652,51.11617708206177,1788009151021348,1788009151394549760,422499,422500,1788009151387161088,1788009151395493632,0.8867238912732475,8.33272933959961,0.9438991546630859,1356.9238863424061,575.0032523645035,1,731.9140589131837,585.7056994323134,1
1530,1533,51.1,51.24988889694214,51.14959907531738,1788009151054770,1788009151427972608,422503,422504,1788009151420493056,1788009151428827136,0.897468173365756,8.333921432495117,0.8544921875,1356.8788345331723,575.5655713498882,1,732.7710393168135,586.4145241284799,1
1531,1534,51.13333333333333,51.28331780433655,51.18302798271179,1788009151088199,1788009151461402112,422507,422508,1788009151453826304,1788009151462159360,0.9091299247517953,8.332967758178711,0.7572174072265625,1356.765090274052,575.7089187567719,1,733.7535358258765,586.8606269644538,1
1532,1535,51.166666666666664,51.31674790382385,51.2164580821991,1788009151121629,1788009151494833664,422511,422512,1788009151487158784,1788009151495491584,0.9210586552217453,8.33272933959961,0.6577968597412109,1356.3093862800686,576.387872513419,1,734.2925041894451,587.2150397421923,1
1533,1536,51.2,51.350172996520996,51.24988317489624,1788009151155054,1788009151528260096,422515,422516,1788009151520491008,1788009151528824832,0.932227149191818,8.333921432495117,0.5648136138916016,1355.520297843938,575.779935617226,1,734.8159451247328,587.096499655795,1
1534,1537,51.233333333333334,51.38359880447388,51.28330898284912,1788009151188480,1788009151561686784,422519,422520,1788009151553824256,1788009151562156800,0.9435765379113018,8.33272933959961,0.47016143798828125,1355.4836916917582,575.4726710062871,1,734.9461466511992,586.482067341317,1
1535,1538,51.266666666666666,51.41702890396118,51.316739082336426,1788009151221910,1788009151595118080,422523,422524,1788009151587156480,1788009151595490304,0.955341305716084,8.333683013916016,0.37217140197753906,1355.5517577273674,574.7389064419655,1,734.8906477898892,585.4113691457488,1
1536,1539,51.3,51.450459003448486,51.35016918182373,1788009151255340,1788009151628549376,422527,422528,1788009151620489472,1788009151628822528,0.9672112385911705,8.332967758178711,0.2732276916503906,1355.2345186446519,573.8898096775406,1,734.7826345484857,584.0601492412272,1
1537,1540,51.333333333333336,51.48388886451721,51.383599042892456,1788009151288770,1788009151661980416,422531,422532,1788009151653821952,1788009151662154752,0.9790844062947067,8.33272933959961,0.1742839813232422,1354.860834023389,572.5496400315028,1,734.4545882872055,582.3683867539916,1
1538,1541,51.36666666666667,51.517311811447144,51.41702198982239,1788009151322193,1788009151695404288,422535,422536,1788009151687154176,1788009151695488000,0.989958230817646,8.333683013916016,0.08368492126464844,1354.92324437,570.8095055213573,1,733.7077551331837,579.0742494624134,1
1539,1542,51.4,51.55074191093445,51.45045208930969,1788009151355623,1788009151728835584,422540,422541,1788009151728820224,1788009151737153024,0.0018311874105865521,8.33272933959961,0.0152587890625,1354.6613670414417,569.4377533031027,1,733.2785534544358,577.1142524170792,1
1540,1543,51.43333333333333,51.58417081832886,51.4838809967041,1788009151389052,1788009151762265600,422544,422545,1788009151762152448,1788009151770486272,0.013588900014304106,8.333921432495117,0.11324882507324219,1354.0938810353605,567.420667416781,1,732.8033411971501,574.145914115532,1
1541,1544,51.46666666666667,51.61759281158447,51.51730298995972,1788009151422474,1788009151795688960,422548,422549,1788009151795485696,1788009151803818496,0.024377682403433475,8.33272933959961,0.20313262939453125,1353.3574249349244,564.292286904368,1,731.6224571714713,569.5827135825203,1
1542,1545,51.5,51.65101385116577,51.550724029541016,1788009151455895,1788009151829111040,422552,422553,1788009151828817920,1788009151837150720,0.035192126119424336,8.332967758178711,0.2932548522949219,1352.5155179093308,561.4645492064184,1,731.4337788412925,567.7087725729915,1
1543,1546,51.53333333333333,51.68444299697876,51.584153175354004,1788009151489324,1788009151862541312,422556,422557,1788009151862150144,1788009151870482944,0.04695278969957081,8.33272933959961,0.39124488830566406,1351.6881397818497,559.3493751422394,1,730.7704094072677,564.0903856881754,1
1544,1547,51.56666666666667,51.71786594390869,51.617576122283936,1788009151522747,1788009151895965440,422560,422561,1788009151895482624,1788009151903815168,0.05793991416309013,8.33272933959961,0.48279762268066406,1350.9664128581508,557.9180262736066,1,730.5253252433797,560.2066588473633,1
1545,1548,51.6,51.75129699707031,51.65100717544556,1788009151556178,1788009151929397504,422564,422565,1788009151928814592,1788009151937148672,0.0699470748104706,8.333921432495117,0.5829334259033203,1350.4856055057019,556.8771980808401,1,731.1329055657225,558.3341595351962,1
1546,1549,51.63333333333333,51.78472590446472,51.684436082839966,1788009151589607,1788009151962828032,422568,422569,1788009151962147840,1788009151970480640,0.08160228898426324,8.33272933959961,0.6799697875976562,1350.3164428715343,557.0814315545337,1,731.0409304723695,555.8213247301787,1
1547,1550,51.666666666666664,51.81814789772034,51.71785807609558,1788009151623029,1788009151996251136,422572,422573,1788009151995480064,1788009152003813120,0.09252954135790106,8.332967758178711,0.7710456848144531,1350.04284041979,557.3176476339665,1,730.6134775285984,553.2909760668535,1
1548,1551,51.7,51.85157799720764,51.751288175582886,1788009151656459,1788009152029682432,422576,422577,1788009152028812288,1788009152037146368,0.10439136032041196,8.333921432495117,0.8699893951416016,1349.6376347483265,556.955201755763,1,729.8824954527638,552.1282268166776,1
1549,1552,51.733333333333334,51.88499999046326,51.7847101688385,1788009151689881,1788009152063105280,422580,422581,1788009152062145792,1788009152070478336,0.11516452074391989,8.33272933959961,0.9596347808837891,1350.3101639130718,555.7231541635333,1,728.3254397148658,550.3293881243128,1
1550,1553,51.766666666666666,51.91842794418335,51.818138122558594,1788009151723309,1788009152096534528,422584,422585,1788009152095477760,1788009152103810816,0.12680609996852737,8.332967758178711,1.056671142578125,1350.5707979602203,556.2880018791316,1,727.9292298507266,549.9936378783334,1
1551,1554,51.8,51.95185899734497,51.851569175720215,1788009151756740,1788009152129966848,422588,422589,1788009152128810240,1788009152137143808,0.13878239972535333,8.333683013916016,1.1565685272216797,1351.571783702189,556.95543452982,1,726.6940649778343,548.8119449464515,1
1552,1555,51.833333333333336,51.985280990600586,51.88499116897583,1788009151790162,1788009152163389696,422592,422593,1788009152162143488,1788009152170476288,0.14955650929899858,8.33272933959961,1.2462139129638672,1352.0983362728293,556.6178866087602,1,725.5361555216543,548.5069478410708,1
1553,1556,51.86666666666667,52.01871085166931,51.918421030044556,1788009151823592,1788009152196820224,422596,422597,1788009152195475456,1788009152203808512,0.16136877342565306,8.332967758178711,1.3446807861328125,1352.4401210924218,556.3993570939285,1,724.9670397482361,549.3627048491921,1
1554,1557,51.9,52.052138805389404,51.95184898376465,1788009151857020,1788009152230249216,422600,422601,1788009152228808960,1788009152237141504,0.17284692417739628,8.33272933959961,1.440286636352539,1352.8851878528249,556.2761388428762,1,724.5770315883015,550.3885721402179,1
1555,1558,51.93333333333333,52.085569858551025,51.98528003692627,1788009151890451,1788009152263681536,422604,422605,1788009152262141184,1788009152270473984,0.18483547925608013,8.33272933959961,1.5401840209960938,1352.5888348459052,555.9923822160234,1,723.9565393907535,551.165949372269,1
1556,1559,51.96666666666667,52.118999004364014,52.01870918273926,1788009151923880,1788009152297111552,422608,422609,1788009152295473408,1788009152303807232,0.19656701473322843,8.333921432495117,1.638174057006836,1352.870585474861,555.3605698543125,1,724.0878153141654,553.0056185681374,1
1557,1560,52.0,52.15243101119995,52.052141189575195,1788009151957312,1788009152330544640,422612,422613,1788009152328806656,1788009152337139456,0.20858369098712445,8.33272933959961,1.7380714416503906,1352.9934232096616,555.4423086879249,1,724.0343304952423,553.5409095935184,1
1558,1561,52.03333333333333,52.18585991859436,52.085570096969604,1788009151990741,1788009152363974656,422616,422617,1788009152362138624,1788009152370471680,0.22030843180452633,8.332967758178711,1.8358230590820312,1352.8036395510803,555.2302146884672,1,724.0405277832615,554.3716153623199,1
1559,1562,52.06666666666667,52.219290018081665,52.11900019645691,1788009152024171,1788009152397405952,422620,422621,1788009152395471104,1788009152403804672,0.2321622704125422,8.333683013916016,1.9347667694091797,1353.0239106990289,554.7886850108736,1,723.8618292568668,555.0226112876826,1
1560,1563,52.1,52.25271201133728,52.152422189712524,1788009152057593,1788009152430828800,422624,422625,1788009152428804352,1788009152437137152,0.24294706723891274,8.33272933959961,2.024412155151367,1353.5661787271588,555.7848375119405,1,724.1416586776982,555.5806884154764,1
1561,1564,52.13333333333333,52.28614282608032,52.185853004455566,1788009152091024,1788009152464260864,422628,422629,1788009152462136576,1788009152470469376,0.2549283282309519,8.332967758178711,2.124309539794922,1353.9556505128212,556.406694321353,1,724.5375019994692,556.677527515706,1
1562,1565,52.166666666666664,52.31957197189331,52.219282150268555,1788009152124453,1788009152497690880,422632,422633,1788009152495468800,1788009152503802624,0.26663615036905647,8.333683013916016,2.2220611572265625,1354.372310472098,557.0865513730712,1,724.5394393507777,556.1417104779548,1
1563,1566,52.2,52.3529999256134,52.25271010398865,1788009152157881,1788009152531120128,422636,422637,1788009152528802048,1788009152537134848,0.27816881258941345,8.33272933959961,2.3179054260253906,1354.509430242896,557.8340361664914,1,724.5550823715788,555.7450135538077,1
1564,1567,52.233333333333334,52.38642978668213,52.28613996505737,1788009152191311,1788009152564551424,422640,422641,1788009152562134272,1788009152570467072,0.29007153075822606,8.33272933959961,2.4170875549316406,1354.9196053478468,558.521503600854,1,724.4313652842125,556.7989767114694,1
1565,1568,52.266666666666666,52.41985893249512,52.31956911087036,1788009152224740,1788009152597981696,422644,422645,1788009152595466496,1788009152603800320,0.3017966470218001,8.333683013916016,2.515077590942383,1355.0521701199477,558.2270514214175,1,724.2369289983575,557.7092809315185,1
1566,1569,52.3,52.45328998565674,52.35300016403198,1788009152258171,1788009152631414016,422648,422649,1788009152628799744,1788009152637132544,0.3137249291865755,8.332967758178711,2.614259719848633,1355.203585983653,557.9057069965824,1,724.3032908780617,558.1235291665793,1
1567,1570,52.333333333333336,52.48671889305115,52.38642907142639,1788009152291600,1788009152664843776,422652,422653,1788009152662131968,1788009152670466048,0.32538978686883135,8.333921432495117,2.711772918701172,1355.209053395605,558.2119267462522,1,724.1940372586563,558.6404755995551,1
1568,1571,52.36666666666667,52.52014899253845,52.419859170913696,1788009152325030,1788009152698275072,422656,422657,1788009152695465216,1788009152703798016,0.3371959942775393,8.33272933959961,2.809762954711914,1355.0462347241637,558.2491972641919,1,724.007563695923,558.9972689898767,1
1569,1572,52.4,52.55357885360718,52.45328903198242,1788009152358460,1788009152731706112,422660,422661,1788009152728797440,1788009152737130496,0.3490601127292495,8.332967758178711,2.9087066650390625,1355.189110560204,558.297449214008,1,724.0373611498525,559.0807875189672,1
1570,1573,52.43333333333333,52.587007999420166,52.48671817779541,1788009152391889,1788009152765136128,422664,422665,1788009152762129664,1788009152770463488,0.3607598558104938,8.333683013916016,3.006458282470703,1355.459587818973,558.595846381442,1,723.8052563729007,558.594043753829,1
1571,1574,52.46666666666667,52.62044596672058,52.520156145095825,1788009152425327,1788009152798575360,422668,422669,1788009152795463168,1788009152803795712,0.37350500715307583,8.33272933959961,3.112316131591797,1355.6614259341536,558.2123308254154,1,723.5473772069925,558.262067487884,1
1572,1575,52.5,52.653873920440674,52.55358409881592,1788009152458755,1788009152832004608,422672,422673,1788009152828795136,1788009152837128192,0.38513919487282194,8.332967758178711,3.209352493286133,1355.802613882623,558.5561767441932,1,723.6829076447392,557.431427752697,1
1573,1576,52.53333333333333,52.68731093406677,52.58702111244202,1788009152492192,1788009152865442816,422676,422677,1788009152862127616,1788009152870460160,0.39785407725321886,8.33272933959961,3.3152103424072266,1355.6432350720042,559.1096860228241,1,723.3547369915525,557.5184180599528,1
1574,1577,52.56666666666667,52.7207407951355,52.62045097351074,1788009152525622,1788009152898873856,422680,422681,1788009152895459584,1788009152903792640,0.4097164601871191,8.332967758178711,3.414154052734375,1354.8289934461613,559.8311645983267,1,723.9443140041917,557.5177056207683,1
1575,1578,52.6,52.75417900085449,52.653889179229736,1788009152559060,1788009152932313088,422684,422685,1788009152928792064,1788009152937125632,0.42252674944212393,8.333683013916016,3.5212039947509766,1354.0123792740874,559.9696060093511,1,724.75040714645,557.300525401732,1
1576,1579,52.63333333333333,52.78760886192322,52.68731904029846,1788009152592490,1788009152965744128,422688,422689,1788009152962125312,1788009152970458112,0.43427753934191704,8.33272933959961,3.6187171936035156,1353.373238000876,559.7496367326623,1,725.417485680823,557.1221671082022,1
1577,1580,52.666666666666664,52.821038007736206,52.72074818611145,1788009152625919,1788009152999174400,422692,422693,1788009152995457536,1788009153003790080,0.446065808297568,8.33272933959961,3.7169456481933594,1352.7282159772237,558.5011173297,1,726.3176997393139,557.2139608040391,1
1578,1581,52.7,52.85446786880493,52.754178047180176,1788009152659349,1788009153032605440,422696,422697,1788009153028789760,1788009153037123328,0.4578589002689249,8.333683013916016,3.8156509399414062,1351.677159596667,556.5744621789123,1,726.6032671023868,557.5909447457295,1
1579,1582,52.733333333333334,52.88790583610535,52.78761601448059,1788009152692787,1788009153066044672,422700,422701,1788009153062122752,1788009153070455808,0.47063031100683816,8.332967758178711,3.9217472076416016,1350.4315635787557,553.7913192558088,1,727.3566966988627,558.8345050993028,1
1580,1583,52.766666666666666,52.92133283615112,52.82104301452637,1788009152726214,1788009153099472640,422704,422705,1788009153095455232,1788009153103787776,0.48214592274678114,8.33272933959961,4.01759147644043,1350.457634932941,550.4455936293822,1,727.7130014013652,559.4554522173894,1
1581,1584,52.8,52.954756021499634,52.85446619987488,1788009152759637,1788009153132897024,422708,422709,1788009153128787456,1788009153137121280,0.49310522400869716,8.333683013916016,4.109382629394531,1351.8966337583531,546.6770758178847,1,727.0974089418448,557.7754236179046,1
1582,1585,52.833333333333336,52.98818588256836,52.8878960609436,1788009152793067,1788009153166328064,422712,422713,1788009153162120704,1788009153170453504,0.5049068696174644,8.332967758178711,4.1255950927734375,1354.4977160384913,544.989719513315,1,726.1974982298307,556.8148827312813,1
1583,1586,52.86666666666667,53.021615982055664,52.92132616043091,1788009152826497,1788009153199759360,422716,422717,1788009153195452928,1788009153203785728,0.5167954220314736,8.33272933959961,4.0264129638671875,1358.9723739308445,543.1620933724953,1,725.4412790306737,556.775246772613,1
1584,1587,52.9,53.05504488945007,52.95475506782532,1788009152859926,1788009153233189376,422720,422721,1788009153228785152,1788009153237118976,0.5284794736089258,8.333921432495117,3.929615020751953,1363.708264320696,541.579156623314,1,724.1163764681564,556.3140387261484,1
1585,1588,52.93333333333333,53.088467836380005,52.98817801475525,1788009152893349,1788009153266612992,422724,422725,1788009153262118400,1788009153270451200,0.5393837086206403,8.332967758178711,3.8383007049560547,1366.999517169455,541.6210638197332,1,722.9566855654816,556.1508775131995,1
1586,1589,52.96666666666667,53.12189698219299,53.02160716056824,1788009152926778,1788009153300042752,422728,422729,1788009153295450624,1788009153303784448,0.5510385077530469,8.333683013916016,3.7415027618408203,1369.0347709144437,542.4068771170353,1,721.3936648829526,556.0829182608344,1
1587,1590,53.0,53.155324935913086,53.05503511428833,1788009152960206,1788009153333471488,422732,422733,1788009153328783872,1788009153337116672,0.5625464949928469,8.33272933959961,3.645181655883789,1369.8441256637352,544.4729648633083,1,719.7477452530455,556.8965262624441,1
1588,1591,53.03333333333333,53.188748836517334,53.08845901489258,1788009152993630,1788009153366896640,422736,422737,1788009153362116096,1788009153370448896,0.5737052932761088,8.33272933959961,3.5521984100341797,1370.2027396861577,547.1446144934216,1,718.4011705062806,559.1294652037622,1
1589,1592,53.06666666666667,53.22217798233032,53.121888160705566,1788009153027059,1788009153400326912,422740,422741,1788009153395448320,1788009153403782144,0.5853979515935229,8.333683013916016,3.4551620483398438,1370.5442087676743,550.1980501593814,1,717.4462497577565,561.3860455778429,1
1590,1593,53.1,53.25560784339905,53.15531802177429,1788009153060489,1788009153433757952,422744,422745,1788009153428781568,1788009153437114368,0.597207519098166,8.332967758178711,3.356456756591797,1371.0622232402889,552.336122797859,1,716.7110545693031,563.7084708923076,1
1591,1594,53.13333333333333,53.289036989212036,53.18874716758728,1788009153093918,1788009153467188480,422748,422749,1788009153462113792,1788009153470446592,0.6089842632331903,8.33272933959961,3.258228302001953,1371.7606337167317,554.5715685469471,1,716.2655813142048,565.8734424238355,1
1592,1595,53.166666666666664,53.322465896606445,53.22217607498169,1788009153127347,1788009153500618496,422752,422753,1788009153495446016,1788009153503779840,0.6206551280217423,8.333921432495117,3.1614303588867188,1372.208624486492,555.8698012546608,1,715.8835002538251,567.2996943649943,1
1593,1596,53.2,53.35588884353638,53.25559902191162,1788009153160770,1788009153534042624,422756,422757,1788009153528779264,1788009153537112320,0.631627135132042,8.332967758178711,3.069639205932617,1371.328531323326,556.34455883744,1,715.3323002470843,567.4274771982689,1
1594,1597,53.233333333333334,53.38931894302368,53.289029121398926,1788009153194200,1788009153567473920,422760,422761,1788009153562111744,1788009153570444288,0.643519313304721,8.33272933959961,2.970457077026367,1371.1102509033576,556.8745900917176,1,715.5523256161015,567.7369205749558,1
1595,1598,53.266666666666666,53.42274785041809,53.322458028793335,1788009153227629,1788009153600903680,422764,422765,1788009153595443712,1788009153603777536,0.6551566299527964,8.333921432495117,2.8738975524902344,1371.4046993408144,556.9923516310555,1,715.6328778039104,567.683059656693,1
1596,1599,53.3,53.45618486404419,53.355895042419434,1788009153261066,1788009153634341888,422768,422769,1788009153628776960,1788009153637109760,0.6678397711015737,8.33272933959961,2.767801284790039,1372.0350225424156,556.9022457989763,1,715.5964170817438,567.566393322863,1
1597,1600,53.333333333333336,53.489614963531494,53.38932514190674,1788009153294496,1788009153667773184,422772,422773,1788009153662109440,1788009153670441984,0.6797138769670958,8.33272933959961,2.6688575744628906,1372.4516263617847,557.2480847547732,1,716.4215338750546,567.9109268457313,1
1598,1601,53.36666666666667,53.5230438709259,53.42275404930115,1788009153327925,1788009153701203200,422776,422777,1788009153695442432,1788009153703775488,0.6913106921118137,8.332967758178711,2.572298049926758,1373.7016723923132,556.2252133833625,1,716.7613396490337,567.4914885446482,1
1599,1602,53.4,53.556474924087524,53.45618510246277,1788009153361356,1788009153734635264,422780,422781,1788009153728774912,1788009153737107456,0.7033190271816882,8.33272933959961,2.4721622467041016,1374.8019408303985,556.095849986032,1,717.078189281682,566.9224253756215,1
1600,1603,53.43333333333333,53.589903831481934,53.48961400985718,1788009153394785,1788009153768065536,422784,422785,1788009153762107136,1788009153770440704,0.7149682439777993,8.333683013916016,2.375364303588867,1375.2285865566791,556.7452183750441,1,717.4801170085517,566.930949092627,1
1601,1604,53.46666666666667,53.623331785202026,53.52304196357727,1788009153428213,1788009153801494528,422788,422789,1788009153795440128,1788009153803773184,0.7265600412005379,8.332967758178711,2.278566360473633,1375.3808933834475,557.6551000376159,1,717.716214255596,566.9404304731447,1
1602,1605,53.5,53.65676188468933,53.556472063064575,1788009153461643,1788009153834925824,422792,422793,1788009153828772608,1788009153837105152,0.7384549356223176,8.33272933959961,2.179384231567383,1375.4932115236868,557.7603412816759,1,717.7274580822593,566.6563903292936,1
1603,1606,53.53333333333333,53.690191984176636,53.58990216255188,1788009153495073,1788009153868357120,422796,422797,1788009153862103808,1788009153870437632,0.7503647546845945,8.333921432495117,2.0804405212402344,1375.333754739363,557.7447632052855,1,718.3419190146549,567.5361129262205,1
1604,1607,53.56666666666667,53.72362184524536,53.623332023620605,1788009153528503,1788009153901787904,422800,422801,1788009153895437056,1788009153903769856,0.7621745350500715,8.33272933959961,1.9817352294921875,1375.9254926640149,556.6026240071487,1,718.8012424879066,567.5431026147818,1
1605,1608,53.6,53.757051944732666,53.65676212310791,1788009153561933,1788009153935218944,422804,422805,1788009153928769280,1788009153937103104,0.7739314527664931,8.333683013916016,1.8839836120605469,1375.6972905658208,556.669535003096,1,718.5838181226729,567.5439708353181,1
1606,1609,53.63333333333333,53.79048180580139,53.690191984176636,1788009153595363,1788009153968649984,422808,422809,1788009153962102528,1788009153970435328,0.7857572029412606,8.332967758178711,1.7852783203125,1375.2655450989976,557.0727252049146,1,717.779318047976,568.0857970141586,1
1607,1610,53.666666666666664,53.82391095161438,53.723621129989624,1788009153628792,1788009154002080512,422812,422813,1788009153995434752,1788009154003767552,0.7975393419170244,8.33272933959961,1.6870498657226562,1374.7016697017266,558.373350538033,1,717.4475833943064,569.0766666360951,1
1608,1611,53.7,53.857348918914795,53.75705909729004,1788009153662230,1788009154035519488,422816,422817,1788009154028766976,1788009154037100800,0.8102703475897582,8.333921432495117,1.5811920166015625,1374.4454769910576,559.4550019639271,1,717.3560000761298,570.6231985180759,1
1609,1612,53.733333333333334,53.890777826309204,53.79048800468445,1788009153695659,1788009154068949760,422820,422821,1788009154062100224,1788009154070433024,0.8220028612303291,8.33272933959961,1.4832019805908203,1374.7018829095978,561.2549259898992,1,717.0657025771002,572.5339265002675,1
1610,1613,53.766666666666666,53.92420697212219,53.82391715049744,1788009153729088,1788009154102380032,422824,422825,1788009154095432448,1788009154103765248,0.8337625178826895,8.33272933959961,1.3852119445800781,1375.0082797041555,563.8466187796919,1,716.2678041201087,574.5817194782005,1
1611,1614,53.8,53.95764398574829,53.857354164123535,1788009153762525,1788009154135818240,422828,422829,1788009154128764672,1788009154137098496,0.8463739093119725,8.333921432495117,1.2803077697753906,1375.5698508457062,566.7757766050378,1,714.2282678290626,576.3486754688408,1
1612,1615,53.833333333333336,53.99107384681702,53.89078402519226,1788009153795955,1788009154169249280,422832,422833,1788009154162097920,1788009154170430720,0.8582260371959943,8.33272933959961,1.1813640594482422,1376.5247846293075,569.2373823545455,1,710.7221923425682,577.8142964465695,1
1613,1616,53.86666666666667,54.02450394630432,53.924214124679565,1788009153829385,1788009154202680576,422836,422837,1788009154195430400,1788009154203762944,0.8701001430615165,8.33272933959961,1.0824203491210938,1379.0641524612586,570.050522742464,1,705.9245798257791,578.7633440735003,1
1614,1617,53.9,54.05793499946594,53.95764517784119,1788009153862816,1788009154236112384,422840,422841,1788009154228762368,1788009154237096192,0.8819339150336146,8.333921432495117,0.9839534759521484,1383.5157879255792,568.9858897330045,1,700.0191826721478,579.1262637093371,1
1615,1618,53.93333333333333,54.091370820999146,53.99108099937439,1788009153896252,1788009154269549056,422844,422845,1788009154262095616,1788009154270428416,0.8944778254649499,8.33272933959961,0.8792877197265625,1388.8748221328801,567.851519313998,1,694.8236701242678,580.0560884675314,1
1616,1619,53.96666666666667,54.124799966812134,54.02451014518738,1788009153929681,1788009154302979072,422848,422849,1788009154295427840,1788009154303760640,0.9061829418328518,8.332967758178711,0.7817745208740234,1394.094043038964,565.726607828269,1,690.896438385571,580.788211494162,1
1617,1620,54.0,54.15823793411255,54.05794811248779,1788009153963119,1788009154336417792,422852,422853,1788009154328761088,1788009154337094144,0.9188578295327745,8.332967758178711,0.6761550903320312,1396.9395505871219,564.315405020955,1,688.0586012053164,581.6069952716651,1
1618,1621,54.03333333333333,54.191672801971436,54.09138298034668,1788009153996554,1788009154369853696,422856,422857,1788009154362093568,1788009154370426112,0.9313018597997139,8.33272933959961,0.5724430084228516,1398.6766317453914,562.4600437686464,1,685.3244744951019,581.0240256809227,1
1619,1622,54.06666666666667,54.22510290145874,54.124813079833984,1788009154029984,1788009154403285248,422860,422861,1788009154395425536,1788009154403759360,0.9430982692032613,8.333921432495117,0.4742145538330078,1400.986604249332,560.982842761471,1,682.722800047774,580.0497676229252,1
1620,1623,54.1,54.258540868759155,54.1582510471344,1788009154063422,1788009154436724736,422864,422865,1788009154428758784,1788009154437091584,0.9559656652360515,8.33272933959961,0.3669261932373047,1404.1783429569832,559.393181214708,1,679.8475538740047,579.3697042342664,1
1621,1624,54.13333333333333,54.29197096824646,54.191681146621704,1788009154096852,1788009154470156032,422868,422869,1788009154462091264,1788009154470424064,0.9678397711015737,8.33272933959961,0.26798248291015625,1409.0909882949893,557.8361637900836,1,676.7302163939275,579.0771371876026,1
1622,1625,54.166666666666664,54.32539987564087,54.22511005401611,1788009154130281,1788009154503585792,422872,422873,1788009154495423232,1788009154503757312,0.9794306966099271,8.333921432495117,0.17142295837402344,1413.5733393692074,557.0963701543129,1,672.1264146158215,579.1433433487074,1
1623,1626,54.2,54.358837842941284,54.25854802131653,1788009154163719,1788009154537025024,422876,422877,1788009154528756736,1788009154537089280,0.992274678111588,8.33272933959961,0.06437301635742188,1419.7578861856537,556.5396111239368,1,667.375833841891,579.4259765714953,1
1624,1627,54.233333333333334,54.39226794242859,54.29197812080383,1788009154197149,1788009154570456320,422881,422882,1788009154570421760,1788009154578755328,0.004148309206385536,8.333683013916016,0.03457069396972656,1427.571685912364,557.1732021195012,1,662.048590083692,579.4339980336963,1
1625,1628,54.266666666666666,54.42570400238037,54.325414180755615,1788009154230585,1788009154603893504,422885,422886,1788009154603755008,1788009154612087808,0.016623748211731043,8.33272933959961,0.1385211944580078,1437.3416844304438,558.4564961166029,1,656.5875647153761,579.7451762902563,1
1626,1629,54.3,54.45913481712341,54.35884499549866,1788009154264016,1788009154637325568,422889,422890,1788009154637087232,1788009154645419776,0.02861230329041488,8.33272933959961,0.2384185791015625,1446.3761370599384,561.0336003396296,1,651.3736975111251,581.071213340054,1
1627,1630,54.333333333333336,54.49256992340088,54.39228010177612,1788009154297451,1788009154670761472,422893,422894,1788009154670419456,1788009154678753024,0.04105395662871202,8.333683013916016,0.3421306610107422,1455.1157891280393,564.6865143177623,1,646.5856748523078,583.01798195036,1
1628,1631,54.36666666666667,54.526000022888184,54.42571020126343,1788009154330881,1788009154704192512,422897,422898,1788009154703752448,1788009154712085504,0.052816800663786447,8.332967758178711,0.4401206970214844,1459.2774842456852,568.4507419830516,1,643.4445634579474,585.2839219736185,1
1629,1632,54.4,54.5594367980957,54.45914697647095,1788009154364318,1788009154737630720,422901,422902,1788009154737084928,1788009154745418752,0.06548419396366757,8.333921432495117,0.5457401275634766,1460.9127933215739,572.6361132106363,1,641.5936852988908,588.0707607200336,1
1630,1633,54.43333333333333,54.59286689758301,54.49257707595825,1788009154397748,1788009154771062016,422905,422906,1788009154770418176,1788009154778750976,0.07725321888412018,8.33272933959961,0.6437301635742188,1461.6070235893746,578.0785264033258,1,640.9492606483536,591.5735333225741,1
1631,1634,54.46666666666667,54.62630486488342,54.52601504325867,1788009154431186,1788009154804500992,422909,422910,1788009154803750400,1788009154812083200,0.0900975651626563,8.332967758178711,0.7507801055908203,1460.5133944915626,583.9766248066456,1,640.4768241046024,595.433482815235,1
1632,1635,54.5,54.65973496437073,54.55944514274597,1788009154464616,1788009154837932288,422913,422914,1788009154837082624,1788009154845416192,0.1019625793900555,8.333683013916016,0.8497238159179688,1458.9190182226373,589.7289176810702,1,641.318886750092,599.4942191467319,1
1633,1636,54.53333333333333,54.69317078590393,54.592880964279175,1788009154498052,1788009154871369472,422917,422918,1788009154870414848,1788009154878747648,0.1145603845383537,8.332967758178711,0.9546279907226562,1457.3621184392548,595.1633498585633,1,641.8445303980883,603.4050369602664,1
1634,1637,54.56666666666667,54.72659993171692,54.62631011009216,1788009154531481,1788009154904799488,422921,422922,1788009154903747072,1788009154912079872,0.1262947067238913,8.33272933959961,1.0523796081542969,1455.9035630243397,599.4509835738991,1,643.0013476398271,606.3532109316359,1
1635,1638,54.6,54.760037899017334,54.65974807739258,1788009154564919,1788009154938238720,422925,422926,1788009154937079552,1788009154945413120,0.13909709904445844,8.333683013916016,1.1591911315917969,1454.9092798102538,602.3763128720807,1,643.7820785979447,608.3316873069488,1
1636,1639,54.63333333333333,54.79346680641174,54.69317698478699,1788009154598348,1788009154971668736,422929,422930,1788009154970412544,1788009154978745344,0.15075391262052587,8.332967758178711,1.2562274932861328,1454.4864090593246,604.2961667376259,1,644.3561188721638,609.6651535754893,1
1637,1640,54.666666666666664,54.82690382003784,54.726613998413086,1788009154631785,1788009155005106944,422933,422934,1788009155003744768,1788009155012078592,0.1634433827315901,8.333683013916016,1.3620853424072266,1454.5900783342222,604.8520275481548,1,644.4503013160629,610.2220440468094,1
1638,1641,54.7,54.86033487319946,54.76004505157471,1788009154665216,1788009155038539008,422937,422938,1788009155037078016,1788009155045410816,0.17530758226037196,8.33272933959961,1.4607906341552734,1455.4481974802236,604.1521797465929,1,644.4823546847826,610.016787006291,1
1639,1642,54.733333333333334,54.89376997947693,54.79348015785217,1788009154698651,1788009155071975168,422941,422942,1788009155070410240,1788009155078743296,0.1878057852421962,8.332967758178711,1.5649795532226562,1456.3611361608293,601.9907659614532,1,644.1842041464793,608.3976529251667,1
1640,1643,54.766666666666666,54.92719888687134,54.82690906524658,1788009154732080,1788009155105405440,422945,422946,1788009155103742720,1788009155112076288,0.19951936831263947,8.333683013916016,1.6627311706542969,1457.5325279718859,600.2568071356948,1,643.7041901724222,606.8119595009736,1
1641,1644,54.8,54.96062898635864,54.86033916473389,1788009154765510,1788009155138836480,422949,422950,1788009155137075968,1788009155145408512,0.21127324749642346,8.33272933959961,1.7604827880859375,1458.6339465509977,599.0424848124848,1,642.988836031217,605.4934508583102,1
1642,1645,54.833333333333336,54.99406695365906,54.8937771320343,1788009154798948,1788009155172275456,422953,422954,1788009155170407936,1788009155178740736,0.22412017167381973,8.33272933959961,1.867532730102539,1459.3584634146575,598.266412362205,1,643.3219894618303,604.7019002879131,1
1643,1646,54.86666666666667,55.02749681472778,54.92720699310303,1788009154832378,1788009155205706240,422957,422958,1788009155203740416,1788009155212073984,0.2358814441837844,8.333683013916016,1.9657611846923828,1459.6229787040788,597.9270282840724,1,643.6110533866439,604.3788970147284,1
1644,1647,54.9,55.060927867889404,54.96063804626465,1788009154865809,1788009155239138048,422961,422962,1788009155237073408,1788009155245406464,0.2477754570684673,8.332967758178711,2.0647048950195312,1459.839135356428,597.9225091859752,1,644.1484438081641,604.143246051823,1
1645,1648,54.93333333333333,55.09436392784119,54.99407410621643,1788009154899245,1788009155272574976,422965,422966,1788009155270405888,1788009155278738432,0.26031473533619454,8.33272933959961,2.1691322326660156,1459.413756157775,597.9668624943466,1,643.9620379766802,603.930083551684,1
1646,1649,54.96666666666667,55.12779378890991,55.027503967285156,1788009154932675,1788009155306006016,422969,422970,1788009155303737856,1788009155312071680,0.2721499070233157,8.333921432495117,2.268075942993164,1458.7314183848673,598.1989252642252,1,643.8747250693777,603.8604984170623,1
1647,1650,55.0,55.16123080253601,55.060940980911255,1788009154966112,1788009155339444224,422973,422974,1788009155337071104,1788009155345404160,0.28477010672083775,8.332967758178711,2.3729801177978516,1457.9587935914897,598.2141113140929,1,643.7590130127123,603.8353998400132,1
1648,1651,55.03333333333333,55.19465899467468,55.09436917304993,1788009154999540,1788009155372873472,422977,422978,1788009155370403584,1788009155378737152,0.29638954053899413,8.333683013916016,2.4700164794921875,1457.3357139590835,598.280910704747,1,643.5219403074042,603.8413938368581,1
1649,1652,55.06666666666667,55.22808790206909,55.127798080444336,1788009155032969,1788009155406303744,422981,422982,1788009155403736832,1788009155412069632,0.3080400572246066,8.33272933959961,2.566814422607422,1457.2554619094406,598.4578652993852,1,644.138589837773,604.0291618777933,1
1650,1653,55.1,55.2615180015564,55.16122817993164,1788009155066399,1788009155439734784,422985,422986,1788009155437069056,1788009155445401600,0.31991416309012877,8.33272933959961,2.6657581329345703,1457.3601429523999,598.6063384444302,1,643.6962783882766,604.1910033056179,1
1651,1654,55.13333333333333,55.29495692253113,55.19466710090637,1788009155099838,1788009155473174784,422989,422990,1788009155470401280,1788009155478734848,0.3328088344681582,8.333683013916016,2.7735233306884766,1457.418425095448,598.8236095017451,1,642.8816169147786,604.2502511517743,1
1652,1655,55.166666666666664,55.32838582992554,55.22809600830078,1788009155133267,1788009155506604800,422993,422994,1788009155503734272,1788009155512067328,0.34448227518525937,8.332967758178711,2.8705596923828125,1457.8578771338755,599.075867397109,1,642.1952555748501,604.255768787166,1
1653,1656,55.2,55.36181592941284,55.261526107788086,1788009155166697,1788009155540036096,422997,422998,1788009155537066752,1788009155545399552,0.3563662374821173,8.33272933959961,2.969503402709961,1458.1642034701526,599.2797349850008,1,642.0796353932768,604.1469904547916,1
1654,1657,55.233333333333334,55.39524483680725,55.294955015182495,1788009155200126,1788009155573466368,423001,423002,1788009155570398976,1788009155578732800,0.36805515820793044,8.333683013916016,3.0672550201416016,1458.315360949775,599.3923651439401,1,642.0941460047347,603.9879069525265,1
1655,1658,55.266666666666666,55.428674936294556,55.3283851146698,1788009155233556,1788009155606897664,423005,423006,1788009155603732224,1788009155612065024,0.37987468169723326,8.332967758178711,3.1654834747314453,1458.3884816880836,599.3577891169034,1,641.8686750388514,603.6802452024843,1
1656,1659,55.3,55.462103843688965,55.36181402206421,1788009155266985,1788009155640327424,423009,423010,1788009155637064448,1788009155645397248,0.39158798283261803,8.33272933959961,3.2629966735839844,1458.2195009349382,599.2424416531344,1,642.0550641914081,603.2958767605708,1
1657,1660,55.333333333333336,55.49553394317627,55.395244121551514,1788009155300415,1788009155673758720,423013,423014,1788009155670396672,1788009155678730496,0.40343298526677157,8.333921432495117,3.3621788024902344,1457.736311873267,598.8233700649123,1,643.3421895330096,601.6387592179364,1
1658,1661,55.36666666666667,55.52896285057068,55.42867302894592,1788009155333844,1788009155707188480,423017,423018,1788009155703729920,1788009155712062720,0.4150668078166576,8.332967758178711,3.458738327026367,1455.4689397515456,597.0169568842728,1,647.5386420183298,598.3567693103842,1
1659,1662,55.4,55.5623939037323,55.462104082107544,1788009155367275,1788009155740620800,423021,423022,1788009155737062144,1788009155745394944,0.42706723891273246,8.33272933959961,3.558635711669922,1451.0768137578752,593.722707636442,1,653.0984194468306,594.5717887478761,1
1660,1663,55.43333333333333,55.595824003219604,55.49553418159485,1788009155400705,1788009155774052096,423025,423026,1788009155770394368,1788009155778728192,0.43890716635674437,8.333921432495117,3.657817840576172,1446.86856254975,589.5081979977608,1,658.244144562098,590.3106954062597,1
1661,1664,55.46666666666667,55.629252910614014,55.52896308898926,1788009155434134,1788009155807482368,423029,423030,1788009155803727616,1788009155812060416,0.45058655221745353,8.33272933959961,3.7546157836914062,1444.407803865487,584.112565827616,1,663.7715956118648,585.8472982022549,1
1662,1665,55.5,55.66268301010132,55.56239318847656,1788009155467564,1788009155840913408,423033,423034,1788009155837060096,1788009155845393664,0.4624077358814442,8.333683013916016,3.8535594940185547,1439.864396733255,576.949450041693,1,666.2310054188292,581.3162829329776,1
1663,1666,55.53333333333333,55.69611191749573,55.59582209587097,1788009155500993,1788009155874343680,423037,423038,1788009155870392064,1788009155878724864,0.4742203147353362,8.33272933959961,3.951549530029297,1433.2061697106255,568.9747807737551,1,670.267351119119,577.4394726855888,1
1664,1667,55.56666666666667,55.72954082489014,55.62925100326538,1788009155534422,1788009155907773440,423041,423042,1788009155903724544,1788009155912057088,0.48592274678111586,8.33272933959961,4.049062728881836,1426.0557593885217,561.0910765990468,1,674.5323320697116,573.7818986310086,1
1665,1668,55.6,55.76297092437744,55.662681102752686,1788009155567852,1788009155941204736,423045,423046,1788009155937056512,1788009155945390336,0.4977542554713203,8.333921432495117,4.148244857788086,1417.9164485026588,553.3137049136839,1,678.9256213212839,570.678218155008,1
1666,1669,55.63333333333333,55.79639983177185,55.696110010147095,1788009155601281,1788009155974635008,423049,423050,1788009155970389760,1788009155978722560,0.5094420600858369,8.33272933959961,4.087686538696289,1407.463959088226,547.1613202687631,1,684.3581520677742,567.9761461849422,1
1667,1670,55.666666666666664,55.829829931259155,55.7295401096344,1788009155634711,1788009156008066304,423053,423054,1788009156003722240,1788009156012055808,0.5212565085540997,8.333683013916016,3.989696502685547,1398.9067066150578,542.0541184405471,1,690.5606228352058,566.3511527031059,1
1668,1671,55.7,55.86325979232788,55.762969970703125,1788009155668141,1788009156041497344,423057,423058,1788009156037055232,1788009156045388288,0.5330605705130039,8.332967758178711,3.8909912109375,1390.1910835978038,537.6932271556489,1,694.6895445697919,564.9591952638323,1
1669,1672,55.733333333333334,55.89669680595398,55.796406984329224,1788009155701578,1788009156074935552,423061,423062,1788009156070387712,1788009156078720256,0.5457796852646638,8.33272933959961,3.7848949432373047,1382.7296797558122,534.8013505159868,1,698.5790276323952,564.094502987858,1
1670,1673,55.766666666666666,55.9301278591156,55.829838037490845,1788009155735009,1788009156108367616,423065,423066,1788009156103719680,1788009156112053760,0.5577170647975969,8.333921432495117,3.6859512329101562,1377.5317418149173,533.8929803102671,1,701.6026783064672,562.399134682893,1
1671,1674,55.8,55.96355700492859,55.86326718330383,1788009155768438,1788009156141797888,423069,423070,1788009156137052928,1788009156145385984,0.5693971560184258,8.332967758178711,3.5881996154785156,1372.734412314035,535.0662872767671,1,703.2219234413707,562.8180266678908,1
1672,1675,55.833333333333336,55.996985912323,55.89669609069824,1788009155801867,1788009156175227904,423073,423074,1788009156170385408,1788009156178718208,0.5811444921316166,8.33272933959961,3.4902095794677734,1369.1777609296191,539.4754167587511,1,705.6775968114217,564.9060330499294,1
1673,1676,55.86666666666667,56.03041481971741,55.93012499809265,1788009155835296,1788009156208657920,423077,423078,1788009156203717376,1788009156212051456,0.5928193391503361,8.333921432495117,3.393411636352539,1366.7064802162495,544.3758363014153,1,708.1534812963093,569.7012743167644,1
1674,1677,55.9,56.06383681297302,55.96354699134827,1788009155868718,1788009156242081024,423081,423082,1788009156237050880,1788009156245383424,0.6036623748211731,8.33272933959961,3.3025741577148438,1364.4535576141998,550.5988072580783,1,710.9893448233316,575.844911040077,1
1675,1678,55.93333333333333,56.09726691246033,55.99697709083557,1788009155902148,1788009156275512320,423085,423086,1788009156270383104,1788009156278715904,0.6155364806866953,8.33272933959961,3.2036304473876953,1362.154257870244,556.158857110893,1,713.2261476477449,581.8415289460349,1
1676,1679,55.96666666666667,56.13069701194763,56.030407190322876,1788009155935578,1788009156308943616,423089,423090,1788009156303715328,1788009156312049152,0.6273494492919468,8.333921432495117,3.105640411376953,1360.9504046893944,560.5996044346676,1,714.9149183160306,586.1111247452753,1
1677,1680,56.0,56.16412687301636,56.0638370513916,1788009155969008,1788009156342374656,423093,423094,1788009156337048576,1788009156345381376,0.6391702432045779,8.33272933959961,3.0066967010498047,1359.807766018173,564.1821262846295,1,715.9772177876737,588.5160892430931,1
1678,1681,56.03333333333333,56.19754886627197,56.09725904464722,1788009156002430,1788009156375797248,423097,423098,1788009156370380800,1788009156378713600,0.6500143061516452,8.33272933959961,2.9163360595703125,1359.180927642696,566.7716295422653,1,716.5808410369843,589.972634272297,1
1679,1682,56.06666666666667,56.23097801208496,56.130688190460205,1788009156035859,1788009156409227008,423101,423102,1788009156403713024,1788009156412046848,0.661650693749106,8.333921432495117,2.8197765350341797,1358.6051650075208,568.8162067373898,1,716.0259650359651,589.7305806587358,1
1680,1683,56.1,56.264408826828,56.16411900520325,1788009156069290,1788009156442658560,423105,423106,1788009156437046272,1788009156445379072,0.6735336194563663,8.33272933959961,2.720355987548828,1358.7926387469931,569.9025579642195,1,715.1079486895421,589.6529359528415,1
1681,1684,56.13333333333333,56.29783797264099,56.197548151016235,1788009156102719,1788009156476089088,423109,423110,1788009156470378496,1788009156478712320,0.6852238592476041,8.333921432495117,2.623319625854492,1360.4947410936113,570.2347283423866,1,714.4265990115044,589.2916856030416,1
1682,1685,56.166666666666664,56.33126997947693,56.23098015785217,1788009156136151,1788009156509522176,423113,423114,1788009156503711744,1788009156512044544,0.697310443490701,8.33272933959961,2.5222301483154297,1361.7416433703006,570.4099011781786,1,713.2504803413453,588.631100293972,1
1683,1686,56.2,56.364688873291016,56.26439905166626,1788009156169570,1788009156542942208,423117,423118,1788009156537043968,1788009156545376768,0.7078397711015737,8.33272933959961,2.4344921112060547,1363.0832025333134,570.3488440135909,1,712.0129185515907,587.8139902565649,1
1684,1687,56.233333333333334,56.39811182022095,56.29782199859619,1788009156202993,1788009156576366592,423121,423122,1788009156570376192,1788009156578710016,0.7188098984408525,8.333921432495117,2.343416213989258,1363.924937968793,569.7469278145163,1,710.7919453492275,587.1597326847466,1
1685,1688,56.266666666666666,56.431540966033936,56.33125114440918,1788009156236422,1788009156609797120,423125,423126,1788009156603709440,1788009156612042240,0.7305579399141631,8.33272933959961,2.245187759399414,1364.371550908031,569.3336828768769,1,709.9801405983651,586.7199670712781,1
1686,1689,56.3,56.46497082710266,56.364681005477905,1788009156269852,1788009156643228160,423129,423130,1788009156637041920,1788009156645374464,0.7424034334763948,8.33272933959961,2.146482467651367,1364.670291362266,568.7629198793593,1,709.8307707044044,586.6761137258368,1
1687,1690,56.333333333333336,56.498400926589966,56.39811110496521,1788009156303282,1788009156676659200,423133,423134,1788009156670373888,1788009156678707712,0.7541696466885996,8.333921432495117,2.0487308502197266,1364.5666021355846,568.4468707425868,1,709.2453736483415,586.4144796465507,1
1688,1691,56.36666666666667,56.53183078765869,56.431540966033936,1788009156336712,1788009156710089984,423137,423138,1788009156703707136,1788009156712039936,0.7659799713876967,8.33272933959961,1.9500255584716797,1364.49555013945,567.9863862485902,1,708.9087095876292,586.0140991578038,1
1689,1692,56.4,56.565266847610474,56.46497702598572,1788009156370148,1788009156743527168,423141,423142,1788009156737039360,1788009156745372416,0.778575720294126,8.332967758178711,1.8451213836669922,1364.4844918391514,567.6584057572669,1,709.0455844288458,585.3598935647329,1
1690,1693,56.43333333333333,56.598689794540405,56.49839997291565,1788009156403571,1788009156776951040,423145,423146,1788009156770371584,1788009156778705664,0.7894721785152339,8.333921432495117,1.7545223236083984,1364.3832870146161,567.4411766536548,1,709.2981968322218,585.1280508727092,1
1691,1694,56.46666666666667,56.63212585449219,56.53183603286743,1788009156437007,1788009156810388480,423149,423150,1788009156803705088,1788009156812037632,0.8020886981402003,8.33272933959961,1.6491413116455078,1364.421912145985,567.206513390802,1,709.3304890795359,584.8838856441447,1
1692,1695,56.5,56.665555000305176,56.56526517868042,1788009156470436,1788009156843819008,423153,423154,1788009156837037056,1788009156845370880,0.8137605492776426,8.333921432495117,1.5521049499511719,1364.4833071292164,566.8409197318928,1,708.8437955352473,584.3203557193908,1
1693,1696,56.53333333333333,56.6989848613739,56.598695039749146,1788009156503866,1788009156877249792,423157,423158,1788009156870369536,1788009156878702080,0.8256938483547925,8.33272933959961,1.4524459838867188,1364.5925195951786,566.620527538204,1,708.4797609322115,583.9749013138546,1
1694,1697,56.56666666666667,56.73241591453552,56.63212609291077,1788009156537297,1788009156910681856,423161,423162,1788009156903701504,1788009156912034560,0.837687047580899,8.332967758178711,1.352548599243164,1364.710052525541,566.3642950692952,1,708.0638841692573,584.0065348618783,1
1695,1698,56.6,56.76584601402283,56.66555619239807,1788009156570727,1788009156944113152,423165,423166,1788009156937033984,1788009156945367808,0.8494635960520669,8.333921432495117,1.2545585632324219,1365.4818260242464,566.2191604306312,1,707.6719973646425,583.8175061863824,1
1696,1699,56.63333333333333,56.79926896095276,56.698979139328,1788009156604150,1788009156977537280,423169,423170,1788009156970367232,1788009156978700032,0.8604864091559371,8.33272933959961,1.1625289916992188,1366.0898925116217,565.9367944646746,1,707.3369260242594,583.845981513222,1
1697,1700,56.666666666666664,56.832703828811646,56.73241400718689,1788009156637585,1788009157010973440,423173,423174,1788009157003699200,1788009157012032256,0.8729363966696232,8.332967758178711,1.058816909790039,1366.334071767517,565.883863655411,1,707.0444661447887,583.8642506621509,1
1698,1701,56.7,56.86613392829895,56.765844106674194,1788009156671015,1788009157044404480,423177,423178,1788009157037031680,1788009157045365248,0.8847056130914916,8.333683013916016,0.9608268737792969,1366.6259782171744,565.8961771888894,1,706.8196771403065,583.623927242163,1
1699,1702,56.733333333333334,56.899563789367676,56.79927396774292,1788009156704445,1788009157077835520,423181,423182,1788009157070364928,1788009157078697728,0.8965379113018598,8.33272933959961,0.86212158203125,1366.9887678918703,566.0329198180519,1,706.752463824677,583.9195895429356,1
1700,1703,56.766666666666666,56.932992935180664,56.83270311355591,1788009156737874,1788009157111265792,423185,423186,1788009157103697152,1788009157112030976,0.9081962523244171,8.333921432495117,0.7650852203369141,1366.5243156028891,565.8621879026718,1,706.8349181269612,584.3089665342019,1
1701,1704,56.8,56.96642994880676,56.86614012718201,1788009156771311,1788009157144704000,423189,423190,1788009157137030400,1788009157145363200,0.9209155937052933,8.33272933959961,0.6589889526367188,1366.8454746589694,565.4044825421238,1,707.5236272138754,584.421165327247,1
1702,1705,56.833333333333336,56.999857902526855,56.8995680809021,1788009156804739,1788009157178132992,423193,423194,1788009157170362368,1788009157178695424,0.9325055077107951,8.332967758178711,0.5624294281005859,1367.1188784257306,564.6085877273038,1,708.9362607428611,585.0943702401622,1
1703,1706,56.86666666666667,57.03328990936279,56.93300008773804,1788009156838171,1788009157211566336,423197,423198,1788009157203694848,1788009157212028672,0.9445000715205264,8.333921432495117,0.46253204345703125,1367.4426412457833,563.7282076561575,1,708.9690103144065,584.404228805439,1
1704,1707,56.9,57.0667200088501,56.96643018722534,1788009156871601,1788009157244997376,423201,423202,1788009157237028096,1788009157245360896,0.9563948497854077,8.33272933959961,0.36334991455078125,1367.2423822150029,563.1680198658407,1,708.7614120757166,583.9366280422637,1
1705,1708,56.93333333333333,57.100157022476196,56.99986720085144,1788009156905038,1788009157278435584,423205,423206,1788009157270360320,1788009157278693120,0.9690995965780664,8.332967758178711,0.2574920654296875,1366.572098945585,562.647094549491,1,709.6324014063509,584.6893635414781,1
1706,1709,56.96666666666667,57.133585929870605,57.03329610824585,1788009156938467,1788009157311865856,423209,423210,1788009157303692544,1788009157312026368,0.9807461234765692,8.333683013916016,0.16045570373535156,1366.5367916025184,561.4467897522366,1,709.9626148020303,585.358901426393,1
1707,1710,57.0,57.16701579093933,57.066725969314575,1788009156971897,1788009157345296640,423213,423214,1788009157337025792,1788009157345358592,0.9925608011444921,8.33272933959961,0.06198883056640625,1366.9218216992092,560.847326833184,1,709.8493942114987,585.2986844699294,1
1708,1711,57.03333333333333,57.200445890426636,57.10015606880188,1788009157005327,1788009157378727936,423218,423219,1788009157378691072,1788009157387024640,0.004434399496481089,8.333683013916016,0.03695487976074219,1367.562383409997,560.4275842702974,1,710.2436775864443,585.7504643784501,1
1709,1712,57.06666666666667,57.23387384414673,57.13358402252197,1788009157038755,1788009157412156672,423222,423223,1788009157412024064,1788009157420356864,0.015907985465365797,8.332967758178711,0.13256072998046875,1367.1867793559245,561.006927057157,1,710.8011236745489,585.9269265072709,1
1710,1713,57.1,57.26730298995972,57.16701316833496,1788009157072184,1788009157445586688,423226,423227,1788009157445356288,1788009157453689088,0.02763948497854077,8.33272933959961,0.23031234741210938,1367.3399610918564,561.1950909639999,1,711.3702705232129,586.3545245301425,1
1711,1714,57.13333333333333,57.30073285102844,57.20044302940369,1788009157105614,1788009157479017216,423230,423231,1788009157478689792,1788009157487022336,0.03931330472103004,8.33272933959961,0.3275871276855469,1367.592841220035,561.4895604005524,1,711.8782746610906,586.7934896192287,1
1712,1715,57.166666666666664,57.33416295051575,57.23387312889099,1788009157139044,1788009157512449536,423234,423235,1788009157512021760,1788009157520354816,0.051329003461989646,8.332967758178711,0.4277229309082031,1367.6779228162393,560.9455454771214,1,711.9358725301798,586.8999235658844,1
1713,1716,57.2,57.36759281158447,57.26730298995972,1788009157172474,1788009157545880064,423238,423239,1788009157545354240,1788009157553687808,0.06311151799507925,8.333683013916016,0.5259513854980469,1368.174551445373,560.2290324422646,1,712.003386642049,587.2590833112098,1
1714,1717,57.233333333333334,57.40102195739746,57.300732135772705,1788009157205903,1788009157579310080,423242,423243,1788009157578687232,1788009157587020032,0.07476180939028926,8.332967758178711,0.6229877471923828,1368.911973447449,559.6646725837081,1,712.3593307686804,587.044641951259,1
1715,1718,57.266666666666666,57.43445301055908,57.334163188934326,1788009157239334,1788009157612741888,423246,423247,1788009157612019456,1788009157620352256,0.08669527896995709,8.33272933959961,0.7224082946777344,1369.3404970969473,558.9801961065866,1,712.2529529400357,587.3061745752202,1
1716,1719,57.3,57.46788287162781,57.36759305000305,1788009157272764,1788009157646172928,423250,423251,1788009157645351936,1788009157653685504,0.09852949590890885,8.333683013916016,0.8211135864257812,1370.05640941625,558.2489556772431,1,712.2225080083704,587.4303138472634,1
1717,1720,57.333333333333336,57.50131297111511,57.401023149490356,1788009157306194,1788009157679604224,423254,423255,1788009157678684928,1788009157687017984,0.1103258848101628,8.332967758178711,0.919342041015625,1370.3968999774154,557.5312876055759,1,712.3698958219858,587.6317285138554,1
1718,1721,57.36666666666667,57.53473997116089,57.43445014953613,1788009157339621,1788009157713032448,423258,423259,1788009157712017408,1788009157720349952,0.12183118741058656,8.33272933959961,1.0151863098144531,1370.660516898129,556.5314911166231,1,712.3484552115393,587.2410369086034,1
1719,1722,57.4,57.568169832229614,57.46788001060486,1788009157373051,1788009157746463488,423262,423263,1788009157745349376,1788009157753683456,0.13368616793019597,8.333921432495117,1.1141300201416016,1371.0903563770858,555.7426051768915,1,712.1648017448377,586.8193167015245,1
1720,1723,57.43333333333333,57.601600885391235,57.50131106376648,1788009157406482,1788009157779895808,423266,423267,1788009157778682624,1788009157787015680,0.14557523389888702,8.332967758178711,1.21307373046875,1371.739923469644,555.4946581785315,1,712.0864550713432,586.8902263416388,1
1721,1724,57.46666666666667,57.635029792785645,57.53473997116089,1788009157439911,1788009157813325568,423270,423271,1788009157812015104,1788009157820347904,0.1572818311874106,8.33272933959961,1.310586929321289,1372.3897202704313,556.1029319644974,1,711.7877138813947,586.7848141795461,1
1722,1725,57.5,57.66845083236694,57.56816101074219,1788009157473332,1788009157846747904,423274,423275,1788009157845347072,1788009157853681152,0.16807323701902446,8.333921432495117,1.4007091522216797,1372.59935793176,556.7865314458105,1,711.5306333683092,586.5852156408463,1
1723,1726,57.53333333333333,57.70187997817993,57.601590156555176,1788009157506761,1788009157880178176,423278,423279,1788009157878679552,1788009157887012352,0.17985693848354792,8.33272933959961,1.4986991882324219,1373.174135526379,556.9431095368712,1,711.6659399933878,586.3464664668293,1
1724,1727,57.56666666666667,57.73530983924866,57.6350200176239,1788009157540191,1788009157913608960,423282,423283,1788009157912011520,1788009157920345600,0.19167501072807897,8.333921432495117,1.5974044799804688,1373.2272775547758,557.1403511408797,1,712.0549607339733,586.4357775874753,1
1725,1728,57.6,57.76874089241028,57.66845107078552,1788009157573622,1788009157947041024,423286,423287,1788009157945345024,1788009157953677824,0.2035421017996624,8.332967758178711,1.6961097717285156,1373.2570356755195,557.5308751589721,1,712.2971704906208,586.2160111064898,1
1726,1729,57.63333333333333,57.80217099189758,57.70188117027283,1788009157607052,1788009157980472320,423290,423291,1788009157978677248,1788009157987010048,0.21542203147353362,8.33272933959961,1.795053482055664,1373.2899104105802,557.7556664149128,1,712.9693876432682,586.0862441238471,1
1727,1730,57.666666666666664,57.83559989929199,57.735310077667236,1788009157640481,1788009158013902336,423294,423295,1788009158012009472,1788009158020343296,0.2271491918180518,8.333921432495117,1.8930435180664062,1372.8536962873245,557.4287230397782,1,713.6513921592277,585.5103558844858,1
1728,1731,57.7,57.869022846221924,57.76873302459717,1788009157673904,1788009158047326720,423298,423299,1788009158045342720,1788009158053675520,0.2381115879828326,8.33272933959961,1.9841194152832031,1373.0114447985588,556.7632504515897,1,714.893325877495,585.1899336199867,1
1729,1732,57.733333333333334,57.90244483947754,57.80215501785278,1788009157707326,1788009158080750080,423302,423303,1788009158078674944,1788009158087007744,0.2490128755364807,8.33272933959961,2.0749568939208984,1373.0014751783667,555.7781295822529,1,716.2913904674368,585.2037803986533,1
1730,1733,57.766666666666666,57.93587398529053,57.83558416366577,1788009157740755,1788009158114180096,423306,423307,1788009158112008192,1788009158120340992,0.2606506251609396,8.332967758178711,2.1719932556152344,1372.5897659456268,554.598229771134,1,717.0580548193973,584.8256249831235,1
1731,1734,57.8,57.96930384635925,57.8690140247345,1788009157774185,1788009158147610880,423310,423311,1788009158145340416,1788009158153673216,0.27247496423462086,8.33272933959961,2.2704601287841797,1372.8345247870413,553.5724019862698,1,717.6743583042303,583.7249973253527,1
1732,1735,57.833333333333336,58.00273299217224,57.902443170547485,1788009157807614,1788009158181041152,423314,423315,1788009158178672640,1788009158187006464,0.28422257187812905,8.333921432495117,2.3686885833740234,1372.1384167483338,553.5713261957525,1,716.8607739139147,582.2517656396886,1
1733,1736,57.86666666666667,58.03616285324097,57.93587303161621,1788009157841044,1788009158214472192,423318,423319,1788009158212005888,1788009158220338944,0.29598580870361363,8.332967758178711,2.466440200805664,1371.8846249796302,554.3332234859498,1,715.8415002454459,581.1240850487665,1
1734,1737,57.9,58.06959390640259,57.96930408477783,1788009157874475,1788009158247904512,423322,423323,1788009158245338112,1788009158253670912,0.3079828326180257,8.33272933959961,2.5663375854492188,1370.188721425848,554.8875697782485,1,714.5994669907147,579.7891771052298,1
1735,1738,57.93333333333333,58.10301995277405,58.00273013114929,1788009157907901,1788009158281331712,423326,423327,1788009158278670336,1788009158287004160,0.3193534544414247,8.333921432495117,2.661466598510742,1369.4438869827397,555.4023624483983,1,713.4968696599215,579.0224738147375,1
1736,1739,57.96666666666667,58.13644480705261,58.036154985427856,1788009157941326,1788009158314757888,423330,423331,1788009158312003584,1788009158320336384,0.33052932761087267,8.33272933959961,2.75421142578125,1368.60339330067,555.8061267548338,1,712.6573269117288,577.762968337156,1
1737,1740,58.0,58.16987490653992,58.06958508491516,1788009157974756,1788009158348189184,423334,423335,1788009158345336064,1788009158353668608,0.34240343347639485,8.33272933959961,2.8531551361083984,1366.0279559770556,557.6174928601113,1,712.019091735455,576.4718893229805,1
1738,1741,58.03333333333333,58.20330500602722,58.103015184402466,1788009158008186,1788009158381620480,423338,423339,1788009158378668032,1788009158387002112,0.3542554713202689,8.333921432495117,2.9523372650146484,1364.3441818339625,558.0629267396854,1,711.8194686505149,574.927789069543,1
1739,1742,58.06666666666667,58.23673486709595,58.13644504547119,1788009158041616,1788009158415051520,423342,423343,1788009158412001280,1788009158420334080,0.36603719599427753,8.33272933959961,3.050088882446289,1363.1804714651034,557.8354140277296,1,712.2800080848782,575.1447897613286,1
1740,1743,58.1,58.27017092704773,58.169881105422974,1788009158075052,1788009158448488704,423346,423347,1788009158445333760,1788009158453666560,0.37862660944206006,8.33272933959961,3.1549930572509766,1362.1184924351219,560.050125228339,1,712.457862601594,575.1621326118407,1
1741,1744,58.13333333333333,58.30359983444214,58.20331001281738,1788009158108481,1788009158481918464,423350,423351,1788009158478665728,1788009158486999808,0.3903018166213703,8.333921432495117,3.252744674682617,1360.607392871566,562.5560439699182,1,713.1035822448553,574.5387965897762,1
1742,1745,58.166666666666664,58.33702993392944,58.23674011230469,1788009158141911,1788009158515349504,423354,423355,1788009158511999232,1788009158520331776,0.4020600858369099,8.33272933959961,3.3502578735351562,1359.481182223092,562.9673527269214,1,713.9510826207297,573.8201308527027,1
1743,1746,58.2,58.370457887649536,58.27016806602478,1788009158175339,1788009158548777984,423358,423359,1788009158545331200,1788009158553665280,0.4135889000143041,8.333921432495117,3.446817398071289,1358.8984678493694,563.926611169187,1,714.910023199222,573.9433953084915,1
1744,1747,58.233333333333334,58.403889894485474,58.30360007286072,1788009158208771,1788009158582210816,423362,423363,1788009158578664448,1788009158586997504,0.42556722268318503,8.332967758178711,3.5462379455566406,1358.641007101735,563.7353505165308,1,715.8264461427822,574.5935281656417,1
1745,1748,58.266666666666666,58.437328815460205,58.33703899383545,1788009158242210,1788009158615652352,423366,423367,1788009158611996928,1788009158620329728,0.4386838340486409,8.33272933959961,3.6554336547851562,1358.2933454397607,564.2966358997978,1,716.4726283006221,575.0815131778288,1
1746,1749,58.3,58.47075581550598,58.370465993881226,1788009158275637,1788009158649080064,423370,423371,1788009158645328896,1788009158653662976,0.4500929766843084,8.333921432495117,3.751039505004883,1358.4033623966816,563.9198340570715,1,717.2821572975831,575.294532506508,1
1747,1750,58.333333333333336,58.504194021224976,58.40390419960022,1788009158309075,1788009158682518784,423374,423375,1788009158678662400,1788009158686994944,0.46280400572246067,8.33272933959961,3.8564205169677734,1358.01938919811,564.0546386089884,1,718.0789654232124,575.5183563147227,1
1748,1751,58.36666666666667,58.53762984275818,58.43734002113342,1788009158342511,1788009158715955200,423378,423379,1788009158711994624,1788009158720327424,0.47530758226037195,8.33272933959961,3.9606094360351562,1358.4176879416564,565.2178731609902,1,718.6761171838286,575.2413543372968,1
1749,1752,58.4,58.571067810058594,58.47077798843384,1788009158375949,1788009158749394432,423382,423383,1788009158745326848,1788009158753660672,0.48808468030324703,8.333921432495117,4.067659378051758,1358.6669253770226,564.6639964976732,1,719.4729625045695,574.934266942139,1
1750,1753,58.43333333333333,58.60449695587158,58.504207134246826,1788009158409378,1788009158782824704,423386,423387,1788009158778660096,1788009158786992896,0.4997997138769671,8.33272933959961,4.164695739746094,1358.8105803980195,564.4046517919163,1,720.2557174008808,574.6071262310932,1
1751,1754,58.46666666666667,58.63792681694031,58.53763699531555,1788009158442808,1788009158816255744,423390,423391,1788009158811992064,1788009158820325120,0.5116591799948499,8.332967758178711,4.069328308105469,1359.2332235450685,564.7048921800332,1,721.2303721597956,574.820836262999,1
1752,1755,58.5,58.6713650226593,58.571075201034546,1788009158476246,1788009158849695232,423394,423395,1788009158845324544,1788009158853658368,0.5244457159204692,8.333921432495117,3.9632320404052734,1359.3161215078708,564.7770987208656,1,722.0299782377571,575.0401113464277,1
1753,1756,58.53333333333333,58.704792976379395,58.60450315475464,1788009158509674,1788009158883124224,423398,423399,1788009158878656768,1788009158886989568,0.5361087267525035,8.33272933959961,3.865480422973633,1359.0442025232624,564.740974315114,1,722.5170778008411,574.973499954759,1
1754,1757,58.56666666666667,58.73822379112244,58.63793396949768,1788009158543105,1788009158916556032,423402,423403,1788009158911988992,1788009158920322816,0.5480188814189673,8.333921432495117,3.766775131225586,1358.9599908015582,565.8873503090203,1,722.9587698880648,575.1987763111248,1
1755,1758,58.6,58.77166199684143,58.671372175216675,1788009158576543,1788009158949995776,423406,423407,1788009158945322240,1788009158953655040,0.5608583690987125,8.33272933959961,3.6592483520507812,1358.8545278870142,566.100726541405,1,723.4606713819056,575.7937164091511,1
1756,1759,58.63333333333333,58.80508995056152,58.70480012893677,1788009158609971,1788009158983425024,423410,423411,1788009158978654464,1788009158986987264,0.5724871963606192,8.332967758178711,3.562450408935547,1358.8747949083645,566.4154876217716,1,723.6268752953556,576.4050262197703,1
1757,1760,58.666666666666664,58.83851885795593,58.73822903633118,1788009158643400,1788009159016854784,423414,423415,1788009159011986688,1788009159020320768,0.5841224431411816,8.333921432495117,3.465890884399414,1358.9995385815178,566.9112303775815,1,723.5520825239685,577.0541119881465,1
1758,1761,58.7,58.87194800376892,58.771658182144165,1788009158676829,1788009159050285056,423418,423419,1788009159045319936,1788009159053652736,0.5958512160228898,8.33272933959961,3.3676624298095703,1358.7106571462195,566.3707289394673,1,723.4382787510514,577.2139591944945,1
1759,1762,58.733333333333334,58.90537786483765,58.80508804321289,1788009158710259,1788009159083716096,423422,423423,1788009159078652160,1788009159086985216,0.6077079339646935,8.332967758178711,3.2689571380615234,1359.0488763622764,565.5065132308293,1,723.4522338998206,577.4360740488303,1
1760,1763,58.766666666666666,58.938807010650635,58.83851718902588,1788009158743688,1788009159117146368,423426,423427,1788009159111984384,1788009159120318208,0.6193854780568747,8.333683013916016,3.1719207763671875,1359.5668594319473,564.2582418014694,1,723.4548810794337,577.7203741464268,1
1761,1764,58.8,58.97223782539368,58.87194800376892,1788009158777119,1788009159150578176,423430,423431,1788009159145317888,1788009159153650432,0.6313018597997139,8.33272933959961,3.0722618103027344,1359.8869310284977,565.5229715458582,1,723.3870590688691,578.0547834826491,1
1762,1765,58.833333333333336,59.005666971206665,58.90537714958191,1788009158810548,1788009159184008704,423434,423435,1788009159178649856,1788009159186983936,0.6429981404663139,8.333921432495117,2.9752254486083984,1359.4768879863911,567.0237783140062,1,723.2878243760836,578.466664503033,1
1763,1766,58.86666666666667,59.03909683227539,58.938807010650635,1788009158843978,1788009159217439744,423438,423439,1788009159211983104,1788009159220315904,0.6548211731044349,8.33272933959961,2.87628173828125,1359.0318259677786,566.1926067553638,1,723.2194245311646,578.8864209139601,1
1764,1767,58.9,59.07252597808838,58.97223615646362,1788009158877407,1788009159250870016,423442,423443,1788009159245315584,1788009159253648384,0.6665808297567954,8.33272933959961,2.778291702270508,1358.9724524122103,566.582967089323,1,723.1057350060105,579.2708078257286,1
1765,1768,58.93333333333333,59.105963945388794,59.00567412376404,1788009158910845,1788009159284309248,423446,423447,1788009159278647552,1788009159286981632,0.6793305678729795,8.333921432495117,2.672433853149414,1358.9062916450384,566.9954460640907,1,723.1345775872849,579.8159676426606,1
1766,1769,58.96666666666667,59.1393928527832,59.03910303115845,1788009158944274,1788009159317739008,423450,423451,1788009159311981056,1788009159320313600,0.6910157367668097,8.33272933959961,2.5746822357177734,1358.7444904568042,566.8993214345161,1,723.216107886429,580.5639908758204,1
1767,1770,59.0,59.17282199859619,59.072532176971436,1788009158977703,1788009159351169280,423454,423455,1788009159345313024,1788009159353646080,0.702783897456439,8.332967758178711,2.4766921997070312,1358.617494979967,567.3145338307044,1,723.3330234307497,581.246700775302,1
1768,1771,59.03333333333333,59.20625185966492,59.10596203804016,1788009159011133,1788009159384600320,423458,423459,1788009159378645504,1788009159386979072,0.7145677175716656,8.333683013916016,2.378702163696289,1358.0027550527802,566.6084759501512,1,723.3859428529602,581.6954194054272,1
1769,1772,59.06666666666667,59.23968195915222,59.139392137527466,1788009159044563,1788009159418031616,423462,423463,1788009159411978752,1788009159420311552,0.7264091559370529,8.33272933959961,2.2797584533691406,1357.957567605983,567.0864541783156,1,723.4322458649303,581.9968489442041,1
1770,1773,59.1,59.27311086654663,59.172821044921875,1788009159077992,1788009159451461888,423466,423467,1788009159445310720,1788009159453643776,0.738147692483763,8.332967758178711,2.1820068359375,1358.0729116742314,566.9378677246884,1,723.3107281484033,582.5479170942549,1
1771,1774,59.13333333333333,59.30654191970825,59.206252098083496,1788009159111423,1788009159484893952,423470,423471,1788009159478643200,1788009159486976768,0.7500715225725239,8.333683013916016,2.08282470703125,1357.9739369352587,566.264149732401,1,723.3081745871688,582.9830370810528,1
1772,1775,59.166666666666664,59.33997082710266,59.239681005477905,1788009159144852,1788009159518323968,423474,423475,1788009159511976448,1788009159520309248,0.7617453505007153,8.33272933959961,1.985311508178711,1358.0795635970535,566.6488971802851,1,723.2518059349946,583.3043192361273,1
1773,1776,59.2,59.373408794403076,59.27311897277832,1788009159178290,1788009159551762944,423478,423479,1788009159545308672,1788009159553641216,0.7745922746781115,8.33272933959961,1.8782615661621094,1358.1730149509121,566.076495860815,1,723.2238547209708,583.629996344786,1
1774,1777,59.233333333333334,59.40683078765869,59.306540966033936,1788009159211712,1788009159585186304,423482,423483,1788009159578641920,1788009159586974720,0.785379113018598,8.33272933959961,1.7883777618408203,1358.2255757285673,566.391158272222,1,723.177576385992,583.513436404091,1
1775,1778,59.266666666666666,59.44025993347168,59.339970111846924,1788009159245141,1788009159618616576,423486,423487,1788009159611973888,1788009159620306944,0.7971445738319362,8.332967758178711,1.6903877258300781,1357.733422148266,566.682276680391,1,723.2504940800795,583.8801491271017,1
1776,1779,59.3,59.47368788719177,59.37339806556702,1788009159278569,1788009159652045824,423490,423491,1788009159645306368,1788009159653640192,0.8086682877985982,8.333921432495117,1.59454345703125,1357.6734835626667,566.9180247325454,1,723.4094923093752,584.4087037204348,1
1777,1780,59.333333333333336,59.507118940353394,59.40682911872864,1788009159312000,1788009159685477632,423494,423495,1788009159678639616,1788009159686972416,0.8206294706723891,8.33272933959961,1.4946460723876953,1357.5420080853733,567.1599280199057,1,723.4763716166638,584.7304869343836,1
1778,1781,59.36666666666667,59.540541887283325,59.44025206565857,1788009159345423,1788009159718901760,423498,423499,1788009159711971840,1788009159720304640,0.831621412835112,8.332967758178711,1.4030933380126953,1357.3538499989336,566.953443078337,1,723.5041268169822,585.0271367467964,1
1779,1782,59.4,59.57396984100342,59.47368001937866,1788009159378851,1788009159752330240,423502,423503,1788009159745304064,1788009159753637888,0.843108084911598,8.333683013916016,1.3074874877929688,1357.2021414766382,566.9560594248869,1,723.5469495909197,585.1782721825166,1
1780,1783,59.43333333333333,59.60740089416504,59.50711107254028,1788009159412282,1788009159785762304,423506,423507,1788009159778637312,1788009159786970112,0.8550500715307582,8.33272933959961,1.2078285217285156,1357.102951539948,567.1109726184184,1,723.5230090330565,585.287172428771,1
1781,1784,59.46666666666667,59.640830993652344,59.54054117202759,1788009159445712,1788009159819193088,423510,423511,1788009159811969536,1788009159820302592,0.8668707619238363,8.332967758178711,1.1093616485595703,1356.8888280358087,567.35028097307,1,723.5881709779594,585.513328601784,1
1782,1785,59.5,59.67425298690796,59.5739631652832,1788009159479134,1788009159852617216,423514,423515,1788009159845301760,1788009159853635584,0.8778108371001888,8.333683013916016,1.0182857513427734,1357.3478166464756,567.0599008903573,1,723.6159436521165,585.6915689125617,1
1783,1786,59.53333333333333,59.70768189430237,59.60739207267761,1788009159512563,1788009159886046976,423518,423519,1788009159878633984,1788009159886967040,0.8895882807358874,8.332967758178711,0.9200572967529297,1357.2308759240789,566.4786879724484,1,723.7949138866288,585.6685025251318,1
1784,1787,59.56666666666667,59.74111199378967,59.64082217216492,1788009159545993,1788009159919478016,423522,423523,1788009159911966208,1788009159920300032,0.901356067975053,8.333683013916016,0.8220672607421875,1357.701485146751,566.396929327983,1,724.2176161032412,585.6323518601268,1
1785,1788,59.6,59.774531841278076,59.67424201965332,1788009159579413,1788009159952898560,423526,423527,1788009159945299712,1788009159953632256,0.911931330472103,8.33272933959961,0.7338523864746094,1357.8887057711102,565.8929661145164,1,724.4486741820464,585.4914853893911,1
1786,1789,59.63333333333333,59.80796194076538,59.707672119140625,1788009159612843,1788009159986330112,423530,423531,1788009159978631680,1788009159986964480,0.923862660944206,8.33272933959961,0.6344318389892578,1358.1843359169745,565.7087270354873,1,724.7665630861036,585.5547239253438,1
1787,1790,59.666666666666664,59.84138584136963,59.74109601974487,1788009159646267,1788009160019755008,423534,423535,1788009160011964160,1788009160020297728,0.9348858499742518,8.333683013916016,0.5426406860351562,1358.8645618074268,565.9028554686281,1,725.2304066137226,585.677357319597,1
1788,1791,59.7,59.87481498718262,59.77452516555786,1788009159679696,1788009160053185280,423538,423539,1788009160045297152,1788009160053630208,0.9466109696432148,8.332967758178711,0.4448890686035156,1359.1690169911976,564.6378841112241,1,725.724936255472,585.8724606073392,1
1789,1792,59.733333333333334,59.90823698043823,59.80794715881348,1788009159713118,1788009160086608128,423542,423543,1788009160078629376,1788009160086962176,0.957510729613734,8.33272933959961,0.3540515899658203,1359.1904327927973,562.4804537536459,1,726.4241762581083,586.1566881652576,1
1790,1793,59.766666666666666,59.94166684150696,59.8413770198822,1788009159746548,1788009160120039168,423546,423547,1788009160111961856,1788009160120295424,0.9692452938147279,8.333683013916016,0.2562999725341797,1359.2254408263148,563.3748909481612,1,727.070737777371,586.3693947930553,1
1791,1794,59.8,59.97508978843689,59.874799966812134,1788009159779971,1788009160153463296,423550,423551,1788009160145294848,1788009160153627904,0.9802580755915424,8.332967758178711,0.16450881958007812,1359.7181902306459,563.9907348605958,1,727.7381833295897,586.6424519872628,1
1792,1795,59.833333333333336,60.008512020111084,59.90822219848633,1788009159813393,1788009160186886912,423554,423555,1788009160178627328,1788009160186959872,0.9912160228898427,8.33272933959961,0.07319450378417969,1360.094907066672,564.4095347848189,1,728.4208402868906,586.5029046594796,1
1793,1796,59.86666666666667,60.04194092750549,59.94165110588074,1788009159846822,1788009160220316928,423559,423560,1788009160220293376,1788009160228625920,0.002832618025751073,8.33272933959961,0.023603439331054688,1360.3358153672746,564.3484104867696,1,729.0958199156348,586.043462243316,1
1794,1797,59.9,60.07536292076111,59.97507309913635,1788009159880244,1788009160253739776,423563,423564,1788009160253625600,1788009160261959424,0.013703724895577044,8.333683013916016,0.11420249938964844,1360.6781911045123,564.7337587571313,1,729.738955858226,585.8569466617942,1
1795,1798,59.93333333333333,60.10879302024841,60.00850319862366,1788009159913674,1788009160287171072,423567,423568,1788009160286958592,1788009160295291648,0.02549283282309519,8.332967758178711,0.2124309539794922,1361.0442735778859,565.1111080547762,1,730.3929838452461,585.2199887046181,1
1796,1799,59.96666666666667,60.14221501350403,60.04192519187927,1788009159947096,1788009160320594176,423571,423572,1788009160320291072,1788009160328623872,0.03636623748211731,8.33272933959961,0.30303001403808594,1361.6789993239888,564.7988815030941,1,730.9967039689692,584.4177843622166,1
1797,1800,60.0,60.17564582824707,60.075356006622314,1788009159980527,1788009160354025984,423575,423576,1788009160353623040,1788009160361957120,0.048347875840366185,8.333921432495117,0.4029273986816406,1362.0769944473354,566.3092557765281,1,731.8826891513261,583.7828899871631,1
1798,1801,60.03333333333333,60.20906686782837,60.10877704620361,1788009160013948,1788009160387448320,423579,423580,1788009160386956544,1788009160395289344,0.059025492832823094,8.332967758178711,0.49185752868652344,1362.478431378683,567.6001410640847,1,732.7526525382918,583.1492920014324,1
1799,1802,60.06666666666667,60.2424898147583,60.142199993133545,1788009160047371,1788009160420872960,423583,423584,1788009160420288768,1788009160428621568,0.07010014306151645,8.33272933959961,0.5841255187988281,1363.1704982029798,569.9792809819594,1,733.5803819535242,582.3302508753295,1
